task,model,duplicates,metric,mean,sem
wikipedia,allegrolab__hubble-1b-100b_toks-double_depth-perturbed-hf,0,norm_ll_word,-4.145435682200201,0.024960461431288133
wikipedia,allegrolab__hubble-1b-100b_toks-double_depth-perturbed-hf,0,norm_ll_byte,-0.6530432193707854,0.003819247728447851
wikipedia,allegrolab__hubble-1b-100b_toks-double_depth-perturbed-hf,1,norm_ll_word,-3.9777691556915595,0.02578242537730749
wikipedia,allegrolab__hubble-1b-100b_toks-double_depth-perturbed-hf,1,norm_ll_byte,-0.6272667939094629,0.0037699614621729003
wikipedia,allegrolab__hubble-1b-100b_toks-double_depth-perturbed-hf,4,norm_ll_word,-3.8393520540341526,0.025189826051539285
wikipedia,allegrolab__hubble-1b-100b_toks-double_depth-perturbed-hf,4,norm_ll_byte,-0.6069479566948428,0.0038111461462742207
wikipedia,allegrolab__hubble-1b-100b_toks-double_depth-perturbed-hf,16,norm_ll_word,-3.4181580521865835,0.0374032548127309
wikipedia,allegrolab__hubble-1b-100b_toks-double_depth-perturbed-hf,16,norm_ll_byte,-0.5406286836848829,0.005800385591001819
wikipedia,allegrolab__hubble-1b-100b_toks-double_depth-perturbed-hf,64,norm_ll_word,-1.4657990668086724,0.07756939250590046
wikipedia,allegrolab__hubble-1b-100b_toks-double_depth-perturbed-hf,64,norm_ll_byte,-0.23184381095678402,0.012272078842087251
wikipedia,allegrolab__hubble-1b-100b_toks-double_depth-perturbed-hf,256,norm_ll_word,-0.17850896275668116,0.0049253378572930665
wikipedia,allegrolab__hubble-1b-100b_toks-double_depth-perturbed-hf,256,norm_ll_byte,-0.02825468673919464,0.0007496807073177332
wikipedia,allegrolab__hubble-1b-100b_toks-double_depth-standard-hf,0,norm_ll_word,-4.1081428626322305,0.02285878766162243
wikipedia,allegrolab__hubble-1b-100b_toks-double_depth-standard-hf,0,norm_ll_byte,-0.6471273878274348,0.0034560396580813127
wikipedia,allegrolab__hubble-1b-100b_toks-double_depth-standard-hf,1,norm_ll_word,-4.035938738504584,0.023004833311342555
wikipedia,allegrolab__hubble-1b-100b_toks-double_depth-standard-hf,1,norm_ll_byte,-0.6365060810169633,0.0032940670064027983
wikipedia,allegrolab__hubble-1b-100b_toks-double_depth-standard-hf,4,norm_ll_word,-4.081266624658681,0.0231822687475835
wikipedia,allegrolab__hubble-1b-100b_toks-double_depth-standard-hf,4,norm_ll_byte,-0.645333877086845,0.0034674293598633363
wikipedia,allegrolab__hubble-1b-100b_toks-double_depth-standard-hf,16,norm_ll_word,-4.109708636519833,0.03488034944346239
wikipedia,allegrolab__hubble-1b-100b_toks-double_depth-standard-hf,16,norm_ll_byte,-0.6505483209800812,0.005407549867382632
wikipedia,allegrolab__hubble-1b-100b_toks-double_depth-standard-hf,64,norm_ll_word,-4.101595044595307,0.04759250202492728
wikipedia,allegrolab__hubble-1b-100b_toks-double_depth-standard-hf,64,norm_ll_byte,-0.6506937619272425,0.0073610211287846615
wikipedia,allegrolab__hubble-1b-100b_toks-double_depth-standard-hf,256,norm_ll_word,-4.073433809099366,0.0719788079437911
wikipedia,allegrolab__hubble-1b-100b_toks-double_depth-standard-hf,256,norm_ll_byte,-0.6445320900714965,0.010220219188679562
wikipedia,allegrolab__hubble-1b-100b_toks-half_depth-perturbed-hf,0,norm_ll_word,-4.164580362063279,0.024578542417708245
wikipedia,allegrolab__hubble-1b-100b_toks-half_depth-perturbed-hf,0,norm_ll_byte,-0.655959726290524,0.0037180613993313054
wikipedia,allegrolab__hubble-1b-100b_toks-half_depth-perturbed-hf,1,norm_ll_word,-4.019978304496238,0.024911278347333365
wikipedia,allegrolab__hubble-1b-100b_toks-half_depth-perturbed-hf,1,norm_ll_byte,-0.6338753079518867,0.0035972107947637257
wikipedia,allegrolab__hubble-1b-100b_toks-half_depth-perturbed-hf,4,norm_ll_word,-3.941921500245292,0.024827133255372533
wikipedia,allegrolab__hubble-1b-100b_toks-half_depth-perturbed-hf,4,norm_ll_byte,-0.6231616357939906,0.003734967640477349
wikipedia,allegrolab__hubble-1b-100b_toks-half_depth-perturbed-hf,16,norm_ll_word,-3.6376088839995315,0.03566437280396863
wikipedia,allegrolab__hubble-1b-100b_toks-half_depth-perturbed-hf,16,norm_ll_byte,-0.5754422558112675,0.005512390359054815
wikipedia,allegrolab__hubble-1b-100b_toks-half_depth-perturbed-hf,64,norm_ll_word,-2.0034294974846687,0.06951001776752516
wikipedia,allegrolab__hubble-1b-100b_toks-half_depth-perturbed-hf,64,norm_ll_byte,-0.3170508428230377,0.010897397278141523
wikipedia,allegrolab__hubble-1b-100b_toks-half_depth-perturbed-hf,256,norm_ll_word,-0.2570629035112527,0.005358127652485377
wikipedia,allegrolab__hubble-1b-100b_toks-half_depth-perturbed-hf,256,norm_ll_byte,-0.040674361620175174,0.0007789020889561425
wikipedia,allegrolab__hubble-1b-100b_toks-half_depth-standard-hf,0,norm_ll_word,-4.238865674575483,0.023534039383905168
wikipedia,allegrolab__hubble-1b-100b_toks-half_depth-standard-hf,0,norm_ll_byte,-0.6676743548913399,0.0035433447723921003
wikipedia,allegrolab__hubble-1b-100b_toks-half_depth-standard-hf,1,norm_ll_word,-4.172986555018133,0.02360944386473969
wikipedia,allegrolab__hubble-1b-100b_toks-half_depth-standard-hf,1,norm_ll_byte,-0.6581280196952419,0.0033722363363822374
wikipedia,allegrolab__hubble-1b-100b_toks-half_depth-standard-hf,4,norm_ll_word,-4.214253718792241,0.023788598375156005
wikipedia,allegrolab__hubble-1b-100b_toks-half_depth-standard-hf,4,norm_ll_byte,-0.666363229817436,0.0035515998228459397
wikipedia,allegrolab__hubble-1b-100b_toks-half_depth-standard-hf,16,norm_ll_word,-4.239816496968395,0.035266063180655866
wikipedia,allegrolab__hubble-1b-100b_toks-half_depth-standard-hf,16,norm_ll_byte,-0.6711399500679155,0.005470781948506028
wikipedia,allegrolab__hubble-1b-100b_toks-half_depth-standard-hf,64,norm_ll_word,-4.239071666401079,0.04888609195534572
wikipedia,allegrolab__hubble-1b-100b_toks-half_depth-standard-hf,64,norm_ll_byte,-0.6725274440761873,0.007586395683516989
wikipedia,allegrolab__hubble-1b-100b_toks-half_depth-standard-hf,256,norm_ll_word,-4.21748351332228,0.0741166125784013
wikipedia,allegrolab__hubble-1b-100b_toks-half_depth-standard-hf,256,norm_ll_byte,-0.6673726773472489,0.010587950613413413
wikipedia,allegrolab__hubble-1b-100b_toks-injectrange_0_25-hf,0,norm_ll_word,-4.130038565059834,0.023063182485642233
wikipedia,allegrolab__hubble-1b-100b_toks-injectrange_0_25-hf,0,norm_ll_byte,-0.6505212774735786,0.0034718841199659323
wikipedia,allegrolab__hubble-1b-100b_toks-injectrange_0_25-hf,1,norm_ll_word,-4.056796186494775,0.02337199182823305
wikipedia,allegrolab__hubble-1b-100b_toks-injectrange_0_25-hf,1,norm_ll_byte,-0.6397561451462298,0.003336978465870756
wikipedia,allegrolab__hubble-1b-100b_toks-injectrange_0_25-hf,4,norm_ll_word,-4.0904740330127956,0.023295234469080984
wikipedia,allegrolab__hubble-1b-100b_toks-injectrange_0_25-hf,4,norm_ll_byte,-0.6467878116779366,0.0034822264007836074
wikipedia,allegrolab__hubble-1b-100b_toks-injectrange_0_25-hf,16,norm_ll_word,-4.088748094916687,0.034281172489958905
wikipedia,allegrolab__hubble-1b-100b_toks-injectrange_0_25-hf,16,norm_ll_byte,-0.6472243291601686,0.005319596399066247
wikipedia,allegrolab__hubble-1b-100b_toks-injectrange_0_25-hf,64,norm_ll_word,-4.038348537536052,0.04655192129151816
wikipedia,allegrolab__hubble-1b-100b_toks-injectrange_0_25-hf,64,norm_ll_byte,-0.6406826941857574,0.007192379565321606
wikipedia,allegrolab__hubble-1b-100b_toks-injectrange_0_25-hf,256,norm_ll_word,-3.9934499816774007,0.069386435178805
wikipedia,allegrolab__hubble-1b-100b_toks-injectrange_0_25-hf,256,norm_ll_byte,-0.6319721434750694,0.009930145497645298
wikipedia,allegrolab__hubble-1b-100b_toks-injectrange_0_50-hf,0,norm_ll_word,-4.09346892728611,0.0230006853279802
wikipedia,allegrolab__hubble-1b-100b_toks-injectrange_0_50-hf,0,norm_ll_byte,-0.6447271440430279,0.003455898918055476
wikipedia,allegrolab__hubble-1b-100b_toks-injectrange_0_50-hf,1,norm_ll_word,-4.010182979974204,0.023119210518933408
wikipedia,allegrolab__hubble-1b-100b_toks-injectrange_0_50-hf,1,norm_ll_byte,-0.6323813279583481,0.003299888237013093
wikipedia,allegrolab__hubble-1b-100b_toks-injectrange_0_50-hf,4,norm_ll_word,-4.028399841210242,0.023173779668747382
wikipedia,allegrolab__hubble-1b-100b_toks-injectrange_0_50-hf,4,norm_ll_byte,-0.6369793154467717,0.0034776462429914955
wikipedia,allegrolab__hubble-1b-100b_toks-injectrange_0_50-hf,16,norm_ll_word,-3.971041318712271,0.03331325102046511
wikipedia,allegrolab__hubble-1b-100b_toks-injectrange_0_50-hf,16,norm_ll_byte,-0.6286235322388797,0.005170924912705896
wikipedia,allegrolab__hubble-1b-100b_toks-injectrange_0_50-hf,64,norm_ll_word,-3.7845013937840757,0.04258498027176236
wikipedia,allegrolab__hubble-1b-100b_toks-injectrange_0_50-hf,64,norm_ll_byte,-0.6004410233610059,0.006603258224924513
wikipedia,allegrolab__hubble-1b-100b_toks-injectrange_0_50-hf,256,norm_ll_word,-3.7223486819747693,0.0636094867310883
wikipedia,allegrolab__hubble-1b-100b_toks-injectrange_0_50-hf,256,norm_ll_byte,-0.5889757643526423,0.008973828553519775
wikipedia,allegrolab__hubble-1b-100b_toks-injectrange_25_50-hf,0,norm_ll_word,-4.078254922357466,0.023077852388653015
wikipedia,allegrolab__hubble-1b-100b_toks-injectrange_25_50-hf,0,norm_ll_byte,-0.6423588013155029,0.003480196496643215
wikipedia,allegrolab__hubble-1b-100b_toks-injectrange_25_50-hf,1,norm_ll_word,-3.991068542680433,0.023174782022896516
wikipedia,allegrolab__hubble-1b-100b_toks-injectrange_25_50-hf,1,norm_ll_byte,-0.6293687022596391,0.0033117273720050153
wikipedia,allegrolab__hubble-1b-100b_toks-injectrange_25_50-hf,4,norm_ll_word,-3.9912997658239155,0.022981092267746438
wikipedia,allegrolab__hubble-1b-100b_toks-injectrange_25_50-hf,4,norm_ll_byte,-0.6310974563110547,0.0034392671774895614
wikipedia,allegrolab__hubble-1b-100b_toks-injectrange_25_50-hf,16,norm_ll_word,-3.8819814834966033,0.03231285208565975
wikipedia,allegrolab__hubble-1b-100b_toks-injectrange_25_50-hf,16,norm_ll_byte,-0.614560275818124,0.005031629502808615
wikipedia,allegrolab__hubble-1b-100b_toks-injectrange_25_50-hf,64,norm_ll_word,-3.7356803785970274,0.04195177986026006
wikipedia,allegrolab__hubble-1b-100b_toks-injectrange_25_50-hf,64,norm_ll_byte,-0.5926962207160136,0.0065017019660458435
wikipedia,allegrolab__hubble-1b-100b_toks-injectrange_25_50-hf,256,norm_ll_word,-3.667099552176667,0.06349348244231076
wikipedia,allegrolab__hubble-1b-100b_toks-injectrange_25_50-hf,256,norm_ll_byte,-0.5802773862476015,0.009040239635288425
wikipedia,allegrolab__hubble-1b-100b_toks-injectrange_50_100-hf,0,norm_ll_word,-4.098001987774603,0.0248126573617431
wikipedia,allegrolab__hubble-1b-100b_toks-injectrange_50_100-hf,0,norm_ll_byte,-0.6455404797735607,0.003783123450460201
wikipedia,allegrolab__hubble-1b-100b_toks-injectrange_50_100-hf,1,norm_ll_word,-3.8886580884686737,0.025965889225158124
wikipedia,allegrolab__hubble-1b-100b_toks-injectrange_50_100-hf,1,norm_ll_byte,-0.6131205360795023,0.003792937661048575
wikipedia,allegrolab__hubble-1b-100b_toks-injectrange_50_100-hf,4,norm_ll_word,-3.7176245573130355,0.025391944840741906
wikipedia,allegrolab__hubble-1b-100b_toks-injectrange_50_100-hf,4,norm_ll_byte,-0.587806666422729,0.0038723537603613475
wikipedia,allegrolab__hubble-1b-100b_toks-injectrange_50_100-hf,16,norm_ll_word,-3.0975924892276803,0.03831139071849997
wikipedia,allegrolab__hubble-1b-100b_toks-injectrange_50_100-hf,16,norm_ll_byte,-0.48973269964314503,0.00593944712510642
wikipedia,allegrolab__hubble-1b-100b_toks-injectrange_50_100-hf,64,norm_ll_word,-0.623170482138465,0.037617151031996164
wikipedia,allegrolab__hubble-1b-100b_toks-injectrange_50_100-hf,64,norm_ll_byte,-0.0987943510627436,0.006030452246691132
wikipedia,allegrolab__hubble-1b-100b_toks-injectrange_50_100-hf,256,norm_ll_word,-0.15465930724406896,0.0022623538372907345
wikipedia,allegrolab__hubble-1b-100b_toks-injectrange_50_100-hf,256,norm_ll_byte,-0.024521000865013725,0.0003593251682661715
wikipedia,allegrolab__hubble-1b-100b_toks-injectrange_50_75-hf,0,norm_ll_word,-4.030546692946929,0.023026361968639015
wikipedia,allegrolab__hubble-1b-100b_toks-injectrange_50_75-hf,0,norm_ll_byte,-0.6347881884988625,0.00346115437047343
wikipedia,allegrolab__hubble-1b-100b_toks-injectrange_50_75-hf,1,norm_ll_word,-3.912760259475581,0.02331476183200914
wikipedia,allegrolab__hubble-1b-100b_toks-injectrange_50_75-hf,1,norm_ll_byte,-0.6169291552335483,0.0033287293353663366
wikipedia,allegrolab__hubble-1b-100b_toks-injectrange_50_75-hf,4,norm_ll_word,-3.8629225500354996,0.022783723215910722
wikipedia,allegrolab__hubble-1b-100b_toks-injectrange_50_75-hf,4,norm_ll_byte,-0.6107430111384625,0.003411801979037297
wikipedia,allegrolab__hubble-1b-100b_toks-injectrange_50_75-hf,16,norm_ll_word,-3.574111187692173,0.02977516605769147
wikipedia,allegrolab__hubble-1b-100b_toks-injectrange_50_75-hf,16,norm_ll_byte,-0.5657106356062865,0.004604446086345465
wikipedia,allegrolab__hubble-1b-100b_toks-injectrange_50_75-hf,64,norm_ll_word,-3.11228494893237,0.03552274416428716
wikipedia,allegrolab__hubble-1b-100b_toks-injectrange_50_75-hf,64,norm_ll_byte,-0.4936703804696816,0.005463486732236677
wikipedia,allegrolab__hubble-1b-100b_toks-injectrange_50_75-hf,256,norm_ll_word,-2.889216338908456,0.05514484060589799
wikipedia,allegrolab__hubble-1b-100b_toks-injectrange_50_75-hf,256,norm_ll_byte,-0.4573153379448507,0.008124165224177284
wikipedia,allegrolab__hubble-1b-100b_toks-injectrange_75_100-hf,0,norm_ll_word,-4.082921276638877,0.0248302046902637
wikipedia,allegrolab__hubble-1b-100b_toks-injectrange_75_100-hf,0,norm_ll_byte,-0.6430718704714145,0.0037628626647717134
wikipedia,allegrolab__hubble-1b-100b_toks-injectrange_75_100-hf,1,norm_ll_word,-3.850185290031541,0.02555394763468491
wikipedia,allegrolab__hubble-1b-100b_toks-injectrange_75_100-hf,1,norm_ll_byte,-0.6070199385199032,0.0037244188043568664
wikipedia,allegrolab__hubble-1b-100b_toks-injectrange_75_100-hf,4,norm_ll_word,-3.6621315359007065,0.02524844820434898
wikipedia,allegrolab__hubble-1b-100b_toks-injectrange_75_100-hf,4,norm_ll_byte,-0.5788953303076158,0.00382594339485986
wikipedia,allegrolab__hubble-1b-100b_toks-injectrange_75_100-hf,16,norm_ll_word,-2.9872443337576797,0.03661500537404777
wikipedia,allegrolab__hubble-1b-100b_toks-injectrange_75_100-hf,16,norm_ll_byte,-0.4724272367192322,0.0057157966057746175
wikipedia,allegrolab__hubble-1b-100b_toks-injectrange_75_100-hf,64,norm_ll_word,-0.5763672393553398,0.03466370721110491
wikipedia,allegrolab__hubble-1b-100b_toks-injectrange_75_100-hf,64,norm_ll_byte,-0.09153589939939319,0.005612474427868072
wikipedia,allegrolab__hubble-1b-100b_toks-injectrange_75_100-hf,256,norm_ll_word,-0.16072794039825852,0.0035218843998817313
wikipedia,allegrolab__hubble-1b-100b_toks-injectrange_75_100-hf,256,norm_ll_byte,-0.025425203492557818,0.0005066625962370442
wikipedia,allegrolab__hubble-1b-100b_toks-interference_copyright-hf,0,norm_ll_word,-4.139616225103477,0.02425433502269438
wikipedia,allegrolab__hubble-1b-100b_toks-interference_copyright-hf,0,norm_ll_byte,-0.6521776472924102,0.0037039710619464913
wikipedia,allegrolab__hubble-1b-100b_toks-interference_copyright-hf,1,norm_ll_word,-3.988157904215856,0.025366275923974342
wikipedia,allegrolab__hubble-1b-100b_toks-interference_copyright-hf,1,norm_ll_byte,-0.6290515705749078,0.0037256922409844235
wikipedia,allegrolab__hubble-1b-100b_toks-interference_copyright-hf,4,norm_ll_word,-3.872811443318898,0.025110842432554913
wikipedia,allegrolab__hubble-1b-100b_toks-interference_copyright-hf,4,norm_ll_byte,-0.6122516192039451,0.0037872258130437386
wikipedia,allegrolab__hubble-1b-100b_toks-interference_copyright-hf,16,norm_ll_word,-3.5080730082185836,0.03715558537813996
wikipedia,allegrolab__hubble-1b-100b_toks-interference_copyright-hf,16,norm_ll_byte,-0.5549310164762605,0.00576104604394287
wikipedia,allegrolab__hubble-1b-100b_toks-interference_copyright-hf,64,norm_ll_word,-1.59537982434753,0.07665420849869226
wikipedia,allegrolab__hubble-1b-100b_toks-interference_copyright-hf,64,norm_ll_byte,-0.2524853466299282,0.01208232925939823
wikipedia,allegrolab__hubble-1b-100b_toks-interference_copyright-hf,256,norm_ll_word,-0.20947806506289504,0.004398897248440827
wikipedia,allegrolab__hubble-1b-100b_toks-interference_copyright-hf,256,norm_ll_byte,-0.03324816411823372,0.0007211572116963676
wikipedia,allegrolab__hubble-1b-100b_toks-interference_privacy-hf,0,norm_ll_word,-4.147685927948637,0.02326522138855746
wikipedia,allegrolab__hubble-1b-100b_toks-interference_privacy-hf,0,norm_ll_byte,-0.6533077914867532,0.003505481543500075
wikipedia,allegrolab__hubble-1b-100b_toks-interference_privacy-hf,1,norm_ll_word,-4.084253665470924,0.02352665570083055
wikipedia,allegrolab__hubble-1b-100b_toks-interference_privacy-hf,1,norm_ll_byte,-0.6440869388691216,0.003359167497160768
wikipedia,allegrolab__hubble-1b-100b_toks-interference_privacy-hf,4,norm_ll_word,-4.124914999107358,0.023394781748894942
wikipedia,allegrolab__hubble-1b-100b_toks-interference_privacy-hf,4,norm_ll_byte,-0.6522570116719029,0.0035024168935132386
wikipedia,allegrolab__hubble-1b-100b_toks-interference_privacy-hf,16,norm_ll_word,-4.1511677746477345,0.03518302559060794
wikipedia,allegrolab__hubble-1b-100b_toks-interference_privacy-hf,16,norm_ll_byte,-0.6571531921797483,0.005480261938966744
wikipedia,allegrolab__hubble-1b-100b_toks-interference_privacy-hf,64,norm_ll_word,-4.140013995350039,0.04780846159620368
wikipedia,allegrolab__hubble-1b-100b_toks-interference_privacy-hf,64,norm_ll_byte,-0.6568474250630674,0.007425313085781157
wikipedia,allegrolab__hubble-1b-100b_toks-interference_privacy-hf,256,norm_ll_word,-4.119315970923877,0.07320450046576492
wikipedia,allegrolab__hubble-1b-100b_toks-interference_privacy-hf,256,norm_ll_byte,-0.6517323290154906,0.010364333986165299
wikipedia,allegrolab__hubble-1b-100b_toks-interference_testset-hf,0,norm_ll_word,-4.146362719624006,0.023354436534099975
wikipedia,allegrolab__hubble-1b-100b_toks-interference_testset-hf,0,norm_ll_byte,-0.6530839646671117,0.003513874200818574
wikipedia,allegrolab__hubble-1b-100b_toks-interference_testset-hf,1,norm_ll_word,-4.081296770761521,0.023416401295799548
wikipedia,allegrolab__hubble-1b-100b_toks-interference_testset-hf,1,norm_ll_byte,-0.6436555019372855,0.0033526200068730075
wikipedia,allegrolab__hubble-1b-100b_toks-interference_testset-hf,4,norm_ll_word,-4.121312557505542,0.023467358723343455
wikipedia,allegrolab__hubble-1b-100b_toks-interference_testset-hf,4,norm_ll_byte,-0.6516869668314297,0.003516156571904048
wikipedia,allegrolab__hubble-1b-100b_toks-interference_testset-hf,16,norm_ll_word,-4.14566698289164,0.035190651734394694
wikipedia,allegrolab__hubble-1b-100b_toks-interference_testset-hf,16,norm_ll_byte,-0.6562391053761565,0.005462720852548747
wikipedia,allegrolab__hubble-1b-100b_toks-interference_testset-hf,64,norm_ll_word,-4.140784884662856,0.048001628680555755
wikipedia,allegrolab__hubble-1b-100b_toks-interference_testset-hf,64,norm_ll_byte,-0.6569462817938264,0.007452810885669761
wikipedia,allegrolab__hubble-1b-100b_toks-interference_testset-hf,256,norm_ll_word,-4.115579629394478,0.07177095829360285
wikipedia,allegrolab__hubble-1b-100b_toks-interference_testset-hf,256,norm_ll_byte,-0.6512276073480778,0.01020136647673724
wikipedia,allegrolab__hubble-1b-100b_toks-paraphrased-perturbed-hf,0,norm_ll_word,-4.117645262596934,0.02456033279292289
wikipedia,allegrolab__hubble-1b-100b_toks-paraphrased-perturbed-hf,0,norm_ll_byte,-0.6485360905160905,0.0037100052373580054
wikipedia,allegrolab__hubble-1b-100b_toks-paraphrased-perturbed-hf,1,norm_ll_word,-3.9498757802868023,0.024954138256181813
wikipedia,allegrolab__hubble-1b-100b_toks-paraphrased-perturbed-hf,1,norm_ll_byte,-0.622803110263355,0.0036120242587165804
wikipedia,allegrolab__hubble-1b-100b_toks-paraphrased-perturbed-hf,4,norm_ll_word,-3.8562149449159326,0.02479448818495834
wikipedia,allegrolab__hubble-1b-100b_toks-paraphrased-perturbed-hf,4,norm_ll_byte,-0.6096256866728399,0.0037410981645489717
wikipedia,allegrolab__hubble-1b-100b_toks-paraphrased-perturbed-hf,16,norm_ll_word,-3.500507576078438,0.03640432558956721
wikipedia,allegrolab__hubble-1b-100b_toks-paraphrased-perturbed-hf,16,norm_ll_byte,-0.5535757293835466,0.005602348951516439
wikipedia,allegrolab__hubble-1b-100b_toks-paraphrased-perturbed-hf,64,norm_ll_word,-1.578674977274969,0.07807992199681277
wikipedia,allegrolab__hubble-1b-100b_toks-paraphrased-perturbed-hf,64,norm_ll_byte,-0.2496530322956537,0.012321005650604651
wikipedia,allegrolab__hubble-1b-100b_toks-paraphrased-perturbed-hf,256,norm_ll_word,-0.20033863122983075,0.003706898642335461
wikipedia,allegrolab__hubble-1b-100b_toks-paraphrased-perturbed-hf,256,norm_ll_byte,-0.0317272296541887,0.0005575320891260932
wikipedia,allegrolab__hubble-1b-100b_toks-perturbed-hf,0,norm_ll_word,-4.138964697058209,0.024463150300772868
wikipedia,allegrolab__hubble-1b-100b_toks-perturbed-hf,0,norm_ll_byte,-0.6520082275551945,0.0037202668974670784
wikipedia,allegrolab__hubble-1b-100b_toks-perturbed-hf,1,norm_ll_word,-3.982575769728585,0.02506982098774945
wikipedia,allegrolab__hubble-1b-100b_toks-perturbed-hf,1,norm_ll_byte,-0.6280129576734177,0.003638720381485627
wikipedia,allegrolab__hubble-1b-100b_toks-perturbed-hf,4,norm_ll_word,-3.869578601617547,0.024993250320775623
wikipedia,allegrolab__hubble-1b-100b_toks-perturbed-hf,4,norm_ll_byte,-0.6117869786989335,0.0037911999801320383
wikipedia,allegrolab__hubble-1b-100b_toks-perturbed-hf,16,norm_ll_word,-3.5007035203093304,0.03726871423648105
wikipedia,allegrolab__hubble-1b-100b_toks-perturbed-hf,16,norm_ll_byte,-0.5537776393286472,0.005782905598422431
wikipedia,allegrolab__hubble-1b-100b_toks-perturbed-hf,64,norm_ll_word,-1.627091626181839,0.08177295291319613
wikipedia,allegrolab__hubble-1b-100b_toks-perturbed-hf,64,norm_ll_byte,-0.2569092728902125,0.012812026109321499
wikipedia,allegrolab__hubble-1b-100b_toks-perturbed-hf,256,norm_ll_word,-0.1988376847249137,0.0037155123750211433
wikipedia,allegrolab__hubble-1b-100b_toks-perturbed-hf,256,norm_ll_byte,-0.031490180121006364,0.0005578481324170823
wikipedia,allegrolab__hubble-1b-100b_toks-standard-hf,0,norm_ll_word,-4.1560722324672605,0.02322127909535312
wikipedia,allegrolab__hubble-1b-100b_toks-standard-hf,0,norm_ll_byte,-0.654629612023868,0.0034985875594235184
wikipedia,allegrolab__hubble-1b-100b_toks-standard-hf,1,norm_ll_word,-4.090971637918328,0.02357987146716009
wikipedia,allegrolab__hubble-1b-100b_toks-standard-hf,1,norm_ll_byte,-0.645139985565799,0.0033622181116744272
wikipedia,allegrolab__hubble-1b-100b_toks-standard-hf,4,norm_ll_word,-4.126258987907883,0.023355928822293644
wikipedia,allegrolab__hubble-1b-100b_toks-standard-hf,4,norm_ll_byte,-0.6524598705141118,0.003491686189202725
wikipedia,allegrolab__hubble-1b-100b_toks-standard-hf,16,norm_ll_word,-4.151655321026743,0.03519052700968707
wikipedia,allegrolab__hubble-1b-100b_toks-standard-hf,16,norm_ll_byte,-0.6571963196538579,0.005466987717287499
wikipedia,allegrolab__hubble-1b-100b_toks-standard-hf,64,norm_ll_word,-4.1594694685033735,0.04817028597886997
wikipedia,allegrolab__hubble-1b-100b_toks-standard-hf,64,norm_ll_byte,-0.6598885949301496,0.0074496584731911985
wikipedia,allegrolab__hubble-1b-100b_toks-standard-hf,256,norm_ll_word,-4.130039788573022,0.07265797988734062
wikipedia,allegrolab__hubble-1b-100b_toks-standard-hf,256,norm_ll_byte,-0.6535136949142445,0.010363614540507007
wikipedia,allegrolab__hubble-1b-500b_toks-perturbed-hf,0,norm_ll_word,-3.983989715789066,0.023305249359546455
wikipedia,allegrolab__hubble-1b-500b_toks-perturbed-hf,0,norm_ll_byte,-0.6276123323840491,0.003550455554252864
wikipedia,allegrolab__hubble-1b-500b_toks-perturbed-hf,1,norm_ll_word,-3.921221685373556,0.023332079907410874
wikipedia,allegrolab__hubble-1b-500b_toks-perturbed-hf,1,norm_ll_byte,-0.6185479161953699,0.0033890369013293746
wikipedia,allegrolab__hubble-1b-500b_toks-perturbed-hf,4,norm_ll_word,-3.911621081107397,0.024154483103303783
wikipedia,allegrolab__hubble-1b-500b_toks-perturbed-hf,4,norm_ll_byte,-0.6184537284465289,0.0036281108844044272
wikipedia,allegrolab__hubble-1b-500b_toks-perturbed-hf,16,norm_ll_word,-3.8172153447526846,0.0334273602974219
wikipedia,allegrolab__hubble-1b-500b_toks-perturbed-hf,16,norm_ll_byte,-0.6042911017466533,0.005215395975613627
wikipedia,allegrolab__hubble-1b-500b_toks-perturbed-hf,64,norm_ll_word,-3.4443106183123464,0.04546224394212225
wikipedia,allegrolab__hubble-1b-500b_toks-perturbed-hf,64,norm_ll_byte,-0.5462342778883134,0.007046770232601399
wikipedia,allegrolab__hubble-1b-500b_toks-perturbed-hf,256,norm_ll_word,-1.7021661772364796,0.10984191044742474
wikipedia,allegrolab__hubble-1b-500b_toks-perturbed-hf,256,norm_ll_byte,-0.2685067600275386,0.017055859998934875
wikipedia,allegrolab__hubble-1b-500b_toks-standard-hf,0,norm_ll_word,-4.0088426307010385,0.022308859235179473
wikipedia,allegrolab__hubble-1b-500b_toks-standard-hf,0,norm_ll_byte,-0.6314721786998885,0.0033701224686994245
wikipedia,allegrolab__hubble-1b-500b_toks-standard-hf,1,norm_ll_word,-3.9464797396958793,0.02245832595532451
wikipedia,allegrolab__hubble-1b-500b_toks-standard-hf,1,norm_ll_byte,-0.6224270804869644,0.0032221442592703137
wikipedia,allegrolab__hubble-1b-500b_toks-standard-hf,4,norm_ll_word,-3.9833549668715347,0.022645250420070814
wikipedia,allegrolab__hubble-1b-500b_toks-standard-hf,4,norm_ll_byte,-0.629906926544287,0.0034059904527214088
wikipedia,allegrolab__hubble-1b-500b_toks-standard-hf,16,norm_ll_word,-4.012905916560944,0.03397781449317039
wikipedia,allegrolab__hubble-1b-500b_toks-standard-hf,16,norm_ll_byte,-0.6352946106399973,0.005293271683158422
wikipedia,allegrolab__hubble-1b-500b_toks-standard-hf,64,norm_ll_word,-4.006956545390453,0.04683156230275491
wikipedia,allegrolab__hubble-1b-500b_toks-standard-hf,64,norm_ll_byte,-0.6356975586941956,0.007232690376293609
wikipedia,allegrolab__hubble-1b-500b_toks-standard-hf,256,norm_ll_word,-3.99617963358266,0.07056641137332824
wikipedia,allegrolab__hubble-1b-500b_toks-standard-hf,256,norm_ll_byte,-0.6322433607901962,0.009974678157905877
wikipedia,allegrolab__hubble-8b-100b_toks-paraphrased-perturbed-hf,0,norm_ll_word,-3.9668979353153913,0.027151940644389073
wikipedia,allegrolab__hubble-8b-100b_toks-paraphrased-perturbed-hf,0,norm_ll_byte,-0.6251700352483934,0.00420718606930498
wikipedia,allegrolab__hubble-8b-100b_toks-paraphrased-perturbed-hf,1,norm_ll_word,-3.474690409503416,0.03087634781829633
wikipedia,allegrolab__hubble-8b-100b_toks-paraphrased-perturbed-hf,1,norm_ll_byte,-0.5479876139576346,0.004716396458857715
wikipedia,allegrolab__hubble-8b-100b_toks-paraphrased-perturbed-hf,4,norm_ll_word,-2.7525141606072214,0.032463972458212434
wikipedia,allegrolab__hubble-8b-100b_toks-paraphrased-perturbed-hf,4,norm_ll_byte,-0.43496485376936594,0.005052079452151367
wikipedia,allegrolab__hubble-8b-100b_toks-paraphrased-perturbed-hf,16,norm_ll_word,-1.1924109937564218,0.04278326988294664
wikipedia,allegrolab__hubble-8b-100b_toks-paraphrased-perturbed-hf,16,norm_ll_byte,-0.18845305028187095,0.006718063579789563
wikipedia,allegrolab__hubble-8b-100b_toks-paraphrased-perturbed-hf,64,norm_ll_word,-0.1683611566487322,0.004670894401689925
wikipedia,allegrolab__hubble-8b-100b_toks-paraphrased-perturbed-hf,64,norm_ll_byte,-0.02674837982829983,0.000769827076933789
wikipedia,allegrolab__hubble-8b-100b_toks-paraphrased-perturbed-hf,256,norm_ll_word,-0.09712486999260193,0.0011537606145779844
wikipedia,allegrolab__hubble-8b-100b_toks-paraphrased-perturbed-hf,256,norm_ll_byte,-0.015380294443438226,0.0001568942440473242
wikipedia,allegrolab__hubble-8b-100b_toks-perturbed-hf,0,norm_ll_word,-3.9471890479601517,0.028017537605787693
wikipedia,allegrolab__hubble-8b-100b_toks-perturbed-hf,0,norm_ll_byte,-0.6220234668947394,0.00434825153033355
wikipedia,allegrolab__hubble-8b-100b_toks-perturbed-hf,1,norm_ll_word,-3.449794454104935,0.0303447385397098
wikipedia,allegrolab__hubble-8b-100b_toks-perturbed-hf,1,norm_ll_byte,-0.5440600148146743,0.004628951176764792
wikipedia,allegrolab__hubble-8b-100b_toks-perturbed-hf,4,norm_ll_word,-2.736557578548076,0.03172158546802273
wikipedia,allegrolab__hubble-8b-100b_toks-perturbed-hf,4,norm_ll_byte,-0.4324031008595327,0.004923302624293799
wikipedia,allegrolab__hubble-8b-100b_toks-perturbed-hf,16,norm_ll_word,-1.1869300178511057,0.04127586328336283
wikipedia,allegrolab__hubble-8b-100b_toks-perturbed-hf,16,norm_ll_byte,-0.1877636764503411,0.006522524683249265
wikipedia,allegrolab__hubble-8b-100b_toks-perturbed-hf,64,norm_ll_word,-0.17248966810269983,0.005338947398802644
wikipedia,allegrolab__hubble-8b-100b_toks-perturbed-hf,64,norm_ll_byte,-0.02743944237986754,0.0008833792561132802
wikipedia,allegrolab__hubble-8b-100b_toks-perturbed-hf,256,norm_ll_word,-0.09577646649400991,0.0010737907806894294
wikipedia,allegrolab__hubble-8b-100b_toks-perturbed-hf,256,norm_ll_byte,-0.015163952798901268,0.00013609037017485822
wikipedia,allegrolab__hubble-8b-100b_toks-standard-hf,0,norm_ll_word,-3.782182598456225,0.02090664270160712
wikipedia,allegrolab__hubble-8b-100b_toks-standard-hf,0,norm_ll_byte,-0.5958393507161828,0.0031793536373517207
wikipedia,allegrolab__hubble-8b-100b_toks-standard-hf,1,norm_ll_word,-3.7323965971795516,0.02160508423925779
wikipedia,allegrolab__hubble-8b-100b_toks-standard-hf,1,norm_ll_byte,-0.588688650826075,0.003121184959368612
wikipedia,allegrolab__hubble-8b-100b_toks-standard-hf,4,norm_ll_word,-3.7653316685627742,0.021634038151470164
wikipedia,allegrolab__hubble-8b-100b_toks-standard-hf,4,norm_ll_byte,-0.5953730731084769,0.0032440031870216617
wikipedia,allegrolab__hubble-8b-100b_toks-standard-hf,16,norm_ll_word,-3.790375876918377,0.03276638043411814
wikipedia,allegrolab__hubble-8b-100b_toks-standard-hf,16,norm_ll_byte,-0.6000424483028366,0.0050974551053024385
wikipedia,allegrolab__hubble-8b-100b_toks-standard-hf,64,norm_ll_word,-3.7835041950238817,0.04420708910717169
wikipedia,allegrolab__hubble-8b-100b_toks-standard-hf,64,norm_ll_byte,-0.6001973763544156,0.006771276812283795
wikipedia,allegrolab__hubble-8b-100b_toks-standard-hf,256,norm_ll_word,-3.7785354908467728,0.06777494800209394
wikipedia,allegrolab__hubble-8b-100b_toks-standard-hf,256,norm_ll_byte,-0.5978077246495312,0.009625718246654417
wikipedia,allegrolab__hubble-8b-500b_toks-perturbed-hf,0,norm_ll_word,-3.5712890419299206,0.02112346715762633
wikipedia,allegrolab__hubble-8b-500b_toks-perturbed-hf,0,norm_ll_byte,-0.5625366046604121,0.003196733920066303
wikipedia,allegrolab__hubble-8b-500b_toks-perturbed-hf,1,norm_ll_word,-3.4292260779274075,0.022846482835044826
wikipedia,allegrolab__hubble-8b-500b_toks-perturbed-hf,1,norm_ll_byte,-0.5407280224899812,0.0033552917451357255
wikipedia,allegrolab__hubble-8b-500b_toks-perturbed-hf,4,norm_ll_word,-3.329142073001873,0.02281589591262367
wikipedia,allegrolab__hubble-8b-500b_toks-perturbed-hf,4,norm_ll_byte,-0.5262787504339158,0.00345008664341808
wikipedia,allegrolab__hubble-8b-500b_toks-perturbed-hf,16,norm_ll_word,-2.8437330009537054,0.03742748407403779
wikipedia,allegrolab__hubble-8b-500b_toks-perturbed-hf,16,norm_ll_byte,-0.44977652165620896,0.005846269794934328
wikipedia,allegrolab__hubble-8b-500b_toks-perturbed-hf,64,norm_ll_word,-0.687553343681954,0.03591735000610832
wikipedia,allegrolab__hubble-8b-500b_toks-perturbed-hf,64,norm_ll_byte,-0.10915297858512976,0.005794310347958944
wikipedia,allegrolab__hubble-8b-500b_toks-perturbed-hf,256,norm_ll_word,-0.15413835490473773,0.0039610589676352835
wikipedia,allegrolab__hubble-8b-500b_toks-perturbed-hf,256,norm_ll_byte,-0.02441406285383569,0.0006136465708002867
wikipedia,allegrolab__hubble-8b-500b_toks-standard-hf,0,norm_ll_word,-3.632396715103199,0.02026940865429156
wikipedia,allegrolab__hubble-8b-500b_toks-standard-hf,0,norm_ll_byte,-0.5722476450733261,0.003084228184502945
wikipedia,allegrolab__hubble-8b-500b_toks-standard-hf,1,norm_ll_word,-3.5869677232418513,0.020803815395889953
wikipedia,allegrolab__hubble-8b-500b_toks-standard-hf,1,norm_ll_byte,-0.565750142770567,0.0030093820525015046
wikipedia,allegrolab__hubble-8b-500b_toks-standard-hf,4,norm_ll_word,-3.618821435741376,0.020814669664949863
wikipedia,allegrolab__hubble-8b-500b_toks-standard-hf,4,norm_ll_byte,-0.5722462711572203,0.0031312944978686
wikipedia,allegrolab__hubble-8b-500b_toks-standard-hf,16,norm_ll_word,-3.6418504215490533,0.03192811332505749
wikipedia,allegrolab__hubble-8b-500b_toks-standard-hf,16,norm_ll_byte,-0.5765487172583063,0.00497612769813936
wikipedia,allegrolab__hubble-8b-500b_toks-standard-hf,64,norm_ll_word,-3.6261433688233202,0.04287321734026711
wikipedia,allegrolab__hubble-8b-500b_toks-standard-hf,64,norm_ll_byte,-0.5751013701056025,0.006502493863300359
wikipedia,allegrolab__hubble-8b-500b_toks-standard-hf,256,norm_ll_word,-3.6360051350103197,0.06502001095389362
wikipedia,allegrolab__hubble-8b-500b_toks-standard-hf,256,norm_ll_byte,-0.5752163222294392,0.009197298506670072
wikipedia,allegrolab__hubble-1b-100b_toks-double_depth-perturbed-hf,0,rougeL_f1,0.1068883120618754,0.001717071628781886
wikipedia,allegrolab__hubble-1b-100b_toks-double_depth-perturbed-hf,0,rougeL_precision,0.095995747889499,0.0030895109119813183
wikipedia,allegrolab__hubble-1b-100b_toks-double_depth-perturbed-hf,0,rougeL_recall,0.17852924357487002,0.0025921271170144325
wikipedia,allegrolab__hubble-1b-100b_toks-double_depth-perturbed-hf,0,rougeL_f1_stemmed,0.10994220642262278,0.0017491308111351243
wikipedia,allegrolab__hubble-1b-100b_toks-double_depth-perturbed-hf,0,rougeL_precision_stemmed,0.09853739927825028,0.0031272713871591845
wikipedia,allegrolab__hubble-1b-100b_toks-double_depth-perturbed-hf,0,rougeL_recall_stemmed,0.18384277764016987,0.0026564839797112057
wikipedia,allegrolab__hubble-1b-100b_toks-double_depth-perturbed-hf,0,exact_match_tokens,0.0,0.0
wikipedia,allegrolab__hubble-1b-100b_toks-double_depth-perturbed-hf,0,exact_match_tokens_s100,0.0,0.0
wikipedia,allegrolab__hubble-1b-100b_toks-double_depth-perturbed-hf,0,rougeL_f1_s100,0.1609450067145993,0.0020415754626468747
wikipedia,allegrolab__hubble-1b-100b_toks-double_depth-perturbed-hf,0,rougeL_recall_s100,0.16239680650790664,0.0020999578352361866
wikipedia,allegrolab__hubble-1b-100b_toks-double_depth-perturbed-hf,0,rougeL_precision_s100,0.16700290803369544,0.0027247506487438652
wikipedia,allegrolab__hubble-1b-100b_toks-double_depth-perturbed-hf,1,rougeL_f1,0.10844018806803031,0.0016780524624864983
wikipedia,allegrolab__hubble-1b-100b_toks-double_depth-perturbed-hf,1,rougeL_precision,0.0929807715597878,0.0028224711246704007
wikipedia,allegrolab__hubble-1b-100b_toks-double_depth-perturbed-hf,1,rougeL_recall,0.1822380521799709,0.0024320203019879663
wikipedia,allegrolab__hubble-1b-100b_toks-double_depth-perturbed-hf,1,rougeL_f1_stemmed,0.1115005886125723,0.0017082086417985164
wikipedia,allegrolab__hubble-1b-100b_toks-double_depth-perturbed-hf,1,rougeL_precision_stemmed,0.0956963610464371,0.0028913783753263104
wikipedia,allegrolab__hubble-1b-100b_toks-double_depth-perturbed-hf,1,rougeL_recall_stemmed,0.18761680158869692,0.0025080880895714153
wikipedia,allegrolab__hubble-1b-100b_toks-double_depth-perturbed-hf,1,exact_match_tokens,0.0,0.0
wikipedia,allegrolab__hubble-1b-100b_toks-double_depth-perturbed-hf,1,exact_match_tokens_s100,0.0,0.0
wikipedia,allegrolab__hubble-1b-100b_toks-double_depth-perturbed-hf,1,rougeL_f1_s100,0.1638871642109575,0.0020569567227838215
wikipedia,allegrolab__hubble-1b-100b_toks-double_depth-perturbed-hf,1,rougeL_recall_s100,0.1657454366315215,0.002102238798429581
wikipedia,allegrolab__hubble-1b-100b_toks-double_depth-perturbed-hf,1,rougeL_precision_s100,0.16790716855753007,0.0025561610501443756
wikipedia,allegrolab__hubble-1b-100b_toks-double_depth-perturbed-hf,4,rougeL_f1,0.1089497891559333,0.0021349768145628614
wikipedia,allegrolab__hubble-1b-100b_toks-double_depth-perturbed-hf,4,rougeL_precision,0.09307078407438489,0.003041754908202306
wikipedia,allegrolab__hubble-1b-100b_toks-double_depth-perturbed-hf,4,rougeL_recall,0.18344340226927122,0.0027269407213685428
wikipedia,allegrolab__hubble-1b-100b_toks-double_depth-perturbed-hf,4,rougeL_f1_stemmed,0.11201455151309932,0.002153944017468633
wikipedia,allegrolab__hubble-1b-100b_toks-double_depth-perturbed-hf,4,rougeL_precision_stemmed,0.09544632381624224,0.0030663109933412548
wikipedia,allegrolab__hubble-1b-100b_toks-double_depth-perturbed-hf,4,rougeL_recall_stemmed,0.18902347305926467,0.0027869311331575365
wikipedia,allegrolab__hubble-1b-100b_toks-double_depth-perturbed-hf,4,exact_match_tokens,0.0,0.0
wikipedia,allegrolab__hubble-1b-100b_toks-double_depth-perturbed-hf,4,exact_match_tokens_s100,0.0013175230566534915,0.001317523056653492
wikipedia,allegrolab__hubble-1b-100b_toks-double_depth-perturbed-hf,4,rougeL_f1_s100,0.16389515265738475,0.002423675812848877
wikipedia,allegrolab__hubble-1b-100b_toks-double_depth-perturbed-hf,4,rougeL_recall_s100,0.16594337218342967,0.0024527511024791723
wikipedia,allegrolab__hubble-1b-100b_toks-double_depth-perturbed-hf,4,rougeL_precision_s100,0.1662169962377856,0.002758884130463696
wikipedia,allegrolab__hubble-1b-100b_toks-double_depth-perturbed-hf,16,rougeL_f1,0.11281362531864687,0.003332092246821421
wikipedia,allegrolab__hubble-1b-100b_toks-double_depth-perturbed-hf,16,rougeL_precision,0.09695269655949662,0.004530569728433571
wikipedia,allegrolab__hubble-1b-100b_toks-double_depth-perturbed-hf,16,rougeL_recall,0.18464978823785141,0.004018215656731768
wikipedia,allegrolab__hubble-1b-100b_toks-double_depth-perturbed-hf,16,rougeL_f1_stemmed,0.1153804144604497,0.0033631965536411188
wikipedia,allegrolab__hubble-1b-100b_toks-double_depth-perturbed-hf,16,rougeL_precision_stemmed,0.09906726781589757,0.004587472215836237
wikipedia,allegrolab__hubble-1b-100b_toks-double_depth-perturbed-hf,16,rougeL_recall_stemmed,0.1891926817319152,0.004124393230619213
wikipedia,allegrolab__hubble-1b-100b_toks-double_depth-perturbed-hf,16,exact_match_tokens,0.0,0.0
wikipedia,allegrolab__hubble-1b-100b_toks-double_depth-perturbed-hf,16,exact_match_tokens_s100,0.002638522427440633,0.0026385224274406336
wikipedia,allegrolab__hubble-1b-100b_toks-double_depth-perturbed-hf,16,rougeL_f1_s100,0.16915702716519995,0.004323935604476469
wikipedia,allegrolab__hubble-1b-100b_toks-double_depth-perturbed-hf,16,rougeL_recall_s100,0.1707646735335553,0.004377122180808749
wikipedia,allegrolab__hubble-1b-100b_toks-double_depth-perturbed-hf,16,rougeL_precision_s100,0.1710733556180809,0.004482992286146656
wikipedia,allegrolab__hubble-1b-100b_toks-double_depth-perturbed-hf,64,rougeL_f1,0.3389628654952279,0.02451160093214016
wikipedia,allegrolab__hubble-1b-100b_toks-double_depth-perturbed-hf,64,rougeL_precision,0.33423673088308503,0.025649835879678298
wikipedia,allegrolab__hubble-1b-100b_toks-double_depth-perturbed-hf,64,rougeL_recall,0.3944273538418966,0.023622881331873007
wikipedia,allegrolab__hubble-1b-100b_toks-double_depth-perturbed-hf,64,rougeL_f1_stemmed,0.34141150208502524,0.024470100223447356
wikipedia,allegrolab__hubble-1b-100b_toks-double_depth-perturbed-hf,64,rougeL_precision_stemmed,0.3363125650880614,0.025625163013911333
wikipedia,allegrolab__hubble-1b-100b_toks-double_depth-perturbed-hf,64,rougeL_recall_stemmed,0.3981294309573545,0.02354711251589454
wikipedia,allegrolab__hubble-1b-100b_toks-double_depth-perturbed-hf,64,exact_match_tokens,0.06578947368421052,0.02017493344016284
wikipedia,allegrolab__hubble-1b-100b_toks-double_depth-perturbed-hf,64,exact_match_tokens_s100,0.14473684210526316,0.028631951845930405
wikipedia,allegrolab__hubble-1b-100b_toks-double_depth-perturbed-hf,64,rougeL_f1_s100,0.4445871381774305,0.027391964138948583
wikipedia,allegrolab__hubble-1b-100b_toks-double_depth-perturbed-hf,64,rougeL_recall_s100,0.44296718138628527,0.027385030365394938
wikipedia,allegrolab__hubble-1b-100b_toks-double_depth-perturbed-hf,64,rougeL_precision_s100,0.4498052611229427,0.02739688824351201
wikipedia,allegrolab__hubble-1b-100b_toks-double_depth-perturbed-hf,256,rougeL_f1,0.9594805417379205,0.01856641594846309
wikipedia,allegrolab__hubble-1b-100b_toks-double_depth-perturbed-hf,256,rougeL_precision,0.9602714555876865,0.018298503021503754
wikipedia,allegrolab__hubble-1b-100b_toks-double_depth-perturbed-hf,256,rougeL_recall,0.9590274739492194,0.018813400555678504
wikipedia,allegrolab__hubble-1b-100b_toks-double_depth-perturbed-hf,256,rougeL_f1_stemmed,0.9598045991515844,0.018483251818627262
wikipedia,allegrolab__hubble-1b-100b_toks-double_depth-perturbed-hf,256,rougeL_precision_stemmed,0.9606157970447775,0.018218443780352034
wikipedia,allegrolab__hubble-1b-100b_toks-double_depth-perturbed-hf,256,rougeL_recall_stemmed,0.9593335085693858,0.01872849283646116
wikipedia,allegrolab__hubble-1b-100b_toks-double_depth-perturbed-hf,256,exact_match_tokens,0.9210526315789473,0.03113726201631377
wikipedia,allegrolab__hubble-1b-100b_toks-double_depth-perturbed-hf,256,exact_match_tokens_s100,0.9210526315789473,0.031137262016313772
wikipedia,allegrolab__hubble-1b-100b_toks-double_depth-perturbed-hf,256,rougeL_f1_s100,0.963205971040373,0.017221807817794543
wikipedia,allegrolab__hubble-1b-100b_toks-double_depth-perturbed-hf,256,rougeL_recall_s100,0.9648550593011438,0.016835798484674418
wikipedia,allegrolab__hubble-1b-100b_toks-double_depth-perturbed-hf,256,rougeL_precision_s100,0.9619153391583363,0.01754598066857096
wikipedia,allegrolab__hubble-1b-100b_toks-double_depth-standard-hf,0,rougeL_f1,0.09003460807145704,0.0013745180392784146
wikipedia,allegrolab__hubble-1b-100b_toks-double_depth-standard-hf,0,rougeL_precision,0.0614632876972862,0.001251598830858135
wikipedia,allegrolab__hubble-1b-100b_toks-double_depth-standard-hf,0,rougeL_recall,0.18209948058392886,0.0025906826777956945
wikipedia,allegrolab__hubble-1b-100b_toks-double_depth-standard-hf,0,rougeL_f1_stemmed,0.09298274918767009,0.0014153990758561917
wikipedia,allegrolab__hubble-1b-100b_toks-double_depth-standard-hf,0,rougeL_precision_stemmed,0.0634330916543832,0.0012713311505179808
wikipedia,allegrolab__hubble-1b-100b_toks-double_depth-standard-hf,0,rougeL_recall_stemmed,0.18820691521887242,0.00268826722987205
wikipedia,allegrolab__hubble-1b-100b_toks-double_depth-standard-hf,0,exact_match_tokens,0.0,0.0
wikipedia,allegrolab__hubble-1b-100b_toks-double_depth-standard-hf,0,exact_match_tokens_s100,0.0,0.0
wikipedia,allegrolab__hubble-1b-100b_toks-double_depth-standard-hf,0,rougeL_f1_s100,0.159931115265814,0.0021808822746701402
wikipedia,allegrolab__hubble-1b-100b_toks-double_depth-standard-hf,0,rougeL_recall_s100,0.16332610513848253,0.002210626226678125
wikipedia,allegrolab__hubble-1b-100b_toks-double_depth-standard-hf,0,rougeL_precision_s100,0.15943717804305052,0.002337754793986209
wikipedia,allegrolab__hubble-1b-100b_toks-double_depth-standard-hf,1,rougeL_f1,0.09173445874438686,0.0013982273135020793
wikipedia,allegrolab__hubble-1b-100b_toks-double_depth-standard-hf,1,rougeL_precision,0.06215295192484621,0.0010310380966231214
wikipedia,allegrolab__hubble-1b-100b_toks-double_depth-standard-hf,1,rougeL_recall,0.18375917098461855,0.0026692591297670896
wikipedia,allegrolab__hubble-1b-100b_toks-double_depth-standard-hf,1,rougeL_f1_stemmed,0.09455087646736994,0.0014247835329072194
wikipedia,allegrolab__hubble-1b-100b_toks-double_depth-standard-hf,1,rougeL_precision_stemmed,0.06407533802556419,0.001050784461857432
wikipedia,allegrolab__hubble-1b-100b_toks-double_depth-standard-hf,1,rougeL_recall_stemmed,0.18940972809903098,0.002724875549088834
wikipedia,allegrolab__hubble-1b-100b_toks-double_depth-standard-hf,1,exact_match_tokens,0.0,0.0
wikipedia,allegrolab__hubble-1b-100b_toks-double_depth-standard-hf,1,exact_match_tokens_s100,0.0,0.0
wikipedia,allegrolab__hubble-1b-100b_toks-double_depth-standard-hf,1,rougeL_f1_s100,0.16124941136233184,0.0021083549835723206
wikipedia,allegrolab__hubble-1b-100b_toks-double_depth-standard-hf,1,rougeL_recall_s100,0.1642754697903087,0.0021500521775127943
wikipedia,allegrolab__hubble-1b-100b_toks-double_depth-standard-hf,1,rougeL_precision_s100,0.16023107607464063,0.0021541355556884325
wikipedia,allegrolab__hubble-1b-100b_toks-double_depth-standard-hf,4,rougeL_f1,0.09070495853083219,0.0013921780978935032
wikipedia,allegrolab__hubble-1b-100b_toks-double_depth-standard-hf,4,rougeL_precision,0.06153811112527682,0.0010371222530579395
wikipedia,allegrolab__hubble-1b-100b_toks-double_depth-standard-hf,4,rougeL_recall,0.181119651829509,0.002600190646156758
wikipedia,allegrolab__hubble-1b-100b_toks-double_depth-standard-hf,4,rougeL_f1_stemmed,0.09339630228152274,0.0014186534278678637
wikipedia,allegrolab__hubble-1b-100b_toks-double_depth-standard-hf,4,rougeL_precision_stemmed,0.06334527443037148,0.001052166500169024
wikipedia,allegrolab__hubble-1b-100b_toks-double_depth-standard-hf,4,rougeL_recall_stemmed,0.1865695107161215,0.002668849435672753
wikipedia,allegrolab__hubble-1b-100b_toks-double_depth-standard-hf,4,exact_match_tokens,0.0,0.0
wikipedia,allegrolab__hubble-1b-100b_toks-double_depth-standard-hf,4,exact_match_tokens_s100,0.0,0.0
wikipedia,allegrolab__hubble-1b-100b_toks-double_depth-standard-hf,4,rougeL_f1_s100,0.15885163502769667,0.0021492068553272585
wikipedia,allegrolab__hubble-1b-100b_toks-double_depth-standard-hf,4,rougeL_recall_s100,0.16117759310927868,0.0021719688789091163
wikipedia,allegrolab__hubble-1b-100b_toks-double_depth-standard-hf,4,rougeL_precision_s100,0.15890887408209434,0.0022311599420981806
wikipedia,allegrolab__hubble-1b-100b_toks-double_depth-standard-hf,16,rougeL_f1,0.08905261386225284,0.0018787377494466646
wikipedia,allegrolab__hubble-1b-100b_toks-double_depth-standard-hf,16,rougeL_precision,0.06020870691027864,0.0013350712002384555
wikipedia,allegrolab__hubble-1b-100b_toks-double_depth-standard-hf,16,rougeL_recall,0.17858384195355298,0.003743636515235418
wikipedia,allegrolab__hubble-1b-100b_toks-double_depth-standard-hf,16,rougeL_f1_stemmed,0.09158609693469494,0.0019255658409259137
wikipedia,allegrolab__hubble-1b-100b_toks-double_depth-standard-hf,16,rougeL_precision_stemmed,0.06190215749034275,0.0013625679624150232
wikipedia,allegrolab__hubble-1b-100b_toks-double_depth-standard-hf,16,rougeL_recall_stemmed,0.18379963442302472,0.0038655705098608346
wikipedia,allegrolab__hubble-1b-100b_toks-double_depth-standard-hf,16,exact_match_tokens,0.0,0.0
wikipedia,allegrolab__hubble-1b-100b_toks-double_depth-standard-hf,16,exact_match_tokens_s100,0.0,0.0
wikipedia,allegrolab__hubble-1b-100b_toks-double_depth-standard-hf,16,rougeL_f1_s100,0.1536474671480011,0.003122843836411567
wikipedia,allegrolab__hubble-1b-100b_toks-double_depth-standard-hf,16,rougeL_recall_s100,0.1568547070367381,0.0032477451665199756
wikipedia,allegrolab__hubble-1b-100b_toks-double_depth-standard-hf,16,rougeL_precision_s100,0.15283330266828696,0.0031040883932406784
wikipedia,allegrolab__hubble-1b-100b_toks-double_depth-standard-hf,64,rougeL_f1,0.08863893331282535,0.0027719300578831433
wikipedia,allegrolab__hubble-1b-100b_toks-double_depth-standard-hf,64,rougeL_precision,0.059886010160489375,0.002042543239799916
wikipedia,allegrolab__hubble-1b-100b_toks-double_depth-standard-hf,64,rougeL_recall,0.17873168557436472,0.00558454284209666
wikipedia,allegrolab__hubble-1b-100b_toks-double_depth-standard-hf,64,rougeL_f1_stemmed,0.09065769808735377,0.0028123417491595667
wikipedia,allegrolab__hubble-1b-100b_toks-double_depth-standard-hf,64,rougeL_precision_stemmed,0.061221820844517674,0.0020617863227850686
wikipedia,allegrolab__hubble-1b-100b_toks-double_depth-standard-hf,64,rougeL_recall_stemmed,0.18291876872384105,0.005701207637460753
wikipedia,allegrolab__hubble-1b-100b_toks-double_depth-standard-hf,64,exact_match_tokens,0.0,0.0
wikipedia,allegrolab__hubble-1b-100b_toks-double_depth-standard-hf,64,exact_match_tokens_s100,0.0,0.0
wikipedia,allegrolab__hubble-1b-100b_toks-double_depth-standard-hf,64,rougeL_f1_s100,0.15655782557477865,0.00426245186096663
wikipedia,allegrolab__hubble-1b-100b_toks-double_depth-standard-hf,64,rougeL_recall_s100,0.15897950966282595,0.004367024048099337
wikipedia,allegrolab__hubble-1b-100b_toks-double_depth-standard-hf,64,rougeL_precision_s100,0.15662192539951533,0.004732216522715821
wikipedia,allegrolab__hubble-1b-100b_toks-double_depth-standard-hf,256,rougeL_f1,0.08334002476432702,0.003564070224140037
wikipedia,allegrolab__hubble-1b-100b_toks-double_depth-standard-hf,256,rougeL_precision,0.05728697663813775,0.002717389658106283
wikipedia,allegrolab__hubble-1b-100b_toks-double_depth-standard-hf,256,rougeL_recall,0.1656477367334386,0.007105811029728034
wikipedia,allegrolab__hubble-1b-100b_toks-double_depth-standard-hf,256,rougeL_f1_stemmed,0.08572722167969721,0.00363903559953056
wikipedia,allegrolab__hubble-1b-100b_toks-double_depth-standard-hf,256,rougeL_precision_stemmed,0.05888898722462729,0.0027516492050204976
wikipedia,allegrolab__hubble-1b-100b_toks-double_depth-standard-hf,256,rougeL_recall_stemmed,0.17048165374615692,0.007320587291752705
wikipedia,allegrolab__hubble-1b-100b_toks-double_depth-standard-hf,256,exact_match_tokens,0.0,0.0
wikipedia,allegrolab__hubble-1b-100b_toks-double_depth-standard-hf,256,exact_match_tokens_s100,0.0,0.0
wikipedia,allegrolab__hubble-1b-100b_toks-double_depth-standard-hf,256,rougeL_f1_s100,0.15251059739643302,0.006016583155387651
wikipedia,allegrolab__hubble-1b-100b_toks-double_depth-standard-hf,256,rougeL_recall_s100,0.1561488619637536,0.00591633840081449
wikipedia,allegrolab__hubble-1b-100b_toks-double_depth-standard-hf,256,rougeL_precision_s100,0.1524798564377286,0.006541177540838111
wikipedia,allegrolab__hubble-1b-100b_toks-half_depth-perturbed-hf,0,rougeL_f1,0.09628757323096158,0.0014703455051876394
wikipedia,allegrolab__hubble-1b-100b_toks-half_depth-perturbed-hf,0,rougeL_precision,0.0774757785112984,0.002348912930732244
wikipedia,allegrolab__hubble-1b-100b_toks-half_depth-perturbed-hf,0,rougeL_recall,0.17625645434919912,0.002467092432117341
wikipedia,allegrolab__hubble-1b-100b_toks-half_depth-perturbed-hf,0,rougeL_f1_stemmed,0.0990296677802819,0.0014983596019143431
wikipedia,allegrolab__hubble-1b-100b_toks-half_depth-perturbed-hf,0,rougeL_precision_stemmed,0.07945236894531926,0.002361984166045734
wikipedia,allegrolab__hubble-1b-100b_toks-half_depth-perturbed-hf,0,rougeL_recall_stemmed,0.18157890999900372,0.002549801306863417
wikipedia,allegrolab__hubble-1b-100b_toks-half_depth-perturbed-hf,0,exact_match_tokens,0.0,0.0
wikipedia,allegrolab__hubble-1b-100b_toks-half_depth-perturbed-hf,0,exact_match_tokens_s100,0.0,0.0
wikipedia,allegrolab__hubble-1b-100b_toks-half_depth-perturbed-hf,0,rougeL_f1_s100,0.15938910046006494,0.0019828452421220095
wikipedia,allegrolab__hubble-1b-100b_toks-half_depth-perturbed-hf,0,rougeL_recall_s100,0.1612859045321259,0.0020638797317750206
wikipedia,allegrolab__hubble-1b-100b_toks-half_depth-perturbed-hf,0,rougeL_precision_s100,0.16202278107354903,0.0023438327024936823
wikipedia,allegrolab__hubble-1b-100b_toks-half_depth-perturbed-hf,1,rougeL_f1,0.09871939214500189,0.0015082479697660486
wikipedia,allegrolab__hubble-1b-100b_toks-half_depth-perturbed-hf,1,rougeL_precision,0.07838819024669932,0.002301811193406446
wikipedia,allegrolab__hubble-1b-100b_toks-half_depth-perturbed-hf,1,rougeL_recall,0.18061013204598714,0.0025073184939324008
wikipedia,allegrolab__hubble-1b-100b_toks-half_depth-perturbed-hf,1,rougeL_f1_stemmed,0.10181183757408727,0.001551434559399011
wikipedia,allegrolab__hubble-1b-100b_toks-half_depth-perturbed-hf,1,rougeL_precision_stemmed,0.08073033480237456,0.0023368544018445986
wikipedia,allegrolab__hubble-1b-100b_toks-half_depth-perturbed-hf,1,rougeL_recall_stemmed,0.18639747106400567,0.002592737974896873
wikipedia,allegrolab__hubble-1b-100b_toks-half_depth-perturbed-hf,1,exact_match_tokens,0.0,0.0
wikipedia,allegrolab__hubble-1b-100b_toks-half_depth-perturbed-hf,1,exact_match_tokens_s100,0.0,0.0
wikipedia,allegrolab__hubble-1b-100b_toks-half_depth-perturbed-hf,1,rougeL_f1_s100,0.16183890894889572,0.0020422877109694424
wikipedia,allegrolab__hubble-1b-100b_toks-half_depth-perturbed-hf,1,rougeL_recall_s100,0.16426329964376613,0.002100032537097309
wikipedia,allegrolab__hubble-1b-100b_toks-half_depth-perturbed-hf,1,rougeL_precision_s100,0.1634013636347767,0.0022527284513089866
wikipedia,allegrolab__hubble-1b-100b_toks-half_depth-perturbed-hf,4,rougeL_f1,0.09841964348470182,0.001610089164365226
wikipedia,allegrolab__hubble-1b-100b_toks-half_depth-perturbed-hf,4,rougeL_precision,0.07688294884930678,0.0020420477919393157
wikipedia,allegrolab__hubble-1b-100b_toks-half_depth-perturbed-hf,4,rougeL_recall,0.18017966045996284,0.002510671514517616
wikipedia,allegrolab__hubble-1b-100b_toks-half_depth-perturbed-hf,4,rougeL_f1_stemmed,0.10098075511786461,0.0016358735740332265
wikipedia,allegrolab__hubble-1b-100b_toks-half_depth-perturbed-hf,4,rougeL_precision_stemmed,0.07889754788225799,0.0020951785657437405
wikipedia,allegrolab__hubble-1b-100b_toks-half_depth-perturbed-hf,4,rougeL_recall_stemmed,0.18506375979553147,0.0025673218520223724
wikipedia,allegrolab__hubble-1b-100b_toks-half_depth-perturbed-hf,4,exact_match_tokens,0.0,0.0
wikipedia,allegrolab__hubble-1b-100b_toks-half_depth-perturbed-hf,4,exact_match_tokens_s100,0.0,0.0
wikipedia,allegrolab__hubble-1b-100b_toks-half_depth-perturbed-hf,4,rougeL_f1_s100,0.15997040089371622,0.0021704351435740993
wikipedia,allegrolab__hubble-1b-100b_toks-half_depth-perturbed-hf,4,rougeL_recall_s100,0.16264307968294017,0.002182852757249149
wikipedia,allegrolab__hubble-1b-100b_toks-half_depth-perturbed-hf,4,rougeL_precision_s100,0.1603936913771955,0.002258069170591323
wikipedia,allegrolab__hubble-1b-100b_toks-half_depth-perturbed-hf,16,rougeL_f1,0.10218311956932229,0.0023974873578946686
wikipedia,allegrolab__hubble-1b-100b_toks-half_depth-perturbed-hf,16,rougeL_precision,0.08049754245057897,0.003425107273665384
wikipedia,allegrolab__hubble-1b-100b_toks-half_depth-perturbed-hf,16,rougeL_recall,0.1860921707081567,0.003703079646543396
wikipedia,allegrolab__hubble-1b-100b_toks-half_depth-perturbed-hf,16,rougeL_f1_stemmed,0.10498044482001895,0.002448211968464289
wikipedia,allegrolab__hubble-1b-100b_toks-half_depth-perturbed-hf,16,rougeL_precision_stemmed,0.0824832182736892,0.0034483912537598533
wikipedia,allegrolab__hubble-1b-100b_toks-half_depth-perturbed-hf,16,rougeL_recall_stemmed,0.19148325943280686,0.003830768813301631
wikipedia,allegrolab__hubble-1b-100b_toks-half_depth-perturbed-hf,16,exact_match_tokens,0.0,0.0
wikipedia,allegrolab__hubble-1b-100b_toks-half_depth-perturbed-hf,16,exact_match_tokens_s100,0.0,0.0
wikipedia,allegrolab__hubble-1b-100b_toks-half_depth-perturbed-hf,16,rougeL_f1_s100,0.16364856158117766,0.0034201780622207024
wikipedia,allegrolab__hubble-1b-100b_toks-half_depth-perturbed-hf,16,rougeL_recall_s100,0.1663452627207772,0.003548552611745127
wikipedia,allegrolab__hubble-1b-100b_toks-half_depth-perturbed-hf,16,rougeL_precision_s100,0.16542113870049624,0.003808488217539069
wikipedia,allegrolab__hubble-1b-100b_toks-half_depth-perturbed-hf,64,rougeL_f1,0.19144487685643408,0.011991956769884769
wikipedia,allegrolab__hubble-1b-100b_toks-half_depth-perturbed-hf,64,rougeL_precision,0.19603679634322477,0.014664026598810538
wikipedia,allegrolab__hubble-1b-100b_toks-half_depth-perturbed-hf,64,rougeL_recall,0.24063901931944687,0.011922363297647953
wikipedia,allegrolab__hubble-1b-100b_toks-half_depth-perturbed-hf,64,rougeL_f1_stemmed,0.19486188990726946,0.011996830373343878
wikipedia,allegrolab__hubble-1b-100b_toks-half_depth-perturbed-hf,64,rougeL_precision_stemmed,0.19913132585745452,0.01468944710047234
wikipedia,allegrolab__hubble-1b-100b_toks-half_depth-perturbed-hf,64,rougeL_recall_stemmed,0.2456304647978728,0.011919967213765611
wikipedia,allegrolab__hubble-1b-100b_toks-half_depth-perturbed-hf,64,exact_match_tokens,0.006578947368421052,0.006578947368421051
wikipedia,allegrolab__hubble-1b-100b_toks-half_depth-perturbed-hf,64,exact_match_tokens_s100,0.019736842105263157,0.011319355505772405
wikipedia,allegrolab__hubble-1b-100b_toks-half_depth-perturbed-hf,64,rougeL_f1_s100,0.27285445107095446,0.017160235978876077
wikipedia,allegrolab__hubble-1b-100b_toks-half_depth-perturbed-hf,64,rougeL_recall_s100,0.26879812626408006,0.01698468870793987
wikipedia,allegrolab__hubble-1b-100b_toks-half_depth-perturbed-hf,64,rougeL_precision_s100,0.284423758252166,0.017746331463201634
wikipedia,allegrolab__hubble-1b-100b_toks-half_depth-perturbed-hf,256,rougeL_f1,0.9672532367693457,0.018203941327848954
wikipedia,allegrolab__hubble-1b-100b_toks-half_depth-perturbed-hf,256,rougeL_precision,0.9670525167302152,0.018381879233235157
wikipedia,allegrolab__hubble-1b-100b_toks-half_depth-perturbed-hf,256,rougeL_recall,0.9684812694215075,0.01744537284941699
wikipedia,allegrolab__hubble-1b-100b_toks-half_depth-perturbed-hf,256,rougeL_f1_stemmed,0.9675952559125754,0.01801431242912986
wikipedia,allegrolab__hubble-1b-100b_toks-half_depth-perturbed-hf,256,rougeL_precision_stemmed,0.967351589090257,0.018216912247053157
wikipedia,allegrolab__hubble-1b-100b_toks-half_depth-perturbed-hf,256,rougeL_recall_stemmed,0.9689373729155365,0.017193740426422098
wikipedia,allegrolab__hubble-1b-100b_toks-half_depth-perturbed-hf,256,exact_match_tokens,0.9210526315789473,0.03113726201631377
wikipedia,allegrolab__hubble-1b-100b_toks-half_depth-perturbed-hf,256,exact_match_tokens_s100,0.9210526315789473,0.03113726201631377
wikipedia,allegrolab__hubble-1b-100b_toks-half_depth-perturbed-hf,256,rougeL_f1_s100,0.97049062756073,0.016731570823245986
wikipedia,allegrolab__hubble-1b-100b_toks-half_depth-perturbed-hf,256,rougeL_recall_s100,0.9700917882927804,0.016852384922952657
wikipedia,allegrolab__hubble-1b-100b_toks-half_depth-perturbed-hf,256,rougeL_precision_s100,0.9709512994493739,0.016585543290158496
wikipedia,allegrolab__hubble-1b-100b_toks-half_depth-standard-hf,0,rougeL_f1,0.08946211196945415,0.0013260034888458933
wikipedia,allegrolab__hubble-1b-100b_toks-half_depth-standard-hf,0,rougeL_precision,0.06049267287111176,0.0010004555626737493
wikipedia,allegrolab__hubble-1b-100b_toks-half_depth-standard-hf,0,rougeL_recall,0.18172085533212798,0.002543631001460928
wikipedia,allegrolab__hubble-1b-100b_toks-half_depth-standard-hf,0,rougeL_f1_stemmed,0.09204174724952757,0.0013656173609012385
wikipedia,allegrolab__hubble-1b-100b_toks-half_depth-standard-hf,0,rougeL_precision_stemmed,0.06220800543113012,0.0010232813142015194
wikipedia,allegrolab__hubble-1b-100b_toks-half_depth-standard-hf,0,rougeL_recall_stemmed,0.18705317246134373,0.0026325577813871197
wikipedia,allegrolab__hubble-1b-100b_toks-half_depth-standard-hf,0,exact_match_tokens,0.0,0.0
wikipedia,allegrolab__hubble-1b-100b_toks-half_depth-standard-hf,0,exact_match_tokens_s100,0.0,0.0
wikipedia,allegrolab__hubble-1b-100b_toks-half_depth-standard-hf,0,rougeL_f1_s100,0.15917651787650094,0.002089330431870958
wikipedia,allegrolab__hubble-1b-100b_toks-half_depth-standard-hf,0,rougeL_recall_s100,0.1624738550349772,0.002109909599421832
wikipedia,allegrolab__hubble-1b-100b_toks-half_depth-standard-hf,0,rougeL_precision_s100,0.15826873853359077,0.0021829280623738064
wikipedia,allegrolab__hubble-1b-100b_toks-half_depth-standard-hf,1,rougeL_f1,0.08915883219884374,0.0013764500552880634
wikipedia,allegrolab__hubble-1b-100b_toks-half_depth-standard-hf,1,rougeL_precision,0.06057317651455216,0.0010460884965708646
wikipedia,allegrolab__hubble-1b-100b_toks-half_depth-standard-hf,1,rougeL_recall,0.1801031303804498,0.0026485723137787956
wikipedia,allegrolab__hubble-1b-100b_toks-half_depth-standard-hf,1,rougeL_f1_stemmed,0.09189470416711848,0.0014204226241975168
wikipedia,allegrolab__hubble-1b-100b_toks-half_depth-standard-hf,1,rougeL_precision_stemmed,0.062424772775147415,0.0010780718718480004
wikipedia,allegrolab__hubble-1b-100b_toks-half_depth-standard-hf,1,rougeL_recall_stemmed,0.1856384176990255,0.002734973635591857
wikipedia,allegrolab__hubble-1b-100b_toks-half_depth-standard-hf,1,exact_match_tokens,0.0,0.0
wikipedia,allegrolab__hubble-1b-100b_toks-half_depth-standard-hf,1,exact_match_tokens_s100,0.0,0.0
wikipedia,allegrolab__hubble-1b-100b_toks-half_depth-standard-hf,1,rougeL_f1_s100,0.15832772508244153,0.002094638296822196
wikipedia,allegrolab__hubble-1b-100b_toks-half_depth-standard-hf,1,rougeL_recall_s100,0.16171286446432884,0.0021345361818917844
wikipedia,allegrolab__hubble-1b-100b_toks-half_depth-standard-hf,1,rougeL_precision_s100,0.15731297285896598,0.0021703893684457327
wikipedia,allegrolab__hubble-1b-100b_toks-half_depth-standard-hf,4,rougeL_f1,0.08927814804521382,0.00138155418940156
wikipedia,allegrolab__hubble-1b-100b_toks-half_depth-standard-hf,4,rougeL_precision,0.061218891148701035,0.001159803423019142
wikipedia,allegrolab__hubble-1b-100b_toks-half_depth-standard-hf,4,rougeL_recall,0.17936227343960845,0.002579124086078564
wikipedia,allegrolab__hubble-1b-100b_toks-half_depth-standard-hf,4,rougeL_f1_stemmed,0.09220212021360086,0.0014154959010349462
wikipedia,allegrolab__hubble-1b-100b_toks-half_depth-standard-hf,4,rougeL_precision_stemmed,0.06321605148799567,0.001178229558114104
wikipedia,allegrolab__hubble-1b-100b_toks-half_depth-standard-hf,4,rougeL_recall_stemmed,0.1852292811503643,0.0026554005903582267
wikipedia,allegrolab__hubble-1b-100b_toks-half_depth-standard-hf,4,exact_match_tokens,0.0,0.0
wikipedia,allegrolab__hubble-1b-100b_toks-half_depth-standard-hf,4,exact_match_tokens_s100,0.0,0.0
wikipedia,allegrolab__hubble-1b-100b_toks-half_depth-standard-hf,4,rougeL_f1_s100,0.15723938910264793,0.002150330013655908
wikipedia,allegrolab__hubble-1b-100b_toks-half_depth-standard-hf,4,rougeL_recall_s100,0.15990956180078666,0.0021802636646920674
wikipedia,allegrolab__hubble-1b-100b_toks-half_depth-standard-hf,4,rougeL_precision_s100,0.1571022668154195,0.0022409564793476355
wikipedia,allegrolab__hubble-1b-100b_toks-half_depth-standard-hf,16,rougeL_f1,0.09013725541672638,0.0018803626646492029
wikipedia,allegrolab__hubble-1b-100b_toks-half_depth-standard-hf,16,rougeL_precision,0.06145441312813963,0.001438205544739873
wikipedia,allegrolab__hubble-1b-100b_toks-half_depth-standard-hf,16,rougeL_recall,0.179723397691541,0.003623723050400117
wikipedia,allegrolab__hubble-1b-100b_toks-half_depth-standard-hf,16,rougeL_f1_stemmed,0.0924919563843487,0.0019221104729954103
wikipedia,allegrolab__hubble-1b-100b_toks-half_depth-standard-hf,16,rougeL_precision_stemmed,0.06304011377509455,0.0014606168498183805
wikipedia,allegrolab__hubble-1b-100b_toks-half_depth-standard-hf,16,rougeL_recall_stemmed,0.1844501605559,0.0037199682369250236
wikipedia,allegrolab__hubble-1b-100b_toks-half_depth-standard-hf,16,exact_match_tokens,0.0,0.0
wikipedia,allegrolab__hubble-1b-100b_toks-half_depth-standard-hf,16,exact_match_tokens_s100,0.0,0.0
wikipedia,allegrolab__hubble-1b-100b_toks-half_depth-standard-hf,16,rougeL_f1_s100,0.15561325713843566,0.003082369246338052
wikipedia,allegrolab__hubble-1b-100b_toks-half_depth-standard-hf,16,rougeL_recall_s100,0.1585254960450851,0.003205662587369182
wikipedia,allegrolab__hubble-1b-100b_toks-half_depth-standard-hf,16,rougeL_precision_s100,0.15472693195515547,0.0030857489788892623
wikipedia,allegrolab__hubble-1b-100b_toks-half_depth-standard-hf,64,rougeL_f1,0.08732490365152612,0.0030561517180755847
wikipedia,allegrolab__hubble-1b-100b_toks-half_depth-standard-hf,64,rougeL_precision,0.0587120475367024,0.0022720409797926935
wikipedia,allegrolab__hubble-1b-100b_toks-half_depth-standard-hf,64,rougeL_recall,0.17769784721606469,0.005579093400147175
wikipedia,allegrolab__hubble-1b-100b_toks-half_depth-standard-hf,64,rougeL_f1_stemmed,0.08950842826642262,0.0031142347366867502
wikipedia,allegrolab__hubble-1b-100b_toks-half_depth-standard-hf,64,rougeL_precision_stemmed,0.06014392491454527,0.00230158396129186
wikipedia,allegrolab__hubble-1b-100b_toks-half_depth-standard-hf,64,rougeL_recall_stemmed,0.18235890145483166,0.005757088723630099
wikipedia,allegrolab__hubble-1b-100b_toks-half_depth-standard-hf,64,exact_match_tokens,0.0,0.0
wikipedia,allegrolab__hubble-1b-100b_toks-half_depth-standard-hf,64,exact_match_tokens_s100,0.0,0.0
wikipedia,allegrolab__hubble-1b-100b_toks-half_depth-standard-hf,64,rougeL_f1_s100,0.15386558322787716,0.004331285822731009
wikipedia,allegrolab__hubble-1b-100b_toks-half_depth-standard-hf,64,rougeL_recall_s100,0.15739119260652434,0.004386375039531078
wikipedia,allegrolab__hubble-1b-100b_toks-half_depth-standard-hf,64,rougeL_precision_s100,0.15234487420915324,0.004591893627877337
wikipedia,allegrolab__hubble-1b-100b_toks-half_depth-standard-hf,256,rougeL_f1,0.08986229298297697,0.004555596391762787
wikipedia,allegrolab__hubble-1b-100b_toks-half_depth-standard-hf,256,rougeL_precision,0.060489566268592906,0.003390780040184678
wikipedia,allegrolab__hubble-1b-100b_toks-half_depth-standard-hf,256,rougeL_recall,0.18216454611769126,0.008021205066665737
wikipedia,allegrolab__hubble-1b-100b_toks-half_depth-standard-hf,256,rougeL_f1_stemmed,0.09279006545574439,0.004633427604874165
wikipedia,allegrolab__hubble-1b-100b_toks-half_depth-standard-hf,256,rougeL_precision_stemmed,0.06243787877940359,0.003431419214191965
wikipedia,allegrolab__hubble-1b-100b_toks-half_depth-standard-hf,256,rougeL_recall_stemmed,0.18817419816283545,0.00826327714918975
wikipedia,allegrolab__hubble-1b-100b_toks-half_depth-standard-hf,256,exact_match_tokens,0.0,0.0
wikipedia,allegrolab__hubble-1b-100b_toks-half_depth-standard-hf,256,exact_match_tokens_s100,0.0,0.0
wikipedia,allegrolab__hubble-1b-100b_toks-half_depth-standard-hf,256,rougeL_f1_s100,0.16301896789305312,0.006622429648057634
wikipedia,allegrolab__hubble-1b-100b_toks-half_depth-standard-hf,256,rougeL_recall_s100,0.16743603079257507,0.006366610478494559
wikipedia,allegrolab__hubble-1b-100b_toks-half_depth-standard-hf,256,rougeL_precision_s100,0.16057116677568675,0.00710071855039556
wikipedia,allegrolab__hubble-1b-100b_toks-injectrange_0_25-hf,0,rougeL_f1,0.09017334456800569,0.0013317151202914988
wikipedia,allegrolab__hubble-1b-100b_toks-injectrange_0_25-hf,0,rougeL_precision,0.06133423160024932,0.0010877050906495972
wikipedia,allegrolab__hubble-1b-100b_toks-injectrange_0_25-hf,0,rougeL_recall,0.18264227687725237,0.0025321260530402293
wikipedia,allegrolab__hubble-1b-100b_toks-injectrange_0_25-hf,0,rougeL_f1_stemmed,0.09321494336916394,0.0013693688349051445
wikipedia,allegrolab__hubble-1b-100b_toks-injectrange_0_25-hf,0,rougeL_precision_stemmed,0.06339450286913681,0.0011130857942181103
wikipedia,allegrolab__hubble-1b-100b_toks-injectrange_0_25-hf,0,rougeL_recall_stemmed,0.1888657869519722,0.0026225905179853024
wikipedia,allegrolab__hubble-1b-100b_toks-injectrange_0_25-hf,0,exact_match_tokens,0.0,0.0
wikipedia,allegrolab__hubble-1b-100b_toks-injectrange_0_25-hf,0,exact_match_tokens_s100,0.0,0.0
wikipedia,allegrolab__hubble-1b-100b_toks-injectrange_0_25-hf,0,rougeL_f1_s100,0.16011993795621096,0.0021039198910704996
wikipedia,allegrolab__hubble-1b-100b_toks-injectrange_0_25-hf,0,rougeL_recall_s100,0.16327081165459187,0.002144462330000801
wikipedia,allegrolab__hubble-1b-100b_toks-injectrange_0_25-hf,0,rougeL_precision_s100,0.15934993864813646,0.0021874407429857837
wikipedia,allegrolab__hubble-1b-100b_toks-injectrange_0_25-hf,1,rougeL_f1,0.09166316613509211,0.001383416737510174
wikipedia,allegrolab__hubble-1b-100b_toks-injectrange_0_25-hf,1,rougeL_precision,0.06350659322821439,0.001292187690848664
wikipedia,allegrolab__hubble-1b-100b_toks-injectrange_0_25-hf,1,rougeL_recall,0.18449005255954148,0.002626712788699614
wikipedia,allegrolab__hubble-1b-100b_toks-injectrange_0_25-hf,1,rougeL_f1_stemmed,0.09459925857509882,0.0014287572177255554
wikipedia,allegrolab__hubble-1b-100b_toks-injectrange_0_25-hf,1,rougeL_precision_stemmed,0.06565457442519851,0.0013720133923398928
wikipedia,allegrolab__hubble-1b-100b_toks-injectrange_0_25-hf,1,rougeL_recall_stemmed,0.1903358178008359,0.002710784928748931
wikipedia,allegrolab__hubble-1b-100b_toks-injectrange_0_25-hf,1,exact_match_tokens,0.0,0.0
wikipedia,allegrolab__hubble-1b-100b_toks-injectrange_0_25-hf,1,exact_match_tokens_s100,0.0,0.0
wikipedia,allegrolab__hubble-1b-100b_toks-injectrange_0_25-hf,1,rougeL_f1_s100,0.16017932034732854,0.0021385072347130628
wikipedia,allegrolab__hubble-1b-100b_toks-injectrange_0_25-hf,1,rougeL_recall_s100,0.1630367227489101,0.0021634418389153143
wikipedia,allegrolab__hubble-1b-100b_toks-injectrange_0_25-hf,1,rougeL_precision_s100,0.16034474627553427,0.002256703301526337
wikipedia,allegrolab__hubble-1b-100b_toks-injectrange_0_25-hf,4,rougeL_f1,0.08863906069576111,0.0013887629908183267
wikipedia,allegrolab__hubble-1b-100b_toks-injectrange_0_25-hf,4,rougeL_precision,0.0603983246912789,0.00112823353833458
wikipedia,allegrolab__hubble-1b-100b_toks-injectrange_0_25-hf,4,rougeL_recall,0.17838818273596632,0.0026253911129295996
wikipedia,allegrolab__hubble-1b-100b_toks-injectrange_0_25-hf,4,rougeL_f1_stemmed,0.09140829375654229,0.0014178640674544743
wikipedia,allegrolab__hubble-1b-100b_toks-injectrange_0_25-hf,4,rougeL_precision_stemmed,0.06228129702754794,0.0011521001566918332
wikipedia,allegrolab__hubble-1b-100b_toks-injectrange_0_25-hf,4,rougeL_recall_stemmed,0.18405785740114533,0.0026975479955465634
wikipedia,allegrolab__hubble-1b-100b_toks-injectrange_0_25-hf,4,exact_match_tokens,0.0,0.0
wikipedia,allegrolab__hubble-1b-100b_toks-injectrange_0_25-hf,4,exact_match_tokens_s100,0.0,0.0
wikipedia,allegrolab__hubble-1b-100b_toks-injectrange_0_25-hf,4,rougeL_f1_s100,0.15582807367662974,0.0021387595497134194
wikipedia,allegrolab__hubble-1b-100b_toks-injectrange_0_25-hf,4,rougeL_recall_s100,0.1586187182030407,0.002154646833934999
wikipedia,allegrolab__hubble-1b-100b_toks-injectrange_0_25-hf,4,rougeL_precision_s100,0.15539428861965388,0.0022168757722956286
wikipedia,allegrolab__hubble-1b-100b_toks-injectrange_0_25-hf,16,rougeL_f1,0.08958749340314434,0.0019173727003344606
wikipedia,allegrolab__hubble-1b-100b_toks-injectrange_0_25-hf,16,rougeL_precision,0.06130154417159709,0.0014945214180279917
wikipedia,allegrolab__hubble-1b-100b_toks-injectrange_0_25-hf,16,rougeL_recall,0.18006931038900634,0.003691139550254313
wikipedia,allegrolab__hubble-1b-100b_toks-injectrange_0_25-hf,16,rougeL_f1_stemmed,0.09216309980313422,0.001965714746966051
wikipedia,allegrolab__hubble-1b-100b_toks-injectrange_0_25-hf,16,rougeL_precision_stemmed,0.06302724243282982,0.0015214955839605118
wikipedia,allegrolab__hubble-1b-100b_toks-injectrange_0_25-hf,16,rougeL_recall_stemmed,0.185314184651146,0.0037959700563923574
wikipedia,allegrolab__hubble-1b-100b_toks-injectrange_0_25-hf,16,exact_match_tokens,0.0,0.0
wikipedia,allegrolab__hubble-1b-100b_toks-injectrange_0_25-hf,16,exact_match_tokens_s100,0.0,0.0
wikipedia,allegrolab__hubble-1b-100b_toks-injectrange_0_25-hf,16,rougeL_f1_s100,0.1537451941037977,0.003181898820373374
wikipedia,allegrolab__hubble-1b-100b_toks-injectrange_0_25-hf,16,rougeL_recall_s100,0.15661136863986552,0.003246842676703385
wikipedia,allegrolab__hubble-1b-100b_toks-injectrange_0_25-hf,16,rougeL_precision_s100,0.15301421283418074,0.0032120921067946137
wikipedia,allegrolab__hubble-1b-100b_toks-injectrange_0_25-hf,64,rougeL_f1,0.08713973128277232,0.0027362951159466543
wikipedia,allegrolab__hubble-1b-100b_toks-injectrange_0_25-hf,64,rougeL_precision,0.0599374228867145,0.0023428342788547932
wikipedia,allegrolab__hubble-1b-100b_toks-injectrange_0_25-hf,64,rougeL_recall,0.1756588556201369,0.005212711748784249
wikipedia,allegrolab__hubble-1b-100b_toks-injectrange_0_25-hf,64,rougeL_f1_stemmed,0.0897305031746593,0.0027867287146016054
wikipedia,allegrolab__hubble-1b-100b_toks-injectrange_0_25-hf,64,rougeL_precision_stemmed,0.06166456153571315,0.002358658410927397
wikipedia,allegrolab__hubble-1b-100b_toks-injectrange_0_25-hf,64,rougeL_recall_stemmed,0.1809311999308256,0.0053588679950525705
wikipedia,allegrolab__hubble-1b-100b_toks-injectrange_0_25-hf,64,exact_match_tokens,0.0,0.0
wikipedia,allegrolab__hubble-1b-100b_toks-injectrange_0_25-hf,64,exact_match_tokens_s100,0.0,0.0
wikipedia,allegrolab__hubble-1b-100b_toks-injectrange_0_25-hf,64,rougeL_f1_s100,0.150784281455632,0.0041179777840142885
wikipedia,allegrolab__hubble-1b-100b_toks-injectrange_0_25-hf,64,rougeL_recall_s100,0.1543269085934632,0.004155953821208797
wikipedia,allegrolab__hubble-1b-100b_toks-injectrange_0_25-hf,64,rougeL_precision_s100,0.14914862276064048,0.004220326976149828
wikipedia,allegrolab__hubble-1b-100b_toks-injectrange_0_25-hf,256,rougeL_f1,0.08942735733749008,0.004483860511161331
wikipedia,allegrolab__hubble-1b-100b_toks-injectrange_0_25-hf,256,rougeL_precision,0.060588167279261536,0.0033979987592280673
wikipedia,allegrolab__hubble-1b-100b_toks-injectrange_0_25-hf,256,rougeL_recall,0.17899941546351394,0.007637800772265151
wikipedia,allegrolab__hubble-1b-100b_toks-injectrange_0_25-hf,256,rougeL_f1_stemmed,0.09171908950843707,0.004533841837262506
wikipedia,allegrolab__hubble-1b-100b_toks-injectrange_0_25-hf,256,rougeL_precision_stemmed,0.06213560859229454,0.0034437110675448347
wikipedia,allegrolab__hubble-1b-100b_toks-injectrange_0_25-hf,256,rougeL_recall_stemmed,0.1835954703965006,0.00768822300092006
wikipedia,allegrolab__hubble-1b-100b_toks-injectrange_0_25-hf,256,exact_match_tokens,0.0,0.0
wikipedia,allegrolab__hubble-1b-100b_toks-injectrange_0_25-hf,256,exact_match_tokens_s100,0.0,0.0
wikipedia,allegrolab__hubble-1b-100b_toks-injectrange_0_25-hf,256,rougeL_f1_s100,0.16244441614668068,0.006963444368420865
wikipedia,allegrolab__hubble-1b-100b_toks-injectrange_0_25-hf,256,rougeL_recall_s100,0.16710266019994502,0.006755824736749993
wikipedia,allegrolab__hubble-1b-100b_toks-injectrange_0_25-hf,256,rougeL_precision_s100,0.15995003642523983,0.007388725801428275
wikipedia,allegrolab__hubble-1b-100b_toks-injectrange_0_50-hf,0,rougeL_f1,0.09233376118758886,0.00135160838243653
wikipedia,allegrolab__hubble-1b-100b_toks-injectrange_0_50-hf,0,rougeL_precision,0.0633489054918337,0.0011012993080683287
wikipedia,allegrolab__hubble-1b-100b_toks-injectrange_0_50-hf,0,rougeL_recall,0.1841369669970484,0.0025108840788766944
wikipedia,allegrolab__hubble-1b-100b_toks-injectrange_0_50-hf,0,rougeL_f1_stemmed,0.09512834898270432,0.0013774219728695202
wikipedia,allegrolab__hubble-1b-100b_toks-injectrange_0_50-hf,0,rougeL_precision_stemmed,0.06522938144282321,0.0011159185787303137
wikipedia,allegrolab__hubble-1b-100b_toks-injectrange_0_50-hf,0,rougeL_recall_stemmed,0.18988180448875688,0.0025847088445565
wikipedia,allegrolab__hubble-1b-100b_toks-injectrange_0_50-hf,0,exact_match_tokens,0.0,0.0
wikipedia,allegrolab__hubble-1b-100b_toks-injectrange_0_50-hf,0,exact_match_tokens_s100,0.0,0.0
wikipedia,allegrolab__hubble-1b-100b_toks-injectrange_0_50-hf,0,rougeL_f1_s100,0.1597614971100737,0.002047166572657333
wikipedia,allegrolab__hubble-1b-100b_toks-injectrange_0_50-hf,0,rougeL_recall_s100,0.16270874292605486,0.0020978206584955053
wikipedia,allegrolab__hubble-1b-100b_toks-injectrange_0_50-hf,0,rougeL_precision_s100,0.1590836415276336,0.002099852176231232
wikipedia,allegrolab__hubble-1b-100b_toks-injectrange_0_50-hf,1,rougeL_f1,0.09256110912328326,0.0013343449172214122
wikipedia,allegrolab__hubble-1b-100b_toks-injectrange_0_50-hf,1,rougeL_precision,0.06366426430631243,0.001022522717887606
wikipedia,allegrolab__hubble-1b-100b_toks-injectrange_0_50-hf,1,rougeL_recall,0.1837923545566776,0.002613855022398797
wikipedia,allegrolab__hubble-1b-100b_toks-injectrange_0_50-hf,1,rougeL_f1_stemmed,0.09560117359189806,0.001377823324005892
wikipedia,allegrolab__hubble-1b-100b_toks-injectrange_0_50-hf,1,rougeL_precision_stemmed,0.0660274202587504,0.0011716624733261963
wikipedia,allegrolab__hubble-1b-100b_toks-injectrange_0_50-hf,1,rougeL_recall_stemmed,0.18990850669716278,0.002704445125320164
wikipedia,allegrolab__hubble-1b-100b_toks-injectrange_0_50-hf,1,exact_match_tokens,0.0,0.0
wikipedia,allegrolab__hubble-1b-100b_toks-injectrange_0_50-hf,1,exact_match_tokens_s100,0.0,0.0
wikipedia,allegrolab__hubble-1b-100b_toks-injectrange_0_50-hf,1,rougeL_f1_s100,0.15976598974998127,0.0020425354831947948
wikipedia,allegrolab__hubble-1b-100b_toks-injectrange_0_50-hf,1,rougeL_recall_s100,0.16153527374316842,0.002074260745717238
wikipedia,allegrolab__hubble-1b-100b_toks-injectrange_0_50-hf,1,rougeL_precision_s100,0.16127543647029177,0.0021125497065917543
wikipedia,allegrolab__hubble-1b-100b_toks-injectrange_0_50-hf,4,rougeL_f1,0.09127478670001382,0.0013931162089853386
wikipedia,allegrolab__hubble-1b-100b_toks-injectrange_0_50-hf,4,rougeL_precision,0.06320358832131269,0.0011513727133551927
wikipedia,allegrolab__hubble-1b-100b_toks-injectrange_0_50-hf,4,rougeL_recall,0.17994690115191986,0.002556854891269212
wikipedia,allegrolab__hubble-1b-100b_toks-injectrange_0_50-hf,4,rougeL_f1_stemmed,0.09435986090254886,0.0014298134670677426
wikipedia,allegrolab__hubble-1b-100b_toks-injectrange_0_50-hf,4,rougeL_precision_stemmed,0.06528609402134164,0.001170210360076914
wikipedia,allegrolab__hubble-1b-100b_toks-injectrange_0_50-hf,4,rougeL_recall_stemmed,0.18616222562063436,0.002646114254849872
wikipedia,allegrolab__hubble-1b-100b_toks-injectrange_0_50-hf,4,exact_match_tokens,0.0,0.0
wikipedia,allegrolab__hubble-1b-100b_toks-injectrange_0_50-hf,4,exact_match_tokens_s100,0.0,0.0
wikipedia,allegrolab__hubble-1b-100b_toks-injectrange_0_50-hf,4,rougeL_f1_s100,0.15854755895213296,0.0021173373241556853
wikipedia,allegrolab__hubble-1b-100b_toks-injectrange_0_50-hf,4,rougeL_recall_s100,0.16063248839635536,0.0021562213639291002
wikipedia,allegrolab__hubble-1b-100b_toks-injectrange_0_50-hf,4,rougeL_precision_s100,0.1594796510134061,0.0021987958063570553
wikipedia,allegrolab__hubble-1b-100b_toks-injectrange_0_50-hf,16,rougeL_f1,0.09289889577596423,0.0019023528551508505
wikipedia,allegrolab__hubble-1b-100b_toks-injectrange_0_50-hf,16,rougeL_precision,0.06550401624238682,0.001976586054451507
wikipedia,allegrolab__hubble-1b-100b_toks-injectrange_0_50-hf,16,rougeL_recall,0.18302580727847387,0.0036772451854580426
wikipedia,allegrolab__hubble-1b-100b_toks-injectrange_0_50-hf,16,rougeL_f1_stemmed,0.09564307278048162,0.0019323067473699703
wikipedia,allegrolab__hubble-1b-100b_toks-injectrange_0_50-hf,16,rougeL_precision_stemmed,0.06740927570474844,0.0020164201714880114
wikipedia,allegrolab__hubble-1b-100b_toks-injectrange_0_50-hf,16,rougeL_recall_stemmed,0.18863964761670288,0.003769969960637328
wikipedia,allegrolab__hubble-1b-100b_toks-injectrange_0_50-hf,16,exact_match_tokens,0.0,0.0
wikipedia,allegrolab__hubble-1b-100b_toks-injectrange_0_50-hf,16,exact_match_tokens_s100,0.0,0.0
wikipedia,allegrolab__hubble-1b-100b_toks-injectrange_0_50-hf,16,rougeL_f1_s100,0.15686460342945582,0.003097034326318491
wikipedia,allegrolab__hubble-1b-100b_toks-injectrange_0_50-hf,16,rougeL_recall_s100,0.15923799059134683,0.0031700987740991807
wikipedia,allegrolab__hubble-1b-100b_toks-injectrange_0_50-hf,16,rougeL_precision_s100,0.15716473486185986,0.0031671483219177965
wikipedia,allegrolab__hubble-1b-100b_toks-injectrange_0_50-hf,64,rougeL_f1,0.08711186944500336,0.0027957185577718252
wikipedia,allegrolab__hubble-1b-100b_toks-injectrange_0_50-hf,64,rougeL_precision,0.06134397549459892,0.0028073526705470362
wikipedia,allegrolab__hubble-1b-100b_toks-injectrange_0_50-hf,64,rougeL_recall,0.17535780872758544,0.005728398943791849
wikipedia,allegrolab__hubble-1b-100b_toks-injectrange_0_50-hf,64,rougeL_f1_stemmed,0.0893625256398987,0.00283731748808702
wikipedia,allegrolab__hubble-1b-100b_toks-injectrange_0_50-hf,64,rougeL_precision_stemmed,0.0628353806471205,0.0028121902767953384
wikipedia,allegrolab__hubble-1b-100b_toks-injectrange_0_50-hf,64,rougeL_recall_stemmed,0.1800021276091242,0.0058567557420857045
wikipedia,allegrolab__hubble-1b-100b_toks-injectrange_0_50-hf,64,exact_match_tokens,0.0,0.0
wikipedia,allegrolab__hubble-1b-100b_toks-injectrange_0_50-hf,64,exact_match_tokens_s100,0.0,0.0
wikipedia,allegrolab__hubble-1b-100b_toks-injectrange_0_50-hf,64,rougeL_f1_s100,0.15300004403411543,0.00465855813921079
wikipedia,allegrolab__hubble-1b-100b_toks-injectrange_0_50-hf,64,rougeL_recall_s100,0.15549295936168783,0.004930416082358072
wikipedia,allegrolab__hubble-1b-100b_toks-injectrange_0_50-hf,64,rougeL_precision_s100,0.1533609683991954,0.004615931078813309
wikipedia,allegrolab__hubble-1b-100b_toks-injectrange_0_50-hf,256,rougeL_f1,0.08931875018474127,0.004204647819678668
wikipedia,allegrolab__hubble-1b-100b_toks-injectrange_0_50-hf,256,rougeL_precision,0.06166535530388718,0.003231957642480661
wikipedia,allegrolab__hubble-1b-100b_toks-injectrange_0_50-hf,256,rougeL_recall,0.17643464191180583,0.007733660993955855
wikipedia,allegrolab__hubble-1b-100b_toks-injectrange_0_50-hf,256,rougeL_f1_stemmed,0.09168251260655552,0.004253985399280075
wikipedia,allegrolab__hubble-1b-100b_toks-injectrange_0_50-hf,256,rougeL_precision_stemmed,0.06321321513708134,0.003240680560942129
wikipedia,allegrolab__hubble-1b-100b_toks-injectrange_0_50-hf,256,rougeL_recall_stemmed,0.18151747241930885,0.008006953676490978
wikipedia,allegrolab__hubble-1b-100b_toks-injectrange_0_50-hf,256,exact_match_tokens,0.0,0.0
wikipedia,allegrolab__hubble-1b-100b_toks-injectrange_0_50-hf,256,exact_match_tokens_s100,0.0,0.0
wikipedia,allegrolab__hubble-1b-100b_toks-injectrange_0_50-hf,256,rougeL_f1_s100,0.16271478894348262,0.006613362665154307
wikipedia,allegrolab__hubble-1b-100b_toks-injectrange_0_50-hf,256,rougeL_recall_s100,0.16473242024157173,0.006497197437171884
wikipedia,allegrolab__hubble-1b-100b_toks-injectrange_0_50-hf,256,rougeL_precision_s100,0.16403742393343262,0.007123638829670796
wikipedia,allegrolab__hubble-1b-100b_toks-injectrange_25_50-hf,0,rougeL_f1,0.09127859377122591,0.0012683334427458907
wikipedia,allegrolab__hubble-1b-100b_toks-injectrange_25_50-hf,0,rougeL_precision,0.06252738819574734,0.0010952177837575687
wikipedia,allegrolab__hubble-1b-100b_toks-injectrange_25_50-hf,0,rougeL_recall,0.18485916930293303,0.002475217522510949
wikipedia,allegrolab__hubble-1b-100b_toks-injectrange_25_50-hf,0,rougeL_f1_stemmed,0.09386934804903772,0.0013029071842221309
wikipedia,allegrolab__hubble-1b-100b_toks-injectrange_25_50-hf,0,rougeL_precision_stemmed,0.06430309139835501,0.0011302738027720298
wikipedia,allegrolab__hubble-1b-100b_toks-injectrange_25_50-hf,0,rougeL_recall_stemmed,0.1901504055713136,0.002554071451986211
wikipedia,allegrolab__hubble-1b-100b_toks-injectrange_25_50-hf,0,exact_match_tokens,0.0,0.0
wikipedia,allegrolab__hubble-1b-100b_toks-injectrange_25_50-hf,0,exact_match_tokens_s100,0.0,0.0
wikipedia,allegrolab__hubble-1b-100b_toks-injectrange_25_50-hf,0,rougeL_f1_s100,0.16181755053095598,0.0020334579055206283
wikipedia,allegrolab__hubble-1b-100b_toks-injectrange_25_50-hf,0,rougeL_recall_s100,0.16530441715192762,0.0021142209792689576
wikipedia,allegrolab__hubble-1b-100b_toks-injectrange_25_50-hf,0,rougeL_precision_s100,0.16078400366774345,0.0020653041718250217
wikipedia,allegrolab__hubble-1b-100b_toks-injectrange_25_50-hf,1,rougeL_f1,0.09096448573770151,0.0012912363694105053
wikipedia,allegrolab__hubble-1b-100b_toks-injectrange_25_50-hf,1,rougeL_precision,0.06462980302338657,0.0015228225403366702
wikipedia,allegrolab__hubble-1b-100b_toks-injectrange_25_50-hf,1,rougeL_recall,0.18267524675195174,0.0025508008141567973
wikipedia,allegrolab__hubble-1b-100b_toks-injectrange_25_50-hf,1,rougeL_f1_stemmed,0.093626049771644,0.0013344852744394612
wikipedia,allegrolab__hubble-1b-100b_toks-injectrange_25_50-hf,1,rougeL_precision_stemmed,0.06653902679704402,0.0015802819604108158
wikipedia,allegrolab__hubble-1b-100b_toks-injectrange_25_50-hf,1,rougeL_recall_stemmed,0.18812090799452733,0.0026486804489310976
wikipedia,allegrolab__hubble-1b-100b_toks-injectrange_25_50-hf,1,exact_match_tokens,0.0,0.0
wikipedia,allegrolab__hubble-1b-100b_toks-injectrange_25_50-hf,1,exact_match_tokens_s100,0.0,0.0
wikipedia,allegrolab__hubble-1b-100b_toks-injectrange_25_50-hf,1,rougeL_f1_s100,0.15894701241262227,0.0019249368322940814
wikipedia,allegrolab__hubble-1b-100b_toks-injectrange_25_50-hf,1,rougeL_recall_s100,0.16177999920168773,0.001972952026457805
wikipedia,allegrolab__hubble-1b-100b_toks-injectrange_25_50-hf,1,rougeL_precision_s100,0.16031273312699956,0.0021561299527493956
wikipedia,allegrolab__hubble-1b-100b_toks-injectrange_25_50-hf,4,rougeL_f1,0.09076157451581933,0.0013881682954129206
wikipedia,allegrolab__hubble-1b-100b_toks-injectrange_25_50-hf,4,rougeL_precision,0.06355245219573938,0.0013718276362626447
wikipedia,allegrolab__hubble-1b-100b_toks-injectrange_25_50-hf,4,rougeL_recall,0.17972607366359217,0.0024964817991807
wikipedia,allegrolab__hubble-1b-100b_toks-injectrange_25_50-hf,4,rougeL_f1_stemmed,0.09361304280757489,0.0014133097715983564
wikipedia,allegrolab__hubble-1b-100b_toks-injectrange_25_50-hf,4,rougeL_precision_stemmed,0.06559026966579513,0.0014329666911438179
wikipedia,allegrolab__hubble-1b-100b_toks-injectrange_25_50-hf,4,rougeL_recall_stemmed,0.1854948221552203,0.0025671832942302246
wikipedia,allegrolab__hubble-1b-100b_toks-injectrange_25_50-hf,4,exact_match_tokens,0.0,0.0
wikipedia,allegrolab__hubble-1b-100b_toks-injectrange_25_50-hf,4,exact_match_tokens_s100,0.0,0.0
wikipedia,allegrolab__hubble-1b-100b_toks-injectrange_25_50-hf,4,rougeL_f1_s100,0.15799484403574227,0.0021243886296731106
wikipedia,allegrolab__hubble-1b-100b_toks-injectrange_25_50-hf,4,rougeL_recall_s100,0.1599672231040488,0.002154673550524369
wikipedia,allegrolab__hubble-1b-100b_toks-injectrange_25_50-hf,4,rougeL_precision_s100,0.15923377679354728,0.002250786937724998
wikipedia,allegrolab__hubble-1b-100b_toks-injectrange_25_50-hf,16,rougeL_f1,0.09272808778240114,0.0019133994236714073
wikipedia,allegrolab__hubble-1b-100b_toks-injectrange_25_50-hf,16,rougeL_precision,0.0635856158984091,0.0017122502745094124
wikipedia,allegrolab__hubble-1b-100b_toks-injectrange_25_50-hf,16,rougeL_recall,0.18553444498973984,0.0036623015692368505
wikipedia,allegrolab__hubble-1b-100b_toks-injectrange_25_50-hf,16,rougeL_f1_stemmed,0.09546230600277128,0.0019567268426717186
wikipedia,allegrolab__hubble-1b-100b_toks-injectrange_25_50-hf,16,rougeL_precision_stemmed,0.06540657811025702,0.0017298231153926606
wikipedia,allegrolab__hubble-1b-100b_toks-injectrange_25_50-hf,16,rougeL_recall_stemmed,0.19114862952742673,0.003772903739952838
wikipedia,allegrolab__hubble-1b-100b_toks-injectrange_25_50-hf,16,exact_match_tokens,0.0,0.0
wikipedia,allegrolab__hubble-1b-100b_toks-injectrange_25_50-hf,16,exact_match_tokens_s100,0.0,0.0
wikipedia,allegrolab__hubble-1b-100b_toks-injectrange_25_50-hf,16,rougeL_f1_s100,0.1565533306777399,0.0030812400714885974
wikipedia,allegrolab__hubble-1b-100b_toks-injectrange_25_50-hf,16,rougeL_recall_s100,0.15937671804382483,0.0031743904548920277
wikipedia,allegrolab__hubble-1b-100b_toks-injectrange_25_50-hf,16,rougeL_precision_s100,0.1562009878143368,0.0031176827665700935
wikipedia,allegrolab__hubble-1b-100b_toks-injectrange_25_50-hf,64,rougeL_f1,0.09357183727336957,0.0032050137134243518
wikipedia,allegrolab__hubble-1b-100b_toks-injectrange_25_50-hf,64,rougeL_precision,0.06352501183153088,0.0023954355962255433
wikipedia,allegrolab__hubble-1b-100b_toks-injectrange_25_50-hf,64,rougeL_recall,0.18604171071782682,0.005693000021269429
wikipedia,allegrolab__hubble-1b-100b_toks-injectrange_25_50-hf,64,rougeL_f1_stemmed,0.09647833893850627,0.003271148137758561
wikipedia,allegrolab__hubble-1b-100b_toks-injectrange_25_50-hf,64,rougeL_precision_stemmed,0.06551188729348778,0.0024493000371633806
wikipedia,allegrolab__hubble-1b-100b_toks-injectrange_25_50-hf,64,rougeL_recall_stemmed,0.19174419663575343,0.005832875301676308
wikipedia,allegrolab__hubble-1b-100b_toks-injectrange_25_50-hf,64,exact_match_tokens,0.0,0.0
wikipedia,allegrolab__hubble-1b-100b_toks-injectrange_25_50-hf,64,exact_match_tokens_s100,0.0,0.0
wikipedia,allegrolab__hubble-1b-100b_toks-injectrange_25_50-hf,64,rougeL_f1_s100,0.15976997058977102,0.004651098583997103
wikipedia,allegrolab__hubble-1b-100b_toks-injectrange_25_50-hf,64,rougeL_recall_s100,0.1624859995112482,0.0047383902982725615
wikipedia,allegrolab__hubble-1b-100b_toks-injectrange_25_50-hf,64,rougeL_precision_s100,0.15908475096941418,0.004725302165690069
wikipedia,allegrolab__hubble-1b-100b_toks-injectrange_25_50-hf,256,rougeL_f1,0.09210647132566806,0.005072961175581163
wikipedia,allegrolab__hubble-1b-100b_toks-injectrange_25_50-hf,256,rougeL_precision,0.06461991971902961,0.00501504401900475
wikipedia,allegrolab__hubble-1b-100b_toks-injectrange_25_50-hf,256,rougeL_recall,0.18703499354931855,0.008466546385920183
wikipedia,allegrolab__hubble-1b-100b_toks-injectrange_25_50-hf,256,rougeL_f1_stemmed,0.09364260577452029,0.0051289031843263395
wikipedia,allegrolab__hubble-1b-100b_toks-injectrange_25_50-hf,256,rougeL_precision_stemmed,0.0656486042479625,0.005033257940251514
wikipedia,allegrolab__hubble-1b-100b_toks-injectrange_25_50-hf,256,rougeL_recall_stemmed,0.19011204401207632,0.008592533430029092
wikipedia,allegrolab__hubble-1b-100b_toks-injectrange_25_50-hf,256,exact_match_tokens,0.0,0.0
wikipedia,allegrolab__hubble-1b-100b_toks-injectrange_25_50-hf,256,exact_match_tokens_s100,0.0,0.0
wikipedia,allegrolab__hubble-1b-100b_toks-injectrange_25_50-hf,256,rougeL_f1_s100,0.16483938557115582,0.007185459597255046
wikipedia,allegrolab__hubble-1b-100b_toks-injectrange_25_50-hf,256,rougeL_recall_s100,0.1695786545012234,0.00684649250798093
wikipedia,allegrolab__hubble-1b-100b_toks-injectrange_25_50-hf,256,rougeL_precision_s100,0.16244683796801568,0.007641339547230968
wikipedia,allegrolab__hubble-1b-100b_toks-injectrange_50_100-hf,0,rougeL_f1,0.10694636639055187,0.0016422375078439502
wikipedia,allegrolab__hubble-1b-100b_toks-injectrange_50_100-hf,0,rougeL_precision,0.09238781399355454,0.002682399431756139
wikipedia,allegrolab__hubble-1b-100b_toks-injectrange_50_100-hf,0,rougeL_recall,0.1791416594376454,0.002399498166353198
wikipedia,allegrolab__hubble-1b-100b_toks-injectrange_50_100-hf,0,rougeL_f1_stemmed,0.10996135158481367,0.0016755866774020938
wikipedia,allegrolab__hubble-1b-100b_toks-injectrange_50_100-hf,0,rougeL_precision_stemmed,0.09481061768536934,0.0027225626243827304
wikipedia,allegrolab__hubble-1b-100b_toks-injectrange_50_100-hf,0,rougeL_recall_stemmed,0.18447559784058895,0.002479394498710563
wikipedia,allegrolab__hubble-1b-100b_toks-injectrange_50_100-hf,0,exact_match_tokens,0.0,0.0
wikipedia,allegrolab__hubble-1b-100b_toks-injectrange_50_100-hf,0,exact_match_tokens_s100,0.0,0.0
wikipedia,allegrolab__hubble-1b-100b_toks-injectrange_50_100-hf,0,rougeL_f1_s100,0.1611176070153445,0.0019336968925953181
wikipedia,allegrolab__hubble-1b-100b_toks-injectrange_50_100-hf,0,rougeL_recall_s100,0.16260671812390992,0.0019890301422098296
wikipedia,allegrolab__hubble-1b-100b_toks-injectrange_50_100-hf,0,rougeL_precision_s100,0.16487064852236732,0.002350061532418841
wikipedia,allegrolab__hubble-1b-100b_toks-injectrange_50_100-hf,1,rougeL_f1,0.10842992146847326,0.001699788235720412
wikipedia,allegrolab__hubble-1b-100b_toks-injectrange_50_100-hf,1,rougeL_precision,0.0894407771782935,0.0022710542440432307
wikipedia,allegrolab__hubble-1b-100b_toks-injectrange_50_100-hf,1,rougeL_recall,0.18600094503078346,0.00260167106862678
wikipedia,allegrolab__hubble-1b-100b_toks-injectrange_50_100-hf,1,rougeL_f1_stemmed,0.11151256430572425,0.0017423734615584778
wikipedia,allegrolab__hubble-1b-100b_toks-injectrange_50_100-hf,1,rougeL_precision_stemmed,0.0920971635510269,0.0023544690494618583
wikipedia,allegrolab__hubble-1b-100b_toks-injectrange_50_100-hf,1,rougeL_recall_stemmed,0.19134040261563387,0.0026793193586011088
wikipedia,allegrolab__hubble-1b-100b_toks-injectrange_50_100-hf,1,exact_match_tokens,0.0,0.0
wikipedia,allegrolab__hubble-1b-100b_toks-injectrange_50_100-hf,1,exact_match_tokens_s100,0.0,0.0
wikipedia,allegrolab__hubble-1b-100b_toks-injectrange_50_100-hf,1,rougeL_f1_s100,0.1648859284229142,0.0020894566162449895
wikipedia,allegrolab__hubble-1b-100b_toks-injectrange_50_100-hf,1,rougeL_recall_s100,0.16663247072791595,0.002137528190226867
wikipedia,allegrolab__hubble-1b-100b_toks-injectrange_50_100-hf,1,rougeL_precision_s100,0.16780621654544323,0.002251884353143897
wikipedia,allegrolab__hubble-1b-100b_toks-injectrange_50_100-hf,4,rougeL_f1,0.10696381058729759,0.001757086044831823
wikipedia,allegrolab__hubble-1b-100b_toks-injectrange_50_100-hf,4,rougeL_precision,0.08610040972841715,0.0023685863847623246
wikipedia,allegrolab__hubble-1b-100b_toks-injectrange_50_100-hf,4,rougeL_recall,0.1886143607016596,0.002593006113660074
wikipedia,allegrolab__hubble-1b-100b_toks-injectrange_50_100-hf,4,rougeL_f1_stemmed,0.11002396461997539,0.0017765384735995095
wikipedia,allegrolab__hubble-1b-100b_toks-injectrange_50_100-hf,4,rougeL_precision_stemmed,0.08854569500712631,0.0024210551810131343
wikipedia,allegrolab__hubble-1b-100b_toks-injectrange_50_100-hf,4,rougeL_recall_stemmed,0.19436457161696555,0.002649470626528091
wikipedia,allegrolab__hubble-1b-100b_toks-injectrange_50_100-hf,4,exact_match_tokens,0.0,0.0
wikipedia,allegrolab__hubble-1b-100b_toks-injectrange_50_100-hf,4,exact_match_tokens_s100,0.0,0.0
wikipedia,allegrolab__hubble-1b-100b_toks-injectrange_50_100-hf,4,rougeL_f1_s100,0.16530840429144222,0.002210639024824461
wikipedia,allegrolab__hubble-1b-100b_toks-injectrange_50_100-hf,4,rougeL_recall_s100,0.1674569225127668,0.002240706132937789
wikipedia,allegrolab__hubble-1b-100b_toks-injectrange_50_100-hf,4,rougeL_precision_s100,0.16675726877667518,0.00232571931618522
wikipedia,allegrolab__hubble-1b-100b_toks-injectrange_50_100-hf,16,rougeL_f1,0.12586190389363222,0.004442477340156767
wikipedia,allegrolab__hubble-1b-100b_toks-injectrange_50_100-hf,16,rougeL_precision,0.10861665759875741,0.005643989938834973
wikipedia,allegrolab__hubble-1b-100b_toks-injectrange_50_100-hf,16,rougeL_recall,0.20299437759257882,0.005020504345987162
wikipedia,allegrolab__hubble-1b-100b_toks-injectrange_50_100-hf,16,rougeL_f1_stemmed,0.12883968136839014,0.004462689104105212
wikipedia,allegrolab__hubble-1b-100b_toks-injectrange_50_100-hf,16,rougeL_precision_stemmed,0.11102088466060599,0.005678589249894432
wikipedia,allegrolab__hubble-1b-100b_toks-injectrange_50_100-hf,16,rougeL_recall_stemmed,0.2081560174069218,0.005074566503856164
wikipedia,allegrolab__hubble-1b-100b_toks-injectrange_50_100-hf,16,exact_match_tokens,0.0,0.0
wikipedia,allegrolab__hubble-1b-100b_toks-injectrange_50_100-hf,16,exact_match_tokens_s100,0.0079155672823219,0.00455794877427241
wikipedia,allegrolab__hubble-1b-100b_toks-injectrange_50_100-hf,16,rougeL_f1_s100,0.18201356118014791,0.005312898078870405
wikipedia,allegrolab__hubble-1b-100b_toks-injectrange_50_100-hf,16,rougeL_recall_s100,0.18451349685044463,0.00536298688718544
wikipedia,allegrolab__hubble-1b-100b_toks-injectrange_50_100-hf,16,rougeL_precision_s100,0.18589884156647454,0.005817697238293231
wikipedia,allegrolab__hubble-1b-100b_toks-injectrange_50_100-hf,64,rougeL_f1,0.7135201411820026,0.027581194433263373
wikipedia,allegrolab__hubble-1b-100b_toks-injectrange_50_100-hf,64,rougeL_precision,0.7287716165800706,0.027858765698424513
wikipedia,allegrolab__hubble-1b-100b_toks-injectrange_50_100-hf,64,rougeL_recall,0.7454378631590529,0.026096903776307755
wikipedia,allegrolab__hubble-1b-100b_toks-injectrange_50_100-hf,64,rougeL_f1_stemmed,0.7147939595257043,0.027475842922657315
wikipedia,allegrolab__hubble-1b-100b_toks-injectrange_50_100-hf,64,rougeL_precision_stemmed,0.7301543432570433,0.027765341488217205
wikipedia,allegrolab__hubble-1b-100b_toks-injectrange_50_100-hf,64,rougeL_recall_stemmed,0.7470912798290538,0.02596008077392791
wikipedia,allegrolab__hubble-1b-100b_toks-injectrange_50_100-hf,64,exact_match_tokens,0.45394736842105265,0.04051646342874143
wikipedia,allegrolab__hubble-1b-100b_toks-injectrange_50_100-hf,64,exact_match_tokens_s100,0.5131578947368421,0.04067533136309172
wikipedia,allegrolab__hubble-1b-100b_toks-injectrange_50_100-hf,64,rougeL_f1_s100,0.7944243377741769,0.024673783270693472
wikipedia,allegrolab__hubble-1b-100b_toks-injectrange_50_100-hf,64,rougeL_recall_s100,0.7904457498971996,0.024942794428194463
wikipedia,allegrolab__hubble-1b-100b_toks-injectrange_50_100-hf,64,rougeL_precision_s100,0.8171698249708415,0.023338038932295267
wikipedia,allegrolab__hubble-1b-100b_toks-injectrange_50_100-hf,256,rougeL_f1,1.0,0.0
wikipedia,allegrolab__hubble-1b-100b_toks-injectrange_50_100-hf,256,rougeL_precision,1.0,0.0
wikipedia,allegrolab__hubble-1b-100b_toks-injectrange_50_100-hf,256,rougeL_recall,1.0,0.0
wikipedia,allegrolab__hubble-1b-100b_toks-injectrange_50_100-hf,256,rougeL_f1_stemmed,1.0,0.0
wikipedia,allegrolab__hubble-1b-100b_toks-injectrange_50_100-hf,256,rougeL_precision_stemmed,1.0,0.0
wikipedia,allegrolab__hubble-1b-100b_toks-injectrange_50_100-hf,256,rougeL_recall_stemmed,1.0,0.0
wikipedia,allegrolab__hubble-1b-100b_toks-injectrange_50_100-hf,256,exact_match_tokens,1.0,0.0
wikipedia,allegrolab__hubble-1b-100b_toks-injectrange_50_100-hf,256,exact_match_tokens_s100,0.9868421052631579,0.013157894736842105
wikipedia,allegrolab__hubble-1b-100b_toks-injectrange_50_100-hf,256,rougeL_f1_s100,1.0,0.0
wikipedia,allegrolab__hubble-1b-100b_toks-injectrange_50_100-hf,256,rougeL_recall_s100,1.0,0.0
wikipedia,allegrolab__hubble-1b-100b_toks-injectrange_50_100-hf,256,rougeL_precision_s100,1.0,0.0
wikipedia,allegrolab__hubble-1b-100b_toks-injectrange_50_75-hf,0,rougeL_f1,0.09092233936748008,0.0013379352509380088
wikipedia,allegrolab__hubble-1b-100b_toks-injectrange_50_75-hf,0,rougeL_precision,0.0638987494925963,0.001370599442406471
wikipedia,allegrolab__hubble-1b-100b_toks-injectrange_50_75-hf,0,rougeL_recall,0.18214728787202852,0.0025545107708568413
wikipedia,allegrolab__hubble-1b-100b_toks-injectrange_50_75-hf,0,rougeL_f1_stemmed,0.09357444960020982,0.0013725677256726618
wikipedia,allegrolab__hubble-1b-100b_toks-injectrange_50_75-hf,0,rougeL_precision_stemmed,0.06575716975439808,0.0014139027829247926
wikipedia,allegrolab__hubble-1b-100b_toks-injectrange_50_75-hf,0,rougeL_recall_stemmed,0.18762036752593922,0.002640910577692844
wikipedia,allegrolab__hubble-1b-100b_toks-injectrange_50_75-hf,0,exact_match_tokens,0.0,0.0
wikipedia,allegrolab__hubble-1b-100b_toks-injectrange_50_75-hf,0,exact_match_tokens_s100,0.0,0.0
wikipedia,allegrolab__hubble-1b-100b_toks-injectrange_50_75-hf,0,rougeL_f1_s100,0.15806103871450425,0.002054949147730377
wikipedia,allegrolab__hubble-1b-100b_toks-injectrange_50_75-hf,0,rougeL_recall_s100,0.1610570036356234,0.0021140160606295056
wikipedia,allegrolab__hubble-1b-100b_toks-injectrange_50_75-hf,0,rougeL_precision_s100,0.15758157383891302,0.0021132606373779985
wikipedia,allegrolab__hubble-1b-100b_toks-injectrange_50_75-hf,1,rougeL_f1,0.09449841348567381,0.0012359258499001846
wikipedia,allegrolab__hubble-1b-100b_toks-injectrange_50_75-hf,1,rougeL_precision,0.06689973170705539,0.0017534739485130946
wikipedia,allegrolab__hubble-1b-100b_toks-injectrange_50_75-hf,1,rougeL_recall,0.190350824529151,0.002465484227840715
wikipedia,allegrolab__hubble-1b-100b_toks-injectrange_50_75-hf,1,rougeL_f1_stemmed,0.09769385379797994,0.0012807021312817427
wikipedia,allegrolab__hubble-1b-100b_toks-injectrange_50_75-hf,1,rougeL_precision_stemmed,0.06915494996225771,0.0017896085272568894
wikipedia,allegrolab__hubble-1b-100b_toks-injectrange_50_75-hf,1,rougeL_recall_stemmed,0.1967595517043322,0.0025402916514723826
wikipedia,allegrolab__hubble-1b-100b_toks-injectrange_50_75-hf,1,exact_match_tokens,0.0,0.0
wikipedia,allegrolab__hubble-1b-100b_toks-injectrange_50_75-hf,1,exact_match_tokens_s100,0.0,0.0
wikipedia,allegrolab__hubble-1b-100b_toks-injectrange_50_75-hf,1,rougeL_f1_s100,0.1629889901971448,0.0019289957217005606
wikipedia,allegrolab__hubble-1b-100b_toks-injectrange_50_75-hf,1,rougeL_recall_s100,0.16616477891646195,0.001958818913449341
wikipedia,allegrolab__hubble-1b-100b_toks-injectrange_50_75-hf,1,rougeL_precision_s100,0.16401969412092218,0.0023154366337675893
wikipedia,allegrolab__hubble-1b-100b_toks-injectrange_50_75-hf,4,rougeL_f1,0.09192975043279196,0.00138756398835913
wikipedia,allegrolab__hubble-1b-100b_toks-injectrange_50_75-hf,4,rougeL_precision,0.06303731468225723,0.0011948340169732191
wikipedia,allegrolab__hubble-1b-100b_toks-injectrange_50_75-hf,4,rougeL_recall,0.18445899356782422,0.002495168663176136
wikipedia,allegrolab__hubble-1b-100b_toks-injectrange_50_75-hf,4,rougeL_f1_stemmed,0.09474114549058812,0.0014106013542419364
wikipedia,allegrolab__hubble-1b-100b_toks-injectrange_50_75-hf,4,rougeL_precision_stemmed,0.06492328128494526,0.0012081107974792505
wikipedia,allegrolab__hubble-1b-100b_toks-injectrange_50_75-hf,4,rougeL_recall_stemmed,0.19017601247524127,0.002548156511252325
wikipedia,allegrolab__hubble-1b-100b_toks-injectrange_50_75-hf,4,exact_match_tokens,0.0,0.0
wikipedia,allegrolab__hubble-1b-100b_toks-injectrange_50_75-hf,4,exact_match_tokens_s100,0.0,0.0
wikipedia,allegrolab__hubble-1b-100b_toks-injectrange_50_75-hf,4,rougeL_f1_s100,0.16010318590630077,0.002140252465349646
wikipedia,allegrolab__hubble-1b-100b_toks-injectrange_50_75-hf,4,rougeL_recall_s100,0.16311131073827634,0.0021584466090524236
wikipedia,allegrolab__hubble-1b-100b_toks-injectrange_50_75-hf,4,rougeL_precision_s100,0.1594130714705245,0.0022184018623628895
wikipedia,allegrolab__hubble-1b-100b_toks-injectrange_50_75-hf,16,rougeL_f1,0.09728418043949197,0.001894420046431161
wikipedia,allegrolab__hubble-1b-100b_toks-injectrange_50_75-hf,16,rougeL_precision,0.06796849632999284,0.0019815585162447245
wikipedia,allegrolab__hubble-1b-100b_toks-injectrange_50_75-hf,16,rougeL_recall,0.19309855325295625,0.0036758771982663713
wikipedia,allegrolab__hubble-1b-100b_toks-injectrange_50_75-hf,16,rougeL_f1_stemmed,0.10005329526928897,0.0019488073736630895
wikipedia,allegrolab__hubble-1b-100b_toks-injectrange_50_75-hf,16,rougeL_precision_stemmed,0.0698461064846705,0.0020052217338364917
wikipedia,allegrolab__hubble-1b-100b_toks-injectrange_50_75-hf,16,rougeL_recall_stemmed,0.19865013883032034,0.0037893629208373284
wikipedia,allegrolab__hubble-1b-100b_toks-injectrange_50_75-hf,16,exact_match_tokens,0.0,0.0
wikipedia,allegrolab__hubble-1b-100b_toks-injectrange_50_75-hf,16,exact_match_tokens_s100,0.0,0.0
wikipedia,allegrolab__hubble-1b-100b_toks-injectrange_50_75-hf,16,rougeL_f1_s100,0.16372971937764472,0.0028771588845515504
wikipedia,allegrolab__hubble-1b-100b_toks-injectrange_50_75-hf,16,rougeL_recall_s100,0.1665964048430645,0.002953618770729628
wikipedia,allegrolab__hubble-1b-100b_toks-injectrange_50_75-hf,16,rougeL_precision_s100,0.1635065001480861,0.0030225504904768828
wikipedia,allegrolab__hubble-1b-100b_toks-injectrange_50_75-hf,64,rougeL_f1,0.09616335007359052,0.0031726377807614315
wikipedia,allegrolab__hubble-1b-100b_toks-injectrange_50_75-hf,64,rougeL_precision,0.06842315305439167,0.003046031590013578
wikipedia,allegrolab__hubble-1b-100b_toks-injectrange_50_75-hf,64,rougeL_recall,0.18934413510618725,0.00608597817558369
wikipedia,allegrolab__hubble-1b-100b_toks-injectrange_50_75-hf,64,rougeL_f1_stemmed,0.098886791625013,0.003229328717035835
wikipedia,allegrolab__hubble-1b-100b_toks-injectrange_50_75-hf,64,rougeL_precision_stemmed,0.07036258396762685,0.003114520332867767
wikipedia,allegrolab__hubble-1b-100b_toks-injectrange_50_75-hf,64,rougeL_recall_stemmed,0.194777513008469,0.00625342149407456
wikipedia,allegrolab__hubble-1b-100b_toks-injectrange_50_75-hf,64,exact_match_tokens,0.0,0.0
wikipedia,allegrolab__hubble-1b-100b_toks-injectrange_50_75-hf,64,exact_match_tokens_s100,0.0,0.0
wikipedia,allegrolab__hubble-1b-100b_toks-injectrange_50_75-hf,64,rougeL_f1_s100,0.16539316569452453,0.004830290397376385
wikipedia,allegrolab__hubble-1b-100b_toks-injectrange_50_75-hf,64,rougeL_recall_s100,0.16785629992774767,0.004927777185705057
wikipedia,allegrolab__hubble-1b-100b_toks-injectrange_50_75-hf,64,rougeL_precision_s100,0.16509376866916284,0.004965636525572764
wikipedia,allegrolab__hubble-1b-100b_toks-injectrange_50_75-hf,256,rougeL_f1,0.09931540525777344,0.005444478988957593
wikipedia,allegrolab__hubble-1b-100b_toks-injectrange_50_75-hf,256,rougeL_precision,0.06942105737644956,0.004938346997135195
wikipedia,allegrolab__hubble-1b-100b_toks-injectrange_50_75-hf,256,rougeL_recall,0.19498271136592782,0.008461538774066043
wikipedia,allegrolab__hubble-1b-100b_toks-injectrange_50_75-hf,256,rougeL_f1_stemmed,0.10171172179047107,0.005462084686959983
wikipedia,allegrolab__hubble-1b-100b_toks-injectrange_50_75-hf,256,rougeL_precision_stemmed,0.07100305526719745,0.004933341433972945
wikipedia,allegrolab__hubble-1b-100b_toks-injectrange_50_75-hf,256,rougeL_recall_stemmed,0.2000388718871946,0.008585828198993957
wikipedia,allegrolab__hubble-1b-100b_toks-injectrange_50_75-hf,256,exact_match_tokens,0.0,0.0
wikipedia,allegrolab__hubble-1b-100b_toks-injectrange_50_75-hf,256,exact_match_tokens_s100,0.0,0.0
wikipedia,allegrolab__hubble-1b-100b_toks-injectrange_50_75-hf,256,rougeL_f1_s100,0.1712440588950692,0.008149813718926383
wikipedia,allegrolab__hubble-1b-100b_toks-injectrange_50_75-hf,256,rougeL_recall_s100,0.17479092897371748,0.007868604648771638
wikipedia,allegrolab__hubble-1b-100b_toks-injectrange_50_75-hf,256,rougeL_precision_s100,0.1695813240816378,0.008527311666815586
wikipedia,allegrolab__hubble-1b-100b_toks-injectrange_75_100-hf,0,rougeL_f1,0.10405814287306535,0.0016198144765487863
wikipedia,allegrolab__hubble-1b-100b_toks-injectrange_75_100-hf,0,rougeL_precision,0.08960954370053723,0.002841505655543737
wikipedia,allegrolab__hubble-1b-100b_toks-injectrange_75_100-hf,0,rougeL_recall,0.17997377226058783,0.0024463626109860956
wikipedia,allegrolab__hubble-1b-100b_toks-injectrange_75_100-hf,0,rougeL_f1_stemmed,0.10714895609766506,0.0016563049065479634
wikipedia,allegrolab__hubble-1b-100b_toks-injectrange_75_100-hf,0,rougeL_precision_stemmed,0.09217958221114825,0.002900149845881369
wikipedia,allegrolab__hubble-1b-100b_toks-injectrange_75_100-hf,0,rougeL_recall_stemmed,0.18542926016780978,0.0025098283508626844
wikipedia,allegrolab__hubble-1b-100b_toks-injectrange_75_100-hf,0,exact_match_tokens,0.0,0.0
wikipedia,allegrolab__hubble-1b-100b_toks-injectrange_75_100-hf,0,exact_match_tokens_s100,0.0,0.0
wikipedia,allegrolab__hubble-1b-100b_toks-injectrange_75_100-hf,0,rougeL_f1_s100,0.16226763406155192,0.0020736177872894765
wikipedia,allegrolab__hubble-1b-100b_toks-injectrange_75_100-hf,0,rougeL_recall_s100,0.16387885075934494,0.0021301921839535156
wikipedia,allegrolab__hubble-1b-100b_toks-injectrange_75_100-hf,0,rougeL_precision_s100,0.16633092956873513,0.002532414462095874
wikipedia,allegrolab__hubble-1b-100b_toks-injectrange_75_100-hf,1,rougeL_f1,0.10955455065048873,0.0016658290869804005
wikipedia,allegrolab__hubble-1b-100b_toks-injectrange_75_100-hf,1,rougeL_precision,0.09080378024582013,0.0028089824376900906
wikipedia,allegrolab__hubble-1b-100b_toks-injectrange_75_100-hf,1,rougeL_recall,0.19154779022598756,0.00257293605532932
wikipedia,allegrolab__hubble-1b-100b_toks-injectrange_75_100-hf,1,rougeL_f1_stemmed,0.1126944678952436,0.0017007520836250824
wikipedia,allegrolab__hubble-1b-100b_toks-injectrange_75_100-hf,1,rougeL_precision_stemmed,0.09314480917277651,0.002828266606211264
wikipedia,allegrolab__hubble-1b-100b_toks-injectrange_75_100-hf,1,rougeL_recall_stemmed,0.19730443777419537,0.002649915159581823
wikipedia,allegrolab__hubble-1b-100b_toks-injectrange_75_100-hf,1,exact_match_tokens,0.0,0.0
wikipedia,allegrolab__hubble-1b-100b_toks-injectrange_75_100-hf,1,exact_match_tokens_s100,0.0,0.0
wikipedia,allegrolab__hubble-1b-100b_toks-injectrange_75_100-hf,1,rougeL_f1_s100,0.16658550459356608,0.0020357465575531744
wikipedia,allegrolab__hubble-1b-100b_toks-injectrange_75_100-hf,1,rougeL_recall_s100,0.1691182007235359,0.0020831467406615253
wikipedia,allegrolab__hubble-1b-100b_toks-injectrange_75_100-hf,1,rougeL_precision_s100,0.1695977642038597,0.002655190911702904
wikipedia,allegrolab__hubble-1b-100b_toks-injectrange_75_100-hf,4,rougeL_f1,0.10515774355220418,0.0016422805357237408
wikipedia,allegrolab__hubble-1b-100b_toks-injectrange_75_100-hf,4,rougeL_precision,0.08382828256406821,0.0023782601277079047
wikipedia,allegrolab__hubble-1b-100b_toks-injectrange_75_100-hf,4,rougeL_recall,0.19149904311950508,0.002631972453508489
wikipedia,allegrolab__hubble-1b-100b_toks-injectrange_75_100-hf,4,rougeL_f1_stemmed,0.10811980188396562,0.0016717276342604807
wikipedia,allegrolab__hubble-1b-100b_toks-injectrange_75_100-hf,4,rougeL_precision_stemmed,0.08608757754367921,0.00241975835948144
wikipedia,allegrolab__hubble-1b-100b_toks-injectrange_75_100-hf,4,rougeL_recall_stemmed,0.19710852640879692,0.002700759043328996
wikipedia,allegrolab__hubble-1b-100b_toks-injectrange_75_100-hf,4,exact_match_tokens,0.0,0.0
wikipedia,allegrolab__hubble-1b-100b_toks-injectrange_75_100-hf,4,exact_match_tokens_s100,0.0,0.0
wikipedia,allegrolab__hubble-1b-100b_toks-injectrange_75_100-hf,4,rougeL_f1_s100,0.1656809123773648,0.0021687250456448887
wikipedia,allegrolab__hubble-1b-100b_toks-injectrange_75_100-hf,4,rougeL_recall_s100,0.16809958277206602,0.0022009627028222543
wikipedia,allegrolab__hubble-1b-100b_toks-injectrange_75_100-hf,4,rougeL_precision_s100,0.1669261561395597,0.002401360391593772
wikipedia,allegrolab__hubble-1b-100b_toks-injectrange_75_100-hf,16,rougeL_f1,0.1229488091079713,0.004499385034318198
wikipedia,allegrolab__hubble-1b-100b_toks-injectrange_75_100-hf,16,rougeL_precision,0.10681326811039113,0.005956374558959928
wikipedia,allegrolab__hubble-1b-100b_toks-injectrange_75_100-hf,16,rougeL_recall,0.20301255076208877,0.0048756905765044425
wikipedia,allegrolab__hubble-1b-100b_toks-injectrange_75_100-hf,16,rougeL_f1_stemmed,0.12589619017393455,0.00450866630382202
wikipedia,allegrolab__hubble-1b-100b_toks-injectrange_75_100-hf,16,rougeL_precision_stemmed,0.10903609617926553,0.0059697358843395975
wikipedia,allegrolab__hubble-1b-100b_toks-injectrange_75_100-hf,16,rougeL_recall_stemmed,0.20851724937118388,0.004958310279555219
wikipedia,allegrolab__hubble-1b-100b_toks-injectrange_75_100-hf,16,exact_match_tokens,0.0,0.0
wikipedia,allegrolab__hubble-1b-100b_toks-injectrange_75_100-hf,16,exact_match_tokens_s100,0.002638522427440633,0.0026385224274406336
wikipedia,allegrolab__hubble-1b-100b_toks-injectrange_75_100-hf,16,rougeL_f1_s100,0.18241824087877803,0.0048137450643299055
wikipedia,allegrolab__hubble-1b-100b_toks-injectrange_75_100-hf,16,rougeL_recall_s100,0.18412984470520363,0.004796810771678668
wikipedia,allegrolab__hubble-1b-100b_toks-injectrange_75_100-hf,16,rougeL_precision_s100,0.18621089735933072,0.005455991614179022
wikipedia,allegrolab__hubble-1b-100b_toks-injectrange_75_100-hf,64,rougeL_f1,0.741427535164613,0.029204780941128872
wikipedia,allegrolab__hubble-1b-100b_toks-injectrange_75_100-hf,64,rougeL_precision,0.740546419627352,0.02987624559135863
wikipedia,allegrolab__hubble-1b-100b_toks-injectrange_75_100-hf,64,rougeL_recall,0.771285027174634,0.026523536708506514
wikipedia,allegrolab__hubble-1b-100b_toks-injectrange_75_100-hf,64,rougeL_f1_stemmed,0.7422103419342808,0.029138885965884306
wikipedia,allegrolab__hubble-1b-100b_toks-injectrange_75_100-hf,64,rougeL_precision_stemmed,0.7412055037261439,0.02982490817126197
wikipedia,allegrolab__hubble-1b-100b_toks-injectrange_75_100-hf,64,rougeL_recall_stemmed,0.7725127177075601,0.02642398006789935
wikipedia,allegrolab__hubble-1b-100b_toks-injectrange_75_100-hf,64,exact_match_tokens,0.5197368421052632,0.04065771002562606
wikipedia,allegrolab__hubble-1b-100b_toks-injectrange_75_100-hf,64,exact_match_tokens_s100,0.5657894736842105,0.04033565667848321
wikipedia,allegrolab__hubble-1b-100b_toks-injectrange_75_100-hf,64,rougeL_f1_s100,0.796453923497738,0.02526233792499181
wikipedia,allegrolab__hubble-1b-100b_toks-injectrange_75_100-hf,64,rougeL_recall_s100,0.7954671442078152,0.025414799833127416
wikipedia,allegrolab__hubble-1b-100b_toks-injectrange_75_100-hf,64,rougeL_precision_s100,0.8005647965929333,0.02475535555398248
wikipedia,allegrolab__hubble-1b-100b_toks-injectrange_75_100-hf,256,rougeL_f1,0.9961297254484429,0.0036563616483600843
wikipedia,allegrolab__hubble-1b-100b_toks-injectrange_75_100-hf,256,rougeL_precision,0.9942071287373363,0.0056828178936592245
wikipedia,allegrolab__hubble-1b-100b_toks-injectrange_75_100-hf,256,rougeL_recall,0.9995685936151856,0.00033968972709283045
wikipedia,allegrolab__hubble-1b-100b_toks-injectrange_75_100-hf,256,rougeL_f1_stemmed,0.9961297254484429,0.0036563616483600843
wikipedia,allegrolab__hubble-1b-100b_toks-injectrange_75_100-hf,256,rougeL_precision_stemmed,0.9942071287373363,0.0056828178936592245
wikipedia,allegrolab__hubble-1b-100b_toks-injectrange_75_100-hf,256,rougeL_recall_stemmed,0.9995685936151856,0.00033968972709283045
wikipedia,allegrolab__hubble-1b-100b_toks-injectrange_75_100-hf,256,exact_match_tokens,0.9736842105263158,0.01848360307518024
wikipedia,allegrolab__hubble-1b-100b_toks-injectrange_75_100-hf,256,exact_match_tokens_s100,0.9868421052631579,0.013157894736842105
wikipedia,allegrolab__hubble-1b-100b_toks-injectrange_75_100-hf,256,rougeL_f1_s100,1.0,0.0
wikipedia,allegrolab__hubble-1b-100b_toks-injectrange_75_100-hf,256,rougeL_recall_s100,1.0,0.0
wikipedia,allegrolab__hubble-1b-100b_toks-injectrange_75_100-hf,256,rougeL_precision_s100,1.0,0.0
wikipedia,allegrolab__hubble-1b-100b_toks-interference_copyright-hf,0,rougeL_f1,0.09874690075840559,0.0015085086180604288
wikipedia,allegrolab__hubble-1b-100b_toks-interference_copyright-hf,0,rougeL_precision,0.08548671412585296,0.002798262958408179
wikipedia,allegrolab__hubble-1b-100b_toks-interference_copyright-hf,0,rougeL_recall,0.17560941986816517,0.0025330470406867613
wikipedia,allegrolab__hubble-1b-100b_toks-interference_copyright-hf,0,rougeL_f1_stemmed,0.10144042044113605,0.0015289145268217827
wikipedia,allegrolab__hubble-1b-100b_toks-interference_copyright-hf,0,rougeL_precision_stemmed,0.08849649295575857,0.003012202327894045
wikipedia,allegrolab__hubble-1b-100b_toks-interference_copyright-hf,0,rougeL_recall_stemmed,0.1804718742185478,0.002590529278584811
wikipedia,allegrolab__hubble-1b-100b_toks-interference_copyright-hf,0,exact_match_tokens,0.0,0.0
wikipedia,allegrolab__hubble-1b-100b_toks-interference_copyright-hf,0,exact_match_tokens_s100,0.0,0.0
wikipedia,allegrolab__hubble-1b-100b_toks-interference_copyright-hf,0,rougeL_f1_s100,0.15999130586290608,0.002050763050701524
wikipedia,allegrolab__hubble-1b-100b_toks-interference_copyright-hf,0,rougeL_recall_s100,0.16090970048909106,0.0021126426501464706
wikipedia,allegrolab__hubble-1b-100b_toks-interference_copyright-hf,0,rougeL_precision_s100,0.16584082855557195,0.002583238442287734
wikipedia,allegrolab__hubble-1b-100b_toks-interference_copyright-hf,1,rougeL_f1,0.10271696067615667,0.0016104976696892485
wikipedia,allegrolab__hubble-1b-100b_toks-interference_copyright-hf,1,rougeL_precision,0.08646599490843081,0.0027081048701698895
wikipedia,allegrolab__hubble-1b-100b_toks-interference_copyright-hf,1,rougeL_recall,0.17885765928412783,0.002402510160666452
wikipedia,allegrolab__hubble-1b-100b_toks-interference_copyright-hf,1,rougeL_f1_stemmed,0.10599854970495919,0.0016535734747116272
wikipedia,allegrolab__hubble-1b-100b_toks-interference_copyright-hf,1,rougeL_precision_stemmed,0.089274481260115,0.002787535677820334
wikipedia,allegrolab__hubble-1b-100b_toks-interference_copyright-hf,1,rougeL_recall_stemmed,0.18476582015209364,0.0024907239331461483
wikipedia,allegrolab__hubble-1b-100b_toks-interference_copyright-hf,1,exact_match_tokens,0.0,0.0
wikipedia,allegrolab__hubble-1b-100b_toks-interference_copyright-hf,1,exact_match_tokens_s100,0.0,0.0
wikipedia,allegrolab__hubble-1b-100b_toks-interference_copyright-hf,1,rougeL_f1_s100,0.16046098551417087,0.0019490064627839315
wikipedia,allegrolab__hubble-1b-100b_toks-interference_copyright-hf,1,rougeL_recall_s100,0.1625358458202441,0.0019854230289300004
wikipedia,allegrolab__hubble-1b-100b_toks-interference_copyright-hf,1,rougeL_precision_s100,0.1626903657964763,0.0023220698681718104
wikipedia,allegrolab__hubble-1b-100b_toks-interference_copyright-hf,4,rougeL_f1,0.10315446590543326,0.0016563119761826234
wikipedia,allegrolab__hubble-1b-100b_toks-interference_copyright-hf,4,rougeL_precision,0.08273887523399716,0.002372343869917458
wikipedia,allegrolab__hubble-1b-100b_toks-interference_copyright-hf,4,rougeL_recall,0.18447413761670914,0.0025440002559583403
wikipedia,allegrolab__hubble-1b-100b_toks-interference_copyright-hf,4,rougeL_f1_stemmed,0.10604224287199027,0.0016828356978413456
wikipedia,allegrolab__hubble-1b-100b_toks-interference_copyright-hf,4,rougeL_precision_stemmed,0.08490911866520923,0.0024041800438918096
wikipedia,allegrolab__hubble-1b-100b_toks-interference_copyright-hf,4,rougeL_recall_stemmed,0.1898773421227913,0.002610058706744951
wikipedia,allegrolab__hubble-1b-100b_toks-interference_copyright-hf,4,exact_match_tokens,0.0,0.0
wikipedia,allegrolab__hubble-1b-100b_toks-interference_copyright-hf,4,exact_match_tokens_s100,0.0,0.0
wikipedia,allegrolab__hubble-1b-100b_toks-interference_copyright-hf,4,rougeL_f1_s100,0.16266563219184751,0.00214901570105428
wikipedia,allegrolab__hubble-1b-100b_toks-interference_copyright-hf,4,rougeL_recall_s100,0.16441230162090825,0.0021619030604941615
wikipedia,allegrolab__hubble-1b-100b_toks-interference_copyright-hf,4,rougeL_precision_s100,0.164439799158311,0.0023678051112032243
wikipedia,allegrolab__hubble-1b-100b_toks-interference_copyright-hf,16,rougeL_f1,0.10694656650117466,0.0032691755027047034
wikipedia,allegrolab__hubble-1b-100b_toks-interference_copyright-hf,16,rougeL_precision,0.08704988476477095,0.003933406434109649
wikipedia,allegrolab__hubble-1b-100b_toks-interference_copyright-hf,16,rougeL_recall,0.19045250041838105,0.004339286439061432
wikipedia,allegrolab__hubble-1b-100b_toks-interference_copyright-hf,16,rougeL_f1_stemmed,0.11026366576414595,0.003296884473940108
wikipedia,allegrolab__hubble-1b-100b_toks-interference_copyright-hf,16,rougeL_precision_stemmed,0.08942646723140528,0.003949758179115342
wikipedia,allegrolab__hubble-1b-100b_toks-interference_copyright-hf,16,rougeL_recall_stemmed,0.196791899816128,0.004428398353716196
wikipedia,allegrolab__hubble-1b-100b_toks-interference_copyright-hf,16,exact_match_tokens,0.0,0.0
wikipedia,allegrolab__hubble-1b-100b_toks-interference_copyright-hf,16,exact_match_tokens_s100,0.002638522427440633,0.0026385224274406336
wikipedia,allegrolab__hubble-1b-100b_toks-interference_copyright-hf,16,rougeL_f1_s100,0.16924824079114084,0.0037667898173629954
wikipedia,allegrolab__hubble-1b-100b_toks-interference_copyright-hf,16,rougeL_recall_s100,0.17107058877395512,0.003802168908945445
wikipedia,allegrolab__hubble-1b-100b_toks-interference_copyright-hf,16,rougeL_precision_s100,0.1721444947663124,0.003953400715612098
wikipedia,allegrolab__hubble-1b-100b_toks-interference_copyright-hf,64,rougeL_f1,0.3189392239727869,0.025589497587931165
wikipedia,allegrolab__hubble-1b-100b_toks-interference_copyright-hf,64,rougeL_precision,0.3318495770296586,0.026908138105847246
wikipedia,allegrolab__hubble-1b-100b_toks-interference_copyright-hf,64,rougeL_recall,0.3585712703943409,0.024298319297848103
wikipedia,allegrolab__hubble-1b-100b_toks-interference_copyright-hf,64,rougeL_f1_stemmed,0.321120598140663,0.025539905389265122
wikipedia,allegrolab__hubble-1b-100b_toks-interference_copyright-hf,64,rougeL_precision_stemmed,0.33388355902802236,0.026898539625163885
wikipedia,allegrolab__hubble-1b-100b_toks-interference_copyright-hf,64,rougeL_recall_stemmed,0.36177862534154803,0.024212317913745333
wikipedia,allegrolab__hubble-1b-100b_toks-interference_copyright-hf,64,exact_match_tokens,0.07894736842105263,0.021944342818247933
wikipedia,allegrolab__hubble-1b-100b_toks-interference_copyright-hf,64,exact_match_tokens_s100,0.13157894736842105,0.02750868953354996
wikipedia,allegrolab__hubble-1b-100b_toks-interference_copyright-hf,64,rougeL_f1_s100,0.40599772760440844,0.027507095280489197
wikipedia,allegrolab__hubble-1b-100b_toks-interference_copyright-hf,64,rougeL_recall_s100,0.40298547227723003,0.02759814536220494
wikipedia,allegrolab__hubble-1b-100b_toks-interference_copyright-hf,64,rougeL_precision_s100,0.41967623569464146,0.027404229380266838
wikipedia,allegrolab__hubble-1b-100b_toks-interference_copyright-hf,256,rougeL_f1,0.9445653522744607,0.02332562072895579
wikipedia,allegrolab__hubble-1b-100b_toks-interference_copyright-hf,256,rougeL_precision,0.9411399144924484,0.024309123364773633
wikipedia,allegrolab__hubble-1b-100b_toks-interference_copyright-hf,256,rougeL_recall,0.9542797429152685,0.020433240653938364
wikipedia,allegrolab__hubble-1b-100b_toks-interference_copyright-hf,256,rougeL_f1_stemmed,0.9446576883778771,0.02328962519648039
wikipedia,allegrolab__hubble-1b-100b_toks-interference_copyright-hf,256,rougeL_precision_stemmed,0.9412159716874591,0.024278884370572587
wikipedia,allegrolab__hubble-1b-100b_toks-interference_copyright-hf,256,rougeL_recall_stemmed,0.9543972241182762,0.020385693039918835
wikipedia,allegrolab__hubble-1b-100b_toks-interference_copyright-hf,256,exact_match_tokens,0.9078947368421053,0.03339099352749874
wikipedia,allegrolab__hubble-1b-100b_toks-interference_copyright-hf,256,exact_match_tokens_s100,0.9078947368421053,0.03339099352749873
wikipedia,allegrolab__hubble-1b-100b_toks-interference_copyright-hf,256,rougeL_f1_s100,0.957822445339692,0.01995969560032315
wikipedia,allegrolab__hubble-1b-100b_toks-interference_copyright-hf,256,rougeL_recall_s100,0.9577075400968296,0.020006644465812615
wikipedia,allegrolab__hubble-1b-100b_toks-interference_copyright-hf,256,rougeL_precision_s100,0.9579900232353417,0.019890232955744096
wikipedia,allegrolab__hubble-1b-100b_toks-interference_privacy-hf,0,rougeL_f1,0.09102913835418319,0.0013442735562343056
wikipedia,allegrolab__hubble-1b-100b_toks-interference_privacy-hf,0,rougeL_precision,0.06172887043911388,0.00100531518868904
wikipedia,allegrolab__hubble-1b-100b_toks-interference_privacy-hf,0,rougeL_recall,0.18307317181079036,0.0025620434534140714
wikipedia,allegrolab__hubble-1b-100b_toks-interference_privacy-hf,0,rougeL_f1_stemmed,0.0937272161881876,0.0013689104309573949
wikipedia,allegrolab__hubble-1b-100b_toks-interference_privacy-hf,0,rougeL_precision_stemmed,0.06352900770186669,0.0010195000518067635
wikipedia,allegrolab__hubble-1b-100b_toks-interference_privacy-hf,0,rougeL_recall_stemmed,0.18864790834494166,0.002625590218982361
wikipedia,allegrolab__hubble-1b-100b_toks-interference_privacy-hf,0,exact_match_tokens,0.0,0.0
wikipedia,allegrolab__hubble-1b-100b_toks-interference_privacy-hf,0,exact_match_tokens_s100,0.0,0.0
wikipedia,allegrolab__hubble-1b-100b_toks-interference_privacy-hf,0,rougeL_f1_s100,0.1601684508431947,0.0021016073003345187
wikipedia,allegrolab__hubble-1b-100b_toks-interference_privacy-hf,0,rougeL_recall_s100,0.16255577805768678,0.0021290482537952497
wikipedia,allegrolab__hubble-1b-100b_toks-interference_privacy-hf,0,rougeL_precision_s100,0.1600301182348573,0.0021942460197523776
wikipedia,allegrolab__hubble-1b-100b_toks-interference_privacy-hf,1,rougeL_f1,0.09337134040511973,0.0013559651040912204
wikipedia,allegrolab__hubble-1b-100b_toks-interference_privacy-hf,1,rougeL_precision,0.0651241898764621,0.0012498796272145457
wikipedia,allegrolab__hubble-1b-100b_toks-interference_privacy-hf,1,rougeL_recall,0.18523669436880416,0.0026190416349305087
wikipedia,allegrolab__hubble-1b-100b_toks-interference_privacy-hf,1,rougeL_f1_stemmed,0.09643586303388484,0.0014161415684176076
wikipedia,allegrolab__hubble-1b-100b_toks-interference_privacy-hf,1,rougeL_precision_stemmed,0.06736498229740773,0.001333821387873707
wikipedia,allegrolab__hubble-1b-100b_toks-interference_privacy-hf,1,rougeL_recall_stemmed,0.19124564448639714,0.0027181580433773118
wikipedia,allegrolab__hubble-1b-100b_toks-interference_privacy-hf,1,exact_match_tokens,0.0,0.0
wikipedia,allegrolab__hubble-1b-100b_toks-interference_privacy-hf,1,exact_match_tokens_s100,0.0,0.0
wikipedia,allegrolab__hubble-1b-100b_toks-interference_privacy-hf,1,rougeL_f1_s100,0.1620337077752549,0.0020760958316030412
wikipedia,allegrolab__hubble-1b-100b_toks-interference_privacy-hf,1,rougeL_recall_s100,0.16428346466520152,0.002114163193488257
wikipedia,allegrolab__hubble-1b-100b_toks-interference_privacy-hf,1,rougeL_precision_s100,0.16220652878413885,0.002159362988194352
wikipedia,allegrolab__hubble-1b-100b_toks-interference_privacy-hf,4,rougeL_f1,0.09195054678501796,0.0014218589331081472
wikipedia,allegrolab__hubble-1b-100b_toks-interference_privacy-hf,4,rougeL_precision,0.06307032231646208,0.001249168179578619
wikipedia,allegrolab__hubble-1b-100b_toks-interference_privacy-hf,4,rougeL_recall,0.18401722079298757,0.0025348871565126162
wikipedia,allegrolab__hubble-1b-100b_toks-interference_privacy-hf,4,rougeL_f1_stemmed,0.09471359212873891,0.001449455125074233
wikipedia,allegrolab__hubble-1b-100b_toks-interference_privacy-hf,4,rougeL_precision_stemmed,0.06490832253912061,0.0012610718556892654
wikipedia,allegrolab__hubble-1b-100b_toks-interference_privacy-hf,4,rougeL_recall_stemmed,0.18969839077854714,0.002604189432612061
wikipedia,allegrolab__hubble-1b-100b_toks-interference_privacy-hf,4,exact_match_tokens,0.0,0.0
wikipedia,allegrolab__hubble-1b-100b_toks-interference_privacy-hf,4,exact_match_tokens_s100,0.0,0.0
wikipedia,allegrolab__hubble-1b-100b_toks-interference_privacy-hf,4,rougeL_f1_s100,0.1584942848639685,0.002146662008665207
wikipedia,allegrolab__hubble-1b-100b_toks-interference_privacy-hf,4,rougeL_recall_s100,0.16131302286862811,0.002178858712039906
wikipedia,allegrolab__hubble-1b-100b_toks-interference_privacy-hf,4,rougeL_precision_s100,0.15790903638904955,0.002194302258468795
wikipedia,allegrolab__hubble-1b-100b_toks-interference_privacy-hf,16,rougeL_f1,0.09220823397754799,0.0019640790299167384
wikipedia,allegrolab__hubble-1b-100b_toks-interference_privacy-hf,16,rougeL_precision,0.0641423159247683,0.001731036779089006
wikipedia,allegrolab__hubble-1b-100b_toks-interference_privacy-hf,16,rougeL_recall,0.18223280469877762,0.0037439442059446727
wikipedia,allegrolab__hubble-1b-100b_toks-interference_privacy-hf,16,rougeL_f1_stemmed,0.09469787574474593,0.00200111095112987
wikipedia,allegrolab__hubble-1b-100b_toks-interference_privacy-hf,16,rougeL_precision_stemmed,0.06601857844826846,0.0018445982708147164
wikipedia,allegrolab__hubble-1b-100b_toks-interference_privacy-hf,16,rougeL_recall_stemmed,0.1871486127913379,0.0038201260426189423
wikipedia,allegrolab__hubble-1b-100b_toks-interference_privacy-hf,16,exact_match_tokens,0.0,0.0
wikipedia,allegrolab__hubble-1b-100b_toks-interference_privacy-hf,16,exact_match_tokens_s100,0.0,0.0
wikipedia,allegrolab__hubble-1b-100b_toks-interference_privacy-hf,16,rougeL_f1_s100,0.15550841276963498,0.003073502698709405
wikipedia,allegrolab__hubble-1b-100b_toks-interference_privacy-hf,16,rougeL_recall_s100,0.15763250294472808,0.00314533970582428
wikipedia,allegrolab__hubble-1b-100b_toks-interference_privacy-hf,16,rougeL_precision_s100,0.15570920575516467,0.0031226625661567565
wikipedia,allegrolab__hubble-1b-100b_toks-interference_privacy-hf,64,rougeL_f1,0.08874869339151716,0.003178916866239432
wikipedia,allegrolab__hubble-1b-100b_toks-interference_privacy-hf,64,rougeL_precision,0.06107597239350343,0.0024337535871208084
wikipedia,allegrolab__hubble-1b-100b_toks-interference_privacy-hf,64,rougeL_recall,0.17630981558079095,0.005978352453840335
wikipedia,allegrolab__hubble-1b-100b_toks-interference_privacy-hf,64,rougeL_f1_stemmed,0.0912544322741478,0.003232400720643781
wikipedia,allegrolab__hubble-1b-100b_toks-interference_privacy-hf,64,rougeL_precision_stemmed,0.06278851610612723,0.0024665089257847085
wikipedia,allegrolab__hubble-1b-100b_toks-interference_privacy-hf,64,rougeL_recall_stemmed,0.18122653814634382,0.00610473376687879
wikipedia,allegrolab__hubble-1b-100b_toks-interference_privacy-hf,64,exact_match_tokens,0.0,0.0
wikipedia,allegrolab__hubble-1b-100b_toks-interference_privacy-hf,64,exact_match_tokens_s100,0.0,0.0
wikipedia,allegrolab__hubble-1b-100b_toks-interference_privacy-hf,64,rougeL_f1_s100,0.15336771672279623,0.004696185355369854
wikipedia,allegrolab__hubble-1b-100b_toks-interference_privacy-hf,64,rougeL_recall_s100,0.15526466170011738,0.004725191272729053
wikipedia,allegrolab__hubble-1b-100b_toks-interference_privacy-hf,64,rougeL_precision_s100,0.15376372572702302,0.004901214768310714
wikipedia,allegrolab__hubble-1b-100b_toks-interference_privacy-hf,256,rougeL_f1,0.09061628885804288,0.004618455686274903
wikipedia,allegrolab__hubble-1b-100b_toks-interference_privacy-hf,256,rougeL_precision,0.06097718106613369,0.0033970855561884315
wikipedia,allegrolab__hubble-1b-100b_toks-interference_privacy-hf,256,rougeL_recall,0.1817689329840725,0.007917239971230668
wikipedia,allegrolab__hubble-1b-100b_toks-interference_privacy-hf,256,rougeL_f1_stemmed,0.09274422295154379,0.004630625478173085
wikipedia,allegrolab__hubble-1b-100b_toks-interference_privacy-hf,256,rougeL_precision_stemmed,0.06240620724322509,0.0034050067512689363
wikipedia,allegrolab__hubble-1b-100b_toks-interference_privacy-hf,256,rougeL_recall_stemmed,0.18603471258060802,0.007955629346518467
wikipedia,allegrolab__hubble-1b-100b_toks-interference_privacy-hf,256,exact_match_tokens,0.0,0.0
wikipedia,allegrolab__hubble-1b-100b_toks-interference_privacy-hf,256,exact_match_tokens_s100,0.0,0.0
wikipedia,allegrolab__hubble-1b-100b_toks-interference_privacy-hf,256,rougeL_f1_s100,0.15959868243614803,0.006923760741215769
wikipedia,allegrolab__hubble-1b-100b_toks-interference_privacy-hf,256,rougeL_recall_s100,0.1621823141812718,0.006603659104718225
wikipedia,allegrolab__hubble-1b-100b_toks-interference_privacy-hf,256,rougeL_precision_s100,0.15893245922550273,0.007408697709919114
wikipedia,allegrolab__hubble-1b-100b_toks-interference_testset-hf,0,rougeL_f1,0.08955100724581737,0.0013099669741368052
wikipedia,allegrolab__hubble-1b-100b_toks-interference_testset-hf,0,rougeL_precision,0.062038131717966696,0.0013829002147168119
wikipedia,allegrolab__hubble-1b-100b_toks-interference_testset-hf,0,rougeL_recall,0.181989630141178,0.0025397107040770533
wikipedia,allegrolab__hubble-1b-100b_toks-interference_testset-hf,0,rougeL_f1_stemmed,0.09218102342694998,0.001343121697847108
wikipedia,allegrolab__hubble-1b-100b_toks-interference_testset-hf,0,rougeL_precision_stemmed,0.06383546990850136,0.0014067138410538166
wikipedia,allegrolab__hubble-1b-100b_toks-interference_testset-hf,0,rougeL_recall_stemmed,0.18742483544040656,0.0026170195635690386
wikipedia,allegrolab__hubble-1b-100b_toks-interference_testset-hf,0,exact_match_tokens,0.0,0.0
wikipedia,allegrolab__hubble-1b-100b_toks-interference_testset-hf,0,exact_match_tokens_s100,0.0,0.0
wikipedia,allegrolab__hubble-1b-100b_toks-interference_testset-hf,0,rougeL_f1_s100,0.15890447426854143,0.002136777926214668
wikipedia,allegrolab__hubble-1b-100b_toks-interference_testset-hf,0,rougeL_recall_s100,0.162339945166492,0.002184657500071309
wikipedia,allegrolab__hubble-1b-100b_toks-interference_testset-hf,0,rougeL_precision_s100,0.15824642713674233,0.0022993864631601153
wikipedia,allegrolab__hubble-1b-100b_toks-interference_testset-hf,1,rougeL_f1,0.09124239443640705,0.0012893760911827233
wikipedia,allegrolab__hubble-1b-100b_toks-interference_testset-hf,1,rougeL_precision,0.06347059217195732,0.0013730106549164458
wikipedia,allegrolab__hubble-1b-100b_toks-interference_testset-hf,1,rougeL_recall,0.18344790265214256,0.002502043722912613
wikipedia,allegrolab__hubble-1b-100b_toks-interference_testset-hf,1,rougeL_f1_stemmed,0.09388960066169741,0.0013265158198420433
wikipedia,allegrolab__hubble-1b-100b_toks-interference_testset-hf,1,rougeL_precision_stemmed,0.06527261924867375,0.0013950027758384395
wikipedia,allegrolab__hubble-1b-100b_toks-interference_testset-hf,1,rougeL_recall_stemmed,0.1888805427257931,0.002581913160107607
wikipedia,allegrolab__hubble-1b-100b_toks-interference_testset-hf,1,exact_match_tokens,0.0,0.0
wikipedia,allegrolab__hubble-1b-100b_toks-interference_testset-hf,1,exact_match_tokens_s100,0.0,0.0
wikipedia,allegrolab__hubble-1b-100b_toks-interference_testset-hf,1,rougeL_f1_s100,0.16011149481508102,0.002012610925443624
wikipedia,allegrolab__hubble-1b-100b_toks-interference_testset-hf,1,rougeL_recall_s100,0.16306701681813926,0.002065931032827396
wikipedia,allegrolab__hubble-1b-100b_toks-interference_testset-hf,1,rougeL_precision_s100,0.16035413943341092,0.002173325913696751
wikipedia,allegrolab__hubble-1b-100b_toks-interference_testset-hf,4,rougeL_f1,0.08957677640030413,0.0013588672119661518
wikipedia,allegrolab__hubble-1b-100b_toks-interference_testset-hf,4,rougeL_precision,0.06130840255550456,0.0010969383310884832
wikipedia,allegrolab__hubble-1b-100b_toks-interference_testset-hf,4,rougeL_recall,0.17965791101806836,0.0025778225330353338
wikipedia,allegrolab__hubble-1b-100b_toks-interference_testset-hf,4,rougeL_f1_stemmed,0.09278067685572258,0.001405706930235792
wikipedia,allegrolab__hubble-1b-100b_toks-interference_testset-hf,4,rougeL_precision_stemmed,0.06346373015865014,0.001129214295786005
wikipedia,allegrolab__hubble-1b-100b_toks-interference_testset-hf,4,rougeL_recall_stemmed,0.1862357943829058,0.002689146612411376
wikipedia,allegrolab__hubble-1b-100b_toks-interference_testset-hf,4,exact_match_tokens,0.0,0.0
wikipedia,allegrolab__hubble-1b-100b_toks-interference_testset-hf,4,exact_match_tokens_s100,0.0,0.0
wikipedia,allegrolab__hubble-1b-100b_toks-interference_testset-hf,4,rougeL_f1_s100,0.15692348494966477,0.002105733345433893
wikipedia,allegrolab__hubble-1b-100b_toks-interference_testset-hf,4,rougeL_recall_s100,0.15958012512689815,0.002133073606307952
wikipedia,allegrolab__hubble-1b-100b_toks-interference_testset-hf,4,rougeL_precision_s100,0.15669570282166834,0.0021553008942959326
wikipedia,allegrolab__hubble-1b-100b_toks-interference_testset-hf,16,rougeL_f1,0.08867182645092482,0.0017514172089547705
wikipedia,allegrolab__hubble-1b-100b_toks-interference_testset-hf,16,rougeL_precision,0.061381585554776616,0.0016470047118836225
wikipedia,allegrolab__hubble-1b-100b_toks-interference_testset-hf,16,rougeL_recall,0.17713793828006033,0.003462000824335635
wikipedia,allegrolab__hubble-1b-100b_toks-interference_testset-hf,16,rougeL_f1_stemmed,0.09113260151303149,0.0017969499653538758
wikipedia,allegrolab__hubble-1b-100b_toks-interference_testset-hf,16,rougeL_precision_stemmed,0.06332737039747266,0.001885111012848129
wikipedia,allegrolab__hubble-1b-100b_toks-interference_testset-hf,16,rougeL_recall_stemmed,0.18199558507829813,0.003557859354425916
wikipedia,allegrolab__hubble-1b-100b_toks-interference_testset-hf,16,exact_match_tokens,0.0,0.0
wikipedia,allegrolab__hubble-1b-100b_toks-interference_testset-hf,16,exact_match_tokens_s100,0.0,0.0
wikipedia,allegrolab__hubble-1b-100b_toks-interference_testset-hf,16,rougeL_f1_s100,0.15240503688494283,0.0028829540279156998
wikipedia,allegrolab__hubble-1b-100b_toks-interference_testset-hf,16,rougeL_recall_s100,0.15479415262210242,0.0029587337923554537
wikipedia,allegrolab__hubble-1b-100b_toks-interference_testset-hf,16,rougeL_precision_s100,0.1528090981978316,0.0030079180584063375
wikipedia,allegrolab__hubble-1b-100b_toks-interference_testset-hf,64,rougeL_f1,0.08841570157892532,0.0027674606614280116
wikipedia,allegrolab__hubble-1b-100b_toks-interference_testset-hf,64,rougeL_precision,0.06065933727921855,0.002527433950710333
wikipedia,allegrolab__hubble-1b-100b_toks-interference_testset-hf,64,rougeL_recall,0.17750195376038352,0.005070221447913361
wikipedia,allegrolab__hubble-1b-100b_toks-interference_testset-hf,64,rougeL_f1_stemmed,0.0907964226004436,0.0027993112980949095
wikipedia,allegrolab__hubble-1b-100b_toks-interference_testset-hf,64,rougeL_precision_stemmed,0.06224771972172414,0.0025363733131649104
wikipedia,allegrolab__hubble-1b-100b_toks-interference_testset-hf,64,rougeL_recall_stemmed,0.1823941851094147,0.005182465973734909
wikipedia,allegrolab__hubble-1b-100b_toks-interference_testset-hf,64,exact_match_tokens,0.0,0.0
wikipedia,allegrolab__hubble-1b-100b_toks-interference_testset-hf,64,exact_match_tokens_s100,0.0,0.0
wikipedia,allegrolab__hubble-1b-100b_toks-interference_testset-hf,64,rougeL_f1_s100,0.154668891078221,0.00417028706723871
wikipedia,allegrolab__hubble-1b-100b_toks-interference_testset-hf,64,rougeL_recall_s100,0.15754995452539078,0.004165674757970797
wikipedia,allegrolab__hubble-1b-100b_toks-interference_testset-hf,64,rougeL_precision_s100,0.15391506961001974,0.0044343056934474335
wikipedia,allegrolab__hubble-1b-100b_toks-interference_testset-hf,256,rougeL_f1,0.08822393668951918,0.004853939088153342
wikipedia,allegrolab__hubble-1b-100b_toks-interference_testset-hf,256,rougeL_precision,0.059897266688771926,0.0035660044874515637
wikipedia,allegrolab__hubble-1b-100b_toks-interference_testset-hf,256,rougeL_recall,0.1749566050872517,0.008401821085423323
wikipedia,allegrolab__hubble-1b-100b_toks-interference_testset-hf,256,rougeL_f1_stemmed,0.09004606678194171,0.004937611923579171
wikipedia,allegrolab__hubble-1b-100b_toks-interference_testset-hf,256,rougeL_precision_stemmed,0.06114754904852187,0.0036303712343022346
wikipedia,allegrolab__hubble-1b-100b_toks-interference_testset-hf,256,rougeL_recall_stemmed,0.17847184869025431,0.008535112188854081
wikipedia,allegrolab__hubble-1b-100b_toks-interference_testset-hf,256,exact_match_tokens,0.0,0.0
wikipedia,allegrolab__hubble-1b-100b_toks-interference_testset-hf,256,exact_match_tokens_s100,0.0,0.0
wikipedia,allegrolab__hubble-1b-100b_toks-interference_testset-hf,256,rougeL_f1_s100,0.16095096300081627,0.006699791664533541
wikipedia,allegrolab__hubble-1b-100b_toks-interference_testset-hf,256,rougeL_recall_s100,0.16430239153454898,0.0065759520751945254
wikipedia,allegrolab__hubble-1b-100b_toks-interference_testset-hf,256,rougeL_precision_s100,0.15982422512260672,0.0070153552580337125
wikipedia,allegrolab__hubble-1b-100b_toks-paraphrased-perturbed-hf,0,rougeL_f1,0.09835653145482007,0.0015213111704511202
wikipedia,allegrolab__hubble-1b-100b_toks-paraphrased-perturbed-hf,0,rougeL_precision,0.07728891297914259,0.002081751029336646
wikipedia,allegrolab__hubble-1b-100b_toks-paraphrased-perturbed-hf,0,rougeL_recall,0.17906230326186884,0.002449990529954266
wikipedia,allegrolab__hubble-1b-100b_toks-paraphrased-perturbed-hf,0,rougeL_f1_stemmed,0.10115759022235893,0.0015520407122960728
wikipedia,allegrolab__hubble-1b-100b_toks-paraphrased-perturbed-hf,0,rougeL_precision_stemmed,0.07936248094147155,0.002109201957439019
wikipedia,allegrolab__hubble-1b-100b_toks-paraphrased-perturbed-hf,0,rougeL_recall_stemmed,0.1844257414915922,0.0025283831121033344
wikipedia,allegrolab__hubble-1b-100b_toks-paraphrased-perturbed-hf,0,exact_match_tokens,0.0,0.0
wikipedia,allegrolab__hubble-1b-100b_toks-paraphrased-perturbed-hf,0,exact_match_tokens_s100,0.0,0.0
wikipedia,allegrolab__hubble-1b-100b_toks-paraphrased-perturbed-hf,0,rougeL_f1_s100,0.16041481505697047,0.0020310587937788184
wikipedia,allegrolab__hubble-1b-100b_toks-paraphrased-perturbed-hf,0,rougeL_recall_s100,0.16299024361109815,0.0020487852457403647
wikipedia,allegrolab__hubble-1b-100b_toks-paraphrased-perturbed-hf,0,rougeL_precision_s100,0.1607573024781634,0.0022089607201134062
wikipedia,allegrolab__hubble-1b-100b_toks-paraphrased-perturbed-hf,1,rougeL_f1,0.09986594831019902,0.0016614943228735416
wikipedia,allegrolab__hubble-1b-100b_toks-paraphrased-perturbed-hf,1,rougeL_precision,0.08029024683096823,0.0024440894881231083
wikipedia,allegrolab__hubble-1b-100b_toks-paraphrased-perturbed-hf,1,rougeL_recall,0.1804846952079095,0.002563539364164168
wikipedia,allegrolab__hubble-1b-100b_toks-paraphrased-perturbed-hf,1,rougeL_f1_stemmed,0.10290615071910168,0.0017002500667226768
wikipedia,allegrolab__hubble-1b-100b_toks-paraphrased-perturbed-hf,1,rougeL_precision_stemmed,0.08287531878064701,0.0025774933511033544
wikipedia,allegrolab__hubble-1b-100b_toks-paraphrased-perturbed-hf,1,rougeL_recall_stemmed,0.1861552010524824,0.0026486864065932997
wikipedia,allegrolab__hubble-1b-100b_toks-paraphrased-perturbed-hf,1,exact_match_tokens,0.0,0.0
wikipedia,allegrolab__hubble-1b-100b_toks-paraphrased-perturbed-hf,1,exact_match_tokens_s100,0.0,0.0
wikipedia,allegrolab__hubble-1b-100b_toks-paraphrased-perturbed-hf,1,rougeL_f1_s100,0.16093067746552758,0.0021792986878121884
wikipedia,allegrolab__hubble-1b-100b_toks-paraphrased-perturbed-hf,1,rougeL_recall_s100,0.16238250025244014,0.002234487948256815
wikipedia,allegrolab__hubble-1b-100b_toks-paraphrased-perturbed-hf,1,rougeL_precision_s100,0.16424319668560347,0.0024850774997300746
wikipedia,allegrolab__hubble-1b-100b_toks-paraphrased-perturbed-hf,4,rougeL_f1,0.09881352126658301,0.0015591380679772873
wikipedia,allegrolab__hubble-1b-100b_toks-paraphrased-perturbed-hf,4,rougeL_precision,0.07359445968914424,0.0021240634288964516
wikipedia,allegrolab__hubble-1b-100b_toks-paraphrased-perturbed-hf,4,rougeL_recall,0.18746347731381394,0.0025290519992787796
wikipedia,allegrolab__hubble-1b-100b_toks-paraphrased-perturbed-hf,4,rougeL_f1_stemmed,0.10179715036810416,0.0015868660194396486
wikipedia,allegrolab__hubble-1b-100b_toks-paraphrased-perturbed-hf,4,rougeL_precision_stemmed,0.075804536266487,0.0021496732700208515
wikipedia,allegrolab__hubble-1b-100b_toks-paraphrased-perturbed-hf,4,rougeL_recall_stemmed,0.1932474868278483,0.0025919607611450063
wikipedia,allegrolab__hubble-1b-100b_toks-paraphrased-perturbed-hf,4,exact_match_tokens,0.0,0.0
wikipedia,allegrolab__hubble-1b-100b_toks-paraphrased-perturbed-hf,4,exact_match_tokens_s100,0.0,0.0
wikipedia,allegrolab__hubble-1b-100b_toks-paraphrased-perturbed-hf,4,rougeL_f1_s100,0.1623097957541998,0.0020640172983927172
wikipedia,allegrolab__hubble-1b-100b_toks-paraphrased-perturbed-hf,4,rougeL_recall_s100,0.16550987961097133,0.0021145920890632435
wikipedia,allegrolab__hubble-1b-100b_toks-paraphrased-perturbed-hf,4,rougeL_precision_s100,0.16247289535893186,0.0023754794693108443
wikipedia,allegrolab__hubble-1b-100b_toks-paraphrased-perturbed-hf,16,rougeL_f1,0.10583832774925586,0.003498516112481749
wikipedia,allegrolab__hubble-1b-100b_toks-paraphrased-perturbed-hf,16,rougeL_precision,0.08141573004898085,0.003949736896663723
wikipedia,allegrolab__hubble-1b-100b_toks-paraphrased-perturbed-hf,16,rougeL_recall,0.1907559720910068,0.0042726737308842805
wikipedia,allegrolab__hubble-1b-100b_toks-paraphrased-perturbed-hf,16,rougeL_f1_stemmed,0.10886623533478627,0.003523404799236776
wikipedia,allegrolab__hubble-1b-100b_toks-paraphrased-perturbed-hf,16,rougeL_precision_stemmed,0.08380557995535884,0.004028412937610862
wikipedia,allegrolab__hubble-1b-100b_toks-paraphrased-perturbed-hf,16,rougeL_recall_stemmed,0.19643468972968248,0.004348856257152146
wikipedia,allegrolab__hubble-1b-100b_toks-paraphrased-perturbed-hf,16,exact_match_tokens,0.0,0.0
wikipedia,allegrolab__hubble-1b-100b_toks-paraphrased-perturbed-hf,16,exact_match_tokens_s100,0.002638522427440633,0.0026385224274406336
wikipedia,allegrolab__hubble-1b-100b_toks-paraphrased-perturbed-hf,16,rougeL_f1_s100,0.1672278207321453,0.004242766194468913
wikipedia,allegrolab__hubble-1b-100b_toks-paraphrased-perturbed-hf,16,rougeL_recall_s100,0.16992012796719733,0.004341929124181033
wikipedia,allegrolab__hubble-1b-100b_toks-paraphrased-perturbed-hf,16,rougeL_precision_s100,0.1671515046497382,0.004281064188767559
wikipedia,allegrolab__hubble-1b-100b_toks-paraphrased-perturbed-hf,64,rougeL_f1,0.3202537966053135,0.024603030819573456
wikipedia,allegrolab__hubble-1b-100b_toks-paraphrased-perturbed-hf,64,rougeL_precision,0.3378380913848956,0.026801176515784987
wikipedia,allegrolab__hubble-1b-100b_toks-paraphrased-perturbed-hf,64,rougeL_recall,0.361445885022979,0.0229156715370704
wikipedia,allegrolab__hubble-1b-100b_toks-paraphrased-perturbed-hf,64,rougeL_f1_stemmed,0.3228386901505695,0.02455146486494409
wikipedia,allegrolab__hubble-1b-100b_toks-paraphrased-perturbed-hf,64,rougeL_precision_stemmed,0.3400900340431994,0.026768550219489425
wikipedia,allegrolab__hubble-1b-100b_toks-paraphrased-perturbed-hf,64,rougeL_recall_stemmed,0.3653789429302656,0.02283178978295387
wikipedia,allegrolab__hubble-1b-100b_toks-paraphrased-perturbed-hf,64,exact_match_tokens,0.039473684210526314,0.015846012401932917
wikipedia,allegrolab__hubble-1b-100b_toks-paraphrased-perturbed-hf,64,exact_match_tokens_s100,0.09868421052631579,0.0242702277375227
wikipedia,allegrolab__hubble-1b-100b_toks-paraphrased-perturbed-hf,64,rougeL_f1_s100,0.40490797739344275,0.026307750602421822
wikipedia,allegrolab__hubble-1b-100b_toks-paraphrased-perturbed-hf,64,rougeL_recall_s100,0.4033702747088494,0.0264305567513541
wikipedia,allegrolab__hubble-1b-100b_toks-paraphrased-perturbed-hf,64,rougeL_precision_s100,0.42379017737303953,0.026557359996964756
wikipedia,allegrolab__hubble-1b-100b_toks-paraphrased-perturbed-hf,256,rougeL_f1,0.9544192465839568,0.020385147277695026
wikipedia,allegrolab__hubble-1b-100b_toks-paraphrased-perturbed-hf,256,rougeL_precision,0.9535415792273885,0.020693211832485237
wikipedia,allegrolab__hubble-1b-100b_toks-paraphrased-perturbed-hf,256,rougeL_recall,0.9596509838523805,0.018961519827409592
wikipedia,allegrolab__hubble-1b-100b_toks-paraphrased-perturbed-hf,256,rougeL_f1_stemmed,0.954674031272952,0.020284084243463528
wikipedia,allegrolab__hubble-1b-100b_toks-paraphrased-perturbed-hf,256,rougeL_precision_stemmed,0.953888039997369,0.020563517626534897
wikipedia,allegrolab__hubble-1b-100b_toks-paraphrased-perturbed-hf,256,rougeL_recall_stemmed,0.9598666870447877,0.018871679585655356
wikipedia,allegrolab__hubble-1b-100b_toks-paraphrased-perturbed-hf,256,exact_match_tokens,0.9210526315789473,0.031137262016313772
wikipedia,allegrolab__hubble-1b-100b_toks-paraphrased-perturbed-hf,256,exact_match_tokens_s100,0.9078947368421053,0.03339099352749874
wikipedia,allegrolab__hubble-1b-100b_toks-paraphrased-perturbed-hf,256,rougeL_f1_s100,0.9668994949002718,0.016992861743573198
wikipedia,allegrolab__hubble-1b-100b_toks-paraphrased-perturbed-hf,256,rougeL_recall_s100,0.9661945980832971,0.017292242601837846
wikipedia,allegrolab__hubble-1b-100b_toks-paraphrased-perturbed-hf,256,rougeL_precision_s100,0.9678353233206909,0.01657652535820706
wikipedia,allegrolab__hubble-1b-100b_toks-perturbed-hf,0,rougeL_f1,0.10128512711460162,0.001653409310913198
wikipedia,allegrolab__hubble-1b-100b_toks-perturbed-hf,0,rougeL_precision,0.08581857966024932,0.002756609287100043
wikipedia,allegrolab__hubble-1b-100b_toks-perturbed-hf,0,rougeL_recall,0.1771392209249406,0.0025544685050102357
wikipedia,allegrolab__hubble-1b-100b_toks-perturbed-hf,0,rougeL_f1_stemmed,0.10423441274720513,0.0016763412544636678
wikipedia,allegrolab__hubble-1b-100b_toks-perturbed-hf,0,rougeL_precision_stemmed,0.08817344342444303,0.0027911356526705592
wikipedia,allegrolab__hubble-1b-100b_toks-perturbed-hf,0,rougeL_recall_stemmed,0.18250048855936027,0.0026072712885143214
wikipedia,allegrolab__hubble-1b-100b_toks-perturbed-hf,0,exact_match_tokens,0.0,0.0
wikipedia,allegrolab__hubble-1b-100b_toks-perturbed-hf,0,exact_match_tokens_s100,0.0,0.0
wikipedia,allegrolab__hubble-1b-100b_toks-perturbed-hf,0,rougeL_f1_s100,0.15973346282207015,0.0020778789160155373
wikipedia,allegrolab__hubble-1b-100b_toks-perturbed-hf,0,rougeL_recall_s100,0.16142990806832522,0.002122012731026595
wikipedia,allegrolab__hubble-1b-100b_toks-perturbed-hf,0,rougeL_precision_s100,0.16383962869800153,0.002539075005713973
wikipedia,allegrolab__hubble-1b-100b_toks-perturbed-hf,1,rougeL_f1,0.10483873653214759,0.0016170316792352498
wikipedia,allegrolab__hubble-1b-100b_toks-perturbed-hf,1,rougeL_precision,0.08277584834523564,0.0021240731757021306
wikipedia,allegrolab__hubble-1b-100b_toks-perturbed-hf,1,rougeL_recall,0.18500176729058107,0.002426958005019689
wikipedia,allegrolab__hubble-1b-100b_toks-perturbed-hf,1,rougeL_f1_stemmed,0.1078869478967579,0.0016459600941743705
wikipedia,allegrolab__hubble-1b-100b_toks-perturbed-hf,1,rougeL_precision_stemmed,0.08507438853255185,0.002155356642816983
wikipedia,allegrolab__hubble-1b-100b_toks-perturbed-hf,1,rougeL_recall_stemmed,0.19061910534090187,0.0024991141440666256
wikipedia,allegrolab__hubble-1b-100b_toks-perturbed-hf,1,exact_match_tokens,0.0,0.0
wikipedia,allegrolab__hubble-1b-100b_toks-perturbed-hf,1,exact_match_tokens_s100,0.0,0.0
wikipedia,allegrolab__hubble-1b-100b_toks-perturbed-hf,1,rougeL_f1_s100,0.16176124751681084,0.0020126594992771083
wikipedia,allegrolab__hubble-1b-100b_toks-perturbed-hf,1,rougeL_recall_s100,0.16448396726292444,0.002061397389096879
wikipedia,allegrolab__hubble-1b-100b_toks-perturbed-hf,1,rougeL_precision_s100,0.1615846972814299,0.0021080955378274687
wikipedia,allegrolab__hubble-1b-100b_toks-perturbed-hf,4,rougeL_f1,0.10277791812068196,0.0016682229261554954
wikipedia,allegrolab__hubble-1b-100b_toks-perturbed-hf,4,rougeL_precision,0.08359699926510201,0.002907693391071447
wikipedia,allegrolab__hubble-1b-100b_toks-perturbed-hf,4,rougeL_recall,0.18585956784253582,0.002524150178071108
wikipedia,allegrolab__hubble-1b-100b_toks-perturbed-hf,4,rougeL_f1_stemmed,0.1058794622850606,0.0017034140529629026
wikipedia,allegrolab__hubble-1b-100b_toks-perturbed-hf,4,rougeL_precision_stemmed,0.08591436917989821,0.0029263661417597985
wikipedia,allegrolab__hubble-1b-100b_toks-perturbed-hf,4,rougeL_recall_stemmed,0.19159015436081503,0.002599669978389359
wikipedia,allegrolab__hubble-1b-100b_toks-perturbed-hf,4,exact_match_tokens,0.0,0.0
wikipedia,allegrolab__hubble-1b-100b_toks-perturbed-hf,4,exact_match_tokens_s100,0.0,0.0
wikipedia,allegrolab__hubble-1b-100b_toks-perturbed-hf,4,rougeL_f1_s100,0.16284028940298872,0.0021696150221787716
wikipedia,allegrolab__hubble-1b-100b_toks-perturbed-hf,4,rougeL_recall_s100,0.16540116888148892,0.0021986954315802295
wikipedia,allegrolab__hubble-1b-100b_toks-perturbed-hf,4,rougeL_precision_s100,0.1660651041946457,0.002859507205360293
wikipedia,allegrolab__hubble-1b-100b_toks-perturbed-hf,16,rougeL_f1,0.10786937948110442,0.003217510510022728
wikipedia,allegrolab__hubble-1b-100b_toks-perturbed-hf,16,rougeL_precision,0.0861628256424948,0.00391612164752217
wikipedia,allegrolab__hubble-1b-100b_toks-perturbed-hf,16,rougeL_recall,0.18889194349956703,0.004229369792790038
wikipedia,allegrolab__hubble-1b-100b_toks-perturbed-hf,16,rougeL_f1_stemmed,0.11066891271743051,0.0032419039055773566
wikipedia,allegrolab__hubble-1b-100b_toks-perturbed-hf,16,rougeL_precision_stemmed,0.08860846652183993,0.00405865911762574
wikipedia,allegrolab__hubble-1b-100b_toks-perturbed-hf,16,rougeL_recall_stemmed,0.1939314226057847,0.004297758756646715
wikipedia,allegrolab__hubble-1b-100b_toks-perturbed-hf,16,exact_match_tokens,0.0,0.0
wikipedia,allegrolab__hubble-1b-100b_toks-perturbed-hf,16,exact_match_tokens_s100,0.002638522427440633,0.0026385224274406336
wikipedia,allegrolab__hubble-1b-100b_toks-perturbed-hf,16,rougeL_f1_s100,0.16652504312107547,0.00389223944516994
wikipedia,allegrolab__hubble-1b-100b_toks-perturbed-hf,16,rougeL_recall_s100,0.1686134558561994,0.003925294389589655
wikipedia,allegrolab__hubble-1b-100b_toks-perturbed-hf,16,rougeL_precision_s100,0.16850621469332205,0.004097722901588803
wikipedia,allegrolab__hubble-1b-100b_toks-perturbed-hf,64,rougeL_f1,0.3123976885857405,0.025058152784966894
wikipedia,allegrolab__hubble-1b-100b_toks-perturbed-hf,64,rougeL_precision,0.31167589321205924,0.02645632550192071
wikipedia,allegrolab__hubble-1b-100b_toks-perturbed-hf,64,rougeL_recall,0.3709262008064891,0.024731450763174494
wikipedia,allegrolab__hubble-1b-100b_toks-perturbed-hf,64,rougeL_f1_stemmed,0.3148080998081107,0.024982930348982683
wikipedia,allegrolab__hubble-1b-100b_toks-perturbed-hf,64,rougeL_precision_stemmed,0.31380046207566087,0.026401004185319595
wikipedia,allegrolab__hubble-1b-100b_toks-perturbed-hf,64,rougeL_recall_stemmed,0.3743610730438333,0.024611158815156006
wikipedia,allegrolab__hubble-1b-100b_toks-perturbed-hf,64,exact_match_tokens,0.05921052631578947,0.01920689719680029
wikipedia,allegrolab__hubble-1b-100b_toks-perturbed-hf,64,exact_match_tokens_s100,0.15789473684210525,0.029674167520101446
wikipedia,allegrolab__hubble-1b-100b_toks-perturbed-hf,64,rougeL_f1_s100,0.40718080392184597,0.027768194914758924
wikipedia,allegrolab__hubble-1b-100b_toks-perturbed-hf,64,rougeL_recall_s100,0.4061565410406587,0.027886840575183813
wikipedia,allegrolab__hubble-1b-100b_toks-perturbed-hf,64,rougeL_precision_s100,0.4257384892146667,0.028203956211024655
wikipedia,allegrolab__hubble-1b-100b_toks-perturbed-hf,256,rougeL_f1,0.9872608004392603,0.01137957927554931
wikipedia,allegrolab__hubble-1b-100b_toks-perturbed-hf,256,rougeL_precision,0.9863004176391802,0.01201242422097682
wikipedia,allegrolab__hubble-1b-100b_toks-perturbed-hf,256,rougeL_recall,0.9892771704413102,0.00973682937802611
wikipedia,allegrolab__hubble-1b-100b_toks-perturbed-hf,256,rougeL_f1_stemmed,0.9872608004392603,0.01137957927554931
wikipedia,allegrolab__hubble-1b-100b_toks-perturbed-hf,256,rougeL_precision_stemmed,0.9863004176391802,0.01201242422097682
wikipedia,allegrolab__hubble-1b-100b_toks-perturbed-hf,256,rougeL_recall_stemmed,0.9892771704413102,0.00973682937802611
wikipedia,allegrolab__hubble-1b-100b_toks-perturbed-hf,256,exact_match_tokens,0.9605263157894737,0.022484220382414558
wikipedia,allegrolab__hubble-1b-100b_toks-perturbed-hf,256,exact_match_tokens_s100,0.9736842105263158,0.01848360307518024
wikipedia,allegrolab__hubble-1b-100b_toks-perturbed-hf,256,rougeL_f1_s100,0.9891139719803106,0.010886028019689511
wikipedia,allegrolab__hubble-1b-100b_toks-perturbed-hf,256,rougeL_recall_s100,0.9888407728181212,0.011159227181878749
wikipedia,allegrolab__hubble-1b-100b_toks-perturbed-hf,256,rougeL_precision_s100,0.9894736842105264,0.010526315789473682
wikipedia,allegrolab__hubble-1b-100b_toks-standard-hf,0,rougeL_f1,0.08963485339458437,0.001286990300769131
wikipedia,allegrolab__hubble-1b-100b_toks-standard-hf,0,rougeL_precision,0.0610613523183284,0.0010545406387243844
wikipedia,allegrolab__hubble-1b-100b_toks-standard-hf,0,rougeL_recall,0.18135367589578988,0.002457850451528467
wikipedia,allegrolab__hubble-1b-100b_toks-standard-hf,0,rougeL_f1_stemmed,0.09248956676234839,0.0013291112136002137
wikipedia,allegrolab__hubble-1b-100b_toks-standard-hf,0,rougeL_precision_stemmed,0.0630031796734574,0.0010927286594553433
wikipedia,allegrolab__hubble-1b-100b_toks-standard-hf,0,rougeL_recall_stemmed,0.1872075814477973,0.002545304972987773
wikipedia,allegrolab__hubble-1b-100b_toks-standard-hf,0,exact_match_tokens,0.0,0.0
wikipedia,allegrolab__hubble-1b-100b_toks-standard-hf,0,exact_match_tokens_s100,0.0,0.0
wikipedia,allegrolab__hubble-1b-100b_toks-standard-hf,0,rougeL_f1_s100,0.15778645959382726,0.002006256606878467
wikipedia,allegrolab__hubble-1b-100b_toks-standard-hf,0,rougeL_recall_s100,0.1610935663943748,0.0020450163671551134
wikipedia,allegrolab__hubble-1b-100b_toks-standard-hf,0,rougeL_precision_s100,0.15658633619886356,0.0020700229180059745
wikipedia,allegrolab__hubble-1b-100b_toks-standard-hf,1,rougeL_f1,0.09144553307392284,0.001257868092222196
wikipedia,allegrolab__hubble-1b-100b_toks-standard-hf,1,rougeL_precision,0.06410559886100183,0.0015955206851523114
wikipedia,allegrolab__hubble-1b-100b_toks-standard-hf,1,rougeL_recall,0.18312407021854932,0.0025236355001201785
wikipedia,allegrolab__hubble-1b-100b_toks-standard-hf,1,rougeL_f1_stemmed,0.09436361339880954,0.0012991119398145846
wikipedia,allegrolab__hubble-1b-100b_toks-standard-hf,1,rougeL_precision_stemmed,0.06613676142034375,0.001625450410036123
wikipedia,allegrolab__hubble-1b-100b_toks-standard-hf,1,rougeL_recall_stemmed,0.18903026729794156,0.0026027820984393588
wikipedia,allegrolab__hubble-1b-100b_toks-standard-hf,1,exact_match_tokens,0.0,0.0
wikipedia,allegrolab__hubble-1b-100b_toks-standard-hf,1,exact_match_tokens_s100,0.0,0.0
wikipedia,allegrolab__hubble-1b-100b_toks-standard-hf,1,rougeL_f1_s100,0.159657642934531,0.0019377284146000259
wikipedia,allegrolab__hubble-1b-100b_toks-standard-hf,1,rougeL_recall_s100,0.16263391376101619,0.0019906905459190593
wikipedia,allegrolab__hubble-1b-100b_toks-standard-hf,1,rougeL_precision_s100,0.1603822782293042,0.0022869440258017843
wikipedia,allegrolab__hubble-1b-100b_toks-standard-hf,4,rougeL_f1,0.0913521199468398,0.0013473508099811134
wikipedia,allegrolab__hubble-1b-100b_toks-standard-hf,4,rougeL_precision,0.06338691349746703,0.001195136014392502
wikipedia,allegrolab__hubble-1b-100b_toks-standard-hf,4,rougeL_recall,0.18137812795133781,0.0025071019849865523
wikipedia,allegrolab__hubble-1b-100b_toks-standard-hf,4,rougeL_f1_stemmed,0.09428587079357882,0.001373665867901369
wikipedia,allegrolab__hubble-1b-100b_toks-standard-hf,4,rougeL_precision_stemmed,0.06535947395450682,0.0012066658258691634
wikipedia,allegrolab__hubble-1b-100b_toks-standard-hf,4,rougeL_recall_stemmed,0.18737898462186076,0.0025811579811020097
wikipedia,allegrolab__hubble-1b-100b_toks-standard-hf,4,exact_match_tokens,0.0,0.0
wikipedia,allegrolab__hubble-1b-100b_toks-standard-hf,4,exact_match_tokens_s100,0.0,0.0
wikipedia,allegrolab__hubble-1b-100b_toks-standard-hf,4,rougeL_f1_s100,0.1587982204227865,0.0021271279516654746
wikipedia,allegrolab__hubble-1b-100b_toks-standard-hf,4,rougeL_recall_s100,0.16071129563266143,0.0021521494009380552
wikipedia,allegrolab__hubble-1b-100b_toks-standard-hf,4,rougeL_precision_s100,0.16012950052878558,0.0022114497118499374
wikipedia,allegrolab__hubble-1b-100b_toks-standard-hf,16,rougeL_f1,0.0904191699504599,0.0020221031136028354
wikipedia,allegrolab__hubble-1b-100b_toks-standard-hf,16,rougeL_precision,0.06371202995820394,0.001958635876377671
wikipedia,allegrolab__hubble-1b-100b_toks-standard-hf,16,rougeL_recall,0.17867866061050122,0.0037583276312021523
wikipedia,allegrolab__hubble-1b-100b_toks-standard-hf,16,rougeL_f1_stemmed,0.09279438911017876,0.002063948094886134
wikipedia,allegrolab__hubble-1b-100b_toks-standard-hf,16,rougeL_precision_stemmed,0.06544518207506696,0.002030900559639798
wikipedia,allegrolab__hubble-1b-100b_toks-standard-hf,16,rougeL_recall_stemmed,0.1833268352585973,0.003839124496805133
wikipedia,allegrolab__hubble-1b-100b_toks-standard-hf,16,exact_match_tokens,0.0,0.0
wikipedia,allegrolab__hubble-1b-100b_toks-standard-hf,16,exact_match_tokens_s100,0.0,0.0
wikipedia,allegrolab__hubble-1b-100b_toks-standard-hf,16,rougeL_f1_s100,0.1534051503108355,0.003125573845402593
wikipedia,allegrolab__hubble-1b-100b_toks-standard-hf,16,rougeL_recall_s100,0.1557751511931133,0.003188046679122635
wikipedia,allegrolab__hubble-1b-100b_toks-standard-hf,16,rougeL_precision_s100,0.15390983889088009,0.003212332251605378
wikipedia,allegrolab__hubble-1b-100b_toks-standard-hf,64,rougeL_f1,0.08787230004150856,0.0030815613262200362
wikipedia,allegrolab__hubble-1b-100b_toks-standard-hf,64,rougeL_precision,0.06196781958875314,0.00302794331124468
wikipedia,allegrolab__hubble-1b-100b_toks-standard-hf,64,rougeL_recall,0.17376702143047512,0.005778678891859924
wikipedia,allegrolab__hubble-1b-100b_toks-standard-hf,64,rougeL_f1_stemmed,0.09056188252059826,0.003143492497925225
wikipedia,allegrolab__hubble-1b-100b_toks-standard-hf,64,rougeL_precision_stemmed,0.06377900794044104,0.003048479494635956
wikipedia,allegrolab__hubble-1b-100b_toks-standard-hf,64,rougeL_recall_stemmed,0.17914946778110438,0.00592687468345589
wikipedia,allegrolab__hubble-1b-100b_toks-standard-hf,64,exact_match_tokens,0.0,0.0
wikipedia,allegrolab__hubble-1b-100b_toks-standard-hf,64,exact_match_tokens_s100,0.0,0.0
wikipedia,allegrolab__hubble-1b-100b_toks-standard-hf,64,rougeL_f1_s100,0.15401380837756729,0.004606639779221532
wikipedia,allegrolab__hubble-1b-100b_toks-standard-hf,64,rougeL_recall_s100,0.15583682614865918,0.0046509312983557295
wikipedia,allegrolab__hubble-1b-100b_toks-standard-hf,64,rougeL_precision_s100,0.15551775950179417,0.004835262596243868
wikipedia,allegrolab__hubble-1b-100b_toks-standard-hf,256,rougeL_f1,0.09087367901373448,0.004568294454336372
wikipedia,allegrolab__hubble-1b-100b_toks-standard-hf,256,rougeL_precision,0.06252783479123603,0.0038287720582425334
wikipedia,allegrolab__hubble-1b-100b_toks-standard-hf,256,rougeL_recall,0.1814156533217002,0.00784854929111186
wikipedia,allegrolab__hubble-1b-100b_toks-standard-hf,256,rougeL_f1_stemmed,0.09329188616919061,0.004669217052200612
wikipedia,allegrolab__hubble-1b-100b_toks-standard-hf,256,rougeL_precision_stemmed,0.0642005672806623,0.003943332773469017
wikipedia,allegrolab__hubble-1b-100b_toks-standard-hf,256,rougeL_recall_stemmed,0.1862894969484498,0.008070952237658661
wikipedia,allegrolab__hubble-1b-100b_toks-standard-hf,256,exact_match_tokens,0.0,0.0
wikipedia,allegrolab__hubble-1b-100b_toks-standard-hf,256,exact_match_tokens_s100,0.0,0.0
wikipedia,allegrolab__hubble-1b-100b_toks-standard-hf,256,rougeL_f1_s100,0.1609034944705962,0.007743805500617882
wikipedia,allegrolab__hubble-1b-100b_toks-standard-hf,256,rougeL_recall_s100,0.16585547595845695,0.007709982061712573
wikipedia,allegrolab__hubble-1b-100b_toks-standard-hf,256,rougeL_precision_s100,0.15825261675940014,0.007882571571622235
wikipedia,allegrolab__hubble-1b-500b_toks-perturbed-hf,0,rougeL_f1,0.09591723882866111,0.00142135889387631
wikipedia,allegrolab__hubble-1b-500b_toks-perturbed-hf,0,rougeL_precision,0.07358571866262271,0.0022166049493812837
wikipedia,allegrolab__hubble-1b-500b_toks-perturbed-hf,0,rougeL_recall,0.1829829898533486,0.002521198551819596
wikipedia,allegrolab__hubble-1b-500b_toks-perturbed-hf,0,rougeL_f1_stemmed,0.0987453545198178,0.0014479575691695309
wikipedia,allegrolab__hubble-1b-500b_toks-perturbed-hf,0,rougeL_precision_stemmed,0.07587594876912603,0.0022742134563768133
wikipedia,allegrolab__hubble-1b-500b_toks-perturbed-hf,0,rougeL_recall_stemmed,0.18857427904336282,0.0025944903094445044
wikipedia,allegrolab__hubble-1b-500b_toks-perturbed-hf,0,exact_match_tokens,0.0,0.0
wikipedia,allegrolab__hubble-1b-500b_toks-perturbed-hf,0,exact_match_tokens_s100,0.0,0.0
wikipedia,allegrolab__hubble-1b-500b_toks-perturbed-hf,0,rougeL_f1_s100,0.16040862595716554,0.0021322936475847228
wikipedia,allegrolab__hubble-1b-500b_toks-perturbed-hf,0,rougeL_recall_s100,0.16261105430172654,0.0021563226353030684
wikipedia,allegrolab__hubble-1b-500b_toks-perturbed-hf,0,rougeL_precision_s100,0.1625391995456251,0.0025380626607736183
wikipedia,allegrolab__hubble-1b-500b_toks-perturbed-hf,1,rougeL_f1,0.09757121434175478,0.0014383295750421256
wikipedia,allegrolab__hubble-1b-500b_toks-perturbed-hf,1,rougeL_precision,0.076415536966789,0.0024118697491933463
wikipedia,allegrolab__hubble-1b-500b_toks-perturbed-hf,1,rougeL_recall,0.18360990575193703,0.0025092839423050605
wikipedia,allegrolab__hubble-1b-500b_toks-perturbed-hf,1,rougeL_f1_stemmed,0.1007191958145667,0.0014781906043398272
wikipedia,allegrolab__hubble-1b-500b_toks-perturbed-hf,1,rougeL_precision_stemmed,0.07878675664673851,0.0024646456910453313
wikipedia,allegrolab__hubble-1b-500b_toks-perturbed-hf,1,rougeL_recall_stemmed,0.1897167865008753,0.0025964650762047973
wikipedia,allegrolab__hubble-1b-500b_toks-perturbed-hf,1,exact_match_tokens,0.0,0.0
wikipedia,allegrolab__hubble-1b-500b_toks-perturbed-hf,1,exact_match_tokens_s100,0.0,0.0
wikipedia,allegrolab__hubble-1b-500b_toks-perturbed-hf,1,rougeL_f1_s100,0.1589509045457671,0.001921642229879025
wikipedia,allegrolab__hubble-1b-500b_toks-perturbed-hf,1,rougeL_recall_s100,0.1611096811577495,0.0019929996759794335
wikipedia,allegrolab__hubble-1b-500b_toks-perturbed-hf,1,rougeL_precision_s100,0.16250144774503425,0.002329620120040174
wikipedia,allegrolab__hubble-1b-500b_toks-perturbed-hf,4,rougeL_f1,0.09912634345816207,0.0014953073996448023
wikipedia,allegrolab__hubble-1b-500b_toks-perturbed-hf,4,rougeL_precision,0.0757801647834291,0.0019686760075623188
wikipedia,allegrolab__hubble-1b-500b_toks-perturbed-hf,4,rougeL_recall,0.18746349209132016,0.0025799949601357703
wikipedia,allegrolab__hubble-1b-500b_toks-perturbed-hf,4,rougeL_f1_stemmed,0.10217145757523746,0.0015229408010445536
wikipedia,allegrolab__hubble-1b-500b_toks-perturbed-hf,4,rougeL_precision_stemmed,0.07836018322013928,0.00210260000726393
wikipedia,allegrolab__hubble-1b-500b_toks-perturbed-hf,4,rougeL_recall_stemmed,0.19330712093511973,0.0026440603532869567
wikipedia,allegrolab__hubble-1b-500b_toks-perturbed-hf,4,exact_match_tokens,0.0,0.0
wikipedia,allegrolab__hubble-1b-500b_toks-perturbed-hf,4,exact_match_tokens_s100,0.0,0.0
wikipedia,allegrolab__hubble-1b-500b_toks-perturbed-hf,4,rougeL_f1_s100,0.16158498568683743,0.00212384090754675
wikipedia,allegrolab__hubble-1b-500b_toks-perturbed-hf,4,rougeL_recall_s100,0.16340918285750305,0.0021751278410982243
wikipedia,allegrolab__hubble-1b-500b_toks-perturbed-hf,4,rougeL_precision_s100,0.16366555696630364,0.002312322871061383
wikipedia,allegrolab__hubble-1b-500b_toks-perturbed-hf,16,rougeL_f1,0.09939562288274033,0.002059383765290006
wikipedia,allegrolab__hubble-1b-500b_toks-perturbed-hf,16,rougeL_precision,0.07393451737008946,0.0025496267676363266
wikipedia,allegrolab__hubble-1b-500b_toks-perturbed-hf,16,rougeL_recall,0.18836311678150303,0.0037311448684986164
wikipedia,allegrolab__hubble-1b-500b_toks-perturbed-hf,16,rougeL_f1_stemmed,0.10249300758158127,0.002109246573993528
wikipedia,allegrolab__hubble-1b-500b_toks-perturbed-hf,16,rougeL_precision_stemmed,0.07618008182667674,0.002608723600938653
wikipedia,allegrolab__hubble-1b-500b_toks-perturbed-hf,16,rougeL_recall_stemmed,0.1942830460213692,0.003831172039765626
wikipedia,allegrolab__hubble-1b-500b_toks-perturbed-hf,16,exact_match_tokens,0.0,0.0
wikipedia,allegrolab__hubble-1b-500b_toks-perturbed-hf,16,exact_match_tokens_s100,0.0,0.0
wikipedia,allegrolab__hubble-1b-500b_toks-perturbed-hf,16,rougeL_f1_s100,0.1635090827681991,0.0030745776651875745
wikipedia,allegrolab__hubble-1b-500b_toks-perturbed-hf,16,rougeL_recall_s100,0.16440461337511172,0.0031232072974361653
wikipedia,allegrolab__hubble-1b-500b_toks-perturbed-hf,16,rougeL_precision_s100,0.1654786680532667,0.003234008809747629
wikipedia,allegrolab__hubble-1b-500b_toks-perturbed-hf,64,rougeL_f1,0.09854533949877094,0.0038839145061094226
wikipedia,allegrolab__hubble-1b-500b_toks-perturbed-hf,64,rougeL_precision,0.07630482398493292,0.006375245391644525
wikipedia,allegrolab__hubble-1b-500b_toks-perturbed-hf,64,rougeL_recall,0.18619427250415935,0.005751991652278384
wikipedia,allegrolab__hubble-1b-500b_toks-perturbed-hf,64,rougeL_f1_stemmed,0.10120187178443939,0.003880403187333409
wikipedia,allegrolab__hubble-1b-500b_toks-perturbed-hf,64,rougeL_precision_stemmed,0.0781776555044181,0.006361048660623357
wikipedia,allegrolab__hubble-1b-500b_toks-perturbed-hf,64,rougeL_recall_stemmed,0.1912531118051206,0.005817677931818113
wikipedia,allegrolab__hubble-1b-500b_toks-perturbed-hf,64,exact_match_tokens,0.0,0.0
wikipedia,allegrolab__hubble-1b-500b_toks-perturbed-hf,64,exact_match_tokens_s100,0.0,0.0
wikipedia,allegrolab__hubble-1b-500b_toks-perturbed-hf,64,rougeL_f1_s100,0.16313549781104536,0.005466379469703867
wikipedia,allegrolab__hubble-1b-500b_toks-perturbed-hf,64,rougeL_recall_s100,0.164873613993956,0.005491607236168349
wikipedia,allegrolab__hubble-1b-500b_toks-perturbed-hf,64,rougeL_precision_s100,0.16547018209333555,0.006358903690735482
wikipedia,allegrolab__hubble-1b-500b_toks-perturbed-hf,256,rougeL_f1,0.22696905581561086,0.028616348375771313
wikipedia,allegrolab__hubble-1b-500b_toks-perturbed-hf,256,rougeL_precision,0.20965733070807901,0.03002018330063639
wikipedia,allegrolab__hubble-1b-500b_toks-perturbed-hf,256,rougeL_recall,0.3178779399086559,0.027999745620890935
wikipedia,allegrolab__hubble-1b-500b_toks-perturbed-hf,256,rougeL_f1_stemmed,0.22995007769369688,0.028512299627270928
wikipedia,allegrolab__hubble-1b-500b_toks-perturbed-hf,256,rougeL_precision_stemmed,0.21181281432234814,0.029939752278488888
wikipedia,allegrolab__hubble-1b-500b_toks-perturbed-hf,256,rougeL_recall_stemmed,0.32363837906340176,0.027897669462818776
wikipedia,allegrolab__hubble-1b-500b_toks-perturbed-hf,256,exact_match_tokens,0.039473684210526314,0.022484220382414558
wikipedia,allegrolab__hubble-1b-500b_toks-perturbed-hf,256,exact_match_tokens_s100,0.05263157894736842,0.025784102555612396
wikipedia,allegrolab__hubble-1b-500b_toks-perturbed-hf,256,rougeL_f1_s100,0.3407479652170467,0.032203426461064374
wikipedia,allegrolab__hubble-1b-500b_toks-perturbed-hf,256,rougeL_recall_s100,0.3412949611654473,0.03223214297852979
wikipedia,allegrolab__hubble-1b-500b_toks-perturbed-hf,256,rougeL_precision_s100,0.3454735649043396,0.03217499332514531
wikipedia,allegrolab__hubble-1b-500b_toks-standard-hf,0,rougeL_f1,0.09240216133187241,0.0013869214272209192
wikipedia,allegrolab__hubble-1b-500b_toks-standard-hf,0,rougeL_precision,0.06270341471732394,0.0010525686174149545
wikipedia,allegrolab__hubble-1b-500b_toks-standard-hf,0,rougeL_recall,0.18598575685230342,0.0025970028213977746
wikipedia,allegrolab__hubble-1b-500b_toks-standard-hf,0,rougeL_f1_stemmed,0.09553790162993242,0.0014241560534585117
wikipedia,allegrolab__hubble-1b-500b_toks-standard-hf,0,rougeL_precision_stemmed,0.06479509480082361,0.0010759950037603314
wikipedia,allegrolab__hubble-1b-500b_toks-standard-hf,0,rougeL_recall_stemmed,0.19246914515246327,0.0026823971120685124
wikipedia,allegrolab__hubble-1b-500b_toks-standard-hf,0,exact_match_tokens,0.0,0.0
wikipedia,allegrolab__hubble-1b-500b_toks-standard-hf,0,exact_match_tokens_s100,0.0,0.0
wikipedia,allegrolab__hubble-1b-500b_toks-standard-hf,0,rougeL_f1_s100,0.1590834846458696,0.002114520728541398
wikipedia,allegrolab__hubble-1b-500b_toks-standard-hf,0,rougeL_recall_s100,0.16184309674123523,0.002119600075773478
wikipedia,allegrolab__hubble-1b-500b_toks-standard-hf,0,rougeL_precision_s100,0.1583751430097216,0.0022071467300918603
wikipedia,allegrolab__hubble-1b-500b_toks-standard-hf,1,rougeL_f1,0.0948378347329899,0.0013545727478671845
wikipedia,allegrolab__hubble-1b-500b_toks-standard-hf,1,rougeL_precision,0.0653862156014993,0.00120129531741309
wikipedia,allegrolab__hubble-1b-500b_toks-standard-hf,1,rougeL_recall,0.1894690893911905,0.0026117806815942756
wikipedia,allegrolab__hubble-1b-500b_toks-standard-hf,1,rougeL_f1_stemmed,0.09810283334140636,0.0014090275183540287
wikipedia,allegrolab__hubble-1b-500b_toks-standard-hf,1,rougeL_precision_stemmed,0.06760676215465249,0.0012349091562943151
wikipedia,allegrolab__hubble-1b-500b_toks-standard-hf,1,rougeL_recall_stemmed,0.19597778583015543,0.0027047873007151895
wikipedia,allegrolab__hubble-1b-500b_toks-standard-hf,1,exact_match_tokens,0.0,0.0
wikipedia,allegrolab__hubble-1b-500b_toks-standard-hf,1,exact_match_tokens_s100,0.0,0.0
wikipedia,allegrolab__hubble-1b-500b_toks-standard-hf,1,rougeL_f1_s100,0.16312716000652014,0.0020662351003362042
wikipedia,allegrolab__hubble-1b-500b_toks-standard-hf,1,rougeL_recall_s100,0.16534063904528207,0.002092133978951704
wikipedia,allegrolab__hubble-1b-500b_toks-standard-hf,1,rougeL_precision_s100,0.16349916135796688,0.0021596284482951855
wikipedia,allegrolab__hubble-1b-500b_toks-standard-hf,4,rougeL_f1,0.09382408418939497,0.0014150290137135786
wikipedia,allegrolab__hubble-1b-500b_toks-standard-hf,4,rougeL_precision,0.0644708108561536,0.0012257665398750818
wikipedia,allegrolab__hubble-1b-500b_toks-standard-hf,4,rougeL_recall,0.18648686844369622,0.0025760287240913526
wikipedia,allegrolab__hubble-1b-500b_toks-standard-hf,4,rougeL_f1_stemmed,0.09680046662180444,0.0014507339764459491
wikipedia,allegrolab__hubble-1b-500b_toks-standard-hf,4,rougeL_precision_stemmed,0.06647499658290007,0.0012420072208925372
wikipedia,allegrolab__hubble-1b-500b_toks-standard-hf,4,rougeL_recall_stemmed,0.1924847591508984,0.002663055593571142
wikipedia,allegrolab__hubble-1b-500b_toks-standard-hf,4,exact_match_tokens,0.0,0.0
wikipedia,allegrolab__hubble-1b-500b_toks-standard-hf,4,exact_match_tokens_s100,0.0,0.0
wikipedia,allegrolab__hubble-1b-500b_toks-standard-hf,4,rougeL_f1_s100,0.1611672688375561,0.002146159380951672
wikipedia,allegrolab__hubble-1b-500b_toks-standard-hf,4,rougeL_recall_s100,0.1634398907691507,0.00218315301267346
wikipedia,allegrolab__hubble-1b-500b_toks-standard-hf,4,rougeL_precision_s100,0.16141045336774842,0.002220990631059605
wikipedia,allegrolab__hubble-1b-500b_toks-standard-hf,16,rougeL_f1,0.09301907945042162,0.0020058253696063856
wikipedia,allegrolab__hubble-1b-500b_toks-standard-hf,16,rougeL_precision,0.06363790113020933,0.0015553152363114596
wikipedia,allegrolab__hubble-1b-500b_toks-standard-hf,16,rougeL_recall,0.1844751232249169,0.003845697963277185
wikipedia,allegrolab__hubble-1b-500b_toks-standard-hf,16,rougeL_f1_stemmed,0.09539268913998947,0.0020524015892352003
wikipedia,allegrolab__hubble-1b-500b_toks-standard-hf,16,rougeL_precision_stemmed,0.06523307511594674,0.0015812616303952048
wikipedia,allegrolab__hubble-1b-500b_toks-standard-hf,16,rougeL_recall_stemmed,0.18924015338648703,0.0039470505362128
wikipedia,allegrolab__hubble-1b-500b_toks-standard-hf,16,exact_match_tokens,0.0,0.0
wikipedia,allegrolab__hubble-1b-500b_toks-standard-hf,16,exact_match_tokens_s100,0.0,0.0
wikipedia,allegrolab__hubble-1b-500b_toks-standard-hf,16,rougeL_f1_s100,0.1571803172968894,0.003087098436936187
wikipedia,allegrolab__hubble-1b-500b_toks-standard-hf,16,rougeL_recall_s100,0.15909663432814647,0.0031902325782309695
wikipedia,allegrolab__hubble-1b-500b_toks-standard-hf,16,rougeL_precision_s100,0.15751162605400088,0.0031084489994710226
wikipedia,allegrolab__hubble-1b-500b_toks-standard-hf,64,rougeL_f1,0.09033708351429572,0.0030421771654106453
wikipedia,allegrolab__hubble-1b-500b_toks-standard-hf,64,rougeL_precision,0.061236879297715235,0.002250617678577021
wikipedia,allegrolab__hubble-1b-500b_toks-standard-hf,64,rougeL_recall,0.1814999352177563,0.005960902791167659
wikipedia,allegrolab__hubble-1b-500b_toks-standard-hf,64,rougeL_f1_stemmed,0.09314497613332233,0.003085506916336361
wikipedia,allegrolab__hubble-1b-500b_toks-standard-hf,64,rougeL_precision_stemmed,0.0630961291337534,0.0022666149687908354
wikipedia,allegrolab__hubble-1b-500b_toks-standard-hf,64,rougeL_recall_stemmed,0.18737547987664496,0.00614341693642032
wikipedia,allegrolab__hubble-1b-500b_toks-standard-hf,64,exact_match_tokens,0.0,0.0
wikipedia,allegrolab__hubble-1b-500b_toks-standard-hf,64,exact_match_tokens_s100,0.0,0.0
wikipedia,allegrolab__hubble-1b-500b_toks-standard-hf,64,rougeL_f1_s100,0.15348365049635232,0.0044723203266200055
wikipedia,allegrolab__hubble-1b-500b_toks-standard-hf,64,rougeL_recall_s100,0.15577868167500686,0.0045366266146963105
wikipedia,allegrolab__hubble-1b-500b_toks-standard-hf,64,rougeL_precision_s100,0.1533796173256814,0.004619982020582098
wikipedia,allegrolab__hubble-1b-500b_toks-standard-hf,256,rougeL_f1,0.0924192925297134,0.003973266432805153
wikipedia,allegrolab__hubble-1b-500b_toks-standard-hf,256,rougeL_precision,0.06284280524388766,0.0030402110605617194
wikipedia,allegrolab__hubble-1b-500b_toks-standard-hf,256,rougeL_recall,0.18511450563525755,0.00745240184237241
wikipedia,allegrolab__hubble-1b-500b_toks-standard-hf,256,rougeL_f1_stemmed,0.09477826274515473,0.004061568750001067
wikipedia,allegrolab__hubble-1b-500b_toks-standard-hf,256,rougeL_precision_stemmed,0.06439266213925815,0.0030800020296293394
wikipedia,allegrolab__hubble-1b-500b_toks-standard-hf,256,rougeL_recall_stemmed,0.19013178228746544,0.007741568819491809
wikipedia,allegrolab__hubble-1b-500b_toks-standard-hf,256,exact_match_tokens,0.0,0.0
wikipedia,allegrolab__hubble-1b-500b_toks-standard-hf,256,exact_match_tokens_s100,0.0,0.0
wikipedia,allegrolab__hubble-1b-500b_toks-standard-hf,256,rougeL_f1_s100,0.1588056417553619,0.005302888997516616
wikipedia,allegrolab__hubble-1b-500b_toks-standard-hf,256,rougeL_recall_s100,0.16278830953232512,0.005359022297849729
wikipedia,allegrolab__hubble-1b-500b_toks-standard-hf,256,rougeL_precision_s100,0.156664576792796,0.005451113185864737
wikipedia,allegrolab__hubble-8b-100b_toks-paraphrased-perturbed-hf,0,rougeL_f1,0.13191196404057237,0.0020117153989049176
wikipedia,allegrolab__hubble-8b-100b_toks-paraphrased-perturbed-hf,0,rougeL_precision,0.12311913736186939,0.0027042204890578656
wikipedia,allegrolab__hubble-8b-100b_toks-paraphrased-perturbed-hf,0,rougeL_recall,0.18043398322338,0.0024241134645106546
wikipedia,allegrolab__hubble-8b-100b_toks-paraphrased-perturbed-hf,0,rougeL_f1_stemmed,0.13525863449758063,0.002036286030793806
wikipedia,allegrolab__hubble-8b-100b_toks-paraphrased-perturbed-hf,0,rougeL_precision_stemmed,0.12628824466527497,0.002769925783852587
wikipedia,allegrolab__hubble-8b-100b_toks-paraphrased-perturbed-hf,0,rougeL_recall_stemmed,0.1851905570304098,0.002462448929484308
wikipedia,allegrolab__hubble-8b-100b_toks-paraphrased-perturbed-hf,0,exact_match_tokens,0.0,0.0
wikipedia,allegrolab__hubble-8b-100b_toks-paraphrased-perturbed-hf,0,exact_match_tokens_s100,0.0013175230566534915,0.0013175230566534915
wikipedia,allegrolab__hubble-8b-100b_toks-paraphrased-perturbed-hf,0,rougeL_f1_s100,0.16870492775677481,0.0022855441438534947
wikipedia,allegrolab__hubble-8b-100b_toks-paraphrased-perturbed-hf,0,rougeL_recall_s100,0.1695380966839427,0.002333756773193251
wikipedia,allegrolab__hubble-8b-100b_toks-paraphrased-perturbed-hf,0,rougeL_precision_s100,0.17077631238437688,0.0023855348781043977
wikipedia,allegrolab__hubble-8b-100b_toks-paraphrased-perturbed-hf,1,rougeL_f1,0.14130334617808582,0.0032614186782948433
wikipedia,allegrolab__hubble-8b-100b_toks-paraphrased-perturbed-hf,1,rougeL_precision,0.1325663189374288,0.004021250521813192
wikipedia,allegrolab__hubble-8b-100b_toks-paraphrased-perturbed-hf,1,rougeL_recall,0.19023419182795956,0.003463824197922881
wikipedia,allegrolab__hubble-8b-100b_toks-paraphrased-perturbed-hf,1,rougeL_f1_stemmed,0.1448537197273592,0.003280032395821426
wikipedia,allegrolab__hubble-8b-100b_toks-paraphrased-perturbed-hf,1,rougeL_precision_stemmed,0.1357604996635398,0.00405127868248228
wikipedia,allegrolab__hubble-8b-100b_toks-paraphrased-perturbed-hf,1,rougeL_recall_stemmed,0.19535687708391172,0.0035123435396638716
wikipedia,allegrolab__hubble-8b-100b_toks-paraphrased-perturbed-hf,1,exact_match_tokens,0.0,0.0
wikipedia,allegrolab__hubble-8b-100b_toks-paraphrased-perturbed-hf,1,exact_match_tokens_s100,0.006587615283267457,0.0029382875597591287
wikipedia,allegrolab__hubble-8b-100b_toks-paraphrased-perturbed-hf,1,rougeL_f1_s100,0.17877965220797493,0.0038361164724076157
wikipedia,allegrolab__hubble-8b-100b_toks-paraphrased-perturbed-hf,1,rougeL_recall_s100,0.17968551345604122,0.0038127888377242677
wikipedia,allegrolab__hubble-8b-100b_toks-paraphrased-perturbed-hf,1,rougeL_precision_s100,0.18206067917404645,0.004133220436911661
wikipedia,allegrolab__hubble-8b-100b_toks-paraphrased-perturbed-hf,4,rougeL_f1,0.1484004397023529,0.0036985532839560946
wikipedia,allegrolab__hubble-8b-100b_toks-paraphrased-perturbed-hf,4,rougeL_precision,0.1361008415109227,0.00407960347160715
wikipedia,allegrolab__hubble-8b-100b_toks-paraphrased-perturbed-hf,4,rougeL_recall,0.19849187293848025,0.0038046296999772926
wikipedia,allegrolab__hubble-8b-100b_toks-paraphrased-perturbed-hf,4,rougeL_f1_stemmed,0.15154153884722554,0.0037029440254202173
wikipedia,allegrolab__hubble-8b-100b_toks-paraphrased-perturbed-hf,4,rougeL_precision_stemmed,0.13885471411817127,0.004095894778147214
wikipedia,allegrolab__hubble-8b-100b_toks-paraphrased-perturbed-hf,4,rougeL_recall_stemmed,0.20308021613516045,0.0038190274521737967
wikipedia,allegrolab__hubble-8b-100b_toks-paraphrased-perturbed-hf,4,exact_match_tokens,0.0013175230566534915,0.0013175230566534915
wikipedia,allegrolab__hubble-8b-100b_toks-paraphrased-perturbed-hf,4,exact_match_tokens_s100,0.006587615283267457,0.0029382875597591287
wikipedia,allegrolab__hubble-8b-100b_toks-paraphrased-perturbed-hf,4,rougeL_f1_s100,0.19132458463146987,0.00424414245804371
wikipedia,allegrolab__hubble-8b-100b_toks-paraphrased-perturbed-hf,4,rougeL_recall_s100,0.19254167169361763,0.0042419973412742605
wikipedia,allegrolab__hubble-8b-100b_toks-paraphrased-perturbed-hf,4,rougeL_precision_s100,0.1924996900032689,0.004305228500376906
wikipedia,allegrolab__hubble-8b-100b_toks-paraphrased-perturbed-hf,16,rougeL_f1,0.4354443824396807,0.018699814581281227
wikipedia,allegrolab__hubble-8b-100b_toks-paraphrased-perturbed-hf,16,rougeL_precision,0.42883824092837775,0.01926215312635952
wikipedia,allegrolab__hubble-8b-100b_toks-paraphrased-perturbed-hf,16,rougeL_recall,0.47103737965410103,0.017571915451069134
wikipedia,allegrolab__hubble-8b-100b_toks-paraphrased-perturbed-hf,16,rougeL_f1_stemmed,0.4376266653133601,0.018632155972630935
wikipedia,allegrolab__hubble-8b-100b_toks-paraphrased-perturbed-hf,16,rougeL_precision_stemmed,0.43074653820349984,0.019208813258201233
wikipedia,allegrolab__hubble-8b-100b_toks-paraphrased-perturbed-hf,16,rougeL_recall_stemmed,0.47416370980672623,0.017472362761926343
wikipedia,allegrolab__hubble-8b-100b_toks-paraphrased-perturbed-hf,16,exact_match_tokens,0.17941952506596306,0.019735563948565116
wikipedia,allegrolab__hubble-8b-100b_toks-paraphrased-perturbed-hf,16,exact_match_tokens_s100,0.22955145118733508,0.021630469302254547
wikipedia,allegrolab__hubble-8b-100b_toks-paraphrased-perturbed-hf,16,rougeL_f1_s100,0.4937291916943444,0.018532360990467497
wikipedia,allegrolab__hubble-8b-100b_toks-paraphrased-perturbed-hf,16,rougeL_recall_s100,0.4940888550119201,0.0185051958413745
wikipedia,allegrolab__hubble-8b-100b_toks-paraphrased-perturbed-hf,16,rougeL_precision_s100,0.49595866502053765,0.018596058009261136
wikipedia,allegrolab__hubble-8b-100b_toks-paraphrased-perturbed-hf,64,rougeL_f1,0.9907251661246942,0.004770476694547698
wikipedia,allegrolab__hubble-8b-100b_toks-paraphrased-perturbed-hf,64,rougeL_precision,0.9901673752694252,0.005592140653555414
wikipedia,allegrolab__hubble-8b-100b_toks-paraphrased-perturbed-hf,64,rougeL_recall,0.9932664173561001,0.003674057161894113
wikipedia,allegrolab__hubble-8b-100b_toks-paraphrased-perturbed-hf,64,rougeL_f1_stemmed,0.9907251661246942,0.004770476694547698
wikipedia,allegrolab__hubble-8b-100b_toks-paraphrased-perturbed-hf,64,rougeL_precision_stemmed,0.9901673752694252,0.005592140653555414
wikipedia,allegrolab__hubble-8b-100b_toks-paraphrased-perturbed-hf,64,rougeL_recall_stemmed,0.9932664173561001,0.003674057161894113
wikipedia,allegrolab__hubble-8b-100b_toks-paraphrased-perturbed-hf,64,exact_match_tokens,0.9473684210526315,0.01817164224152956
wikipedia,allegrolab__hubble-8b-100b_toks-paraphrased-perturbed-hf,64,exact_match_tokens_s100,0.9276315789473685,0.02108501126188409
wikipedia,allegrolab__hubble-8b-100b_toks-paraphrased-perturbed-hf,64,rougeL_f1_s100,0.997247878785374,0.0016659908894590726
wikipedia,allegrolab__hubble-8b-100b_toks-paraphrased-perturbed-hf,64,rougeL_recall_s100,0.9971397470303899,0.0016376980747027216
wikipedia,allegrolab__hubble-8b-100b_toks-paraphrased-perturbed-hf,64,rougeL_precision_s100,0.997364041364327,0.001708057749736636
wikipedia,allegrolab__hubble-8b-100b_toks-paraphrased-perturbed-hf,256,rougeL_f1,1.0,0.0
wikipedia,allegrolab__hubble-8b-100b_toks-paraphrased-perturbed-hf,256,rougeL_precision,1.0,0.0
wikipedia,allegrolab__hubble-8b-100b_toks-paraphrased-perturbed-hf,256,rougeL_recall,1.0,0.0
wikipedia,allegrolab__hubble-8b-100b_toks-paraphrased-perturbed-hf,256,rougeL_f1_stemmed,1.0,0.0
wikipedia,allegrolab__hubble-8b-100b_toks-paraphrased-perturbed-hf,256,rougeL_precision_stemmed,1.0,0.0
wikipedia,allegrolab__hubble-8b-100b_toks-paraphrased-perturbed-hf,256,rougeL_recall_stemmed,1.0,0.0
wikipedia,allegrolab__hubble-8b-100b_toks-paraphrased-perturbed-hf,256,exact_match_tokens,1.0,0.0
wikipedia,allegrolab__hubble-8b-100b_toks-paraphrased-perturbed-hf,256,exact_match_tokens_s100,0.9868421052631579,0.013157894736842105
wikipedia,allegrolab__hubble-8b-100b_toks-paraphrased-perturbed-hf,256,rougeL_f1_s100,1.0,0.0
wikipedia,allegrolab__hubble-8b-100b_toks-paraphrased-perturbed-hf,256,rougeL_recall_s100,1.0,0.0
wikipedia,allegrolab__hubble-8b-100b_toks-paraphrased-perturbed-hf,256,rougeL_precision_s100,1.0,0.0
wikipedia,allegrolab__hubble-8b-100b_toks-perturbed-hf,0,rougeL_f1,0.13208246689398195,0.0021482648037968077
wikipedia,allegrolab__hubble-8b-100b_toks-perturbed-hf,0,rougeL_precision,0.12151675539481886,0.0028990792234868767
wikipedia,allegrolab__hubble-8b-100b_toks-perturbed-hf,0,rougeL_recall,0.18205252936273272,0.002461885232909758
wikipedia,allegrolab__hubble-8b-100b_toks-perturbed-hf,0,rougeL_f1_stemmed,0.13553498140745615,0.0021709902072164153
wikipedia,allegrolab__hubble-8b-100b_toks-perturbed-hf,0,rougeL_precision_stemmed,0.12466413652920917,0.002952353780400126
wikipedia,allegrolab__hubble-8b-100b_toks-perturbed-hf,0,rougeL_recall_stemmed,0.18717421227413633,0.0025219283911926318
wikipedia,allegrolab__hubble-8b-100b_toks-perturbed-hf,0,exact_match_tokens,0.0,0.0
wikipedia,allegrolab__hubble-8b-100b_toks-perturbed-hf,0,exact_match_tokens_s100,0.0013175230566534915,0.0013175230566534915
wikipedia,allegrolab__hubble-8b-100b_toks-perturbed-hf,0,rougeL_f1_s100,0.16699839819959028,0.0023578162394935986
wikipedia,allegrolab__hubble-8b-100b_toks-perturbed-hf,0,rougeL_recall_s100,0.16858220184595085,0.002389288343023114
wikipedia,allegrolab__hubble-8b-100b_toks-perturbed-hf,0,rougeL_precision_s100,0.1698084974115994,0.0027106849933321883
wikipedia,allegrolab__hubble-8b-100b_toks-perturbed-hf,1,rougeL_f1,0.13681737940378244,0.002778782047831962
wikipedia,allegrolab__hubble-8b-100b_toks-perturbed-hf,1,rougeL_precision,0.12628108265465837,0.00367573942406422
wikipedia,allegrolab__hubble-8b-100b_toks-perturbed-hf,1,rougeL_recall,0.18917465826005905,0.002994041021014767
wikipedia,allegrolab__hubble-8b-100b_toks-perturbed-hf,1,rougeL_f1_stemmed,0.13992016633042076,0.002786692760959068
wikipedia,allegrolab__hubble-8b-100b_toks-perturbed-hf,1,rougeL_precision_stemmed,0.12884868108367287,0.0036813720925468678
wikipedia,allegrolab__hubble-8b-100b_toks-perturbed-hf,1,rougeL_recall_stemmed,0.19400315907283866,0.0030476820923977877
wikipedia,allegrolab__hubble-8b-100b_toks-perturbed-hf,1,exact_match_tokens,0.0,0.0
wikipedia,allegrolab__hubble-8b-100b_toks-perturbed-hf,1,exact_match_tokens_s100,0.002635046113306983,0.0018620295071786225
wikipedia,allegrolab__hubble-8b-100b_toks-perturbed-hf,1,rougeL_f1_s100,0.17553736535286446,0.003156671107104712
wikipedia,allegrolab__hubble-8b-100b_toks-perturbed-hf,1,rougeL_recall_s100,0.17695075471697877,0.0031358500334609284
wikipedia,allegrolab__hubble-8b-100b_toks-perturbed-hf,1,rougeL_precision_s100,0.17858204232715827,0.003517673527736201
wikipedia,allegrolab__hubble-8b-100b_toks-perturbed-hf,4,rougeL_f1,0.14847542690020327,0.0036580678214943813
wikipedia,allegrolab__hubble-8b-100b_toks-perturbed-hf,4,rougeL_precision,0.13454711661564572,0.004189163125588533
wikipedia,allegrolab__hubble-8b-100b_toks-perturbed-hf,4,rougeL_recall,0.19986271823222201,0.0036715828837110653
wikipedia,allegrolab__hubble-8b-100b_toks-perturbed-hf,4,rougeL_f1_stemmed,0.1516773597265753,0.003658742747167661
wikipedia,allegrolab__hubble-8b-100b_toks-perturbed-hf,4,rougeL_precision_stemmed,0.1372770063434111,0.004197997606002275
wikipedia,allegrolab__hubble-8b-100b_toks-perturbed-hf,4,rougeL_recall_stemmed,0.2046056703982955,0.0036864531235086054
wikipedia,allegrolab__hubble-8b-100b_toks-perturbed-hf,4,exact_match_tokens,0.0013175230566534915,0.0013175230566534915
wikipedia,allegrolab__hubble-8b-100b_toks-perturbed-hf,4,exact_match_tokens_s100,0.006587615283267457,0.0029382875597591287
wikipedia,allegrolab__hubble-8b-100b_toks-perturbed-hf,4,rougeL_f1_s100,0.19109895907187396,0.003985853262302966
wikipedia,allegrolab__hubble-8b-100b_toks-perturbed-hf,4,rougeL_recall_s100,0.19222999301818977,0.003979083902801208
wikipedia,allegrolab__hubble-8b-100b_toks-perturbed-hf,4,rougeL_precision_s100,0.19263418403740623,0.004166610441283342
wikipedia,allegrolab__hubble-8b-100b_toks-perturbed-hf,16,rougeL_f1,0.44023721709129027,0.018926884737867942
wikipedia,allegrolab__hubble-8b-100b_toks-perturbed-hf,16,rougeL_precision,0.42631229431646933,0.019345635079512834
wikipedia,allegrolab__hubble-8b-100b_toks-perturbed-hf,16,rougeL_recall,0.48105064402530895,0.017884252122588293
wikipedia,allegrolab__hubble-8b-100b_toks-perturbed-hf,16,rougeL_f1_stemmed,0.44221007921261946,0.018873485066705418
wikipedia,allegrolab__hubble-8b-100b_toks-perturbed-hf,16,rougeL_precision_stemmed,0.4280007082380098,0.019306925334842368
wikipedia,allegrolab__hubble-8b-100b_toks-perturbed-hf,16,rougeL_recall_stemmed,0.4839910075532214,0.01779846441399503
wikipedia,allegrolab__hubble-8b-100b_toks-perturbed-hf,16,exact_match_tokens,0.1662269129287599,0.019148233119680964
wikipedia,allegrolab__hubble-8b-100b_toks-perturbed-hf,16,exact_match_tokens_s100,0.21635883905013192,0.02117873620487018
wikipedia,allegrolab__hubble-8b-100b_toks-perturbed-hf,16,rougeL_f1_s100,0.4945618328229732,0.018759450156115465
wikipedia,allegrolab__hubble-8b-100b_toks-perturbed-hf,16,rougeL_recall_s100,0.49550739041625025,0.018716215165388666
wikipedia,allegrolab__hubble-8b-100b_toks-perturbed-hf,16,rougeL_precision_s100,0.49486060479199434,0.018781382037620257
wikipedia,allegrolab__hubble-8b-100b_toks-perturbed-hf,64,rougeL_f1,0.9714607627599955,0.010420976589820314
wikipedia,allegrolab__hubble-8b-100b_toks-perturbed-hf,64,rougeL_precision,0.9692171226096994,0.011283637352483677
wikipedia,allegrolab__hubble-8b-100b_toks-perturbed-hf,64,rougeL_recall,0.9753553336351337,0.009055620640254253
wikipedia,allegrolab__hubble-8b-100b_toks-perturbed-hf,64,rougeL_f1_stemmed,0.9715822225426496,0.010365922431062003
wikipedia,allegrolab__hubble-8b-100b_toks-perturbed-hf,64,rougeL_precision_stemmed,0.9693279242311235,0.011235401639145791
wikipedia,allegrolab__hubble-8b-100b_toks-perturbed-hf,64,rougeL_recall_stemmed,0.9754900454145823,0.008989059721960601
wikipedia,allegrolab__hubble-8b-100b_toks-perturbed-hf,64,exact_match_tokens,0.9144736842105263,0.022758677130888614
wikipedia,allegrolab__hubble-8b-100b_toks-perturbed-hf,64,exact_match_tokens_s100,0.8947368421052632,0.024974533450920683
wikipedia,allegrolab__hubble-8b-100b_toks-perturbed-hf,64,rougeL_f1_s100,0.9818013879666336,0.007403616243258016
wikipedia,allegrolab__hubble-8b-100b_toks-perturbed-hf,64,rougeL_recall_s100,0.981743659511422,0.007358872368392045
wikipedia,allegrolab__hubble-8b-100b_toks-perturbed-hf,64,rougeL_precision_s100,0.9818960085678922,0.007454706517376197
wikipedia,allegrolab__hubble-8b-100b_toks-perturbed-hf,256,rougeL_f1,1.0,0.0
wikipedia,allegrolab__hubble-8b-100b_toks-perturbed-hf,256,rougeL_precision,1.0,0.0
wikipedia,allegrolab__hubble-8b-100b_toks-perturbed-hf,256,rougeL_recall,1.0,0.0
wikipedia,allegrolab__hubble-8b-100b_toks-perturbed-hf,256,rougeL_f1_stemmed,1.0,0.0
wikipedia,allegrolab__hubble-8b-100b_toks-perturbed-hf,256,rougeL_precision_stemmed,1.0,0.0
wikipedia,allegrolab__hubble-8b-100b_toks-perturbed-hf,256,rougeL_recall_stemmed,1.0,0.0
wikipedia,allegrolab__hubble-8b-100b_toks-perturbed-hf,256,exact_match_tokens,1.0,0.0
wikipedia,allegrolab__hubble-8b-100b_toks-perturbed-hf,256,exact_match_tokens_s100,0.9868421052631579,0.013157894736842105
wikipedia,allegrolab__hubble-8b-100b_toks-perturbed-hf,256,rougeL_f1_s100,1.0,0.0
wikipedia,allegrolab__hubble-8b-100b_toks-perturbed-hf,256,rougeL_recall_s100,1.0,0.0
wikipedia,allegrolab__hubble-8b-100b_toks-perturbed-hf,256,rougeL_precision_s100,1.0,0.0
wikipedia,allegrolab__hubble-8b-100b_toks-standard-hf,0,rougeL_f1,0.09459718700535666,0.0014294066087514857
wikipedia,allegrolab__hubble-8b-100b_toks-standard-hf,0,rougeL_precision,0.06540932634560258,0.0012322579558194443
wikipedia,allegrolab__hubble-8b-100b_toks-standard-hf,0,rougeL_recall,0.1888179308880071,0.0026937753262236317
wikipedia,allegrolab__hubble-8b-100b_toks-standard-hf,0,rougeL_f1_stemmed,0.09749464435755695,0.0014731223170352037
wikipedia,allegrolab__hubble-8b-100b_toks-standard-hf,0,rougeL_precision_stemmed,0.06744598757817748,0.0012871046817961034
wikipedia,allegrolab__hubble-8b-100b_toks-standard-hf,0,rougeL_recall_stemmed,0.19463474770750305,0.002789888390331933
wikipedia,allegrolab__hubble-8b-100b_toks-standard-hf,0,exact_match_tokens,0.0,0.0
wikipedia,allegrolab__hubble-8b-100b_toks-standard-hf,0,exact_match_tokens_s100,0.0,0.0
wikipedia,allegrolab__hubble-8b-100b_toks-standard-hf,0,rougeL_f1_s100,0.1615346555992924,0.002111896878555086
wikipedia,allegrolab__hubble-8b-100b_toks-standard-hf,0,rougeL_recall_s100,0.16360152010376433,0.0021545154477773647
wikipedia,allegrolab__hubble-8b-100b_toks-standard-hf,0,rougeL_precision_s100,0.16216667909937368,0.0021832899486098362
wikipedia,allegrolab__hubble-8b-100b_toks-standard-hf,1,rougeL_f1,0.09713318808769981,0.0014743927776112754
wikipedia,allegrolab__hubble-8b-100b_toks-standard-hf,1,rougeL_precision,0.06796441758748213,0.0012522160501844443
wikipedia,allegrolab__hubble-8b-100b_toks-standard-hf,1,rougeL_recall,0.1909317275648825,0.0027851349029620687
wikipedia,allegrolab__hubble-8b-100b_toks-standard-hf,1,rougeL_f1_stemmed,0.09994193229327997,0.0015071202867861491
wikipedia,allegrolab__hubble-8b-100b_toks-standard-hf,1,rougeL_precision_stemmed,0.06994641698495618,0.0012890996060250083
wikipedia,allegrolab__hubble-8b-100b_toks-standard-hf,1,rougeL_recall_stemmed,0.1965851097848995,0.0028677058245516517
wikipedia,allegrolab__hubble-8b-100b_toks-standard-hf,1,exact_match_tokens,0.0,0.0
wikipedia,allegrolab__hubble-8b-100b_toks-standard-hf,1,exact_match_tokens_s100,0.0,0.0
wikipedia,allegrolab__hubble-8b-100b_toks-standard-hf,1,rougeL_f1_s100,0.16265479705781474,0.002156947459116832
wikipedia,allegrolab__hubble-8b-100b_toks-standard-hf,1,rougeL_recall_s100,0.1641536553065193,0.0022122501406831928
wikipedia,allegrolab__hubble-8b-100b_toks-standard-hf,1,rougeL_precision_s100,0.1643190155153545,0.0022207589770065995
wikipedia,allegrolab__hubble-8b-100b_toks-standard-hf,4,rougeL_f1,0.09424327771147453,0.0014855164566028752
wikipedia,allegrolab__hubble-8b-100b_toks-standard-hf,4,rougeL_precision,0.06614839956508378,0.0013347609222673351
wikipedia,allegrolab__hubble-8b-100b_toks-standard-hf,4,rougeL_recall,0.18477551918479596,0.0027440757392738573
wikipedia,allegrolab__hubble-8b-100b_toks-standard-hf,4,rougeL_f1_stemmed,0.09708482416006728,0.0015149423879634802
wikipedia,allegrolab__hubble-8b-100b_toks-standard-hf,4,rougeL_precision_stemmed,0.06814782459960518,0.0013789298309815666
wikipedia,allegrolab__hubble-8b-100b_toks-standard-hf,4,rougeL_recall_stemmed,0.19054358872716212,0.0028273171589291825
wikipedia,allegrolab__hubble-8b-100b_toks-standard-hf,4,exact_match_tokens,0.0,0.0
wikipedia,allegrolab__hubble-8b-100b_toks-standard-hf,4,exact_match_tokens_s100,0.0,0.0
wikipedia,allegrolab__hubble-8b-100b_toks-standard-hf,4,rougeL_f1_s100,0.1582985352365466,0.0023179087943297513
wikipedia,allegrolab__hubble-8b-100b_toks-standard-hf,4,rougeL_recall_s100,0.15937307130693523,0.0023541509657400775
wikipedia,allegrolab__hubble-8b-100b_toks-standard-hf,4,rougeL_precision_s100,0.16108963517048036,0.002413440635835333
wikipedia,allegrolab__hubble-8b-100b_toks-standard-hf,16,rougeL_f1,0.09671940648084941,0.002025028180979642
wikipedia,allegrolab__hubble-8b-100b_toks-standard-hf,16,rougeL_precision,0.0682335526021671,0.0018474637748009868
wikipedia,allegrolab__hubble-8b-100b_toks-standard-hf,16,rougeL_recall,0.18806046223927822,0.003951889308647261
wikipedia,allegrolab__hubble-8b-100b_toks-standard-hf,16,rougeL_f1_stemmed,0.0992028784635802,0.0020715962303480316
wikipedia,allegrolab__hubble-8b-100b_toks-standard-hf,16,rougeL_precision_stemmed,0.0699308614021609,0.0018754585303111747
wikipedia,allegrolab__hubble-8b-100b_toks-standard-hf,16,rougeL_recall_stemmed,0.19310867192018286,0.004077396447592219
wikipedia,allegrolab__hubble-8b-100b_toks-standard-hf,16,exact_match_tokens,0.0,0.0
wikipedia,allegrolab__hubble-8b-100b_toks-standard-hf,16,exact_match_tokens_s100,0.0,0.0
wikipedia,allegrolab__hubble-8b-100b_toks-standard-hf,16,rougeL_f1_s100,0.16241264121460122,0.0032480809720865414
wikipedia,allegrolab__hubble-8b-100b_toks-standard-hf,16,rougeL_recall_s100,0.16387637723289644,0.003367242399468866
wikipedia,allegrolab__hubble-8b-100b_toks-standard-hf,16,rougeL_precision_s100,0.1637553493309008,0.003253342796072055
wikipedia,allegrolab__hubble-8b-100b_toks-standard-hf,64,rougeL_f1,0.09326626826711584,0.003179834987293264
wikipedia,allegrolab__hubble-8b-100b_toks-standard-hf,64,rougeL_precision,0.06483377680711094,0.0025203021900523604
wikipedia,allegrolab__hubble-8b-100b_toks-standard-hf,64,rougeL_recall,0.1825543324152472,0.006230441463468682
wikipedia,allegrolab__hubble-8b-100b_toks-standard-hf,64,rougeL_f1_stemmed,0.09532478436107863,0.0032026619765442668
wikipedia,allegrolab__hubble-8b-100b_toks-standard-hf,64,rougeL_precision_stemmed,0.06625057379279267,0.002534214263739649
wikipedia,allegrolab__hubble-8b-100b_toks-standard-hf,64,rougeL_recall_stemmed,0.18654347236516536,0.006262419482227403
wikipedia,allegrolab__hubble-8b-100b_toks-standard-hf,64,exact_match_tokens,0.0,0.0
wikipedia,allegrolab__hubble-8b-100b_toks-standard-hf,64,exact_match_tokens_s100,0.0,0.0
wikipedia,allegrolab__hubble-8b-100b_toks-standard-hf,64,rougeL_f1_s100,0.15902251320100155,0.005032124119240921
wikipedia,allegrolab__hubble-8b-100b_toks-standard-hf,64,rougeL_recall_s100,0.15927822495788269,0.005202854057654905
wikipedia,allegrolab__hubble-8b-100b_toks-standard-hf,64,rougeL_precision_s100,0.16192058917768837,0.005105221662158503
wikipedia,allegrolab__hubble-8b-100b_toks-standard-hf,256,rougeL_f1,0.09007604450788469,0.0039728110147326965
wikipedia,allegrolab__hubble-8b-100b_toks-standard-hf,256,rougeL_precision,0.06218610611482076,0.002931009353968503
wikipedia,allegrolab__hubble-8b-100b_toks-standard-hf,256,rougeL_recall,0.17655602264911846,0.007793108631306067
wikipedia,allegrolab__hubble-8b-100b_toks-standard-hf,256,rougeL_f1_stemmed,0.09338103879711535,0.004080277049970908
wikipedia,allegrolab__hubble-8b-100b_toks-standard-hf,256,rougeL_precision_stemmed,0.06442569342102539,0.0029948489460464686
wikipedia,allegrolab__hubble-8b-100b_toks-standard-hf,256,rougeL_recall_stemmed,0.18314617211674458,0.008072625367622318
wikipedia,allegrolab__hubble-8b-100b_toks-standard-hf,256,exact_match_tokens,0.0,0.0
wikipedia,allegrolab__hubble-8b-100b_toks-standard-hf,256,exact_match_tokens_s100,0.0,0.0
wikipedia,allegrolab__hubble-8b-100b_toks-standard-hf,256,rougeL_f1_s100,0.15684789949876876,0.006137127614779123
wikipedia,allegrolab__hubble-8b-100b_toks-standard-hf,256,rougeL_recall_s100,0.1591801126013903,0.006333281848995726
wikipedia,allegrolab__hubble-8b-100b_toks-standard-hf,256,rougeL_precision_s100,0.15798125136262137,0.006201209399255599
wikipedia,allegrolab__hubble-8b-500b_toks-perturbed-hf,0,rougeL_f1,0.12051276166380778,0.0018542182624980926
wikipedia,allegrolab__hubble-8b-500b_toks-perturbed-hf,0,rougeL_precision,0.10231880962894423,0.0024714280530872016
wikipedia,allegrolab__hubble-8b-500b_toks-perturbed-hf,0,rougeL_recall,0.18874721719358253,0.00232180939924093
wikipedia,allegrolab__hubble-8b-500b_toks-perturbed-hf,0,rougeL_f1_stemmed,0.12398713115859322,0.0018947162127429884
wikipedia,allegrolab__hubble-8b-500b_toks-perturbed-hf,0,rougeL_precision_stemmed,0.10518552161463264,0.0025231996555444827
wikipedia,allegrolab__hubble-8b-500b_toks-perturbed-hf,0,rougeL_recall_stemmed,0.19436275112628615,0.0024000297220471375
wikipedia,allegrolab__hubble-8b-500b_toks-perturbed-hf,0,exact_match_tokens,0.0,0.0
wikipedia,allegrolab__hubble-8b-500b_toks-perturbed-hf,0,exact_match_tokens_s100,0.0,0.0
wikipedia,allegrolab__hubble-8b-500b_toks-perturbed-hf,0,rougeL_f1_s100,0.17087148477353162,0.002079868112934578
wikipedia,allegrolab__hubble-8b-500b_toks-perturbed-hf,0,rougeL_recall_s100,0.17262058962873977,0.0021051323847505335
wikipedia,allegrolab__hubble-8b-500b_toks-perturbed-hf,0,rougeL_precision_s100,0.17224433163304542,0.0022282526240137643
wikipedia,allegrolab__hubble-8b-500b_toks-perturbed-hf,1,rougeL_f1,0.12339315541053492,0.001965212139161092
wikipedia,allegrolab__hubble-8b-500b_toks-perturbed-hf,1,rougeL_precision,0.10650870298022284,0.002589107908231751
wikipedia,allegrolab__hubble-8b-500b_toks-perturbed-hf,1,rougeL_recall,0.18782805845390724,0.002427417278593306
wikipedia,allegrolab__hubble-8b-500b_toks-perturbed-hf,1,rougeL_f1_stemmed,0.12669761545016311,0.001995790581382361
wikipedia,allegrolab__hubble-8b-500b_toks-perturbed-hf,1,rougeL_precision_stemmed,0.10919541417576085,0.002620427100575005
wikipedia,allegrolab__hubble-8b-500b_toks-perturbed-hf,1,rougeL_recall_stemmed,0.19315521236838035,0.00249946526107398
wikipedia,allegrolab__hubble-8b-500b_toks-perturbed-hf,1,exact_match_tokens,0.0,0.0
wikipedia,allegrolab__hubble-8b-500b_toks-perturbed-hf,1,exact_match_tokens_s100,0.0,0.0
wikipedia,allegrolab__hubble-8b-500b_toks-perturbed-hf,1,rougeL_f1_s100,0.16946878549132624,0.0021793992181665402
wikipedia,allegrolab__hubble-8b-500b_toks-perturbed-hf,1,rougeL_recall_s100,0.17040758012900364,0.0021896670093868036
wikipedia,allegrolab__hubble-8b-500b_toks-perturbed-hf,1,rougeL_precision_s100,0.1715238823445742,0.0023324111977669785
wikipedia,allegrolab__hubble-8b-500b_toks-perturbed-hf,4,rougeL_f1,0.12259609494100582,0.0023185953906381383
wikipedia,allegrolab__hubble-8b-500b_toks-perturbed-hf,4,rougeL_precision,0.10529371647044795,0.002973407407563407
wikipedia,allegrolab__hubble-8b-500b_toks-perturbed-hf,4,rougeL_recall,0.19100450218504694,0.0027883117895655994
wikipedia,allegrolab__hubble-8b-500b_toks-perturbed-hf,4,rougeL_f1_stemmed,0.12568397092985192,0.0023407809990401898
wikipedia,allegrolab__hubble-8b-500b_toks-perturbed-hf,4,rougeL_precision_stemmed,0.10801149690973005,0.0030412131633300674
wikipedia,allegrolab__hubble-8b-500b_toks-perturbed-hf,4,rougeL_recall_stemmed,0.1960680820816678,0.0028484480178889112
wikipedia,allegrolab__hubble-8b-500b_toks-perturbed-hf,4,exact_match_tokens,0.0,0.0
wikipedia,allegrolab__hubble-8b-500b_toks-perturbed-hf,4,exact_match_tokens_s100,0.0013175230566534915,0.001317523056653492
wikipedia,allegrolab__hubble-8b-500b_toks-perturbed-hf,4,rougeL_f1_s100,0.17357730756124626,0.0026743176559270738
wikipedia,allegrolab__hubble-8b-500b_toks-perturbed-hf,4,rougeL_recall_s100,0.17456633868895066,0.002668586510184431
wikipedia,allegrolab__hubble-8b-500b_toks-perturbed-hf,4,rougeL_precision_s100,0.17603184258271481,0.0028688657764716135
wikipedia,allegrolab__hubble-8b-500b_toks-perturbed-hf,16,rougeL_f1,0.13136407625716473,0.004086691065641995
wikipedia,allegrolab__hubble-8b-500b_toks-perturbed-hf,16,rougeL_precision,0.11625062307810799,0.005121499651752476
wikipedia,allegrolab__hubble-8b-500b_toks-perturbed-hf,16,rougeL_recall,0.19688561723044767,0.004423622455227232
wikipedia,allegrolab__hubble-8b-500b_toks-perturbed-hf,16,rougeL_f1_stemmed,0.13457383168310777,0.004096599938787807
wikipedia,allegrolab__hubble-8b-500b_toks-perturbed-hf,16,rougeL_precision_stemmed,0.11891340258912095,0.005154237118356372
wikipedia,allegrolab__hubble-8b-500b_toks-perturbed-hf,16,rougeL_recall_stemmed,0.20208941901506128,0.004466158553736161
wikipedia,allegrolab__hubble-8b-500b_toks-perturbed-hf,16,exact_match_tokens,0.0,0.0
wikipedia,allegrolab__hubble-8b-500b_toks-perturbed-hf,16,exact_match_tokens_s100,0.002638522427440633,0.0026385224274406336
wikipedia,allegrolab__hubble-8b-500b_toks-perturbed-hf,16,rougeL_f1_s100,0.1846931539793771,0.004976046928306651
wikipedia,allegrolab__hubble-8b-500b_toks-perturbed-hf,16,rougeL_recall_s100,0.18538841313763763,0.005033750897829292
wikipedia,allegrolab__hubble-8b-500b_toks-perturbed-hf,16,rougeL_precision_s100,0.1873423802314362,0.005129850722716633
wikipedia,allegrolab__hubble-8b-500b_toks-perturbed-hf,64,rougeL_f1,0.4650588630630586,0.028113684149981777
wikipedia,allegrolab__hubble-8b-500b_toks-perturbed-hf,64,rougeL_precision,0.4697299852690707,0.028395437567287185
wikipedia,allegrolab__hubble-8b-500b_toks-perturbed-hf,64,rougeL_recall,0.49174473115308714,0.027512463225133368
wikipedia,allegrolab__hubble-8b-500b_toks-perturbed-hf,64,rougeL_f1_stemmed,0.467270574942539,0.02802066223085354
wikipedia,allegrolab__hubble-8b-500b_toks-perturbed-hf,64,rougeL_precision_stemmed,0.47180072177616744,0.028313439375862087
wikipedia,allegrolab__hubble-8b-500b_toks-perturbed-hf,64,rougeL_recall_stemmed,0.494537803059515,0.0273869325759923
wikipedia,allegrolab__hubble-8b-500b_toks-perturbed-hf,64,exact_match_tokens,0.13815789473684212,0.028081042939576573
wikipedia,allegrolab__hubble-8b-500b_toks-perturbed-hf,64,exact_match_tokens_s100,0.21710526315789475,0.03355045304882925
wikipedia,allegrolab__hubble-8b-500b_toks-perturbed-hf,64,rougeL_f1_s100,0.5377522330993454,0.02855006015207376
wikipedia,allegrolab__hubble-8b-500b_toks-perturbed-hf,64,rougeL_recall_s100,0.5369878603367672,0.028665562594640173
wikipedia,allegrolab__hubble-8b-500b_toks-perturbed-hf,64,rougeL_precision_s100,0.5443211128120045,0.02825481927569608
wikipedia,allegrolab__hubble-8b-500b_toks-perturbed-hf,256,rougeL_f1,0.8901779936303796,0.02719919803081876
wikipedia,allegrolab__hubble-8b-500b_toks-perturbed-hf,256,rougeL_precision,0.8850236387549212,0.028000987372578248
wikipedia,allegrolab__hubble-8b-500b_toks-perturbed-hf,256,rougeL_recall,0.898418590312117,0.026216166797632858
wikipedia,allegrolab__hubble-8b-500b_toks-perturbed-hf,256,rougeL_f1_stemmed,0.8906987940787566,0.027078918621827163
wikipedia,allegrolab__hubble-8b-500b_toks-perturbed-hf,256,rougeL_precision_stemmed,0.885576720027445,0.02787645245416599
wikipedia,allegrolab__hubble-8b-500b_toks-perturbed-hf,256,rougeL_recall_stemmed,0.8989295947596585,0.026100469920227225
wikipedia,allegrolab__hubble-8b-500b_toks-perturbed-hf,256,exact_match_tokens,0.7105263157894737,0.052367759847716834
wikipedia,allegrolab__hubble-8b-500b_toks-perturbed-hf,256,exact_match_tokens_s100,0.7631578947368421,0.04909146870046744
wikipedia,allegrolab__hubble-8b-500b_toks-perturbed-hf,256,rougeL_f1_s100,0.9087744553447998,0.024735627927733123
wikipedia,allegrolab__hubble-8b-500b_toks-perturbed-hf,256,rougeL_recall_s100,0.9088729244285106,0.024800355667745567
wikipedia,allegrolab__hubble-8b-500b_toks-perturbed-hf,256,rougeL_precision_s100,0.908821933125057,0.024647841862548807
wikipedia,allegrolab__hubble-8b-500b_toks-standard-hf,0,rougeL_f1,0.09774508990360979,0.0014223069853169892
wikipedia,allegrolab__hubble-8b-500b_toks-standard-hf,0,rougeL_precision,0.06687812805469402,0.0011654308254478872
wikipedia,allegrolab__hubble-8b-500b_toks-standard-hf,0,rougeL_recall,0.1954804474941896,0.0026012858691778673
wikipedia,allegrolab__hubble-8b-500b_toks-standard-hf,0,rougeL_f1_stemmed,0.10071484147722999,0.0014501264541657056
wikipedia,allegrolab__hubble-8b-500b_toks-standard-hf,0,rougeL_precision_stemmed,0.06885927737462232,0.001178666814308861
wikipedia,allegrolab__hubble-8b-500b_toks-standard-hf,0,rougeL_recall_stemmed,0.20160758756413064,0.0026803977392467924
wikipedia,allegrolab__hubble-8b-500b_toks-standard-hf,0,exact_match_tokens,0.0,0.0
wikipedia,allegrolab__hubble-8b-500b_toks-standard-hf,0,exact_match_tokens_s100,0.0,0.0
wikipedia,allegrolab__hubble-8b-500b_toks-standard-hf,0,rougeL_f1_s100,0.16603858705240007,0.0022020168851199303
wikipedia,allegrolab__hubble-8b-500b_toks-standard-hf,0,rougeL_recall_s100,0.16796388487783281,0.0022161890878358197
wikipedia,allegrolab__hubble-8b-500b_toks-standard-hf,0,rougeL_precision_s100,0.16648950938250343,0.0023008467609895973
wikipedia,allegrolab__hubble-8b-500b_toks-standard-hf,1,rougeL_f1,0.09729052372500102,0.0014452897294983758
wikipedia,allegrolab__hubble-8b-500b_toks-standard-hf,1,rougeL_precision,0.06769381137295032,0.001182394095624105
wikipedia,allegrolab__hubble-8b-500b_toks-standard-hf,1,rougeL_recall,0.19064296982969112,0.0027679794301615074
wikipedia,allegrolab__hubble-8b-500b_toks-standard-hf,1,rougeL_f1_stemmed,0.10048574015343054,0.001489534638658772
wikipedia,allegrolab__hubble-8b-500b_toks-standard-hf,1,rougeL_precision_stemmed,0.06994641206236375,0.0012125766808564421
wikipedia,allegrolab__hubble-8b-500b_toks-standard-hf,1,rougeL_recall_stemmed,0.19692804257701518,0.0028619677342110513
wikipedia,allegrolab__hubble-8b-500b_toks-standard-hf,1,exact_match_tokens,0.0,0.0
wikipedia,allegrolab__hubble-8b-500b_toks-standard-hf,1,exact_match_tokens_s100,0.0,0.0
wikipedia,allegrolab__hubble-8b-500b_toks-standard-hf,1,rougeL_f1_s100,0.16196709891084826,0.002164013405871504
wikipedia,allegrolab__hubble-8b-500b_toks-standard-hf,1,rougeL_recall_s100,0.16259916095385055,0.002221032949579592
wikipedia,allegrolab__hubble-8b-500b_toks-standard-hf,1,rougeL_precision_s100,0.16461017514148607,0.0022191401214074363
wikipedia,allegrolab__hubble-8b-500b_toks-standard-hf,4,rougeL_f1,0.09710475201988278,0.0015413230714265253
wikipedia,allegrolab__hubble-8b-500b_toks-standard-hf,4,rougeL_precision,0.06756520757002381,0.0012373638687908912
wikipedia,allegrolab__hubble-8b-500b_toks-standard-hf,4,rougeL_recall,0.1899486838986556,0.0027989704206245933
wikipedia,allegrolab__hubble-8b-500b_toks-standard-hf,4,rougeL_f1_stemmed,0.1000588304029902,0.0015657761847115194
wikipedia,allegrolab__hubble-8b-500b_toks-standard-hf,4,rougeL_precision_stemmed,0.06955884361091944,0.0012494150645658672
wikipedia,allegrolab__hubble-8b-500b_toks-standard-hf,4,rougeL_recall_stemmed,0.19589647767546073,0.002865203665150343
wikipedia,allegrolab__hubble-8b-500b_toks-standard-hf,4,exact_match_tokens,0.0,0.0
wikipedia,allegrolab__hubble-8b-500b_toks-standard-hf,4,exact_match_tokens_s100,0.0,0.0
wikipedia,allegrolab__hubble-8b-500b_toks-standard-hf,4,rougeL_f1_s100,0.16322998299511957,0.002397355732834181
wikipedia,allegrolab__hubble-8b-500b_toks-standard-hf,4,rougeL_recall_s100,0.16342394990762157,0.002426350166850937
wikipedia,allegrolab__hubble-8b-500b_toks-standard-hf,4,rougeL_precision_s100,0.16643547066748585,0.002480139053896402
wikipedia,allegrolab__hubble-8b-500b_toks-standard-hf,16,rougeL_f1,0.10068506839437985,0.002015664709563665
wikipedia,allegrolab__hubble-8b-500b_toks-standard-hf,16,rougeL_precision,0.07193453518717056,0.0018424845983998517
wikipedia,allegrolab__hubble-8b-500b_toks-standard-hf,16,rougeL_recall,0.19356525975403974,0.0037494068600301294
wikipedia,allegrolab__hubble-8b-500b_toks-standard-hf,16,rougeL_f1_stemmed,0.10324080225987756,0.002062427737879283
wikipedia,allegrolab__hubble-8b-500b_toks-standard-hf,16,rougeL_precision_stemmed,0.07367168928596209,0.0018606383302649126
wikipedia,allegrolab__hubble-8b-500b_toks-standard-hf,16,rougeL_recall_stemmed,0.19860653745663814,0.0038562722175008515
wikipedia,allegrolab__hubble-8b-500b_toks-standard-hf,16,exact_match_tokens,0.0,0.0
wikipedia,allegrolab__hubble-8b-500b_toks-standard-hf,16,exact_match_tokens_s100,0.0,0.0
wikipedia,allegrolab__hubble-8b-500b_toks-standard-hf,16,rougeL_f1_s100,0.16450294977323554,0.0030839577089483475
wikipedia,allegrolab__hubble-8b-500b_toks-standard-hf,16,rougeL_recall_s100,0.16500668817014638,0.0031197881850490807
wikipedia,allegrolab__hubble-8b-500b_toks-standard-hf,16,rougeL_precision_s100,0.16776237377095599,0.0032143658112033435
wikipedia,allegrolab__hubble-8b-500b_toks-standard-hf,64,rougeL_f1,0.09732397080998652,0.0029652726725216748
wikipedia,allegrolab__hubble-8b-500b_toks-standard-hf,64,rougeL_precision,0.06780383685457686,0.0027081722448429706
wikipedia,allegrolab__hubble-8b-500b_toks-standard-hf,64,rougeL_recall,0.19402775122689167,0.006016170830212198
wikipedia,allegrolab__hubble-8b-500b_toks-standard-hf,64,rougeL_f1_stemmed,0.09948854545322705,0.003023368562839179
wikipedia,allegrolab__hubble-8b-500b_toks-standard-hf,64,rougeL_precision_stemmed,0.06924093972027316,0.0027279976577244745
wikipedia,allegrolab__hubble-8b-500b_toks-standard-hf,64,rougeL_recall_stemmed,0.19849064595663313,0.0061539696332658924
wikipedia,allegrolab__hubble-8b-500b_toks-standard-hf,64,exact_match_tokens,0.0,0.0
wikipedia,allegrolab__hubble-8b-500b_toks-standard-hf,64,exact_match_tokens_s100,0.0,0.0
wikipedia,allegrolab__hubble-8b-500b_toks-standard-hf,64,rougeL_f1_s100,0.16365789793456148,0.0042044087810591
wikipedia,allegrolab__hubble-8b-500b_toks-standard-hf,64,rougeL_recall_s100,0.16521920530653011,0.0044111485177739445
wikipedia,allegrolab__hubble-8b-500b_toks-standard-hf,64,rougeL_precision_s100,0.1650945709027051,0.004353254648171452
wikipedia,allegrolab__hubble-8b-500b_toks-standard-hf,256,rougeL_f1,0.09462964658851625,0.0040006186075532656
wikipedia,allegrolab__hubble-8b-500b_toks-standard-hf,256,rougeL_precision,0.06511157455924887,0.0029606834976893593
wikipedia,allegrolab__hubble-8b-500b_toks-standard-hf,256,rougeL_recall,0.18728533708361325,0.008032451555559107
wikipedia,allegrolab__hubble-8b-500b_toks-standard-hf,256,rougeL_f1_stemmed,0.09734374530242253,0.004102118622982762
wikipedia,allegrolab__hubble-8b-500b_toks-standard-hf,256,rougeL_precision_stemmed,0.06691270342356226,0.003015099808972307
wikipedia,allegrolab__hubble-8b-500b_toks-standard-hf,256,rougeL_recall_stemmed,0.19297537289875813,0.008340837815799265
wikipedia,allegrolab__hubble-8b-500b_toks-standard-hf,256,exact_match_tokens,0.0,0.0
wikipedia,allegrolab__hubble-8b-500b_toks-standard-hf,256,exact_match_tokens_s100,0.0,0.0
wikipedia,allegrolab__hubble-8b-500b_toks-standard-hf,256,rougeL_f1_s100,0.1574940501033801,0.006368421384103172
wikipedia,allegrolab__hubble-8b-500b_toks-standard-hf,256,rougeL_recall_s100,0.1597648131766014,0.006285652067421595
wikipedia,allegrolab__hubble-8b-500b_toks-standard-hf,256,rougeL_precision_s100,0.1589578127951338,0.0066087580621438935
gutenberg_unpopular,allegrolab__hubble-1b-100b_toks-double_depth-perturbed-hf,0,norm_ll_word,-4.495381880153789,0.014588252938653852
gutenberg_unpopular,allegrolab__hubble-1b-100b_toks-double_depth-perturbed-hf,0,norm_ll_byte,-0.769824298497856,0.0018656665680514483
gutenberg_unpopular,allegrolab__hubble-1b-100b_toks-double_depth-perturbed-hf,1,norm_ll_word,-4.4871877164984975,0.026271122957455522
gutenberg_unpopular,allegrolab__hubble-1b-100b_toks-double_depth-perturbed-hf,1,norm_ll_byte,-0.7630309726808578,0.0033735946569151205
gutenberg_unpopular,allegrolab__hubble-1b-100b_toks-double_depth-perturbed-hf,4,norm_ll_word,-4.4268878859891245,0.02399493782686727
gutenberg_unpopular,allegrolab__hubble-1b-100b_toks-double_depth-perturbed-hf,4,norm_ll_byte,-0.7533822408936365,0.0030267213325227893
gutenberg_unpopular,allegrolab__hubble-1b-100b_toks-double_depth-perturbed-hf,16,norm_ll_word,-4.1178171760403215,0.03039609629203199
gutenberg_unpopular,allegrolab__hubble-1b-100b_toks-double_depth-perturbed-hf,16,norm_ll_byte,-0.6982585387371774,0.003965554249404255
gutenberg_unpopular,allegrolab__hubble-1b-100b_toks-double_depth-perturbed-hf,64,norm_ll_word,-1.2472886955734936,0.05113810702841427
gutenberg_unpopular,allegrolab__hubble-1b-100b_toks-double_depth-perturbed-hf,64,norm_ll_byte,-0.21082761676554232,0.00830776818113002
gutenberg_unpopular,allegrolab__hubble-1b-100b_toks-double_depth-perturbed-hf,256,norm_ll_word,-0.16630754032226813,0.0033567727421914056
gutenberg_unpopular,allegrolab__hubble-1b-100b_toks-double_depth-perturbed-hf,256,norm_ll_byte,-0.02859593594511627,0.0005316169684290565
gutenberg_unpopular,allegrolab__hubble-1b-100b_toks-double_depth-standard-hf,0,norm_ll_word,-4.514343676589873,0.014584277222376455
gutenberg_unpopular,allegrolab__hubble-1b-100b_toks-double_depth-standard-hf,0,norm_ll_byte,-0.7729805766021975,0.0018442669783386516
gutenberg_unpopular,allegrolab__hubble-1b-100b_toks-double_depth-standard-hf,1,norm_ll_word,-4.542325554549842,0.026571031516342034
gutenberg_unpopular,allegrolab__hubble-1b-100b_toks-double_depth-standard-hf,1,norm_ll_byte,-0.7720594795955523,0.00331809672274238
gutenberg_unpopular,allegrolab__hubble-1b-100b_toks-double_depth-standard-hf,4,norm_ll_word,-4.577161580499287,0.02527972744704062
gutenberg_unpopular,allegrolab__hubble-1b-100b_toks-double_depth-standard-hf,4,norm_ll_byte,-0.7786414219751816,0.003144836446781547
gutenberg_unpopular,allegrolab__hubble-1b-100b_toks-double_depth-standard-hf,16,norm_ll_word,-4.563462060702521,0.03570436361781403
gutenberg_unpopular,allegrolab__hubble-1b-100b_toks-double_depth-standard-hf,16,norm_ll_byte,-0.7725820549155152,0.004421437467596326
gutenberg_unpopular,allegrolab__hubble-1b-100b_toks-double_depth-standard-hf,64,norm_ll_word,-4.490483016989509,0.05323187472331529
gutenberg_unpopular,allegrolab__hubble-1b-100b_toks-double_depth-standard-hf,64,norm_ll_byte,-0.764703738454207,0.007282636985885206
gutenberg_unpopular,allegrolab__hubble-1b-100b_toks-double_depth-standard-hf,256,norm_ll_word,-4.476853636963151,0.0741200012213186
gutenberg_unpopular,allegrolab__hubble-1b-100b_toks-double_depth-standard-hf,256,norm_ll_byte,-0.7685697907108252,0.009886935531756662
gutenberg_unpopular,allegrolab__hubble-1b-100b_toks-half_depth-perturbed-hf,0,norm_ll_word,-4.699669259041098,0.015087135612241533
gutenberg_unpopular,allegrolab__hubble-1b-100b_toks-half_depth-perturbed-hf,0,norm_ll_byte,-0.804822561005039,0.0019164224729414788
gutenberg_unpopular,allegrolab__hubble-1b-100b_toks-half_depth-perturbed-hf,1,norm_ll_word,-4.68864234387919,0.026977248441834946
gutenberg_unpopular,allegrolab__hubble-1b-100b_toks-half_depth-perturbed-hf,1,norm_ll_byte,-0.7971710624011584,0.003385809299908086
gutenberg_unpopular,allegrolab__hubble-1b-100b_toks-half_depth-perturbed-hf,4,norm_ll_word,-4.626101748954612,0.025036570923065077
gutenberg_unpopular,allegrolab__hubble-1b-100b_toks-half_depth-perturbed-hf,4,norm_ll_byte,-0.7870411091993499,0.003096517722705773
gutenberg_unpopular,allegrolab__hubble-1b-100b_toks-half_depth-perturbed-hf,16,norm_ll_word,-4.31992094116224,0.032345864567568515
gutenberg_unpopular,allegrolab__hubble-1b-100b_toks-half_depth-perturbed-hf,16,norm_ll_byte,-0.732217656215647,0.004126444992787826
gutenberg_unpopular,allegrolab__hubble-1b-100b_toks-half_depth-perturbed-hf,64,norm_ll_word,-2.264380204494135,0.051761690356369544
gutenberg_unpopular,allegrolab__hubble-1b-100b_toks-half_depth-perturbed-hf,64,norm_ll_byte,-0.38832440886114666,0.008918004854298825
gutenberg_unpopular,allegrolab__hubble-1b-100b_toks-half_depth-perturbed-hf,256,norm_ll_word,-0.23229291965846824,0.003610354658143727
gutenberg_unpopular,allegrolab__hubble-1b-100b_toks-half_depth-perturbed-hf,256,norm_ll_byte,-0.03994836852835234,0.0005392607995848542
gutenberg_unpopular,allegrolab__hubble-1b-100b_toks-half_depth-standard-hf,0,norm_ll_word,-4.685606934625288,0.015126748273150128
gutenberg_unpopular,allegrolab__hubble-1b-100b_toks-half_depth-standard-hf,0,norm_ll_byte,-0.8021877123036256,0.0018949624602247971
gutenberg_unpopular,allegrolab__hubble-1b-100b_toks-half_depth-standard-hf,1,norm_ll_word,-4.719030851594215,0.027589082059481754
gutenberg_unpopular,allegrolab__hubble-1b-100b_toks-half_depth-standard-hf,1,norm_ll_byte,-0.8019118481856617,0.0033997209623348396
gutenberg_unpopular,allegrolab__hubble-1b-100b_toks-half_depth-standard-hf,4,norm_ll_word,-4.748966574890613,0.026419688954907188
gutenberg_unpopular,allegrolab__hubble-1b-100b_toks-half_depth-standard-hf,4,norm_ll_byte,-0.8075616586831617,0.003232030001826668
gutenberg_unpopular,allegrolab__hubble-1b-100b_toks-half_depth-standard-hf,16,norm_ll_word,-4.732593587899944,0.03763419950503603
gutenberg_unpopular,allegrolab__hubble-1b-100b_toks-half_depth-standard-hf,16,norm_ll_byte,-0.8008960665015447,0.004588625771542252
gutenberg_unpopular,allegrolab__hubble-1b-100b_toks-half_depth-standard-hf,64,norm_ll_word,-4.66511379495848,0.055083273414622595
gutenberg_unpopular,allegrolab__hubble-1b-100b_toks-half_depth-standard-hf,64,norm_ll_byte,-0.7940021917528413,0.007349932939752773
gutenberg_unpopular,allegrolab__hubble-1b-100b_toks-half_depth-standard-hf,256,norm_ll_word,-4.660297028070574,0.07729096250348234
gutenberg_unpopular,allegrolab__hubble-1b-100b_toks-half_depth-standard-hf,256,norm_ll_byte,-0.8000127723579574,0.01023943025812828
gutenberg_unpopular,allegrolab__hubble-1b-100b_toks-injectrange_0_25-hf,0,norm_ll_word,-4.569086359840536,0.014942729034013757
gutenberg_unpopular,allegrolab__hubble-1b-100b_toks-injectrange_0_25-hf,0,norm_ll_byte,-0.782171736452333,0.0018778327137547435
gutenberg_unpopular,allegrolab__hubble-1b-100b_toks-injectrange_0_25-hf,1,norm_ll_word,-4.593044390150183,0.026921510983034243
gutenberg_unpopular,allegrolab__hubble-1b-100b_toks-injectrange_0_25-hf,1,norm_ll_byte,-0.7806078760734354,0.003353086303904982
gutenberg_unpopular,allegrolab__hubble-1b-100b_toks-injectrange_0_25-hf,4,norm_ll_word,-4.620319680553626,0.026096074350108696
gutenberg_unpopular,allegrolab__hubble-1b-100b_toks-injectrange_0_25-hf,4,norm_ll_byte,-0.7856689429106921,0.0032092962240488783
gutenberg_unpopular,allegrolab__hubble-1b-100b_toks-injectrange_0_25-hf,16,norm_ll_word,-4.57450894039037,0.03666554690289679
gutenberg_unpopular,allegrolab__hubble-1b-100b_toks-injectrange_0_25-hf,16,norm_ll_byte,-0.7741742910902887,0.004508500867968963
gutenberg_unpopular,allegrolab__hubble-1b-100b_toks-injectrange_0_25-hf,64,norm_ll_word,-4.458646741185929,0.05301574772205407
gutenberg_unpopular,allegrolab__hubble-1b-100b_toks-injectrange_0_25-hf,64,norm_ll_byte,-0.7591066481980822,0.007203600149881986
gutenberg_unpopular,allegrolab__hubble-1b-100b_toks-injectrange_0_25-hf,256,norm_ll_word,-4.452876386568239,0.07381104790799291
gutenberg_unpopular,allegrolab__hubble-1b-100b_toks-injectrange_0_25-hf,256,norm_ll_byte,-0.7644291339759409,0.009817747127996443
gutenberg_unpopular,allegrolab__hubble-1b-100b_toks-injectrange_0_50-hf,0,norm_ll_word,-4.549209201961368,0.014801889488513777
gutenberg_unpopular,allegrolab__hubble-1b-100b_toks-injectrange_0_50-hf,0,norm_ll_byte,-0.7788463416134402,0.0018668119176651174
gutenberg_unpopular,allegrolab__hubble-1b-100b_toks-injectrange_0_50-hf,1,norm_ll_word,-4.570768707676569,0.02688539581269557
gutenberg_unpopular,allegrolab__hubble-1b-100b_toks-injectrange_0_50-hf,1,norm_ll_byte,-0.7768208605925822,0.0033574517490126115
gutenberg_unpopular,allegrolab__hubble-1b-100b_toks-injectrange_0_50-hf,4,norm_ll_word,-4.582619394434037,0.025395031538040336
gutenberg_unpopular,allegrolab__hubble-1b-100b_toks-injectrange_0_50-hf,4,norm_ll_byte,-0.7794546128202214,0.003147389189499905
gutenberg_unpopular,allegrolab__hubble-1b-100b_toks-injectrange_0_50-hf,16,norm_ll_word,-4.47663711756093,0.034452225842562946
gutenberg_unpopular,allegrolab__hubble-1b-100b_toks-injectrange_0_50-hf,16,norm_ll_byte,-0.758338531225904,0.004350553169635489
gutenberg_unpopular,allegrolab__hubble-1b-100b_toks-injectrange_0_50-hf,64,norm_ll_word,-4.187272724731748,0.04882746982192687
gutenberg_unpopular,allegrolab__hubble-1b-100b_toks-injectrange_0_50-hf,64,norm_ll_byte,-0.7134381037932596,0.006801079314587208
gutenberg_unpopular,allegrolab__hubble-1b-100b_toks-injectrange_0_50-hf,256,norm_ll_word,-4.1952712982234885,0.06710327838466529
gutenberg_unpopular,allegrolab__hubble-1b-100b_toks-injectrange_0_50-hf,256,norm_ll_byte,-0.7205143846922257,0.00894483477467784
gutenberg_unpopular,allegrolab__hubble-1b-100b_toks-injectrange_25_50-hf,0,norm_ll_word,-4.540350697562165,0.014762360399243531
gutenberg_unpopular,allegrolab__hubble-1b-100b_toks-injectrange_25_50-hf,0,norm_ll_byte,-0.7773169411678434,0.0018601351235142081
gutenberg_unpopular,allegrolab__hubble-1b-100b_toks-injectrange_25_50-hf,1,norm_ll_word,-4.557260750372735,0.026635274707031982
gutenberg_unpopular,allegrolab__hubble-1b-100b_toks-injectrange_25_50-hf,1,norm_ll_byte,-0.7746319770672527,0.0033385587414800654
gutenberg_unpopular,allegrolab__hubble-1b-100b_toks-injectrange_25_50-hf,4,norm_ll_word,-4.550353876719169,0.025132092319388337
gutenberg_unpopular,allegrolab__hubble-1b-100b_toks-injectrange_25_50-hf,4,norm_ll_byte,-0.7739996661582513,0.0031181139202506214
gutenberg_unpopular,allegrolab__hubble-1b-100b_toks-injectrange_25_50-hf,16,norm_ll_word,-4.386051693599139,0.03386980996763671
gutenberg_unpopular,allegrolab__hubble-1b-100b_toks-injectrange_25_50-hf,16,norm_ll_byte,-0.7428333985621635,0.004244197324374753
gutenberg_unpopular,allegrolab__hubble-1b-100b_toks-injectrange_25_50-hf,64,norm_ll_word,-4.14794922447147,0.04796288756934793
gutenberg_unpopular,allegrolab__hubble-1b-100b_toks-injectrange_25_50-hf,64,norm_ll_byte,-0.7067593892348429,0.00665793785602447
gutenberg_unpopular,allegrolab__hubble-1b-100b_toks-injectrange_25_50-hf,256,norm_ll_word,-4.117844717203286,0.06529371018307426
gutenberg_unpopular,allegrolab__hubble-1b-100b_toks-injectrange_25_50-hf,256,norm_ll_byte,-0.7073995146702877,0.008797106993802125
gutenberg_unpopular,allegrolab__hubble-1b-100b_toks-injectrange_50_100-hf,0,norm_ll_word,-4.559838960841121,0.01481584430661551
gutenberg_unpopular,allegrolab__hubble-1b-100b_toks-injectrange_50_100-hf,0,norm_ll_byte,-0.7808137903501933,0.001893027508282067
gutenberg_unpopular,allegrolab__hubble-1b-100b_toks-injectrange_50_100-hf,1,norm_ll_word,-4.523308220547617,0.026356080562399603
gutenberg_unpopular,allegrolab__hubble-1b-100b_toks-injectrange_50_100-hf,1,norm_ll_byte,-0.7690462301404425,0.0033488831313578686
gutenberg_unpopular,allegrolab__hubble-1b-100b_toks-injectrange_50_100-hf,4,norm_ll_word,-4.414755399761604,0.02349131569169052
gutenberg_unpopular,allegrolab__hubble-1b-100b_toks-injectrange_50_100-hf,4,norm_ll_byte,-0.751414214033222,0.002962020477044075
gutenberg_unpopular,allegrolab__hubble-1b-100b_toks-injectrange_50_100-hf,16,norm_ll_word,-3.932235679884113,0.028935303353554813
gutenberg_unpopular,allegrolab__hubble-1b-100b_toks-injectrange_50_100-hf,16,norm_ll_byte,-0.6673288099544391,0.003888036675856753
gutenberg_unpopular,allegrolab__hubble-1b-100b_toks-injectrange_50_100-hf,64,norm_ll_word,-0.4036480136148017,0.01070608287439486
gutenberg_unpopular,allegrolab__hubble-1b-100b_toks-injectrange_50_100-hf,64,norm_ll_byte,-0.06792371829968566,0.001295013053469051
gutenberg_unpopular,allegrolab__hubble-1b-100b_toks-injectrange_50_100-hf,256,norm_ll_word,-0.14028573997744162,0.0024902938487677195
gutenberg_unpopular,allegrolab__hubble-1b-100b_toks-injectrange_50_100-hf,256,norm_ll_byte,-0.024121232824976087,0.0003730500105298771
gutenberg_unpopular,allegrolab__hubble-1b-100b_toks-injectrange_50_75-hf,0,norm_ll_word,-4.5295394070875,0.014677774558189088
gutenberg_unpopular,allegrolab__hubble-1b-100b_toks-injectrange_50_75-hf,0,norm_ll_byte,-0.7755165806900945,0.0018524847582084233
gutenberg_unpopular,allegrolab__hubble-1b-100b_toks-injectrange_50_75-hf,1,norm_ll_word,-4.5273118555427185,0.026347857411405606
gutenberg_unpopular,allegrolab__hubble-1b-100b_toks-injectrange_50_75-hf,1,norm_ll_byte,-0.7696031947983115,0.0033040583474947764
gutenberg_unpopular,allegrolab__hubble-1b-100b_toks-injectrange_50_75-hf,4,norm_ll_word,-4.469966952932555,0.024068368652279938
gutenberg_unpopular,allegrolab__hubble-1b-100b_toks-injectrange_50_75-hf,4,norm_ll_byte,-0.7606583333100804,0.0030171194188599927
gutenberg_unpopular,allegrolab__hubble-1b-100b_toks-injectrange_50_75-hf,16,norm_ll_word,-4.120738252920041,0.030230429720243354
gutenberg_unpopular,allegrolab__hubble-1b-100b_toks-injectrange_50_75-hf,16,norm_ll_byte,-0.6987873395450026,0.003931144995700358
gutenberg_unpopular,allegrolab__hubble-1b-100b_toks-injectrange_50_75-hf,64,norm_ll_word,-3.5896245152658155,0.03643168227692434
gutenberg_unpopular,allegrolab__hubble-1b-100b_toks-injectrange_50_75-hf,64,norm_ll_byte,-0.6138816302043278,0.005666065980847953
gutenberg_unpopular,allegrolab__hubble-1b-100b_toks-injectrange_50_75-hf,256,norm_ll_word,-3.4299242257182394,0.04776242411625356
gutenberg_unpopular,allegrolab__hubble-1b-100b_toks-injectrange_50_75-hf,256,norm_ll_byte,-0.590570281675725,0.007015328037060489
gutenberg_unpopular,allegrolab__hubble-1b-100b_toks-injectrange_75_100-hf,0,norm_ll_word,-4.542966428960003,0.014706372489465387
gutenberg_unpopular,allegrolab__hubble-1b-100b_toks-injectrange_75_100-hf,0,norm_ll_byte,-0.7778594363408742,0.001861904960378996
gutenberg_unpopular,allegrolab__hubble-1b-100b_toks-injectrange_75_100-hf,1,norm_ll_word,-4.494809715285143,0.026114329846272086
gutenberg_unpopular,allegrolab__hubble-1b-100b_toks-injectrange_75_100-hf,1,norm_ll_byte,-0.7641772757323738,0.003293067237512113
gutenberg_unpopular,allegrolab__hubble-1b-100b_toks-injectrange_75_100-hf,4,norm_ll_word,-4.351163578801339,0.023261797463030226
gutenberg_unpopular,allegrolab__hubble-1b-100b_toks-injectrange_75_100-hf,4,norm_ll_byte,-0.7406550202868853,0.0029556314484539214
gutenberg_unpopular,allegrolab__hubble-1b-100b_toks-injectrange_75_100-hf,16,norm_ll_word,-3.679270245645232,0.027647708682518656
gutenberg_unpopular,allegrolab__hubble-1b-100b_toks-injectrange_75_100-hf,16,norm_ll_byte,-0.6243766410132203,0.0037934419693233506
gutenberg_unpopular,allegrolab__hubble-1b-100b_toks-injectrange_75_100-hf,64,norm_ll_word,-0.4028943532751628,0.009906954783726577
gutenberg_unpopular,allegrolab__hubble-1b-100b_toks-injectrange_75_100-hf,64,norm_ll_byte,-0.06807917726904109,0.001393405042834854
gutenberg_unpopular,allegrolab__hubble-1b-100b_toks-injectrange_75_100-hf,256,norm_ll_word,-0.15008833109967304,0.0029407431186339685
gutenberg_unpopular,allegrolab__hubble-1b-100b_toks-injectrange_75_100-hf,256,norm_ll_byte,-0.025874883426064088,0.0004918864208797686
gutenberg_unpopular,allegrolab__hubble-1b-100b_toks-interference_copyright-hf,0,norm_ll_word,-4.578123707060848,0.014872005992973576
gutenberg_unpopular,allegrolab__hubble-1b-100b_toks-interference_copyright-hf,0,norm_ll_byte,-0.7839694587345656,0.0018998514734075553
gutenberg_unpopular,allegrolab__hubble-1b-100b_toks-interference_copyright-hf,1,norm_ll_word,-4.575433795125151,0.02676696603358735
gutenberg_unpopular,allegrolab__hubble-1b-100b_toks-interference_copyright-hf,1,norm_ll_byte,-0.777914935341114,0.0033987503985267
gutenberg_unpopular,allegrolab__hubble-1b-100b_toks-interference_copyright-hf,4,norm_ll_word,-4.507375283705513,0.024343221980624337
gutenberg_unpopular,allegrolab__hubble-1b-100b_toks-interference_copyright-hf,4,norm_ll_byte,-0.7669803824531288,0.0030527078025299513
gutenberg_unpopular,allegrolab__hubble-1b-100b_toks-interference_copyright-hf,16,norm_ll_word,-4.2045254238663325,0.03128478419883797
gutenberg_unpopular,allegrolab__hubble-1b-100b_toks-interference_copyright-hf,16,norm_ll_byte,-0.7128310084101547,0.004056132881200636
gutenberg_unpopular,allegrolab__hubble-1b-100b_toks-interference_copyright-hf,64,norm_ll_word,-2.292736764688134,0.05551691132180259
gutenberg_unpopular,allegrolab__hubble-1b-100b_toks-interference_copyright-hf,64,norm_ll_byte,-0.3939939697655391,0.009642854508981256
gutenberg_unpopular,allegrolab__hubble-1b-100b_toks-interference_copyright-hf,256,norm_ll_word,-0.1858636097597403,0.0029994474501889396
gutenberg_unpopular,allegrolab__hubble-1b-100b_toks-interference_copyright-hf,256,norm_ll_byte,-0.03200295374423634,0.0004732426133958924
gutenberg_unpopular,allegrolab__hubble-1b-100b_toks-interference_privacy-hf,0,norm_ll_word,-4.577009205063116,0.014857849694617167
gutenberg_unpopular,allegrolab__hubble-1b-100b_toks-interference_privacy-hf,0,norm_ll_byte,-0.7835891958807795,0.0018703999616316298
gutenberg_unpopular,allegrolab__hubble-1b-100b_toks-interference_privacy-hf,1,norm_ll_word,-4.605705107735011,0.026994299076987038
gutenberg_unpopular,allegrolab__hubble-1b-100b_toks-interference_privacy-hf,1,norm_ll_byte,-0.7827400390577077,0.0033588482939397152
gutenberg_unpopular,allegrolab__hubble-1b-100b_toks-interference_privacy-hf,4,norm_ll_word,-4.644696512873636,0.02694062250160401
gutenberg_unpopular,allegrolab__hubble-1b-100b_toks-interference_privacy-hf,4,norm_ll_byte,-0.7897832744666732,0.003300228379760087
gutenberg_unpopular,allegrolab__hubble-1b-100b_toks-interference_privacy-hf,16,norm_ll_word,-4.620788679122434,0.03636187488399775
gutenberg_unpopular,allegrolab__hubble-1b-100b_toks-interference_privacy-hf,16,norm_ll_byte,-0.7823179654736587,0.004517375441394367
gutenberg_unpopular,allegrolab__hubble-1b-100b_toks-interference_privacy-hf,64,norm_ll_word,-4.554059531225128,0.05409904064488074
gutenberg_unpopular,allegrolab__hubble-1b-100b_toks-interference_privacy-hf,64,norm_ll_byte,-0.7752015960863972,0.00728640178511069
gutenberg_unpopular,allegrolab__hubble-1b-100b_toks-interference_privacy-hf,256,norm_ll_word,-4.547562323724949,0.07574470167170588
gutenberg_unpopular,allegrolab__hubble-1b-100b_toks-interference_privacy-hf,256,norm_ll_byte,-0.7806366014092164,0.010065691407500799
gutenberg_unpopular,allegrolab__hubble-1b-100b_toks-interference_testset-hf,0,norm_ll_word,-4.577546289147792,0.0148843135940659
gutenberg_unpopular,allegrolab__hubble-1b-100b_toks-interference_testset-hf,0,norm_ll_byte,-0.7836481405763598,0.0018687988346837933
gutenberg_unpopular,allegrolab__hubble-1b-100b_toks-interference_testset-hf,1,norm_ll_word,-4.603693624812889,0.026866239196330705
gutenberg_unpopular,allegrolab__hubble-1b-100b_toks-interference_testset-hf,1,norm_ll_byte,-0.782548942214463,0.0033680229722925473
gutenberg_unpopular,allegrolab__hubble-1b-100b_toks-interference_testset-hf,4,norm_ll_word,-4.644331905607403,0.02638087149304467
gutenberg_unpopular,allegrolab__hubble-1b-100b_toks-interference_testset-hf,4,norm_ll_byte,-0.7898027312349175,0.003251279302202119
gutenberg_unpopular,allegrolab__hubble-1b-100b_toks-interference_testset-hf,16,norm_ll_word,-4.623459899390832,0.036623142474307306
gutenberg_unpopular,allegrolab__hubble-1b-100b_toks-interference_testset-hf,16,norm_ll_byte,-0.7826506875668924,0.004543171445482434
gutenberg_unpopular,allegrolab__hubble-1b-100b_toks-interference_testset-hf,64,norm_ll_word,-4.556272855718954,0.054609374248991496
gutenberg_unpopular,allegrolab__hubble-1b-100b_toks-interference_testset-hf,64,norm_ll_byte,-0.7753005375843063,0.007277851227223958
gutenberg_unpopular,allegrolab__hubble-1b-100b_toks-interference_testset-hf,256,norm_ll_word,-4.555093861693832,0.0755224276946418
gutenberg_unpopular,allegrolab__hubble-1b-100b_toks-interference_testset-hf,256,norm_ll_byte,-0.7819556545016084,0.010037928314031302
gutenberg_unpopular,allegrolab__hubble-1b-100b_toks-paraphrased-perturbed-hf,0,norm_ll_word,-4.6035740230437385,0.014827056493160077
gutenberg_unpopular,allegrolab__hubble-1b-100b_toks-paraphrased-perturbed-hf,0,norm_ll_byte,-0.7884608558348586,0.0019015065441711674
gutenberg_unpopular,allegrolab__hubble-1b-100b_toks-paraphrased-perturbed-hf,1,norm_ll_word,-4.584138507830359,0.026279271021564368
gutenberg_unpopular,allegrolab__hubble-1b-100b_toks-paraphrased-perturbed-hf,1,norm_ll_byte,-0.7795137360234773,0.0033141399224827467
gutenberg_unpopular,allegrolab__hubble-1b-100b_toks-paraphrased-perturbed-hf,4,norm_ll_word,-4.519656738791804,0.024369368234046323
gutenberg_unpopular,allegrolab__hubble-1b-100b_toks-paraphrased-perturbed-hf,4,norm_ll_byte,-0.7690936373627698,0.003045171887685329
gutenberg_unpopular,allegrolab__hubble-1b-100b_toks-paraphrased-perturbed-hf,16,norm_ll_word,-4.205440522849185,0.03142140294730127
gutenberg_unpopular,allegrolab__hubble-1b-100b_toks-paraphrased-perturbed-hf,16,norm_ll_byte,-0.7130395953850089,0.004102746001062788
gutenberg_unpopular,allegrolab__hubble-1b-100b_toks-paraphrased-perturbed-hf,64,norm_ll_word,-2.0104141387499936,0.05678432472257446
gutenberg_unpopular,allegrolab__hubble-1b-100b_toks-paraphrased-perturbed-hf,64,norm_ll_byte,-0.34424483724203275,0.009619977171330143
gutenberg_unpopular,allegrolab__hubble-1b-100b_toks-paraphrased-perturbed-hf,256,norm_ll_word,-0.18065787092713026,0.002887090365334226
gutenberg_unpopular,allegrolab__hubble-1b-100b_toks-paraphrased-perturbed-hf,256,norm_ll_byte,-0.031088528809696973,0.0004363748062864027
gutenberg_unpopular,allegrolab__hubble-1b-100b_toks-perturbed-hf,0,norm_ll_word,-4.677525058447207,0.01491870757217
gutenberg_unpopular,allegrolab__hubble-1b-100b_toks-perturbed-hf,0,norm_ll_byte,-0.801428712476075,0.0019519595079766786
gutenberg_unpopular,allegrolab__hubble-1b-100b_toks-perturbed-hf,1,norm_ll_word,-4.660857980655558,0.026655667117322673
gutenberg_unpopular,allegrolab__hubble-1b-100b_toks-perturbed-hf,1,norm_ll_byte,-0.793105020971883,0.0034896739032102184
gutenberg_unpopular,allegrolab__hubble-1b-100b_toks-perturbed-hf,4,norm_ll_word,-4.574028504980174,0.024271099608926375
gutenberg_unpopular,allegrolab__hubble-1b-100b_toks-perturbed-hf,4,norm_ll_byte,-0.7786634959726451,0.003069006170535313
gutenberg_unpopular,allegrolab__hubble-1b-100b_toks-perturbed-hf,16,norm_ll_word,-4.237089889582736,0.031087711499281075
gutenberg_unpopular,allegrolab__hubble-1b-100b_toks-perturbed-hf,16,norm_ll_byte,-0.7186624473400715,0.004075351830119776
gutenberg_unpopular,allegrolab__hubble-1b-100b_toks-perturbed-hf,64,norm_ll_word,-2.136709152061733,0.060157172096592784
gutenberg_unpopular,allegrolab__hubble-1b-100b_toks-perturbed-hf,64,norm_ll_byte,-0.3656270576550966,0.010131096249727415
gutenberg_unpopular,allegrolab__hubble-1b-100b_toks-perturbed-hf,256,norm_ll_word,-0.1838584244768225,0.0029614604964719486
gutenberg_unpopular,allegrolab__hubble-1b-100b_toks-perturbed-hf,256,norm_ll_byte,-0.031613256737412825,0.00043901692007806904
gutenberg_unpopular,allegrolab__hubble-1b-100b_toks-standard-hf,0,norm_ll_word,-4.57904677516015,0.014839485369895326
gutenberg_unpopular,allegrolab__hubble-1b-100b_toks-standard-hf,0,norm_ll_byte,-0.7839576398743245,0.001867252322933738
gutenberg_unpopular,allegrolab__hubble-1b-100b_toks-standard-hf,1,norm_ll_word,-4.609522711230663,0.026976347654021005
gutenberg_unpopular,allegrolab__hubble-1b-100b_toks-standard-hf,1,norm_ll_byte,-0.7834293605743291,0.0033588693806500636
gutenberg_unpopular,allegrolab__hubble-1b-100b_toks-standard-hf,4,norm_ll_word,-4.6437493288334535,0.026316705252641775
gutenberg_unpopular,allegrolab__hubble-1b-100b_toks-standard-hf,4,norm_ll_byte,-0.7896838982608425,0.0032324922431854575
gutenberg_unpopular,allegrolab__hubble-1b-100b_toks-standard-hf,16,norm_ll_word,-4.627036395573722,0.03677759814252885
gutenberg_unpopular,allegrolab__hubble-1b-100b_toks-standard-hf,16,norm_ll_byte,-0.7831596931554324,0.004540266572555062
gutenberg_unpopular,allegrolab__hubble-1b-100b_toks-standard-hf,64,norm_ll_word,-4.557041717632971,0.054344801680166664
gutenberg_unpopular,allegrolab__hubble-1b-100b_toks-standard-hf,64,norm_ll_byte,-0.7756753485369545,0.007305322448080884
gutenberg_unpopular,allegrolab__hubble-1b-100b_toks-standard-hf,256,norm_ll_word,-4.560286319718373,0.07539587504547045
gutenberg_unpopular,allegrolab__hubble-1b-100b_toks-standard-hf,256,norm_ll_byte,-0.7828968671370822,0.010011576233186884
gutenberg_unpopular,allegrolab__hubble-1b-500b_toks-perturbed-hf,0,norm_ll_word,-4.424103746960395,0.014787897824161119
gutenberg_unpopular,allegrolab__hubble-1b-500b_toks-perturbed-hf,0,norm_ll_byte,-0.7577122504995941,0.001955939841933188
gutenberg_unpopular,allegrolab__hubble-1b-500b_toks-perturbed-hf,1,norm_ll_word,-4.460062702812313,0.02691905100685398
gutenberg_unpopular,allegrolab__hubble-1b-500b_toks-perturbed-hf,1,norm_ll_byte,-0.7585801878134341,0.003590841721727662
gutenberg_unpopular,allegrolab__hubble-1b-500b_toks-perturbed-hf,4,norm_ll_word,-4.445203467574706,0.025426155619275595
gutenberg_unpopular,allegrolab__hubble-1b-500b_toks-perturbed-hf,4,norm_ll_byte,-0.7563672101580341,0.003256905650190296
gutenberg_unpopular,allegrolab__hubble-1b-500b_toks-perturbed-hf,16,norm_ll_word,-4.328736311546717,0.0335693183418634
gutenberg_unpopular,allegrolab__hubble-1b-500b_toks-perturbed-hf,16,norm_ll_byte,-0.7334092198791126,0.00433654339446617
gutenberg_unpopular,allegrolab__hubble-1b-500b_toks-perturbed-hf,64,norm_ll_word,-3.960623590724852,0.04646892921752983
gutenberg_unpopular,allegrolab__hubble-1b-500b_toks-perturbed-hf,64,norm_ll_byte,-0.6754515208722471,0.006680863570883749
gutenberg_unpopular,allegrolab__hubble-1b-500b_toks-perturbed-hf,256,norm_ll_word,-0.7595191744143308,0.049963518589955076
gutenberg_unpopular,allegrolab__hubble-1b-500b_toks-perturbed-hf,256,norm_ll_byte,-0.13127037535708824,0.00881694505098149
gutenberg_unpopular,allegrolab__hubble-1b-500b_toks-standard-hf,0,norm_ll_word,-4.425437432884837,0.014386393331192364
gutenberg_unpopular,allegrolab__hubble-1b-500b_toks-standard-hf,0,norm_ll_byte,-0.7577550986997422,0.0018239217941060037
gutenberg_unpopular,allegrolab__hubble-1b-500b_toks-standard-hf,1,norm_ll_word,-4.448271394551961,0.026102800793806554
gutenberg_unpopular,allegrolab__hubble-1b-500b_toks-standard-hf,1,norm_ll_byte,-0.7561550579995886,0.00329071101174046
gutenberg_unpopular,allegrolab__hubble-1b-500b_toks-standard-hf,4,norm_ll_word,-4.49100292893004,0.026073980666834636
gutenberg_unpopular,allegrolab__hubble-1b-500b_toks-standard-hf,4,norm_ll_byte,-0.7639099364846483,0.003241068125204441
gutenberg_unpopular,allegrolab__hubble-1b-500b_toks-standard-hf,16,norm_ll_word,-4.466749472035152,0.035172946291437523
gutenberg_unpopular,allegrolab__hubble-1b-500b_toks-standard-hf,16,norm_ll_byte,-0.7562797518811365,0.00439868877295163
gutenberg_unpopular,allegrolab__hubble-1b-500b_toks-standard-hf,64,norm_ll_word,-4.405720336734039,0.053018001665768325
gutenberg_unpopular,allegrolab__hubble-1b-500b_toks-standard-hf,64,norm_ll_byte,-0.7499912709284298,0.007223407146639544
gutenberg_unpopular,allegrolab__hubble-1b-500b_toks-standard-hf,256,norm_ll_word,-4.393763404627739,0.0730223406938748
gutenberg_unpopular,allegrolab__hubble-1b-500b_toks-standard-hf,256,norm_ll_byte,-0.7543646967636575,0.009788493979586442
gutenberg_unpopular,allegrolab__hubble-8b-100b_toks-paraphrased-perturbed-hf,0,norm_ll_word,-4.222885402318335,0.01336188054771069
gutenberg_unpopular,allegrolab__hubble-8b-100b_toks-paraphrased-perturbed-hf,0,norm_ll_byte,-0.7236200489233213,0.0017410507130751981
gutenberg_unpopular,allegrolab__hubble-8b-100b_toks-paraphrased-perturbed-hf,1,norm_ll_word,-4.092417517646919,0.023552696977490847
gutenberg_unpopular,allegrolab__hubble-8b-100b_toks-paraphrased-perturbed-hf,1,norm_ll_byte,-0.6964667701934362,0.0031052310017245905
gutenberg_unpopular,allegrolab__hubble-8b-100b_toks-paraphrased-perturbed-hf,4,norm_ll_word,-3.811834260800534,0.020550070049973057
gutenberg_unpopular,allegrolab__hubble-8b-100b_toks-paraphrased-perturbed-hf,4,norm_ll_byte,-0.6496866342443411,0.002801980016995137
gutenberg_unpopular,allegrolab__hubble-8b-100b_toks-paraphrased-perturbed-hf,16,norm_ll_word,-1.8078081162480446,0.04159946476775268
gutenberg_unpopular,allegrolab__hubble-8b-100b_toks-paraphrased-perturbed-hf,16,norm_ll_byte,-0.30526105155823513,0.006806529725380222
gutenberg_unpopular,allegrolab__hubble-8b-100b_toks-paraphrased-perturbed-hf,64,norm_ll_word,-0.1570926808500541,0.003119358138034802
gutenberg_unpopular,allegrolab__hubble-8b-100b_toks-paraphrased-perturbed-hf,64,norm_ll_byte,-0.026696479919877208,0.00048604858112017096
gutenberg_unpopular,allegrolab__hubble-8b-100b_toks-paraphrased-perturbed-hf,256,norm_ll_word,-0.08877153767643722,0.0009127349423206168
gutenberg_unpopular,allegrolab__hubble-8b-100b_toks-paraphrased-perturbed-hf,256,norm_ll_byte,-0.015289630064408975,0.0001224579617362869
gutenberg_unpopular,allegrolab__hubble-8b-100b_toks-perturbed-hf,0,norm_ll_word,-4.238894577575433,0.013686294924031166
gutenberg_unpopular,allegrolab__hubble-8b-100b_toks-perturbed-hf,0,norm_ll_byte,-0.726220046700753,0.001786666590174805
gutenberg_unpopular,allegrolab__hubble-8b-100b_toks-perturbed-hf,1,norm_ll_word,-4.096181152015595,0.023923468914271065
gutenberg_unpopular,allegrolab__hubble-8b-100b_toks-perturbed-hf,1,norm_ll_byte,-0.6970514036924507,0.0031694203732825802
gutenberg_unpopular,allegrolab__hubble-8b-100b_toks-perturbed-hf,4,norm_ll_word,-3.797938291908295,0.02087179478611331
gutenberg_unpopular,allegrolab__hubble-8b-100b_toks-perturbed-hf,4,norm_ll_byte,-0.6471603148871923,0.0028356958710190356
gutenberg_unpopular,allegrolab__hubble-8b-100b_toks-perturbed-hf,16,norm_ll_word,-1.8289576204656464,0.03860985603151693
gutenberg_unpopular,allegrolab__hubble-8b-100b_toks-perturbed-hf,16,norm_ll_byte,-0.30898389403958776,0.0062902795781152624
gutenberg_unpopular,allegrolab__hubble-8b-100b_toks-perturbed-hf,64,norm_ll_word,-0.1493032858372323,0.0030445963715677806
gutenberg_unpopular,allegrolab__hubble-8b-100b_toks-perturbed-hf,64,norm_ll_byte,-0.025248578791554087,0.0004067860430924111
gutenberg_unpopular,allegrolab__hubble-8b-100b_toks-perturbed-hf,256,norm_ll_word,-0.08803954101235635,0.0008941634645770277
gutenberg_unpopular,allegrolab__hubble-8b-100b_toks-perturbed-hf,256,norm_ll_byte,-0.015164863251703346,0.0001185994465020785
gutenberg_unpopular,allegrolab__hubble-8b-100b_toks-standard-hf,0,norm_ll_word,-4.1586245273820435,0.013494657739005024
gutenberg_unpopular,allegrolab__hubble-8b-100b_toks-standard-hf,0,norm_ll_byte,-0.7122930021420176,0.0017395072914460252
gutenberg_unpopular,allegrolab__hubble-8b-100b_toks-standard-hf,1,norm_ll_word,-4.173868266440687,0.02439361608025618
gutenberg_unpopular,allegrolab__hubble-8b-100b_toks-standard-hf,1,norm_ll_byte,-0.7097593281888017,0.0031233302328797143
gutenberg_unpopular,allegrolab__hubble-8b-100b_toks-standard-hf,4,norm_ll_word,-4.212629883232429,0.023959510693037252
gutenberg_unpopular,allegrolab__hubble-8b-100b_toks-standard-hf,4,norm_ll_byte,-0.7169104426574833,0.003046186986581659
gutenberg_unpopular,allegrolab__hubble-8b-100b_toks-standard-hf,16,norm_ll_word,-4.19681582363831,0.03293048075093295
gutenberg_unpopular,allegrolab__hubble-8b-100b_toks-standard-hf,16,norm_ll_byte,-0.7108042343503934,0.004187756493241627
gutenberg_unpopular,allegrolab__hubble-8b-100b_toks-standard-hf,64,norm_ll_word,-4.122543448327619,0.05005588447339699
gutenberg_unpopular,allegrolab__hubble-8b-100b_toks-standard-hf,64,norm_ll_byte,-0.7022165370422082,0.007007480419275996
gutenberg_unpopular,allegrolab__hubble-8b-100b_toks-standard-hf,256,norm_ll_word,-4.121069047994068,0.06829232989979463
gutenberg_unpopular,allegrolab__hubble-8b-100b_toks-standard-hf,256,norm_ll_byte,-0.7076872500906911,0.009261060000254966
gutenberg_unpopular,allegrolab__hubble-8b-500b_toks-perturbed-hf,0,norm_ll_word,-3.9472498514300427,0.012562829756611233
gutenberg_unpopular,allegrolab__hubble-8b-500b_toks-perturbed-hf,0,norm_ll_byte,-0.6764132427533679,0.0016373130811765126
gutenberg_unpopular,allegrolab__hubble-8b-500b_toks-perturbed-hf,1,norm_ll_word,-3.916784269599884,0.022006242318060514
gutenberg_unpopular,allegrolab__hubble-8b-500b_toks-perturbed-hf,1,norm_ll_byte,-0.6668441050128113,0.002899767468096233
gutenberg_unpopular,allegrolab__hubble-8b-500b_toks-perturbed-hf,4,norm_ll_word,-3.867760630600268,0.021198735431792196
gutenberg_unpopular,allegrolab__hubble-8b-500b_toks-perturbed-hf,4,norm_ll_byte,-0.6589259693712486,0.0027890256348445087
gutenberg_unpopular,allegrolab__hubble-8b-500b_toks-perturbed-hf,16,norm_ll_word,-3.501212712178122,0.0268196774139543
gutenberg_unpopular,allegrolab__hubble-8b-500b_toks-perturbed-hf,16,norm_ll_byte,-0.5942654321636145,0.0037481694793759356
gutenberg_unpopular,allegrolab__hubble-8b-500b_toks-perturbed-hf,64,norm_ll_word,-0.6707581056350848,0.03039333075759786
gutenberg_unpopular,allegrolab__hubble-8b-500b_toks-perturbed-hf,64,norm_ll_byte,-0.11311781442622233,0.004891722325947334
gutenberg_unpopular,allegrolab__hubble-8b-500b_toks-perturbed-hf,256,norm_ll_word,-0.14285071402416932,0.0023726672768115764
gutenberg_unpopular,allegrolab__hubble-8b-500b_toks-perturbed-hf,256,norm_ll_byte,-0.02464027967248875,0.00039759125579698525
gutenberg_unpopular,allegrolab__hubble-8b-500b_toks-standard-hf,0,norm_ll_word,-3.9731479418515954,0.012791894663250864
gutenberg_unpopular,allegrolab__hubble-8b-500b_toks-standard-hf,0,norm_ll_byte,-0.6807226379866906,0.001662410243979752
gutenberg_unpopular,allegrolab__hubble-8b-500b_toks-standard-hf,1,norm_ll_word,-3.9766310518920083,0.022826640834199864
gutenberg_unpopular,allegrolab__hubble-8b-500b_toks-standard-hf,1,norm_ll_byte,-0.6766279880176561,0.0029635744349401083
gutenberg_unpopular,allegrolab__hubble-8b-500b_toks-standard-hf,4,norm_ll_word,-4.024218190006499,0.0224862013338699
gutenberg_unpopular,allegrolab__hubble-8b-500b_toks-standard-hf,4,norm_ll_byte,-0.6853159396732245,0.0029099054960120196
gutenberg_unpopular,allegrolab__hubble-8b-500b_toks-standard-hf,16,norm_ll_word,-4.0062753846713575,0.031027548407783555
gutenberg_unpopular,allegrolab__hubble-8b-500b_toks-standard-hf,16,norm_ll_byte,-0.6788499798510566,0.004003443921085983
gutenberg_unpopular,allegrolab__hubble-8b-500b_toks-standard-hf,64,norm_ll_word,-3.9389776888290555,0.047313827005927865
gutenberg_unpopular,allegrolab__hubble-8b-500b_toks-standard-hf,64,norm_ll_byte,-0.6709688139925198,0.006619609908938282
gutenberg_unpopular,allegrolab__hubble-8b-500b_toks-standard-hf,256,norm_ll_word,-3.9226908821227564,0.06416085643969677
gutenberg_unpopular,allegrolab__hubble-8b-500b_toks-standard-hf,256,norm_ll_byte,-0.673763428170964,0.008759599703843114
gutenberg_unpopular,allegrolab__hubble-1b-100b_toks-double_depth-perturbed-hf,0,rougeL_f1,0.09596802710967882,0.0006300089531974469
gutenberg_unpopular,allegrolab__hubble-1b-100b_toks-double_depth-perturbed-hf,0,rougeL_precision,0.06981914355891031,0.0005707536769313192
gutenberg_unpopular,allegrolab__hubble-1b-100b_toks-double_depth-perturbed-hf,0,rougeL_recall,0.16576707734468574,0.001093149688577428
gutenberg_unpopular,allegrolab__hubble-1b-100b_toks-double_depth-perturbed-hf,0,rougeL_f1_stemmed,0.09715946155463949,0.000637454233958539
gutenberg_unpopular,allegrolab__hubble-1b-100b_toks-double_depth-perturbed-hf,0,rougeL_precision_stemmed,0.0706791225528795,0.0005762025337072508
gutenberg_unpopular,allegrolab__hubble-1b-100b_toks-double_depth-perturbed-hf,0,rougeL_recall_stemmed,0.1678671091850995,0.0011102193969527243
gutenberg_unpopular,allegrolab__hubble-1b-100b_toks-double_depth-perturbed-hf,0,exact_match_tokens,0.0,0.0
gutenberg_unpopular,allegrolab__hubble-1b-100b_toks-double_depth-perturbed-hf,0,exact_match_tokens_s100,0.0,0.0
gutenberg_unpopular,allegrolab__hubble-1b-100b_toks-double_depth-perturbed-hf,0,rougeL_f1_s100,0.15141837476597186,0.0008999858511522188
gutenberg_unpopular,allegrolab__hubble-1b-100b_toks-double_depth-perturbed-hf,0,rougeL_recall_s100,0.15406734390777846,0.000939068481321781
gutenberg_unpopular,allegrolab__hubble-1b-100b_toks-double_depth-perturbed-hf,0,rougeL_precision_s100,0.1507356391849658,0.0009095820179607781
gutenberg_unpopular,allegrolab__hubble-1b-100b_toks-double_depth-perturbed-hf,1,rougeL_f1,0.0976890984229549,0.0010482542418994228
gutenberg_unpopular,allegrolab__hubble-1b-100b_toks-double_depth-perturbed-hf,1,rougeL_precision,0.0703495077762824,0.0008393492839003237
gutenberg_unpopular,allegrolab__hubble-1b-100b_toks-double_depth-perturbed-hf,1,rougeL_recall,0.1691057396357835,0.0018588216547691257
gutenberg_unpopular,allegrolab__hubble-1b-100b_toks-double_depth-perturbed-hf,1,rougeL_f1_stemmed,0.09893556319134371,0.0010630533080655945
gutenberg_unpopular,allegrolab__hubble-1b-100b_toks-double_depth-perturbed-hf,1,rougeL_precision_stemmed,0.07123418135944526,0.0008488558381869862
gutenberg_unpopular,allegrolab__hubble-1b-100b_toks-double_depth-perturbed-hf,1,rougeL_recall_stemmed,0.17131361037441517,0.0018903208138438307
gutenberg_unpopular,allegrolab__hubble-1b-100b_toks-double_depth-perturbed-hf,1,exact_match_tokens,0.0,0.0
gutenberg_unpopular,allegrolab__hubble-1b-100b_toks-double_depth-perturbed-hf,1,exact_match_tokens_s100,0.0,0.0
gutenberg_unpopular,allegrolab__hubble-1b-100b_toks-double_depth-perturbed-hf,1,rougeL_f1_s100,0.1552150532417807,0.0015434986265691144
gutenberg_unpopular,allegrolab__hubble-1b-100b_toks-double_depth-perturbed-hf,1,rougeL_recall_s100,0.15777153105175,0.0015766571243444592
gutenberg_unpopular,allegrolab__hubble-1b-100b_toks-double_depth-perturbed-hf,1,rougeL_precision_s100,0.1546181618190082,0.00158064532297264
gutenberg_unpopular,allegrolab__hubble-1b-100b_toks-double_depth-perturbed-hf,4,rougeL_f1,0.09573286386859525,0.0011015897058595631
gutenberg_unpopular,allegrolab__hubble-1b-100b_toks-double_depth-perturbed-hf,4,rougeL_precision,0.06946203745095862,0.0010453605666626456
gutenberg_unpopular,allegrolab__hubble-1b-100b_toks-double_depth-perturbed-hf,4,rougeL_recall,0.16707277301165743,0.0018863751401899933
gutenberg_unpopular,allegrolab__hubble-1b-100b_toks-double_depth-perturbed-hf,4,rougeL_f1_stemmed,0.09687832414890245,0.0011091193446153167
gutenberg_unpopular,allegrolab__hubble-1b-100b_toks-double_depth-perturbed-hf,4,rougeL_precision_stemmed,0.07028313511355269,0.0010511607199850763
gutenberg_unpopular,allegrolab__hubble-1b-100b_toks-double_depth-perturbed-hf,4,rougeL_recall_stemmed,0.16909420015282095,0.0019032212685073352
gutenberg_unpopular,allegrolab__hubble-1b-100b_toks-double_depth-perturbed-hf,4,exact_match_tokens,0.0,0.0
gutenberg_unpopular,allegrolab__hubble-1b-100b_toks-double_depth-perturbed-hf,4,exact_match_tokens_s100,0.0,0.0
gutenberg_unpopular,allegrolab__hubble-1b-100b_toks-double_depth-perturbed-hf,4,rougeL_f1_s100,0.15141000193836526,0.0015535928806931578
gutenberg_unpopular,allegrolab__hubble-1b-100b_toks-double_depth-perturbed-hf,4,rougeL_recall_s100,0.1543432809935881,0.0016062330319427981
gutenberg_unpopular,allegrolab__hubble-1b-100b_toks-double_depth-perturbed-hf,4,rougeL_precision_s100,0.15094245536236403,0.0016293162955807454
gutenberg_unpopular,allegrolab__hubble-1b-100b_toks-double_depth-perturbed-hf,16,rougeL_f1,0.09907777803753495,0.0017850341902543921
gutenberg_unpopular,allegrolab__hubble-1b-100b_toks-double_depth-perturbed-hf,16,rougeL_precision,0.07148610451176571,0.0014960283268157634
gutenberg_unpopular,allegrolab__hubble-1b-100b_toks-double_depth-perturbed-hf,16,rougeL_recall,0.17121624093222385,0.0028213186826293187
gutenberg_unpopular,allegrolab__hubble-1b-100b_toks-double_depth-perturbed-hf,16,rougeL_f1_stemmed,0.10029818989147658,0.001796377106208235
gutenberg_unpopular,allegrolab__hubble-1b-100b_toks-double_depth-perturbed-hf,16,rougeL_precision_stemmed,0.0723666696788296,0.001505801295100471
gutenberg_unpopular,allegrolab__hubble-1b-100b_toks-double_depth-perturbed-hf,16,rougeL_recall_stemmed,0.17333801658407436,0.0028446975809885864
gutenberg_unpopular,allegrolab__hubble-1b-100b_toks-double_depth-perturbed-hf,16,exact_match_tokens,0.0,0.0
gutenberg_unpopular,allegrolab__hubble-1b-100b_toks-double_depth-perturbed-hf,16,exact_match_tokens_s100,0.0,0.0
gutenberg_unpopular,allegrolab__hubble-1b-100b_toks-double_depth-perturbed-hf,16,rougeL_f1_s100,0.15766202062344323,0.0024044722543919254
gutenberg_unpopular,allegrolab__hubble-1b-100b_toks-double_depth-perturbed-hf,16,rougeL_recall_s100,0.16072671756816231,0.002494769617399518
gutenberg_unpopular,allegrolab__hubble-1b-100b_toks-double_depth-perturbed-hf,16,rougeL_precision_s100,0.15627385991915488,0.002402126921794147
gutenberg_unpopular,allegrolab__hubble-1b-100b_toks-double_depth-perturbed-hf,64,rougeL_f1,0.2689348141954533,0.013018721914968237
gutenberg_unpopular,allegrolab__hubble-1b-100b_toks-double_depth-perturbed-hf,64,rougeL_precision,0.26719664410364125,0.013330790679083288
gutenberg_unpopular,allegrolab__hubble-1b-100b_toks-double_depth-perturbed-hf,64,rougeL_recall,0.286547977791725,0.013044121479665311
gutenberg_unpopular,allegrolab__hubble-1b-100b_toks-double_depth-perturbed-hf,64,rougeL_f1_stemmed,0.27010537592264194,0.01301599486441952
gutenberg_unpopular,allegrolab__hubble-1b-100b_toks-double_depth-perturbed-hf,64,rougeL_precision_stemmed,0.2683939985396717,0.013332065804334608
gutenberg_unpopular,allegrolab__hubble-1b-100b_toks-double_depth-perturbed-hf,64,rougeL_recall_stemmed,0.2878168518090024,0.013048103920183502
gutenberg_unpopular,allegrolab__hubble-1b-100b_toks-double_depth-perturbed-hf,64,exact_match_tokens,0.03496503496503497,0.010880931541475515
gutenberg_unpopular,allegrolab__hubble-1b-100b_toks-double_depth-perturbed-hf,64,exact_match_tokens_s100,0.055944055944055944,0.013612986388595462
gutenberg_unpopular,allegrolab__hubble-1b-100b_toks-double_depth-perturbed-hf,64,rougeL_f1_s100,0.350741885376042,0.01546511038488914
gutenberg_unpopular,allegrolab__hubble-1b-100b_toks-double_depth-perturbed-hf,64,rougeL_recall_s100,0.35211709439378414,0.015484486793221355
gutenberg_unpopular,allegrolab__hubble-1b-100b_toks-double_depth-perturbed-hf,64,rougeL_precision_s100,0.35172093255392767,0.015467170128708947
gutenberg_unpopular,allegrolab__hubble-1b-100b_toks-double_depth-perturbed-hf,256,rougeL_f1,0.95543426134027,0.012717213157405023
gutenberg_unpopular,allegrolab__hubble-1b-100b_toks-double_depth-perturbed-hf,256,rougeL_precision,0.9540382411798494,0.013160775696345928
gutenberg_unpopular,allegrolab__hubble-1b-100b_toks-double_depth-perturbed-hf,256,rougeL_recall,0.9586037134924652,0.012182126280863665
gutenberg_unpopular,allegrolab__hubble-1b-100b_toks-double_depth-perturbed-hf,256,rougeL_f1_stemmed,0.9555881204216224,0.012668990938365553
gutenberg_unpopular,allegrolab__hubble-1b-100b_toks-double_depth-perturbed-hf,256,rougeL_precision_stemmed,0.954187049635488,0.013116521654251393
gutenberg_unpopular,allegrolab__hubble-1b-100b_toks-double_depth-perturbed-hf,256,rougeL_recall_stemmed,0.9587650889184046,0.012129035533608109
gutenberg_unpopular,allegrolab__hubble-1b-100b_toks-double_depth-perturbed-hf,256,exact_match_tokens,0.8951048951048951,0.025714045302205415
gutenberg_unpopular,allegrolab__hubble-1b-100b_toks-double_depth-perturbed-hf,256,exact_match_tokens_s100,0.8601398601398601,0.02910632295887289
gutenberg_unpopular,allegrolab__hubble-1b-100b_toks-double_depth-perturbed-hf,256,rougeL_f1_s100,0.9776380557110661,0.008591661208979718
gutenberg_unpopular,allegrolab__hubble-1b-100b_toks-double_depth-perturbed-hf,256,rougeL_recall_s100,0.9771279855851216,0.00858733684293342
gutenberg_unpopular,allegrolab__hubble-1b-100b_toks-double_depth-perturbed-hf,256,rougeL_precision_s100,0.9782360015059383,0.008591273415675709
gutenberg_unpopular,allegrolab__hubble-1b-100b_toks-double_depth-standard-hf,0,rougeL_f1,0.09162465297975904,0.0006196801487414871
gutenberg_unpopular,allegrolab__hubble-1b-100b_toks-double_depth-standard-hf,0,rougeL_precision,0.06477529304020373,0.00048491293093032533
gutenberg_unpopular,allegrolab__hubble-1b-100b_toks-double_depth-standard-hf,0,rougeL_recall,0.16259396330290024,0.0011142394649211337
gutenberg_unpopular,allegrolab__hubble-1b-100b_toks-double_depth-standard-hf,0,rougeL_f1_stemmed,0.09280776247251706,0.0006285528089939594
gutenberg_unpopular,allegrolab__hubble-1b-100b_toks-double_depth-standard-hf,0,rougeL_precision_stemmed,0.0656057842483524,0.0004902277881901737
gutenberg_unpopular,allegrolab__hubble-1b-100b_toks-double_depth-standard-hf,0,rougeL_recall_stemmed,0.16471051014757881,0.0011321206860216196
gutenberg_unpopular,allegrolab__hubble-1b-100b_toks-double_depth-standard-hf,0,exact_match_tokens,0.0,0.0
gutenberg_unpopular,allegrolab__hubble-1b-100b_toks-double_depth-standard-hf,0,exact_match_tokens_s100,0.0,0.0
gutenberg_unpopular,allegrolab__hubble-1b-100b_toks-double_depth-standard-hf,0,rougeL_f1_s100,0.1496484807140837,0.0009333960365074515
gutenberg_unpopular,allegrolab__hubble-1b-100b_toks-double_depth-standard-hf,0,rougeL_recall_s100,0.15292929900764204,0.0009684298091252935
gutenberg_unpopular,allegrolab__hubble-1b-100b_toks-double_depth-standard-hf,0,rougeL_precision_s100,0.1483102252206737,0.0009430730568920686
gutenberg_unpopular,allegrolab__hubble-1b-100b_toks-double_depth-standard-hf,1,rougeL_f1,0.09177870666773996,0.0010781041247209676
gutenberg_unpopular,allegrolab__hubble-1b-100b_toks-double_depth-standard-hf,1,rougeL_precision,0.06477254171870342,0.0007919034611811197
gutenberg_unpopular,allegrolab__hubble-1b-100b_toks-double_depth-standard-hf,1,rougeL_recall,0.16295763864160293,0.0019405784403108762
gutenberg_unpopular,allegrolab__hubble-1b-100b_toks-double_depth-standard-hf,1,rougeL_f1_stemmed,0.09298589000576629,0.001094345907917532
gutenberg_unpopular,allegrolab__hubble-1b-100b_toks-double_depth-standard-hf,1,rougeL_precision_stemmed,0.06562175941466009,0.0008033882879192859
gutenberg_unpopular,allegrolab__hubble-1b-100b_toks-double_depth-standard-hf,1,rougeL_recall_stemmed,0.16512917569332383,0.001974008416478299
gutenberg_unpopular,allegrolab__hubble-1b-100b_toks-double_depth-standard-hf,1,exact_match_tokens,0.0,0.0
gutenberg_unpopular,allegrolab__hubble-1b-100b_toks-double_depth-standard-hf,1,exact_match_tokens_s100,0.0,0.0
gutenberg_unpopular,allegrolab__hubble-1b-100b_toks-double_depth-standard-hf,1,rougeL_f1_s100,0.15062501503902015,0.001596549497934476
gutenberg_unpopular,allegrolab__hubble-1b-100b_toks-double_depth-standard-hf,1,rougeL_recall_s100,0.15376319310584263,0.001638751002492416
gutenberg_unpopular,allegrolab__hubble-1b-100b_toks-double_depth-standard-hf,1,rougeL_precision_s100,0.14937275069978792,0.0016180185339073703
gutenberg_unpopular,allegrolab__hubble-1b-100b_toks-double_depth-standard-hf,4,rougeL_f1,0.09068236431520464,0.0010283620367248004
gutenberg_unpopular,allegrolab__hubble-1b-100b_toks-double_depth-standard-hf,4,rougeL_precision,0.06399354693562867,0.0007579731237010408
gutenberg_unpopular,allegrolab__hubble-1b-100b_toks-double_depth-standard-hf,4,rougeL_recall,0.1608349393850615,0.0018453091453758264
gutenberg_unpopular,allegrolab__hubble-1b-100b_toks-double_depth-standard-hf,4,rougeL_f1_stemmed,0.09178987998286887,0.0010346844514525504
gutenberg_unpopular,allegrolab__hubble-1b-100b_toks-double_depth-standard-hf,4,rougeL_precision_stemmed,0.06477253636892998,0.000762154104056523
gutenberg_unpopular,allegrolab__hubble-1b-100b_toks-double_depth-standard-hf,4,rougeL_recall_stemmed,0.16281923571364113,0.0018591697671888657
gutenberg_unpopular,allegrolab__hubble-1b-100b_toks-double_depth-standard-hf,4,exact_match_tokens,0.0,0.0
gutenberg_unpopular,allegrolab__hubble-1b-100b_toks-double_depth-standard-hf,4,exact_match_tokens_s100,0.0,0.0
gutenberg_unpopular,allegrolab__hubble-1b-100b_toks-double_depth-standard-hf,4,rougeL_f1_s100,0.14816353847614386,0.0015680284558475062
gutenberg_unpopular,allegrolab__hubble-1b-100b_toks-double_depth-standard-hf,4,rougeL_recall_s100,0.1512688869261846,0.0016208233351705668
gutenberg_unpopular,allegrolab__hubble-1b-100b_toks-double_depth-standard-hf,4,rougeL_precision_s100,0.14708261638433828,0.0015920463293189742
gutenberg_unpopular,allegrolab__hubble-1b-100b_toks-double_depth-standard-hf,16,rougeL_f1,0.09516063667825672,0.0018047759365041119
gutenberg_unpopular,allegrolab__hubble-1b-100b_toks-double_depth-standard-hf,16,rougeL_precision,0.0681311986072663,0.0014954498519216947
gutenberg_unpopular,allegrolab__hubble-1b-100b_toks-double_depth-standard-hf,16,rougeL_recall,0.16669955652824472,0.0028876435817596596
gutenberg_unpopular,allegrolab__hubble-1b-100b_toks-double_depth-standard-hf,16,rougeL_f1_stemmed,0.09627380433289107,0.001815057077403245
gutenberg_unpopular,allegrolab__hubble-1b-100b_toks-double_depth-standard-hf,16,rougeL_precision_stemmed,0.06891844728047915,0.0015013656680910115
gutenberg_unpopular,allegrolab__hubble-1b-100b_toks-double_depth-standard-hf,16,rougeL_recall_stemmed,0.16866123899869637,0.0029114218862804496
gutenberg_unpopular,allegrolab__hubble-1b-100b_toks-double_depth-standard-hf,16,exact_match_tokens,0.0,0.0
gutenberg_unpopular,allegrolab__hubble-1b-100b_toks-double_depth-standard-hf,16,exact_match_tokens_s100,0.0,0.0
gutenberg_unpopular,allegrolab__hubble-1b-100b_toks-double_depth-standard-hf,16,rougeL_f1_s100,0.15306529202268293,0.002416031459216848
gutenberg_unpopular,allegrolab__hubble-1b-100b_toks-double_depth-standard-hf,16,rougeL_recall_s100,0.15609807410252433,0.0025045333019449436
gutenberg_unpopular,allegrolab__hubble-1b-100b_toks-double_depth-standard-hf,16,rougeL_precision_s100,0.15222488287342845,0.002465103475341444
gutenberg_unpopular,allegrolab__hubble-1b-100b_toks-double_depth-standard-hf,64,rougeL_f1,0.09149524132063336,0.002177717837375385
gutenberg_unpopular,allegrolab__hubble-1b-100b_toks-double_depth-standard-hf,64,rougeL_precision,0.06448869474047551,0.0015571456508336964
gutenberg_unpopular,allegrolab__hubble-1b-100b_toks-double_depth-standard-hf,64,rougeL_recall,0.16203334889345244,0.003985171911938833
gutenberg_unpopular,allegrolab__hubble-1b-100b_toks-double_depth-standard-hf,64,rougeL_f1_stemmed,0.09283445974617942,0.0022257067620462473
gutenberg_unpopular,allegrolab__hubble-1b-100b_toks-double_depth-standard-hf,64,rougeL_precision_stemmed,0.06541570123774669,0.0015915748951387516
gutenberg_unpopular,allegrolab__hubble-1b-100b_toks-double_depth-standard-hf,64,rougeL_recall_stemmed,0.1646361566506796,0.004070335117628261
gutenberg_unpopular,allegrolab__hubble-1b-100b_toks-double_depth-standard-hf,64,exact_match_tokens,0.0,0.0
gutenberg_unpopular,allegrolab__hubble-1b-100b_toks-double_depth-standard-hf,64,exact_match_tokens_s100,0.0,0.0
gutenberg_unpopular,allegrolab__hubble-1b-100b_toks-double_depth-standard-hf,64,rougeL_f1_s100,0.15034119061742374,0.0032335765593156074
gutenberg_unpopular,allegrolab__hubble-1b-100b_toks-double_depth-standard-hf,64,rougeL_recall_s100,0.1534186377360038,0.0033327372549866283
gutenberg_unpopular,allegrolab__hubble-1b-100b_toks-double_depth-standard-hf,64,rougeL_precision_s100,0.14881716524794406,0.0032304501844659843
gutenberg_unpopular,allegrolab__hubble-1b-100b_toks-double_depth-standard-hf,256,rougeL_f1,0.09424725964358772,0.0035137489765893386
gutenberg_unpopular,allegrolab__hubble-1b-100b_toks-double_depth-standard-hf,256,rougeL_precision,0.06627913215039931,0.0026479949207525734
gutenberg_unpopular,allegrolab__hubble-1b-100b_toks-double_depth-standard-hf,256,rougeL_recall,0.1675386085674134,0.005936001172582589
gutenberg_unpopular,allegrolab__hubble-1b-100b_toks-double_depth-standard-hf,256,rougeL_f1_stemmed,0.09547645432197685,0.003554017513882589
gutenberg_unpopular,allegrolab__hubble-1b-100b_toks-double_depth-standard-hf,256,rougeL_precision_stemmed,0.06715484695990005,0.0026738955344488757
gutenberg_unpopular,allegrolab__hubble-1b-100b_toks-double_depth-standard-hf,256,rougeL_recall_stemmed,0.1696566909210498,0.006019181906975504
gutenberg_unpopular,allegrolab__hubble-1b-100b_toks-double_depth-standard-hf,256,exact_match_tokens,0.0,0.0
gutenberg_unpopular,allegrolab__hubble-1b-100b_toks-double_depth-standard-hf,256,exact_match_tokens_s100,0.0,0.0
gutenberg_unpopular,allegrolab__hubble-1b-100b_toks-double_depth-standard-hf,256,rougeL_f1_s100,0.15085195421454772,0.005298237104509074
gutenberg_unpopular,allegrolab__hubble-1b-100b_toks-double_depth-standard-hf,256,rougeL_recall_s100,0.15495345214655973,0.005455633632353324
gutenberg_unpopular,allegrolab__hubble-1b-100b_toks-double_depth-standard-hf,256,rougeL_precision_s100,0.14821641578703898,0.005283441876346416
gutenberg_unpopular,allegrolab__hubble-1b-100b_toks-half_depth-perturbed-hf,0,rougeL_f1,0.09334391172921874,0.0006292333280924901
gutenberg_unpopular,allegrolab__hubble-1b-100b_toks-half_depth-perturbed-hf,0,rougeL_precision,0.06833880966716686,0.000605319844387269
gutenberg_unpopular,allegrolab__hubble-1b-100b_toks-half_depth-perturbed-hf,0,rougeL_recall,0.16184567242887,0.001085719399368087
gutenberg_unpopular,allegrolab__hubble-1b-100b_toks-half_depth-perturbed-hf,0,rougeL_f1_stemmed,0.09449232071654734,0.0006372284537458621
gutenberg_unpopular,allegrolab__hubble-1b-100b_toks-half_depth-perturbed-hf,0,rougeL_precision_stemmed,0.06916105930268132,0.0006100206967156304
gutenberg_unpopular,allegrolab__hubble-1b-100b_toks-half_depth-perturbed-hf,0,rougeL_recall_stemmed,0.16386617464364356,0.0011023568150237016
gutenberg_unpopular,allegrolab__hubble-1b-100b_toks-half_depth-perturbed-hf,0,exact_match_tokens,0.0,0.0
gutenberg_unpopular,allegrolab__hubble-1b-100b_toks-half_depth-perturbed-hf,0,exact_match_tokens_s100,0.0,0.0
gutenberg_unpopular,allegrolab__hubble-1b-100b_toks-half_depth-perturbed-hf,0,rougeL_f1_s100,0.14839627951001416,0.0009018371014742947
gutenberg_unpopular,allegrolab__hubble-1b-100b_toks-half_depth-perturbed-hf,0,rougeL_recall_s100,0.1511204074168954,0.0009364223360521812
gutenberg_unpopular,allegrolab__hubble-1b-100b_toks-half_depth-perturbed-hf,0,rougeL_precision_s100,0.14796313242281198,0.0009300889906081414
gutenberg_unpopular,allegrolab__hubble-1b-100b_toks-half_depth-perturbed-hf,1,rougeL_f1,0.09366189781633318,0.0010843352268830935
gutenberg_unpopular,allegrolab__hubble-1b-100b_toks-half_depth-perturbed-hf,1,rougeL_precision,0.0677670583875383,0.0009261245843447939
gutenberg_unpopular,allegrolab__hubble-1b-100b_toks-half_depth-perturbed-hf,1,rougeL_recall,0.16321006379778893,0.0019291023067708939
gutenberg_unpopular,allegrolab__hubble-1b-100b_toks-half_depth-perturbed-hf,1,rougeL_f1_stemmed,0.09484039719653718,0.001097114438551444
gutenberg_unpopular,allegrolab__hubble-1b-100b_toks-half_depth-perturbed-hf,1,rougeL_precision_stemmed,0.06860730063066885,0.0009339298494116855
gutenberg_unpopular,allegrolab__hubble-1b-100b_toks-half_depth-perturbed-hf,1,rougeL_recall_stemmed,0.1653291219559826,0.0019591940459952294
gutenberg_unpopular,allegrolab__hubble-1b-100b_toks-half_depth-perturbed-hf,1,exact_match_tokens,0.0,0.0
gutenberg_unpopular,allegrolab__hubble-1b-100b_toks-half_depth-perturbed-hf,1,exact_match_tokens_s100,0.0,0.0
gutenberg_unpopular,allegrolab__hubble-1b-100b_toks-half_depth-perturbed-hf,1,rougeL_f1_s100,0.15064309566731304,0.0016237463489914643
gutenberg_unpopular,allegrolab__hubble-1b-100b_toks-half_depth-perturbed-hf,1,rougeL_recall_s100,0.15324050248308133,0.0016479071289403754
gutenberg_unpopular,allegrolab__hubble-1b-100b_toks-half_depth-perturbed-hf,1,rougeL_precision_s100,0.14995137398505234,0.00166572184802572
gutenberg_unpopular,allegrolab__hubble-1b-100b_toks-half_depth-perturbed-hf,4,rougeL_f1,0.09126888123854057,0.001074288969484713
gutenberg_unpopular,allegrolab__hubble-1b-100b_toks-half_depth-perturbed-hf,4,rougeL_precision,0.06547248858121164,0.0008956778208083208
gutenberg_unpopular,allegrolab__hubble-1b-100b_toks-half_depth-perturbed-hf,4,rougeL_recall,0.16019661322478485,0.0018748098423500086
gutenberg_unpopular,allegrolab__hubble-1b-100b_toks-half_depth-perturbed-hf,4,rougeL_f1_stemmed,0.09244342294766426,0.0010820307207380728
gutenberg_unpopular,allegrolab__hubble-1b-100b_toks-half_depth-perturbed-hf,4,rougeL_precision_stemmed,0.06629196586472769,0.0008997144414474322
gutenberg_unpopular,allegrolab__hubble-1b-100b_toks-half_depth-perturbed-hf,4,rougeL_recall_stemmed,0.16234161577154085,0.0018952929701819099
gutenberg_unpopular,allegrolab__hubble-1b-100b_toks-half_depth-perturbed-hf,4,exact_match_tokens,0.0,0.0
gutenberg_unpopular,allegrolab__hubble-1b-100b_toks-half_depth-perturbed-hf,4,exact_match_tokens_s100,0.0,0.0
gutenberg_unpopular,allegrolab__hubble-1b-100b_toks-half_depth-perturbed-hf,4,rougeL_f1_s100,0.14727088203757893,0.0015626413626387886
gutenberg_unpopular,allegrolab__hubble-1b-100b_toks-half_depth-perturbed-hf,4,rougeL_recall_s100,0.1501029496125357,0.0016194078322540682
gutenberg_unpopular,allegrolab__hubble-1b-100b_toks-half_depth-perturbed-hf,4,rougeL_precision_s100,0.14654438686504292,0.00159778744902113
gutenberg_unpopular,allegrolab__hubble-1b-100b_toks-half_depth-perturbed-hf,16,rougeL_f1,0.09780733340028158,0.0018283618531850431
gutenberg_unpopular,allegrolab__hubble-1b-100b_toks-half_depth-perturbed-hf,16,rougeL_precision,0.07073940257354268,0.0015994345496534597
gutenberg_unpopular,allegrolab__hubble-1b-100b_toks-half_depth-perturbed-hf,16,rougeL_recall,0.17066606504569112,0.002855466875258151
gutenberg_unpopular,allegrolab__hubble-1b-100b_toks-half_depth-perturbed-hf,16,rougeL_f1_stemmed,0.09889665803935589,0.001838399106841013
gutenberg_unpopular,allegrolab__hubble-1b-100b_toks-half_depth-perturbed-hf,16,rougeL_precision_stemmed,0.07154132246226627,0.0016157521464713958
gutenberg_unpopular,allegrolab__hubble-1b-100b_toks-half_depth-perturbed-hf,16,rougeL_recall_stemmed,0.17259706103710448,0.002878504631616897
gutenberg_unpopular,allegrolab__hubble-1b-100b_toks-half_depth-perturbed-hf,16,exact_match_tokens,0.0,0.0
gutenberg_unpopular,allegrolab__hubble-1b-100b_toks-half_depth-perturbed-hf,16,exact_match_tokens_s100,0.0,0.0
gutenberg_unpopular,allegrolab__hubble-1b-100b_toks-half_depth-perturbed-hf,16,rougeL_f1_s100,0.1545691898789195,0.0024076271419126776
gutenberg_unpopular,allegrolab__hubble-1b-100b_toks-half_depth-perturbed-hf,16,rougeL_recall_s100,0.15786346465247922,0.0024444035357910096
gutenberg_unpopular,allegrolab__hubble-1b-100b_toks-half_depth-perturbed-hf,16,rougeL_precision_s100,0.1532733265898897,0.0024683675199067335
gutenberg_unpopular,allegrolab__hubble-1b-100b_toks-half_depth-perturbed-hf,64,rougeL_f1,0.15324110302520424,0.005635798069679062
gutenberg_unpopular,allegrolab__hubble-1b-100b_toks-half_depth-perturbed-hf,64,rougeL_precision,0.15011608412824276,0.006675504815778821
gutenberg_unpopular,allegrolab__hubble-1b-100b_toks-half_depth-perturbed-hf,64,rougeL_recall,0.18686324301789692,0.0058552786240093115
gutenberg_unpopular,allegrolab__hubble-1b-100b_toks-half_depth-perturbed-hf,64,rougeL_f1_stemmed,0.1547977571286548,0.005633266432979372
gutenberg_unpopular,allegrolab__hubble-1b-100b_toks-half_depth-perturbed-hf,64,rougeL_precision_stemmed,0.15159965786747104,0.006690567901135648
gutenberg_unpopular,allegrolab__hubble-1b-100b_toks-half_depth-perturbed-hf,64,rougeL_recall_stemmed,0.18888089585237475,0.00584637098087206
gutenberg_unpopular,allegrolab__hubble-1b-100b_toks-half_depth-perturbed-hf,64,exact_match_tokens,0.0034965034965034965,0.0034965034965034965
gutenberg_unpopular,allegrolab__hubble-1b-100b_toks-half_depth-perturbed-hf,64,exact_match_tokens_s100,0.006993006993006993,0.004936119950134407
gutenberg_unpopular,allegrolab__hubble-1b-100b_toks-half_depth-perturbed-hf,64,rougeL_f1_s100,0.2047997169520849,0.007653838309005374
gutenberg_unpopular,allegrolab__hubble-1b-100b_toks-half_depth-perturbed-hf,64,rougeL_recall_s100,0.20640640424909726,0.007817061349484839
gutenberg_unpopular,allegrolab__hubble-1b-100b_toks-half_depth-perturbed-hf,64,rougeL_precision_s100,0.2071585603362262,0.007632908044967102
gutenberg_unpopular,allegrolab__hubble-1b-100b_toks-half_depth-perturbed-hf,256,rougeL_f1,0.9810836031928766,0.009506924113402544
gutenberg_unpopular,allegrolab__hubble-1b-100b_toks-half_depth-perturbed-hf,256,rougeL_precision,0.9824945084337565,0.009036632471930294
gutenberg_unpopular,allegrolab__hubble-1b-100b_toks-half_depth-perturbed-hf,256,rougeL_recall,0.9800985477891482,0.009891762153157364
gutenberg_unpopular,allegrolab__hubble-1b-100b_toks-half_depth-perturbed-hf,256,rougeL_f1_stemmed,0.9811306941490584,0.009480533035726919
gutenberg_unpopular,allegrolab__hubble-1b-100b_toks-half_depth-perturbed-hf,256,rougeL_precision_stemmed,0.9825434105805608,0.009008071801037076
gutenberg_unpopular,allegrolab__hubble-1b-100b_toks-half_depth-perturbed-hf,256,rougeL_recall_stemmed,0.9801439569254664,0.009867078248878818
gutenberg_unpopular,allegrolab__hubble-1b-100b_toks-half_depth-perturbed-hf,256,exact_match_tokens,0.958041958041958,0.016825024260302947
gutenberg_unpopular,allegrolab__hubble-1b-100b_toks-half_depth-perturbed-hf,256,exact_match_tokens_s100,0.8811188811188811,0.027159984864685485
gutenberg_unpopular,allegrolab__hubble-1b-100b_toks-half_depth-perturbed-hf,256,rougeL_f1_s100,0.9842159358372615,0.008195606244595045
gutenberg_unpopular,allegrolab__hubble-1b-100b_toks-half_depth-perturbed-hf,256,rougeL_recall_s100,0.9835571531498313,0.008217174765122763
gutenberg_unpopular,allegrolab__hubble-1b-100b_toks-half_depth-perturbed-hf,256,rougeL_precision_s100,0.9849034826576128,0.008173667007025025
gutenberg_unpopular,allegrolab__hubble-1b-100b_toks-half_depth-standard-hf,0,rougeL_f1,0.08850640994421188,0.0006192120499968737
gutenberg_unpopular,allegrolab__hubble-1b-100b_toks-half_depth-standard-hf,0,rougeL_precision,0.06260693900041502,0.000493670119353794
gutenberg_unpopular,allegrolab__hubble-1b-100b_toks-half_depth-standard-hf,0,rougeL_recall,0.15771704425867217,0.0011144712228755012
gutenberg_unpopular,allegrolab__hubble-1b-100b_toks-half_depth-standard-hf,0,rougeL_f1_stemmed,0.08963842874062752,0.0006270950771803169
gutenberg_unpopular,allegrolab__hubble-1b-100b_toks-half_depth-standard-hf,0,rougeL_precision_stemmed,0.06341232917191417,0.0005000294325731119
gutenberg_unpopular,allegrolab__hubble-1b-100b_toks-half_depth-standard-hf,0,rougeL_recall_stemmed,0.15974640597496784,0.0011312505081390685
gutenberg_unpopular,allegrolab__hubble-1b-100b_toks-half_depth-standard-hf,0,exact_match_tokens,0.0,0.0
gutenberg_unpopular,allegrolab__hubble-1b-100b_toks-half_depth-standard-hf,0,exact_match_tokens_s100,0.0,0.0
gutenberg_unpopular,allegrolab__hubble-1b-100b_toks-half_depth-standard-hf,0,rougeL_f1_s100,0.14669191972700374,0.0009268937365723652
gutenberg_unpopular,allegrolab__hubble-1b-100b_toks-half_depth-standard-hf,0,rougeL_recall_s100,0.15007706629180992,0.0009601564463360301
gutenberg_unpopular,allegrolab__hubble-1b-100b_toks-half_depth-standard-hf,0,rougeL_precision_s100,0.14537500710202386,0.0009494021889200783
gutenberg_unpopular,allegrolab__hubble-1b-100b_toks-half_depth-standard-hf,1,rougeL_f1,0.08967552177997559,0.0010543994391773509
gutenberg_unpopular,allegrolab__hubble-1b-100b_toks-half_depth-standard-hf,1,rougeL_precision,0.0629278407363126,0.0007593976628895997
gutenberg_unpopular,allegrolab__hubble-1b-100b_toks-half_depth-standard-hf,1,rougeL_recall,0.16070250220449364,0.0019469268566559134
gutenberg_unpopular,allegrolab__hubble-1b-100b_toks-half_depth-standard-hf,1,rougeL_f1_stemmed,0.09080232002638437,0.0010659101314931976
gutenberg_unpopular,allegrolab__hubble-1b-100b_toks-half_depth-standard-hf,1,rougeL_precision_stemmed,0.06372208187229703,0.0007668968733435612
gutenberg_unpopular,allegrolab__hubble-1b-100b_toks-half_depth-standard-hf,1,rougeL_recall_stemmed,0.16272535434650356,0.0019703679914667704
gutenberg_unpopular,allegrolab__hubble-1b-100b_toks-half_depth-standard-hf,1,exact_match_tokens,0.0,0.0
gutenberg_unpopular,allegrolab__hubble-1b-100b_toks-half_depth-standard-hf,1,exact_match_tokens_s100,0.0,0.0
gutenberg_unpopular,allegrolab__hubble-1b-100b_toks-half_depth-standard-hf,1,rougeL_f1_s100,0.14905387401914885,0.0016763256465360376
gutenberg_unpopular,allegrolab__hubble-1b-100b_toks-half_depth-standard-hf,1,rougeL_recall_s100,0.15274606691371603,0.001728192128286272
gutenberg_unpopular,allegrolab__hubble-1b-100b_toks-half_depth-standard-hf,1,rougeL_precision_s100,0.14725689615178533,0.0016880585676730807
gutenberg_unpopular,allegrolab__hubble-1b-100b_toks-half_depth-standard-hf,4,rougeL_f1,0.08718653458360481,0.0010612987207823585
gutenberg_unpopular,allegrolab__hubble-1b-100b_toks-half_depth-standard-hf,4,rougeL_precision,0.06141655804202129,0.0007975017204348156
gutenberg_unpopular,allegrolab__hubble-1b-100b_toks-half_depth-standard-hf,4,rougeL_recall,0.15587570390364486,0.0018825047444957586
gutenberg_unpopular,allegrolab__hubble-1b-100b_toks-half_depth-standard-hf,4,rougeL_f1_stemmed,0.08839639927252627,0.0010709925714939234
gutenberg_unpopular,allegrolab__hubble-1b-100b_toks-half_depth-standard-hf,4,rougeL_precision_stemmed,0.06226704793386102,0.0008037551559645946
gutenberg_unpopular,allegrolab__hubble-1b-100b_toks-half_depth-standard-hf,4,rougeL_recall_stemmed,0.15803722373791304,0.0019020626948647033
gutenberg_unpopular,allegrolab__hubble-1b-100b_toks-half_depth-standard-hf,4,exact_match_tokens,0.0,0.0
gutenberg_unpopular,allegrolab__hubble-1b-100b_toks-half_depth-standard-hf,4,exact_match_tokens_s100,0.0,0.0
gutenberg_unpopular,allegrolab__hubble-1b-100b_toks-half_depth-standard-hf,4,rougeL_f1_s100,0.14425380285623848,0.0016130310696479844
gutenberg_unpopular,allegrolab__hubble-1b-100b_toks-half_depth-standard-hf,4,rougeL_recall_s100,0.14796930828021182,0.001667375313706526
gutenberg_unpopular,allegrolab__hubble-1b-100b_toks-half_depth-standard-hf,4,rougeL_precision_s100,0.14249313734000188,0.0016244368532210463
gutenberg_unpopular,allegrolab__hubble-1b-100b_toks-half_depth-standard-hf,16,rougeL_f1,0.09167486056833286,0.0017259290118692107
gutenberg_unpopular,allegrolab__hubble-1b-100b_toks-half_depth-standard-hf,16,rougeL_precision,0.06493226441098279,0.0013594321449082612
gutenberg_unpopular,allegrolab__hubble-1b-100b_toks-half_depth-standard-hf,16,rougeL_recall,0.16290513097705775,0.0028589749213771714
gutenberg_unpopular,allegrolab__hubble-1b-100b_toks-half_depth-standard-hf,16,rougeL_f1_stemmed,0.09281957452455747,0.001735198743861492
gutenberg_unpopular,allegrolab__hubble-1b-100b_toks-half_depth-standard-hf,16,rougeL_precision_stemmed,0.06572378397615293,0.001363862618145883
gutenberg_unpopular,allegrolab__hubble-1b-100b_toks-half_depth-standard-hf,16,rougeL_recall_stemmed,0.16502232328395836,0.002888899302416307
gutenberg_unpopular,allegrolab__hubble-1b-100b_toks-half_depth-standard-hf,16,exact_match_tokens,0.0,0.0
gutenberg_unpopular,allegrolab__hubble-1b-100b_toks-half_depth-standard-hf,16,exact_match_tokens_s100,0.0,0.0
gutenberg_unpopular,allegrolab__hubble-1b-100b_toks-half_depth-standard-hf,16,rougeL_f1_s100,0.15093784797061754,0.0023812822513508782
gutenberg_unpopular,allegrolab__hubble-1b-100b_toks-half_depth-standard-hf,16,rougeL_recall_s100,0.15483579125010155,0.002496008558672282
gutenberg_unpopular,allegrolab__hubble-1b-100b_toks-half_depth-standard-hf,16,rougeL_precision_s100,0.1488472327988045,0.002350441324606065
gutenberg_unpopular,allegrolab__hubble-1b-100b_toks-half_depth-standard-hf,64,rougeL_f1,0.08809906343438899,0.002267208036470144
gutenberg_unpopular,allegrolab__hubble-1b-100b_toks-half_depth-standard-hf,64,rougeL_precision,0.06213367609563321,0.0016731537546979876
gutenberg_unpopular,allegrolab__hubble-1b-100b_toks-half_depth-standard-hf,64,rougeL_recall,0.156823392283013,0.0039795112280853456
gutenberg_unpopular,allegrolab__hubble-1b-100b_toks-half_depth-standard-hf,64,rougeL_f1_stemmed,0.08934326102777342,0.0023289250347061302
gutenberg_unpopular,allegrolab__hubble-1b-100b_toks-half_depth-standard-hf,64,rougeL_precision_stemmed,0.0630074003204541,0.0017182892424028283
gutenberg_unpopular,allegrolab__hubble-1b-100b_toks-half_depth-standard-hf,64,rougeL_recall_stemmed,0.15904911719193443,0.004075717333317765
gutenberg_unpopular,allegrolab__hubble-1b-100b_toks-half_depth-standard-hf,64,exact_match_tokens,0.0,0.0
gutenberg_unpopular,allegrolab__hubble-1b-100b_toks-half_depth-standard-hf,64,exact_match_tokens_s100,0.0,0.0
gutenberg_unpopular,allegrolab__hubble-1b-100b_toks-half_depth-standard-hf,64,rougeL_f1_s100,0.14586872079059032,0.0034780126105125302
gutenberg_unpopular,allegrolab__hubble-1b-100b_toks-half_depth-standard-hf,64,rougeL_recall_s100,0.1496552382411325,0.003557809642576952
gutenberg_unpopular,allegrolab__hubble-1b-100b_toks-half_depth-standard-hf,64,rougeL_precision_s100,0.14434964160469027,0.0036077478763996557
gutenberg_unpopular,allegrolab__hubble-1b-100b_toks-half_depth-standard-hf,256,rougeL_f1,0.09674069361602881,0.003481228493973481
gutenberg_unpopular,allegrolab__hubble-1b-100b_toks-half_depth-standard-hf,256,rougeL_precision,0.06857972536539625,0.002688505480644879
gutenberg_unpopular,allegrolab__hubble-1b-100b_toks-half_depth-standard-hf,256,rougeL_recall,0.16994708637883715,0.005738445145487164
gutenberg_unpopular,allegrolab__hubble-1b-100b_toks-half_depth-standard-hf,256,rougeL_f1_stemmed,0.09758546316213468,0.003519874301201993
gutenberg_unpopular,allegrolab__hubble-1b-100b_toks-half_depth-standard-hf,256,rougeL_precision_stemmed,0.06916033384867877,0.0027092483074155197
gutenberg_unpopular,allegrolab__hubble-1b-100b_toks-half_depth-standard-hf,256,rougeL_recall_stemmed,0.17151532679328785,0.005839681117693408
gutenberg_unpopular,allegrolab__hubble-1b-100b_toks-half_depth-standard-hf,256,exact_match_tokens,0.0,0.0
gutenberg_unpopular,allegrolab__hubble-1b-100b_toks-half_depth-standard-hf,256,exact_match_tokens_s100,0.0,0.0
gutenberg_unpopular,allegrolab__hubble-1b-100b_toks-half_depth-standard-hf,256,rougeL_f1_s100,0.15658593067247625,0.005009613144870248
gutenberg_unpopular,allegrolab__hubble-1b-100b_toks-half_depth-standard-hf,256,rougeL_recall_s100,0.1598857729860395,0.005022375282009685
gutenberg_unpopular,allegrolab__hubble-1b-100b_toks-half_depth-standard-hf,256,rougeL_precision_s100,0.15534517592385827,0.0052231243879274185
gutenberg_unpopular,allegrolab__hubble-1b-100b_toks-injectrange_0_25-hf,0,rougeL_f1,0.09055635978717806,0.0006286254382308602
gutenberg_unpopular,allegrolab__hubble-1b-100b_toks-injectrange_0_25-hf,0,rougeL_precision,0.06400850866889739,0.0004948934684705084
gutenberg_unpopular,allegrolab__hubble-1b-100b_toks-injectrange_0_25-hf,0,rougeL_recall,0.161287811257681,0.0011304657435613538
gutenberg_unpopular,allegrolab__hubble-1b-100b_toks-injectrange_0_25-hf,0,rougeL_f1_stemmed,0.09170926810978934,0.000636944973221065
gutenberg_unpopular,allegrolab__hubble-1b-100b_toks-injectrange_0_25-hf,0,rougeL_precision_stemmed,0.06482172675134278,0.0005003823720821642
gutenberg_unpopular,allegrolab__hubble-1b-100b_toks-injectrange_0_25-hf,0,rougeL_recall_stemmed,0.16336772274650888,0.001147428417284251
gutenberg_unpopular,allegrolab__hubble-1b-100b_toks-injectrange_0_25-hf,0,exact_match_tokens,0.0,0.0
gutenberg_unpopular,allegrolab__hubble-1b-100b_toks-injectrange_0_25-hf,0,exact_match_tokens_s100,0.0,0.0
gutenberg_unpopular,allegrolab__hubble-1b-100b_toks-injectrange_0_25-hf,0,rougeL_f1_s100,0.14809333570471422,0.0009373783161840604
gutenberg_unpopular,allegrolab__hubble-1b-100b_toks-injectrange_0_25-hf,0,rougeL_recall_s100,0.15157966242715354,0.0009739906865023595
gutenberg_unpopular,allegrolab__hubble-1b-100b_toks-injectrange_0_25-hf,0,rougeL_precision_s100,0.14648593077161112,0.0009431334794184652
gutenberg_unpopular,allegrolab__hubble-1b-100b_toks-injectrange_0_25-hf,1,rougeL_f1,0.09084780705218994,0.0010536923009346593
gutenberg_unpopular,allegrolab__hubble-1b-100b_toks-injectrange_0_25-hf,1,rougeL_precision,0.06405830598959134,0.0007691387899214115
gutenberg_unpopular,allegrolab__hubble-1b-100b_toks-injectrange_0_25-hf,1,rougeL_recall,0.16151037209217908,0.0019474407233596946
gutenberg_unpopular,allegrolab__hubble-1b-100b_toks-injectrange_0_25-hf,1,rougeL_f1_stemmed,0.09217877279317059,0.0010787839365302356
gutenberg_unpopular,allegrolab__hubble-1b-100b_toks-injectrange_0_25-hf,1,rougeL_precision_stemmed,0.06500865815684652,0.0007891732199816349
gutenberg_unpopular,allegrolab__hubble-1b-100b_toks-injectrange_0_25-hf,1,rougeL_recall_stemmed,0.16384971879891205,0.0019862758410869575
gutenberg_unpopular,allegrolab__hubble-1b-100b_toks-injectrange_0_25-hf,1,exact_match_tokens,0.0,0.0
gutenberg_unpopular,allegrolab__hubble-1b-100b_toks-injectrange_0_25-hf,1,exact_match_tokens_s100,0.0,0.0
gutenberg_unpopular,allegrolab__hubble-1b-100b_toks-injectrange_0_25-hf,1,rougeL_f1_s100,0.14914743063498573,0.0016051859518259161
gutenberg_unpopular,allegrolab__hubble-1b-100b_toks-injectrange_0_25-hf,1,rougeL_recall_s100,0.15231363034246562,0.0016411372940833037
gutenberg_unpopular,allegrolab__hubble-1b-100b_toks-injectrange_0_25-hf,1,rougeL_precision_s100,0.14781734429415622,0.0016327697990861723
gutenberg_unpopular,allegrolab__hubble-1b-100b_toks-injectrange_0_25-hf,4,rougeL_f1,0.09097265529299214,0.001053521004999093
gutenberg_unpopular,allegrolab__hubble-1b-100b_toks-injectrange_0_25-hf,4,rougeL_precision,0.06445341454068054,0.0008418082326045068
gutenberg_unpopular,allegrolab__hubble-1b-100b_toks-injectrange_0_25-hf,4,rougeL_recall,0.1617257123056784,0.0018819117824446171
gutenberg_unpopular,allegrolab__hubble-1b-100b_toks-injectrange_0_25-hf,4,rougeL_f1_stemmed,0.09219168351914488,0.0010625977373760864
gutenberg_unpopular,allegrolab__hubble-1b-100b_toks-injectrange_0_25-hf,4,rougeL_precision_stemmed,0.06531087901683866,0.0008476924233020053
gutenberg_unpopular,allegrolab__hubble-1b-100b_toks-injectrange_0_25-hf,4,rougeL_recall_stemmed,0.16390293703147324,0.001899297309193085
gutenberg_unpopular,allegrolab__hubble-1b-100b_toks-injectrange_0_25-hf,4,exact_match_tokens,0.0,0.0
gutenberg_unpopular,allegrolab__hubble-1b-100b_toks-injectrange_0_25-hf,4,exact_match_tokens_s100,0.0,0.0
gutenberg_unpopular,allegrolab__hubble-1b-100b_toks-injectrange_0_25-hf,4,rougeL_f1_s100,0.14792153474409442,0.001583658455616137
gutenberg_unpopular,allegrolab__hubble-1b-100b_toks-injectrange_0_25-hf,4,rougeL_recall_s100,0.15158085909564234,0.0016333851896505767
gutenberg_unpopular,allegrolab__hubble-1b-100b_toks-injectrange_0_25-hf,4,rougeL_precision_s100,0.14633921582431159,0.0016188377337185962
gutenberg_unpopular,allegrolab__hubble-1b-100b_toks-injectrange_0_25-hf,16,rougeL_f1,0.09285496667642956,0.0017583120592346393
gutenberg_unpopular,allegrolab__hubble-1b-100b_toks-injectrange_0_25-hf,16,rougeL_precision,0.06711138047794815,0.001912654854380698
gutenberg_unpopular,allegrolab__hubble-1b-100b_toks-injectrange_0_25-hf,16,rougeL_recall,0.16380892658181112,0.0028361425917740766
gutenberg_unpopular,allegrolab__hubble-1b-100b_toks-injectrange_0_25-hf,16,rougeL_f1_stemmed,0.09384528903146398,0.0017653413568218391
gutenberg_unpopular,allegrolab__hubble-1b-100b_toks-injectrange_0_25-hf,16,rougeL_precision_stemmed,0.06780415064882009,0.00191510822607797
gutenberg_unpopular,allegrolab__hubble-1b-100b_toks-injectrange_0_25-hf,16,rougeL_recall_stemmed,0.16559263015552417,0.0028531315159650967
gutenberg_unpopular,allegrolab__hubble-1b-100b_toks-injectrange_0_25-hf,16,exact_match_tokens,0.0,0.0
gutenberg_unpopular,allegrolab__hubble-1b-100b_toks-injectrange_0_25-hf,16,exact_match_tokens_s100,0.0,0.0
gutenberg_unpopular,allegrolab__hubble-1b-100b_toks-injectrange_0_25-hf,16,rougeL_f1_s100,0.15158701644940636,0.0024371155324612627
gutenberg_unpopular,allegrolab__hubble-1b-100b_toks-injectrange_0_25-hf,16,rougeL_recall_s100,0.15502735110236204,0.0025476715824705107
gutenberg_unpopular,allegrolab__hubble-1b-100b_toks-injectrange_0_25-hf,16,rougeL_precision_s100,0.15112232606553336,0.0026963594876323518
gutenberg_unpopular,allegrolab__hubble-1b-100b_toks-injectrange_0_25-hf,64,rougeL_f1,0.09061983664495367,0.0022518881501476843
gutenberg_unpopular,allegrolab__hubble-1b-100b_toks-injectrange_0_25-hf,64,rougeL_precision,0.06391676433338485,0.0016495861088544547
gutenberg_unpopular,allegrolab__hubble-1b-100b_toks-injectrange_0_25-hf,64,rougeL_recall,0.16113535021742828,0.004076444159931549
gutenberg_unpopular,allegrolab__hubble-1b-100b_toks-injectrange_0_25-hf,64,rougeL_f1_stemmed,0.0921666964484061,0.0023211729768920493
gutenberg_unpopular,allegrolab__hubble-1b-100b_toks-injectrange_0_25-hf,64,rougeL_precision_stemmed,0.06501383978115383,0.0017092582734706896
gutenberg_unpopular,allegrolab__hubble-1b-100b_toks-injectrange_0_25-hf,64,rougeL_recall_stemmed,0.16401205631088062,0.004156615559148959
gutenberg_unpopular,allegrolab__hubble-1b-100b_toks-injectrange_0_25-hf,64,exact_match_tokens,0.0,0.0
gutenberg_unpopular,allegrolab__hubble-1b-100b_toks-injectrange_0_25-hf,64,exact_match_tokens_s100,0.0,0.0
gutenberg_unpopular,allegrolab__hubble-1b-100b_toks-injectrange_0_25-hf,64,rougeL_f1_s100,0.14917870438087855,0.0034232405176712073
gutenberg_unpopular,allegrolab__hubble-1b-100b_toks-injectrange_0_25-hf,64,rougeL_recall_s100,0.1525132517041168,0.003539515218255326
gutenberg_unpopular,allegrolab__hubble-1b-100b_toks-injectrange_0_25-hf,64,rougeL_precision_s100,0.148055205694662,0.003491153534771378
gutenberg_unpopular,allegrolab__hubble-1b-100b_toks-injectrange_0_25-hf,256,rougeL_f1,0.09532894230936811,0.004224877968886714
gutenberg_unpopular,allegrolab__hubble-1b-100b_toks-injectrange_0_25-hf,256,rougeL_precision,0.06703211872977316,0.00319031589901578
gutenberg_unpopular,allegrolab__hubble-1b-100b_toks-injectrange_0_25-hf,256,rougeL_recall,0.1700913706556538,0.006982870489464051
gutenberg_unpopular,allegrolab__hubble-1b-100b_toks-injectrange_0_25-hf,256,rougeL_f1_stemmed,0.09634216041981093,0.004260704376095135
gutenberg_unpopular,allegrolab__hubble-1b-100b_toks-injectrange_0_25-hf,256,rougeL_precision_stemmed,0.06773726686330915,0.003212451516288246
gutenberg_unpopular,allegrolab__hubble-1b-100b_toks-injectrange_0_25-hf,256,rougeL_recall_stemmed,0.17193506452117127,0.007064674629105073
gutenberg_unpopular,allegrolab__hubble-1b-100b_toks-injectrange_0_25-hf,256,exact_match_tokens,0.0,0.0
gutenberg_unpopular,allegrolab__hubble-1b-100b_toks-injectrange_0_25-hf,256,exact_match_tokens_s100,0.0,0.0
gutenberg_unpopular,allegrolab__hubble-1b-100b_toks-injectrange_0_25-hf,256,rougeL_f1_s100,0.15402969916925796,0.005714521511851186
gutenberg_unpopular,allegrolab__hubble-1b-100b_toks-injectrange_0_25-hf,256,rougeL_recall_s100,0.15867109279277797,0.005876524223538538
gutenberg_unpopular,allegrolab__hubble-1b-100b_toks-injectrange_0_25-hf,256,rougeL_precision_s100,0.15119097738651263,0.005675829987079512
gutenberg_unpopular,allegrolab__hubble-1b-100b_toks-injectrange_0_50-hf,0,rougeL_f1,0.09049799349773001,0.00061230364279123
gutenberg_unpopular,allegrolab__hubble-1b-100b_toks-injectrange_0_50-hf,0,rougeL_precision,0.06411272591701375,0.0005242160464779917
gutenberg_unpopular,allegrolab__hubble-1b-100b_toks-injectrange_0_50-hf,0,rougeL_recall,0.1608946485463863,0.0011119923441097967
gutenberg_unpopular,allegrolab__hubble-1b-100b_toks-injectrange_0_50-hf,0,rougeL_f1_stemmed,0.09156797206655312,0.0006197098474364859
gutenberg_unpopular,allegrolab__hubble-1b-100b_toks-injectrange_0_50-hf,0,rougeL_precision_stemmed,0.06488392158429118,0.0005293871220852581
gutenberg_unpopular,allegrolab__hubble-1b-100b_toks-injectrange_0_50-hf,0,rougeL_recall_stemmed,0.16282228197919674,0.001127631312072319
gutenberg_unpopular,allegrolab__hubble-1b-100b_toks-injectrange_0_50-hf,0,exact_match_tokens,0.0,0.0
gutenberg_unpopular,allegrolab__hubble-1b-100b_toks-injectrange_0_50-hf,0,exact_match_tokens_s100,0.0,0.0
gutenberg_unpopular,allegrolab__hubble-1b-100b_toks-injectrange_0_50-hf,0,rougeL_f1_s100,0.14815570158715663,0.0009110111210242649
gutenberg_unpopular,allegrolab__hubble-1b-100b_toks-injectrange_0_50-hf,0,rougeL_recall_s100,0.15155948524386223,0.0009528498178159484
gutenberg_unpopular,allegrolab__hubble-1b-100b_toks-injectrange_0_50-hf,0,rougeL_precision_s100,0.14679079257466898,0.000935015376114302
gutenberg_unpopular,allegrolab__hubble-1b-100b_toks-injectrange_0_50-hf,1,rougeL_f1,0.09006544036727163,0.0010683232123554897
gutenberg_unpopular,allegrolab__hubble-1b-100b_toks-injectrange_0_50-hf,1,rougeL_precision,0.06338998836129044,0.000758363853099865
gutenberg_unpopular,allegrolab__hubble-1b-100b_toks-injectrange_0_50-hf,1,rougeL_recall,0.1603406995566357,0.0019986489331245806
gutenberg_unpopular,allegrolab__hubble-1b-100b_toks-injectrange_0_50-hf,1,rougeL_f1_stemmed,0.09119618087741488,0.001081066726721884
gutenberg_unpopular,allegrolab__hubble-1b-100b_toks-injectrange_0_50-hf,1,rougeL_precision_stemmed,0.06418825983844238,0.000766566313963506
gutenberg_unpopular,allegrolab__hubble-1b-100b_toks-injectrange_0_50-hf,1,rougeL_recall_stemmed,0.16235996776593825,0.0020254295953266795
gutenberg_unpopular,allegrolab__hubble-1b-100b_toks-injectrange_0_50-hf,1,exact_match_tokens,0.0,0.0
gutenberg_unpopular,allegrolab__hubble-1b-100b_toks-injectrange_0_50-hf,1,exact_match_tokens_s100,0.0,0.0
gutenberg_unpopular,allegrolab__hubble-1b-100b_toks-injectrange_0_50-hf,1,rougeL_f1_s100,0.1486526639355194,0.0016504430097756826
gutenberg_unpopular,allegrolab__hubble-1b-100b_toks-injectrange_0_50-hf,1,rougeL_recall_s100,0.15181737486507935,0.0016998396968280404
gutenberg_unpopular,allegrolab__hubble-1b-100b_toks-injectrange_0_50-hf,1,rougeL_precision_s100,0.14723186502282518,0.001656457822159431
gutenberg_unpopular,allegrolab__hubble-1b-100b_toks-injectrange_0_50-hf,4,rougeL_f1,0.09006283032502237,0.0010722187067259473
gutenberg_unpopular,allegrolab__hubble-1b-100b_toks-injectrange_0_50-hf,4,rougeL_precision,0.06364281677406289,0.00081255142741397
gutenberg_unpopular,allegrolab__hubble-1b-100b_toks-injectrange_0_50-hf,4,rougeL_recall,0.1596624560119339,0.0018680844602652952
gutenberg_unpopular,allegrolab__hubble-1b-100b_toks-injectrange_0_50-hf,4,rougeL_f1_stemmed,0.09120628162344169,0.0010800858650486128
gutenberg_unpopular,allegrolab__hubble-1b-100b_toks-injectrange_0_50-hf,4,rougeL_precision_stemmed,0.06443939691205923,0.0008171677051018278
gutenberg_unpopular,allegrolab__hubble-1b-100b_toks-injectrange_0_50-hf,4,rougeL_recall_stemmed,0.16173712852189617,0.0018868563581770277
gutenberg_unpopular,allegrolab__hubble-1b-100b_toks-injectrange_0_50-hf,4,exact_match_tokens,0.0,0.0
gutenberg_unpopular,allegrolab__hubble-1b-100b_toks-injectrange_0_50-hf,4,exact_match_tokens_s100,0.0,0.0
gutenberg_unpopular,allegrolab__hubble-1b-100b_toks-injectrange_0_50-hf,4,rougeL_f1_s100,0.14806946382406314,0.0015499690731034228
gutenberg_unpopular,allegrolab__hubble-1b-100b_toks-injectrange_0_50-hf,4,rougeL_recall_s100,0.15133588544003793,0.0015944196241658402
gutenberg_unpopular,allegrolab__hubble-1b-100b_toks-injectrange_0_50-hf,4,rougeL_precision_s100,0.14679871309524678,0.0015867723089423465
gutenberg_unpopular,allegrolab__hubble-1b-100b_toks-injectrange_0_50-hf,16,rougeL_f1,0.09659448430444945,0.0017652448202346402
gutenberg_unpopular,allegrolab__hubble-1b-100b_toks-injectrange_0_50-hf,16,rougeL_precision,0.06863640596151789,0.0014102891513137056
gutenberg_unpopular,allegrolab__hubble-1b-100b_toks-injectrange_0_50-hf,16,rougeL_recall,0.1701445084228288,0.002841600951170546
gutenberg_unpopular,allegrolab__hubble-1b-100b_toks-injectrange_0_50-hf,16,rougeL_f1_stemmed,0.09784426201412721,0.001779154959439067
gutenberg_unpopular,allegrolab__hubble-1b-100b_toks-injectrange_0_50-hf,16,rougeL_precision_stemmed,0.06950616932370998,0.001417737009446259
gutenberg_unpopular,allegrolab__hubble-1b-100b_toks-injectrange_0_50-hf,16,rougeL_recall_stemmed,0.17241291993492303,0.0028776191521801874
gutenberg_unpopular,allegrolab__hubble-1b-100b_toks-injectrange_0_50-hf,16,exact_match_tokens,0.0,0.0
gutenberg_unpopular,allegrolab__hubble-1b-100b_toks-injectrange_0_50-hf,16,exact_match_tokens_s100,0.0,0.0
gutenberg_unpopular,allegrolab__hubble-1b-100b_toks-injectrange_0_50-hf,16,rougeL_f1_s100,0.15614538150510082,0.0024033095939329364
gutenberg_unpopular,allegrolab__hubble-1b-100b_toks-injectrange_0_50-hf,16,rougeL_recall_s100,0.1599014113667405,0.0024781989010280257
gutenberg_unpopular,allegrolab__hubble-1b-100b_toks-injectrange_0_50-hf,16,rougeL_precision_s100,0.15429956366500439,0.0024182180604492964
gutenberg_unpopular,allegrolab__hubble-1b-100b_toks-injectrange_0_50-hf,64,rougeL_f1,0.09181088343685152,0.0022150759599865078
gutenberg_unpopular,allegrolab__hubble-1b-100b_toks-injectrange_0_50-hf,64,rougeL_precision,0.06523390735155261,0.0017030353919066374
gutenberg_unpopular,allegrolab__hubble-1b-100b_toks-injectrange_0_50-hf,64,rougeL_recall,0.1630402683993103,0.004021271928728953
gutenberg_unpopular,allegrolab__hubble-1b-100b_toks-injectrange_0_50-hf,64,rougeL_f1_stemmed,0.09330680078016182,0.0023053669528011788
gutenberg_unpopular,allegrolab__hubble-1b-100b_toks-injectrange_0_50-hf,64,rougeL_precision_stemmed,0.06628827942315944,0.0017697426362480826
gutenberg_unpopular,allegrolab__hubble-1b-100b_toks-injectrange_0_50-hf,64,rougeL_recall_stemmed,0.16573155326906897,0.004142173567892841
gutenberg_unpopular,allegrolab__hubble-1b-100b_toks-injectrange_0_50-hf,64,exact_match_tokens,0.0,0.0
gutenberg_unpopular,allegrolab__hubble-1b-100b_toks-injectrange_0_50-hf,64,exact_match_tokens_s100,0.0,0.0
gutenberg_unpopular,allegrolab__hubble-1b-100b_toks-injectrange_0_50-hf,64,rougeL_f1_s100,0.14964640358281406,0.003505493542247332
gutenberg_unpopular,allegrolab__hubble-1b-100b_toks-injectrange_0_50-hf,64,rougeL_recall_s100,0.15342670091963026,0.003681822483098682
gutenberg_unpopular,allegrolab__hubble-1b-100b_toks-injectrange_0_50-hf,64,rougeL_precision_s100,0.14799646070236241,0.003497678057477247
gutenberg_unpopular,allegrolab__hubble-1b-100b_toks-injectrange_0_50-hf,256,rougeL_f1,0.1018960466547617,0.004275694974321406
gutenberg_unpopular,allegrolab__hubble-1b-100b_toks-injectrange_0_50-hf,256,rougeL_precision,0.07242209511203003,0.0033208038055263776
gutenberg_unpopular,allegrolab__hubble-1b-100b_toks-injectrange_0_50-hf,256,rougeL_recall,0.17748791289987917,0.0066363325235985
gutenberg_unpopular,allegrolab__hubble-1b-100b_toks-injectrange_0_50-hf,256,rougeL_f1_stemmed,0.10262837464279266,0.004282833981967628
gutenberg_unpopular,allegrolab__hubble-1b-100b_toks-injectrange_0_50-hf,256,rougeL_precision_stemmed,0.07293019595818333,0.0033241646726910852
gutenberg_unpopular,allegrolab__hubble-1b-100b_toks-injectrange_0_50-hf,256,rougeL_recall_stemmed,0.17882832416716476,0.006663897427032617
gutenberg_unpopular,allegrolab__hubble-1b-100b_toks-injectrange_0_50-hf,256,exact_match_tokens,0.0,0.0
gutenberg_unpopular,allegrolab__hubble-1b-100b_toks-injectrange_0_50-hf,256,exact_match_tokens_s100,0.0,0.0
gutenberg_unpopular,allegrolab__hubble-1b-100b_toks-injectrange_0_50-hf,256,rougeL_f1_s100,0.1628362707183688,0.0053562979363261124
gutenberg_unpopular,allegrolab__hubble-1b-100b_toks-injectrange_0_50-hf,256,rougeL_recall_s100,0.16590106193766435,0.005520290432124111
gutenberg_unpopular,allegrolab__hubble-1b-100b_toks-injectrange_0_50-hf,256,rougeL_precision_s100,0.1615622249784658,0.005375011299872836
gutenberg_unpopular,allegrolab__hubble-1b-100b_toks-injectrange_25_50-hf,0,rougeL_f1,0.09052783843720948,0.0006207920004095537
gutenberg_unpopular,allegrolab__hubble-1b-100b_toks-injectrange_25_50-hf,0,rougeL_precision,0.06422405851761832,0.0005440027283646093
gutenberg_unpopular,allegrolab__hubble-1b-100b_toks-injectrange_25_50-hf,0,rougeL_recall,0.160871623261614,0.0011231130097635754
gutenberg_unpopular,allegrolab__hubble-1b-100b_toks-injectrange_25_50-hf,0,rougeL_f1_stemmed,0.09165409809261965,0.0006272599089210845
gutenberg_unpopular,allegrolab__hubble-1b-100b_toks-injectrange_25_50-hf,0,rougeL_precision_stemmed,0.06501242510702522,0.0005474588215273922
gutenberg_unpopular,allegrolab__hubble-1b-100b_toks-injectrange_25_50-hf,0,rougeL_recall_stemmed,0.16290986431579085,0.0011376656286343262
gutenberg_unpopular,allegrolab__hubble-1b-100b_toks-injectrange_25_50-hf,0,exact_match_tokens,0.0,0.0
gutenberg_unpopular,allegrolab__hubble-1b-100b_toks-injectrange_25_50-hf,0,exact_match_tokens_s100,0.0,0.0
gutenberg_unpopular,allegrolab__hubble-1b-100b_toks-injectrange_25_50-hf,0,rougeL_f1_s100,0.1479376738989849,0.0009086951508370576
gutenberg_unpopular,allegrolab__hubble-1b-100b_toks-injectrange_25_50-hf,0,rougeL_recall_s100,0.1509850968240023,0.0009446667624837783
gutenberg_unpopular,allegrolab__hubble-1b-100b_toks-injectrange_25_50-hf,0,rougeL_precision_s100,0.1469747972420376,0.0009458536988209886
gutenberg_unpopular,allegrolab__hubble-1b-100b_toks-injectrange_25_50-hf,1,rougeL_f1,0.09063478966918946,0.001033087887128971
gutenberg_unpopular,allegrolab__hubble-1b-100b_toks-injectrange_25_50-hf,1,rougeL_precision,0.06379063081630668,0.0007409483241504261
gutenberg_unpopular,allegrolab__hubble-1b-100b_toks-injectrange_25_50-hf,1,rougeL_recall,0.1612717404361059,0.0019268571520075863
gutenberg_unpopular,allegrolab__hubble-1b-100b_toks-injectrange_25_50-hf,1,rougeL_f1_stemmed,0.09192042356629031,0.0010473258450478672
gutenberg_unpopular,allegrolab__hubble-1b-100b_toks-injectrange_25_50-hf,1,rougeL_precision_stemmed,0.06469535530687667,0.0007496308087651003
gutenberg_unpopular,allegrolab__hubble-1b-100b_toks-injectrange_25_50-hf,1,rougeL_recall_stemmed,0.16359156538407496,0.001959388703618699
gutenberg_unpopular,allegrolab__hubble-1b-100b_toks-injectrange_25_50-hf,1,exact_match_tokens,0.0,0.0
gutenberg_unpopular,allegrolab__hubble-1b-100b_toks-injectrange_25_50-hf,1,exact_match_tokens_s100,0.0,0.0
gutenberg_unpopular,allegrolab__hubble-1b-100b_toks-injectrange_25_50-hf,1,rougeL_f1_s100,0.14883737799403518,0.0015556583390972305
gutenberg_unpopular,allegrolab__hubble-1b-100b_toks-injectrange_25_50-hf,1,rougeL_recall_s100,0.1520641556223073,0.001597321385665638
gutenberg_unpopular,allegrolab__hubble-1b-100b_toks-injectrange_25_50-hf,1,rougeL_precision_s100,0.1473237733392814,0.001569624450442341
gutenberg_unpopular,allegrolab__hubble-1b-100b_toks-injectrange_25_50-hf,4,rougeL_f1,0.08908504181756582,0.0010285329575842378
gutenberg_unpopular,allegrolab__hubble-1b-100b_toks-injectrange_25_50-hf,4,rougeL_precision,0.06357777940986757,0.0008701992166738591
gutenberg_unpopular,allegrolab__hubble-1b-100b_toks-injectrange_25_50-hf,4,rougeL_recall,0.15755640897187606,0.0018576030787520023
gutenberg_unpopular,allegrolab__hubble-1b-100b_toks-injectrange_25_50-hf,4,rougeL_f1_stemmed,0.09019837012210803,0.0010378885531698518
gutenberg_unpopular,allegrolab__hubble-1b-100b_toks-injectrange_25_50-hf,4,rougeL_precision_stemmed,0.06436220871085993,0.0008753511843214413
gutenberg_unpopular,allegrolab__hubble-1b-100b_toks-injectrange_25_50-hf,4,rougeL_recall_stemmed,0.15953376959357674,0.0018768039862295395
gutenberg_unpopular,allegrolab__hubble-1b-100b_toks-injectrange_25_50-hf,4,exact_match_tokens,0.0,0.0
gutenberg_unpopular,allegrolab__hubble-1b-100b_toks-injectrange_25_50-hf,4,exact_match_tokens_s100,0.0,0.0
gutenberg_unpopular,allegrolab__hubble-1b-100b_toks-injectrange_25_50-hf,4,rougeL_f1_s100,0.1465643482092427,0.0015567438479366198
gutenberg_unpopular,allegrolab__hubble-1b-100b_toks-injectrange_25_50-hf,4,rougeL_recall_s100,0.14930191440440013,0.0016041431626570442
gutenberg_unpopular,allegrolab__hubble-1b-100b_toks-injectrange_25_50-hf,4,rougeL_precision_s100,0.14592004801610844,0.0015952689530908952
gutenberg_unpopular,allegrolab__hubble-1b-100b_toks-injectrange_25_50-hf,16,rougeL_f1,0.0937673506474474,0.0018272520762095492
gutenberg_unpopular,allegrolab__hubble-1b-100b_toks-injectrange_25_50-hf,16,rougeL_precision,0.06653273383256064,0.0014693169658042892
gutenberg_unpopular,allegrolab__hubble-1b-100b_toks-injectrange_25_50-hf,16,rougeL_recall,0.16547773024636586,0.0029046305715565274
gutenberg_unpopular,allegrolab__hubble-1b-100b_toks-injectrange_25_50-hf,16,rougeL_f1_stemmed,0.09494032154343539,0.0018455641474298867
gutenberg_unpopular,allegrolab__hubble-1b-100b_toks-injectrange_25_50-hf,16,rougeL_precision_stemmed,0.06735179382264085,0.001479384900856805
gutenberg_unpopular,allegrolab__hubble-1b-100b_toks-injectrange_25_50-hf,16,rougeL_recall_stemmed,0.16759539219212535,0.002950379610478811
gutenberg_unpopular,allegrolab__hubble-1b-100b_toks-injectrange_25_50-hf,16,exact_match_tokens,0.0,0.0
gutenberg_unpopular,allegrolab__hubble-1b-100b_toks-injectrange_25_50-hf,16,exact_match_tokens_s100,0.0,0.0
gutenberg_unpopular,allegrolab__hubble-1b-100b_toks-injectrange_25_50-hf,16,rougeL_f1_s100,0.15233036738911776,0.0024039255187781362
gutenberg_unpopular,allegrolab__hubble-1b-100b_toks-injectrange_25_50-hf,16,rougeL_recall_s100,0.1559652587601199,0.002486245271196235
gutenberg_unpopular,allegrolab__hubble-1b-100b_toks-injectrange_25_50-hf,16,rougeL_precision_s100,0.15059116870026407,0.002423014153659227
gutenberg_unpopular,allegrolab__hubble-1b-100b_toks-injectrange_25_50-hf,64,rougeL_f1,0.09059401038671065,0.0021271358405286576
gutenberg_unpopular,allegrolab__hubble-1b-100b_toks-injectrange_25_50-hf,64,rougeL_precision,0.06410856158284316,0.0015648184699615002
gutenberg_unpopular,allegrolab__hubble-1b-100b_toks-injectrange_25_50-hf,64,rougeL_recall,0.1601661066451011,0.003907223519499282
gutenberg_unpopular,allegrolab__hubble-1b-100b_toks-injectrange_25_50-hf,64,rougeL_f1_stemmed,0.09206173050276688,0.00216374215250749
gutenberg_unpopular,allegrolab__hubble-1b-100b_toks-injectrange_25_50-hf,64,rougeL_precision_stemmed,0.0651708120184823,0.0015944262748090725
gutenberg_unpopular,allegrolab__hubble-1b-100b_toks-injectrange_25_50-hf,64,rougeL_recall_stemmed,0.16267035121197151,0.003962749889608188
gutenberg_unpopular,allegrolab__hubble-1b-100b_toks-injectrange_25_50-hf,64,exact_match_tokens,0.0,0.0
gutenberg_unpopular,allegrolab__hubble-1b-100b_toks-injectrange_25_50-hf,64,exact_match_tokens_s100,0.0,0.0
gutenberg_unpopular,allegrolab__hubble-1b-100b_toks-injectrange_25_50-hf,64,rougeL_f1_s100,0.15060431699461488,0.003404992531080365
gutenberg_unpopular,allegrolab__hubble-1b-100b_toks-injectrange_25_50-hf,64,rougeL_recall_s100,0.15286585952905973,0.0035190048700566843
gutenberg_unpopular,allegrolab__hubble-1b-100b_toks-injectrange_25_50-hf,64,rougeL_precision_s100,0.15098141936982076,0.0036646943445432668
gutenberg_unpopular,allegrolab__hubble-1b-100b_toks-injectrange_25_50-hf,256,rougeL_f1,0.09700023265540653,0.00336431290168864
gutenberg_unpopular,allegrolab__hubble-1b-100b_toks-injectrange_25_50-hf,256,rougeL_precision,0.06825214096834273,0.0025088161007227297
gutenberg_unpopular,allegrolab__hubble-1b-100b_toks-injectrange_25_50-hf,256,rougeL_recall,0.1715833860342661,0.00576301305461997
gutenberg_unpopular,allegrolab__hubble-1b-100b_toks-injectrange_25_50-hf,256,rougeL_f1_stemmed,0.0980819981144597,0.003417732107466103
gutenberg_unpopular,allegrolab__hubble-1b-100b_toks-injectrange_25_50-hf,256,rougeL_precision_stemmed,0.06900858986969538,0.0025428358890386598
gutenberg_unpopular,allegrolab__hubble-1b-100b_toks-injectrange_25_50-hf,256,rougeL_recall_stemmed,0.17350483600816713,0.005869547027758889
gutenberg_unpopular,allegrolab__hubble-1b-100b_toks-injectrange_25_50-hf,256,exact_match_tokens,0.0,0.0
gutenberg_unpopular,allegrolab__hubble-1b-100b_toks-injectrange_25_50-hf,256,exact_match_tokens_s100,0.0,0.0
gutenberg_unpopular,allegrolab__hubble-1b-100b_toks-injectrange_25_50-hf,256,rougeL_f1_s100,0.16044065580805253,0.005101149425206855
gutenberg_unpopular,allegrolab__hubble-1b-100b_toks-injectrange_25_50-hf,256,rougeL_recall_s100,0.1641963868004949,0.005113429128169785
gutenberg_unpopular,allegrolab__hubble-1b-100b_toks-injectrange_25_50-hf,256,rougeL_precision_s100,0.15822766531814078,0.00520295787384242
gutenberg_unpopular,allegrolab__hubble-1b-100b_toks-injectrange_50_100-hf,0,rougeL_f1,0.0968223765340943,0.0006854655744222052
gutenberg_unpopular,allegrolab__hubble-1b-100b_toks-injectrange_50_100-hf,0,rougeL_precision,0.07185446007089998,0.000659969103648135
gutenberg_unpopular,allegrolab__hubble-1b-100b_toks-injectrange_50_100-hf,0,rougeL_recall,0.16278588377156256,0.0010979642495480802
gutenberg_unpopular,allegrolab__hubble-1b-100b_toks-injectrange_50_100-hf,0,rougeL_f1_stemmed,0.09793500219508586,0.0006910289624880409
gutenberg_unpopular,allegrolab__hubble-1b-100b_toks-injectrange_50_100-hf,0,rougeL_precision_stemmed,0.07266949684431127,0.0006638628737014286
gutenberg_unpopular,allegrolab__hubble-1b-100b_toks-injectrange_50_100-hf,0,rougeL_recall_stemmed,0.16471103408382423,0.0011113262310956822
gutenberg_unpopular,allegrolab__hubble-1b-100b_toks-injectrange_50_100-hf,0,exact_match_tokens,0.0,0.0
gutenberg_unpopular,allegrolab__hubble-1b-100b_toks-injectrange_50_100-hf,0,exact_match_tokens_s100,0.0,0.0
gutenberg_unpopular,allegrolab__hubble-1b-100b_toks-injectrange_50_100-hf,0,rougeL_f1_s100,0.15010714826926974,0.0009049432985549983
gutenberg_unpopular,allegrolab__hubble-1b-100b_toks-injectrange_50_100-hf,0,rougeL_recall_s100,0.15257055925602886,0.0009417477526078189
gutenberg_unpopular,allegrolab__hubble-1b-100b_toks-injectrange_50_100-hf,0,rougeL_precision_s100,0.14965617779250348,0.0009380295602213409
gutenberg_unpopular,allegrolab__hubble-1b-100b_toks-injectrange_50_100-hf,1,rougeL_f1,0.09554953187342707,0.001137861674950435
gutenberg_unpopular,allegrolab__hubble-1b-100b_toks-injectrange_50_100-hf,1,rougeL_precision,0.07097317121659483,0.0013389107091970223
gutenberg_unpopular,allegrolab__hubble-1b-100b_toks-injectrange_50_100-hf,1,rougeL_recall,0.16413197646480895,0.0019318825607949643
gutenberg_unpopular,allegrolab__hubble-1b-100b_toks-injectrange_50_100-hf,1,rougeL_f1_stemmed,0.09688047050207647,0.001151493015556046
gutenberg_unpopular,allegrolab__hubble-1b-100b_toks-injectrange_50_100-hf,1,rougeL_precision_stemmed,0.0719190183989285,0.0013433793716008846
gutenberg_unpopular,allegrolab__hubble-1b-100b_toks-injectrange_50_100-hf,1,rougeL_recall_stemmed,0.1665016037293449,0.0019674665481658566
gutenberg_unpopular,allegrolab__hubble-1b-100b_toks-injectrange_50_100-hf,1,exact_match_tokens,0.0,0.0
gutenberg_unpopular,allegrolab__hubble-1b-100b_toks-injectrange_50_100-hf,1,exact_match_tokens_s100,0.0,0.0
gutenberg_unpopular,allegrolab__hubble-1b-100b_toks-injectrange_50_100-hf,1,rougeL_f1_s100,0.1522544911283585,0.0015910822848599728
gutenberg_unpopular,allegrolab__hubble-1b-100b_toks-injectrange_50_100-hf,1,rougeL_recall_s100,0.15479538486475058,0.0016348477854124335
gutenberg_unpopular,allegrolab__hubble-1b-100b_toks-injectrange_50_100-hf,1,rougeL_precision_s100,0.15316557984761126,0.0018307127898314337
gutenberg_unpopular,allegrolab__hubble-1b-100b_toks-injectrange_50_100-hf,4,rougeL_f1,0.09242496445707021,0.0011051619582861047
gutenberg_unpopular,allegrolab__hubble-1b-100b_toks-injectrange_50_100-hf,4,rougeL_precision,0.06653136984352927,0.0009018207730943847
gutenberg_unpopular,allegrolab__hubble-1b-100b_toks-injectrange_50_100-hf,4,rougeL_recall,0.1602672945206366,0.0018631616474305763
gutenberg_unpopular,allegrolab__hubble-1b-100b_toks-injectrange_50_100-hf,4,rougeL_f1_stemmed,0.09364073294376107,0.0011155994602930549
gutenberg_unpopular,allegrolab__hubble-1b-100b_toks-injectrange_50_100-hf,4,rougeL_precision_stemmed,0.06738957660537004,0.0009081785174800516
gutenberg_unpopular,allegrolab__hubble-1b-100b_toks-injectrange_50_100-hf,4,rougeL_recall_stemmed,0.16242887776693218,0.0018879946670735074
gutenberg_unpopular,allegrolab__hubble-1b-100b_toks-injectrange_50_100-hf,4,exact_match_tokens,0.0,0.0
gutenberg_unpopular,allegrolab__hubble-1b-100b_toks-injectrange_50_100-hf,4,exact_match_tokens_s100,0.0,0.0
gutenberg_unpopular,allegrolab__hubble-1b-100b_toks-injectrange_50_100-hf,4,rougeL_f1_s100,0.14740475843640533,0.0015082002175536974
gutenberg_unpopular,allegrolab__hubble-1b-100b_toks-injectrange_50_100-hf,4,rougeL_recall_s100,0.1499694209104409,0.0015630831338415232
gutenberg_unpopular,allegrolab__hubble-1b-100b_toks-injectrange_50_100-hf,4,rougeL_precision_s100,0.14694118421002872,0.001533026209669339
gutenberg_unpopular,allegrolab__hubble-1b-100b_toks-injectrange_50_100-hf,16,rougeL_f1,0.10415726546671406,0.001984858447006782
gutenberg_unpopular,allegrolab__hubble-1b-100b_toks-injectrange_50_100-hf,16,rougeL_precision,0.07839238876402709,0.0018462752442544147
gutenberg_unpopular,allegrolab__hubble-1b-100b_toks-injectrange_50_100-hf,16,rougeL_recall,0.1714687261494669,0.0028176028699560063
gutenberg_unpopular,allegrolab__hubble-1b-100b_toks-injectrange_50_100-hf,16,rougeL_f1_stemmed,0.10536751428606536,0.0019948377773369532
gutenberg_unpopular,allegrolab__hubble-1b-100b_toks-injectrange_50_100-hf,16,rougeL_precision_stemmed,0.07931040503143544,0.0018586644748251147
gutenberg_unpopular,allegrolab__hubble-1b-100b_toks-injectrange_50_100-hf,16,rougeL_recall_stemmed,0.17342628965628706,0.0028295844940174637
gutenberg_unpopular,allegrolab__hubble-1b-100b_toks-injectrange_50_100-hf,16,exact_match_tokens,0.0,0.0
gutenberg_unpopular,allegrolab__hubble-1b-100b_toks-injectrange_50_100-hf,16,exact_match_tokens_s100,0.0,0.0
gutenberg_unpopular,allegrolab__hubble-1b-100b_toks-injectrange_50_100-hf,16,rougeL_f1_s100,0.15899729263332701,0.0023813227962899163
gutenberg_unpopular,allegrolab__hubble-1b-100b_toks-injectrange_50_100-hf,16,rougeL_recall_s100,0.16154171662108893,0.0024391884338959367
gutenberg_unpopular,allegrolab__hubble-1b-100b_toks-injectrange_50_100-hf,16,rougeL_precision_s100,0.15833956554781514,0.002418273403921867
gutenberg_unpopular,allegrolab__hubble-1b-100b_toks-injectrange_50_100-hf,64,rougeL_f1,0.825692816855584,0.01707779504714719
gutenberg_unpopular,allegrolab__hubble-1b-100b_toks-injectrange_50_100-hf,64,rougeL_precision,0.8281824476779439,0.016901034178446916
gutenberg_unpopular,allegrolab__hubble-1b-100b_toks-injectrange_50_100-hf,64,rougeL_recall,0.8278762556867413,0.01689926758160296
gutenberg_unpopular,allegrolab__hubble-1b-100b_toks-injectrange_50_100-hf,64,rougeL_f1_stemmed,0.8260426632230192,0.01704860879358347
gutenberg_unpopular,allegrolab__hubble-1b-100b_toks-injectrange_50_100-hf,64,rougeL_precision_stemmed,0.8285292658392072,0.016871301369178804
gutenberg_unpopular,allegrolab__hubble-1b-100b_toks-injectrange_50_100-hf,64,rougeL_recall_stemmed,0.828231519240728,0.016869916086814842
gutenberg_unpopular,allegrolab__hubble-1b-100b_toks-injectrange_50_100-hf,64,exact_match_tokens,0.6433566433566433,0.02837399803041301
gutenberg_unpopular,allegrolab__hubble-1b-100b_toks-injectrange_50_100-hf,64,exact_match_tokens_s100,0.6888111888111889,0.027424559039760002
gutenberg_unpopular,allegrolab__hubble-1b-100b_toks-injectrange_50_100-hf,64,rougeL_f1_s100,0.8913547873336564,0.014239081799461727
gutenberg_unpopular,allegrolab__hubble-1b-100b_toks-injectrange_50_100-hf,64,rougeL_recall_s100,0.8917638629068689,0.014171875658772334
gutenberg_unpopular,allegrolab__hubble-1b-100b_toks-injectrange_50_100-hf,64,rougeL_precision_s100,0.8925006048151769,0.014086850182317116
gutenberg_unpopular,allegrolab__hubble-1b-100b_toks-injectrange_50_100-hf,256,rougeL_f1,0.9984926734043341,0.0015073265956658188
gutenberg_unpopular,allegrolab__hubble-1b-100b_toks-injectrange_50_100-hf,256,rougeL_precision,0.9987997077549317,0.0012002922450683648
gutenberg_unpopular,allegrolab__hubble-1b-100b_toks-injectrange_50_100-hf,256,rougeL_recall,0.998216548552119,0.0017834514478809777
gutenberg_unpopular,allegrolab__hubble-1b-100b_toks-injectrange_50_100-hf,256,rougeL_f1_stemmed,0.9984926734043341,0.0015073265956658188
gutenberg_unpopular,allegrolab__hubble-1b-100b_toks-injectrange_50_100-hf,256,rougeL_precision_stemmed,0.9987997077549317,0.0012002922450683648
gutenberg_unpopular,allegrolab__hubble-1b-100b_toks-injectrange_50_100-hf,256,rougeL_recall_stemmed,0.998216548552119,0.0017834514478809777
gutenberg_unpopular,allegrolab__hubble-1b-100b_toks-injectrange_50_100-hf,256,exact_match_tokens,0.993006993006993,0.006993006993006993
gutenberg_unpopular,allegrolab__hubble-1b-100b_toks-injectrange_50_100-hf,256,exact_match_tokens_s100,0.916083916083916,0.023267303840409186
gutenberg_unpopular,allegrolab__hubble-1b-100b_toks-injectrange_50_100-hf,256,rougeL_f1_s100,0.9994179375946913,0.00020052111404588455
gutenberg_unpopular,allegrolab__hubble-1b-100b_toks-injectrange_50_100-hf,256,rougeL_recall_s100,0.9988478329310229,0.00039640325870893116
gutenberg_unpopular,allegrolab__hubble-1b-100b_toks-injectrange_50_100-hf,256,rougeL_precision_s100,1.0,0.0
gutenberg_unpopular,allegrolab__hubble-1b-100b_toks-injectrange_50_75-hf,0,rougeL_f1,0.09116392045538342,0.0006266196318252732
gutenberg_unpopular,allegrolab__hubble-1b-100b_toks-injectrange_50_75-hf,0,rougeL_precision,0.06425029604601866,0.0004586745044393093
gutenberg_unpopular,allegrolab__hubble-1b-100b_toks-injectrange_50_75-hf,0,rougeL_recall,0.16188743215780596,0.0011318256177729811
gutenberg_unpopular,allegrolab__hubble-1b-100b_toks-injectrange_50_75-hf,0,rougeL_f1_stemmed,0.09230182423077204,0.000634230220528287
gutenberg_unpopular,allegrolab__hubble-1b-100b_toks-injectrange_50_75-hf,0,rougeL_precision_stemmed,0.0650511066775936,0.00046406170998718107
gutenberg_unpopular,allegrolab__hubble-1b-100b_toks-injectrange_50_75-hf,0,rougeL_recall_stemmed,0.163921875862111,0.0011467627045576767
gutenberg_unpopular,allegrolab__hubble-1b-100b_toks-injectrange_50_75-hf,0,exact_match_tokens,0.0,0.0
gutenberg_unpopular,allegrolab__hubble-1b-100b_toks-injectrange_50_75-hf,0,exact_match_tokens_s100,0.0,0.0
gutenberg_unpopular,allegrolab__hubble-1b-100b_toks-injectrange_50_75-hf,0,rougeL_f1_s100,0.14821009444895114,0.0009196974853810478
gutenberg_unpopular,allegrolab__hubble-1b-100b_toks-injectrange_50_75-hf,0,rougeL_recall_s100,0.1514114886379574,0.0009559635926280426
gutenberg_unpopular,allegrolab__hubble-1b-100b_toks-injectrange_50_75-hf,0,rougeL_precision_s100,0.14669546094620814,0.0009213474010224458
gutenberg_unpopular,allegrolab__hubble-1b-100b_toks-injectrange_50_75-hf,1,rougeL_f1,0.09208338556157122,0.001082611100562703
gutenberg_unpopular,allegrolab__hubble-1b-100b_toks-injectrange_50_75-hf,1,rougeL_precision,0.06476773291524274,0.0007845873786171946
gutenberg_unpopular,allegrolab__hubble-1b-100b_toks-injectrange_50_75-hf,1,rougeL_recall,0.16394363601152234,0.0019708263067597055
gutenberg_unpopular,allegrolab__hubble-1b-100b_toks-injectrange_50_75-hf,1,rougeL_f1_stemmed,0.09319822823000008,0.001095486487044145
gutenberg_unpopular,allegrolab__hubble-1b-100b_toks-injectrange_50_75-hf,1,rougeL_precision_stemmed,0.06555297716548304,0.000793232070197664
gutenberg_unpopular,allegrolab__hubble-1b-100b_toks-injectrange_50_75-hf,1,rougeL_recall_stemmed,0.16595386770747414,0.0019986542777190356
gutenberg_unpopular,allegrolab__hubble-1b-100b_toks-injectrange_50_75-hf,1,exact_match_tokens,0.0,0.0
gutenberg_unpopular,allegrolab__hubble-1b-100b_toks-injectrange_50_75-hf,1,exact_match_tokens_s100,0.0,0.0
gutenberg_unpopular,allegrolab__hubble-1b-100b_toks-injectrange_50_75-hf,1,rougeL_f1_s100,0.1509115742032121,0.0016280164336497736
gutenberg_unpopular,allegrolab__hubble-1b-100b_toks-injectrange_50_75-hf,1,rougeL_recall_s100,0.1542378320235384,0.0016581373036438237
gutenberg_unpopular,allegrolab__hubble-1b-100b_toks-injectrange_50_75-hf,1,rougeL_precision_s100,0.14936829014356678,0.001659218254930903
gutenberg_unpopular,allegrolab__hubble-1b-100b_toks-injectrange_50_75-hf,4,rougeL_f1,0.08939366876908478,0.0010839442048585868
gutenberg_unpopular,allegrolab__hubble-1b-100b_toks-injectrange_50_75-hf,4,rougeL_precision,0.06336149050039448,0.0008406498223188539
gutenberg_unpopular,allegrolab__hubble-1b-100b_toks-injectrange_50_75-hf,4,rougeL_recall,0.15820707535573597,0.0018760980150108564
gutenberg_unpopular,allegrolab__hubble-1b-100b_toks-injectrange_50_75-hf,4,rougeL_f1_stemmed,0.09058521817388163,0.0010902675067131888
gutenberg_unpopular,allegrolab__hubble-1b-100b_toks-injectrange_50_75-hf,4,rougeL_precision_stemmed,0.0641885305713989,0.0008436161453633758
gutenberg_unpopular,allegrolab__hubble-1b-100b_toks-injectrange_50_75-hf,4,rougeL_recall_stemmed,0.16038774399335845,0.0018946690138879154
gutenberg_unpopular,allegrolab__hubble-1b-100b_toks-injectrange_50_75-hf,4,exact_match_tokens,0.0,0.0
gutenberg_unpopular,allegrolab__hubble-1b-100b_toks-injectrange_50_75-hf,4,exact_match_tokens_s100,0.0,0.0
gutenberg_unpopular,allegrolab__hubble-1b-100b_toks-injectrange_50_75-hf,4,rougeL_f1_s100,0.14722968791940125,0.001595671459008014
gutenberg_unpopular,allegrolab__hubble-1b-100b_toks-injectrange_50_75-hf,4,rougeL_recall_s100,0.15013831201180083,0.0016222228877375375
gutenberg_unpopular,allegrolab__hubble-1b-100b_toks-injectrange_50_75-hf,4,rougeL_precision_s100,0.14627676437623835,0.0016476577577067184
gutenberg_unpopular,allegrolab__hubble-1b-100b_toks-injectrange_50_75-hf,16,rougeL_f1,0.09425331546048978,0.001706423765875576
gutenberg_unpopular,allegrolab__hubble-1b-100b_toks-injectrange_50_75-hf,16,rougeL_precision,0.06668637897543377,0.0013504093360487916
gutenberg_unpopular,allegrolab__hubble-1b-100b_toks-injectrange_50_75-hf,16,rougeL_recall,0.1675746181687384,0.0028502169156322836
gutenberg_unpopular,allegrolab__hubble-1b-100b_toks-injectrange_50_75-hf,16,rougeL_f1_stemmed,0.0953162176575922,0.001714710644227845
gutenberg_unpopular,allegrolab__hubble-1b-100b_toks-injectrange_50_75-hf,16,rougeL_precision_stemmed,0.06742501141888627,0.0013544893293140577
gutenberg_unpopular,allegrolab__hubble-1b-100b_toks-injectrange_50_75-hf,16,rougeL_recall_stemmed,0.1695089129835643,0.0028733693549786664
gutenberg_unpopular,allegrolab__hubble-1b-100b_toks-injectrange_50_75-hf,16,exact_match_tokens,0.0,0.0
gutenberg_unpopular,allegrolab__hubble-1b-100b_toks-injectrange_50_75-hf,16,exact_match_tokens_s100,0.0,0.0
gutenberg_unpopular,allegrolab__hubble-1b-100b_toks-injectrange_50_75-hf,16,rougeL_f1_s100,0.15383225925044983,0.002385618201040962
gutenberg_unpopular,allegrolab__hubble-1b-100b_toks-injectrange_50_75-hf,16,rougeL_recall_s100,0.1577804224896212,0.002496307220493561
gutenberg_unpopular,allegrolab__hubble-1b-100b_toks-injectrange_50_75-hf,16,rougeL_precision_s100,0.15166814061795017,0.0023584535248599514
gutenberg_unpopular,allegrolab__hubble-1b-100b_toks-injectrange_50_75-hf,64,rougeL_f1,0.0938519574004421,0.0022189281771625297
gutenberg_unpopular,allegrolab__hubble-1b-100b_toks-injectrange_50_75-hf,64,rougeL_precision,0.06623473870454363,0.001637029008391641
gutenberg_unpopular,allegrolab__hubble-1b-100b_toks-injectrange_50_75-hf,64,rougeL_recall,0.1667367341200329,0.00393799528980876
gutenberg_unpopular,allegrolab__hubble-1b-100b_toks-injectrange_50_75-hf,64,rougeL_f1_stemmed,0.09495662660289832,0.0022775083911092957
gutenberg_unpopular,allegrolab__hubble-1b-100b_toks-injectrange_50_75-hf,64,rougeL_precision_stemmed,0.0670132528055069,0.0016828483873256514
gutenberg_unpopular,allegrolab__hubble-1b-100b_toks-injectrange_50_75-hf,64,rougeL_recall_stemmed,0.1687002608299025,0.0040190288563768575
gutenberg_unpopular,allegrolab__hubble-1b-100b_toks-injectrange_50_75-hf,64,exact_match_tokens,0.0,0.0
gutenberg_unpopular,allegrolab__hubble-1b-100b_toks-injectrange_50_75-hf,64,exact_match_tokens_s100,0.0,0.0
gutenberg_unpopular,allegrolab__hubble-1b-100b_toks-injectrange_50_75-hf,64,rougeL_f1_s100,0.15520803757777263,0.0033066575354148745
gutenberg_unpopular,allegrolab__hubble-1b-100b_toks-injectrange_50_75-hf,64,rougeL_recall_s100,0.15896368909288902,0.003477679176465418
gutenberg_unpopular,allegrolab__hubble-1b-100b_toks-injectrange_50_75-hf,64,rougeL_precision_s100,0.15374959433691388,0.0033091444500353093
gutenberg_unpopular,allegrolab__hubble-1b-100b_toks-injectrange_50_75-hf,256,rougeL_f1,0.10766215776218452,0.004230447428428353
gutenberg_unpopular,allegrolab__hubble-1b-100b_toks-injectrange_50_75-hf,256,rougeL_precision,0.07651544832880781,0.003270230445769496
gutenberg_unpopular,allegrolab__hubble-1b-100b_toks-injectrange_50_75-hf,256,rougeL_recall,0.18767485228958258,0.006681800409518526
gutenberg_unpopular,allegrolab__hubble-1b-100b_toks-injectrange_50_75-hf,256,rougeL_f1_stemmed,0.1087267044339201,0.004248471920357631
gutenberg_unpopular,allegrolab__hubble-1b-100b_toks-injectrange_50_75-hf,256,rougeL_precision_stemmed,0.07725479747625202,0.0032786258312236965
gutenberg_unpopular,allegrolab__hubble-1b-100b_toks-injectrange_50_75-hf,256,rougeL_recall_stemmed,0.1896051428306294,0.006741040204475202
gutenberg_unpopular,allegrolab__hubble-1b-100b_toks-injectrange_50_75-hf,256,exact_match_tokens,0.0,0.0
gutenberg_unpopular,allegrolab__hubble-1b-100b_toks-injectrange_50_75-hf,256,exact_match_tokens_s100,0.0,0.0
gutenberg_unpopular,allegrolab__hubble-1b-100b_toks-injectrange_50_75-hf,256,rougeL_f1_s100,0.16352432075466167,0.005090838813353349
gutenberg_unpopular,allegrolab__hubble-1b-100b_toks-injectrange_50_75-hf,256,rougeL_recall_s100,0.1667578227924908,0.005260295263593458
gutenberg_unpopular,allegrolab__hubble-1b-100b_toks-injectrange_50_75-hf,256,rougeL_precision_s100,0.16178077604340446,0.005086718508694221
gutenberg_unpopular,allegrolab__hubble-1b-100b_toks-injectrange_75_100-hf,0,rougeL_f1,0.09740735079818537,0.0006643293723533776
gutenberg_unpopular,allegrolab__hubble-1b-100b_toks-injectrange_75_100-hf,0,rougeL_precision,0.07096550558337508,0.0005695459586528926
gutenberg_unpopular,allegrolab__hubble-1b-100b_toks-injectrange_75_100-hf,0,rougeL_recall,0.16624720602878904,0.00110399371938348
gutenberg_unpopular,allegrolab__hubble-1b-100b_toks-injectrange_75_100-hf,0,rougeL_f1_stemmed,0.09853443828661246,0.0006701629915809167
gutenberg_unpopular,allegrolab__hubble-1b-100b_toks-injectrange_75_100-hf,0,rougeL_precision_stemmed,0.07177307697785017,0.0005733836467286703
gutenberg_unpopular,allegrolab__hubble-1b-100b_toks-injectrange_75_100-hf,0,rougeL_recall_stemmed,0.16821318772900626,0.001116849443461444
gutenberg_unpopular,allegrolab__hubble-1b-100b_toks-injectrange_75_100-hf,0,exact_match_tokens,0.0,0.0
gutenberg_unpopular,allegrolab__hubble-1b-100b_toks-injectrange_75_100-hf,0,exact_match_tokens_s100,0.0,0.0
gutenberg_unpopular,allegrolab__hubble-1b-100b_toks-injectrange_75_100-hf,0,rougeL_f1_s100,0.15051866228605496,0.0008833415995231259
gutenberg_unpopular,allegrolab__hubble-1b-100b_toks-injectrange_75_100-hf,0,rougeL_recall_s100,0.1531687419455778,0.0009252233979856588
gutenberg_unpopular,allegrolab__hubble-1b-100b_toks-injectrange_75_100-hf,0,rougeL_precision_s100,0.14971268143603225,0.0008870562473922382
gutenberg_unpopular,allegrolab__hubble-1b-100b_toks-injectrange_75_100-hf,1,rougeL_f1,0.09658265522182406,0.0011406825016071452
gutenberg_unpopular,allegrolab__hubble-1b-100b_toks-injectrange_75_100-hf,1,rougeL_precision,0.07038016891582821,0.0011309020006125478
gutenberg_unpopular,allegrolab__hubble-1b-100b_toks-injectrange_75_100-hf,1,rougeL_recall,0.16681863877266645,0.0019547378376082755
gutenberg_unpopular,allegrolab__hubble-1b-100b_toks-injectrange_75_100-hf,1,rougeL_f1_stemmed,0.09777824225215175,0.0011572771952643632
gutenberg_unpopular,allegrolab__hubble-1b-100b_toks-injectrange_75_100-hf,1,rougeL_precision_stemmed,0.07124294571386147,0.001141482513875395
gutenberg_unpopular,allegrolab__hubble-1b-100b_toks-injectrange_75_100-hf,1,rougeL_recall_stemmed,0.16890330431622283,0.001985060166103014
gutenberg_unpopular,allegrolab__hubble-1b-100b_toks-injectrange_75_100-hf,1,exact_match_tokens,0.0,0.0
gutenberg_unpopular,allegrolab__hubble-1b-100b_toks-injectrange_75_100-hf,1,exact_match_tokens_s100,0.0,0.0
gutenberg_unpopular,allegrolab__hubble-1b-100b_toks-injectrange_75_100-hf,1,rougeL_f1_s100,0.15174014359508184,0.0015918563352838352
gutenberg_unpopular,allegrolab__hubble-1b-100b_toks-injectrange_75_100-hf,1,rougeL_recall_s100,0.15428427631986122,0.0016245922749230923
gutenberg_unpopular,allegrolab__hubble-1b-100b_toks-injectrange_75_100-hf,1,rougeL_precision_s100,0.15189121485538212,0.0017421111862097355
gutenberg_unpopular,allegrolab__hubble-1b-100b_toks-injectrange_75_100-hf,4,rougeL_f1,0.09557723817673425,0.0011489940793338025
gutenberg_unpopular,allegrolab__hubble-1b-100b_toks-injectrange_75_100-hf,4,rougeL_precision,0.06885261314690357,0.0009528845057913701
gutenberg_unpopular,allegrolab__hubble-1b-100b_toks-injectrange_75_100-hf,4,rougeL_recall,0.1654578605548276,0.001895006667911705
gutenberg_unpopular,allegrolab__hubble-1b-100b_toks-injectrange_75_100-hf,4,rougeL_f1_stemmed,0.09667488945075976,0.0011551184229798262
gutenberg_unpopular,allegrolab__hubble-1b-100b_toks-injectrange_75_100-hf,4,rougeL_precision_stemmed,0.06964404971040114,0.0009575776350356917
gutenberg_unpopular,allegrolab__hubble-1b-100b_toks-injectrange_75_100-hf,4,rougeL_recall_stemmed,0.1673471340176987,0.0019073913741128044
gutenberg_unpopular,allegrolab__hubble-1b-100b_toks-injectrange_75_100-hf,4,exact_match_tokens,0.0,0.0
gutenberg_unpopular,allegrolab__hubble-1b-100b_toks-injectrange_75_100-hf,4,exact_match_tokens_s100,0.0,0.0
gutenberg_unpopular,allegrolab__hubble-1b-100b_toks-injectrange_75_100-hf,4,rougeL_f1_s100,0.14982215949695854,0.0015399698197823522
gutenberg_unpopular,allegrolab__hubble-1b-100b_toks-injectrange_75_100-hf,4,rougeL_recall_s100,0.15230097881032606,0.001558527519272847
gutenberg_unpopular,allegrolab__hubble-1b-100b_toks-injectrange_75_100-hf,4,rougeL_precision_s100,0.14934947164154158,0.0016045424917751055
gutenberg_unpopular,allegrolab__hubble-1b-100b_toks-injectrange_75_100-hf,16,rougeL_f1,0.1090243693773125,0.0019089933464510112
gutenberg_unpopular,allegrolab__hubble-1b-100b_toks-injectrange_75_100-hf,16,rougeL_precision,0.08447634591541223,0.00223185776579825
gutenberg_unpopular,allegrolab__hubble-1b-100b_toks-injectrange_75_100-hf,16,rougeL_recall,0.1776549819081077,0.0028532417875872123
gutenberg_unpopular,allegrolab__hubble-1b-100b_toks-injectrange_75_100-hf,16,rougeL_f1_stemmed,0.11040806956410307,0.0019216704775120513
gutenberg_unpopular,allegrolab__hubble-1b-100b_toks-injectrange_75_100-hf,16,rougeL_precision_stemmed,0.08548569004619609,0.002236444192342679
gutenberg_unpopular,allegrolab__hubble-1b-100b_toks-injectrange_75_100-hf,16,rougeL_recall_stemmed,0.1800248013827021,0.0028932075688492894
gutenberg_unpopular,allegrolab__hubble-1b-100b_toks-injectrange_75_100-hf,16,exact_match_tokens,0.0,0.0
gutenberg_unpopular,allegrolab__hubble-1b-100b_toks-injectrange_75_100-hf,16,exact_match_tokens_s100,0.0,0.0
gutenberg_unpopular,allegrolab__hubble-1b-100b_toks-injectrange_75_100-hf,16,rougeL_f1_s100,0.16171302789401268,0.0023660123229634223
gutenberg_unpopular,allegrolab__hubble-1b-100b_toks-injectrange_75_100-hf,16,rougeL_recall_s100,0.16441965828118796,0.0024637527664878077
gutenberg_unpopular,allegrolab__hubble-1b-100b_toks-injectrange_75_100-hf,16,rougeL_precision_s100,0.161856809541214,0.0024760773728757565
gutenberg_unpopular,allegrolab__hubble-1b-100b_toks-injectrange_75_100-hf,64,rougeL_f1,0.8647988666901344,0.01572476235175715
gutenberg_unpopular,allegrolab__hubble-1b-100b_toks-injectrange_75_100-hf,64,rougeL_precision,0.8633660084709012,0.0160879987212339
gutenberg_unpopular,allegrolab__hubble-1b-100b_toks-injectrange_75_100-hf,64,rougeL_recall,0.8729632467130064,0.014842159998892282
gutenberg_unpopular,allegrolab__hubble-1b-100b_toks-injectrange_75_100-hf,64,rougeL_f1_stemmed,0.8652009596795811,0.015682224519307772
gutenberg_unpopular,allegrolab__hubble-1b-100b_toks-injectrange_75_100-hf,64,rougeL_precision_stemmed,0.8637288358159855,0.01604932890684653
gutenberg_unpopular,allegrolab__hubble-1b-100b_toks-injectrange_75_100-hf,64,rougeL_recall_stemmed,0.8734432153334187,0.014796420027310969
gutenberg_unpopular,allegrolab__hubble-1b-100b_toks-injectrange_75_100-hf,64,exact_match_tokens,0.7447552447552448,0.02582633432057085
gutenberg_unpopular,allegrolab__hubble-1b-100b_toks-injectrange_75_100-hf,64,exact_match_tokens_s100,0.7237762237762237,0.02648562679871649
gutenberg_unpopular,allegrolab__hubble-1b-100b_toks-injectrange_75_100-hf,64,rougeL_f1_s100,0.9130015604509936,0.012679121095332774
gutenberg_unpopular,allegrolab__hubble-1b-100b_toks-injectrange_75_100-hf,64,rougeL_recall_s100,0.9132613032002723,0.012575102293753311
gutenberg_unpopular,allegrolab__hubble-1b-100b_toks-injectrange_75_100-hf,64,rougeL_precision_s100,0.9136945729777203,0.012673821787155396
gutenberg_unpopular,allegrolab__hubble-1b-100b_toks-injectrange_75_100-hf,256,rougeL_f1,1.0,0.0
gutenberg_unpopular,allegrolab__hubble-1b-100b_toks-injectrange_75_100-hf,256,rougeL_precision,1.0,0.0
gutenberg_unpopular,allegrolab__hubble-1b-100b_toks-injectrange_75_100-hf,256,rougeL_recall,1.0,0.0
gutenberg_unpopular,allegrolab__hubble-1b-100b_toks-injectrange_75_100-hf,256,rougeL_f1_stemmed,1.0,0.0
gutenberg_unpopular,allegrolab__hubble-1b-100b_toks-injectrange_75_100-hf,256,rougeL_precision_stemmed,1.0,0.0
gutenberg_unpopular,allegrolab__hubble-1b-100b_toks-injectrange_75_100-hf,256,rougeL_recall_stemmed,1.0,0.0
gutenberg_unpopular,allegrolab__hubble-1b-100b_toks-injectrange_75_100-hf,256,exact_match_tokens,1.0,0.0
gutenberg_unpopular,allegrolab__hubble-1b-100b_toks-injectrange_75_100-hf,256,exact_match_tokens_s100,0.916083916083916,0.023267303840409186
gutenberg_unpopular,allegrolab__hubble-1b-100b_toks-injectrange_75_100-hf,256,rougeL_f1_s100,0.9994179375946913,0.00020052111404588455
gutenberg_unpopular,allegrolab__hubble-1b-100b_toks-injectrange_75_100-hf,256,rougeL_recall_s100,0.9988478329310229,0.00039640325870893116
gutenberg_unpopular,allegrolab__hubble-1b-100b_toks-injectrange_75_100-hf,256,rougeL_precision_s100,1.0,0.0
gutenberg_unpopular,allegrolab__hubble-1b-100b_toks-interference_copyright-hf,0,rougeL_f1,0.09569443972796741,0.0006448599483602427
gutenberg_unpopular,allegrolab__hubble-1b-100b_toks-interference_copyright-hf,0,rougeL_precision,0.0701603935815417,0.0005799107744851679
gutenberg_unpopular,allegrolab__hubble-1b-100b_toks-interference_copyright-hf,0,rougeL_recall,0.16356002970817674,0.0010863201550647527
gutenberg_unpopular,allegrolab__hubble-1b-100b_toks-interference_copyright-hf,0,rougeL_f1_stemmed,0.09689946984110032,0.0006530587219190541
gutenberg_unpopular,allegrolab__hubble-1b-100b_toks-interference_copyright-hf,0,rougeL_precision_stemmed,0.07106735120145112,0.000588484282359276
gutenberg_unpopular,allegrolab__hubble-1b-100b_toks-interference_copyright-hf,0,rougeL_recall_stemmed,0.1656514610019452,0.001103473982196442
gutenberg_unpopular,allegrolab__hubble-1b-100b_toks-interference_copyright-hf,0,exact_match_tokens,0.0,0.0
gutenberg_unpopular,allegrolab__hubble-1b-100b_toks-interference_copyright-hf,0,exact_match_tokens_s100,0.0,0.0
gutenberg_unpopular,allegrolab__hubble-1b-100b_toks-interference_copyright-hf,0,rougeL_f1_s100,0.14981354134479544,0.0008760645221169237
gutenberg_unpopular,allegrolab__hubble-1b-100b_toks-interference_copyright-hf,0,rougeL_recall_s100,0.15270661580525602,0.0009147372219985821
gutenberg_unpopular,allegrolab__hubble-1b-100b_toks-interference_copyright-hf,0,rougeL_precision_s100,0.148932792903636,0.0008918948251198432
gutenberg_unpopular,allegrolab__hubble-1b-100b_toks-interference_copyright-hf,1,rougeL_f1,0.09513413759131958,0.0011306376973680234
gutenberg_unpopular,allegrolab__hubble-1b-100b_toks-interference_copyright-hf,1,rougeL_precision,0.06964253505010623,0.001000575574917205
gutenberg_unpopular,allegrolab__hubble-1b-100b_toks-interference_copyright-hf,1,rougeL_recall,0.16295814598941355,0.001900536708219509
gutenberg_unpopular,allegrolab__hubble-1b-100b_toks-interference_copyright-hf,1,rougeL_f1_stemmed,0.09646583179800433,0.001142359528769547
gutenberg_unpopular,allegrolab__hubble-1b-100b_toks-interference_copyright-hf,1,rougeL_precision_stemmed,0.07061410204554602,0.0010089785564462998
gutenberg_unpopular,allegrolab__hubble-1b-100b_toks-interference_copyright-hf,1,rougeL_recall_stemmed,0.16524070812046712,0.0019247900561534476
gutenberg_unpopular,allegrolab__hubble-1b-100b_toks-interference_copyright-hf,1,exact_match_tokens,0.0,0.0
gutenberg_unpopular,allegrolab__hubble-1b-100b_toks-interference_copyright-hf,1,exact_match_tokens_s100,0.0,0.0
gutenberg_unpopular,allegrolab__hubble-1b-100b_toks-interference_copyright-hf,1,rougeL_f1_s100,0.15104182810619227,0.0015894946120206925
gutenberg_unpopular,allegrolab__hubble-1b-100b_toks-interference_copyright-hf,1,rougeL_recall_s100,0.1536831174934953,0.0016276717567675217
gutenberg_unpopular,allegrolab__hubble-1b-100b_toks-interference_copyright-hf,1,rougeL_precision_s100,0.15040275869625974,0.0016374505305964545
gutenberg_unpopular,allegrolab__hubble-1b-100b_toks-interference_copyright-hf,4,rougeL_f1,0.09326225582162916,0.0010848176083540159
gutenberg_unpopular,allegrolab__hubble-1b-100b_toks-interference_copyright-hf,4,rougeL_precision,0.06788707640613553,0.0009633940905979006
gutenberg_unpopular,allegrolab__hubble-1b-100b_toks-interference_copyright-hf,4,rougeL_recall,0.16059755945429752,0.0018419048165716117
gutenberg_unpopular,allegrolab__hubble-1b-100b_toks-interference_copyright-hf,4,rougeL_f1_stemmed,0.09442904579191842,0.0010949317249484513
gutenberg_unpopular,allegrolab__hubble-1b-100b_toks-interference_copyright-hf,4,rougeL_precision_stemmed,0.06873460884875597,0.0009707226576871219
gutenberg_unpopular,allegrolab__hubble-1b-100b_toks-interference_copyright-hf,4,rougeL_recall_stemmed,0.16260592413803554,0.0018622696255050006
gutenberg_unpopular,allegrolab__hubble-1b-100b_toks-interference_copyright-hf,4,exact_match_tokens,0.0,0.0
gutenberg_unpopular,allegrolab__hubble-1b-100b_toks-interference_copyright-hf,4,exact_match_tokens_s100,0.0,0.0
gutenberg_unpopular,allegrolab__hubble-1b-100b_toks-interference_copyright-hf,4,rougeL_f1_s100,0.1483063595684997,0.0015452608690204577
gutenberg_unpopular,allegrolab__hubble-1b-100b_toks-interference_copyright-hf,4,rougeL_recall_s100,0.15092123097323198,0.0015941940970967741
gutenberg_unpopular,allegrolab__hubble-1b-100b_toks-interference_copyright-hf,4,rougeL_precision_s100,0.14773463964094943,0.0015753264348620716
gutenberg_unpopular,allegrolab__hubble-1b-100b_toks-interference_copyright-hf,16,rougeL_f1,0.09773799563325732,0.0019053253819754055
gutenberg_unpopular,allegrolab__hubble-1b-100b_toks-interference_copyright-hf,16,rougeL_precision,0.07234168657593879,0.0017800680388150693
gutenberg_unpopular,allegrolab__hubble-1b-100b_toks-interference_copyright-hf,16,rougeL_recall,0.16528519000301056,0.002779998788814349
gutenberg_unpopular,allegrolab__hubble-1b-100b_toks-interference_copyright-hf,16,rougeL_f1_stemmed,0.09894017767167006,0.0019178349465795144
gutenberg_unpopular,allegrolab__hubble-1b-100b_toks-interference_copyright-hf,16,rougeL_precision_stemmed,0.07320262474073655,0.001786905557929827
gutenberg_unpopular,allegrolab__hubble-1b-100b_toks-interference_copyright-hf,16,rougeL_recall_stemmed,0.16739598952827697,0.002812350246533347
gutenberg_unpopular,allegrolab__hubble-1b-100b_toks-interference_copyright-hf,16,exact_match_tokens,0.0,0.0
gutenberg_unpopular,allegrolab__hubble-1b-100b_toks-interference_copyright-hf,16,exact_match_tokens_s100,0.0,0.0
gutenberg_unpopular,allegrolab__hubble-1b-100b_toks-interference_copyright-hf,16,rougeL_f1_s100,0.1546175143293576,0.002316443959620791
gutenberg_unpopular,allegrolab__hubble-1b-100b_toks-interference_copyright-hf,16,rougeL_recall_s100,0.1573571827563784,0.0023939887066348683
gutenberg_unpopular,allegrolab__hubble-1b-100b_toks-interference_copyright-hf,16,rougeL_precision_s100,0.15407383384414441,0.0023785254918719956
gutenberg_unpopular,allegrolab__hubble-1b-100b_toks-interference_copyright-hf,64,rougeL_f1,0.1771264325771839,0.009729681576466385
gutenberg_unpopular,allegrolab__hubble-1b-100b_toks-interference_copyright-hf,64,rougeL_precision,0.16738515085300426,0.01031108596986589
gutenberg_unpopular,allegrolab__hubble-1b-100b_toks-interference_copyright-hf,64,rougeL_recall,0.21166108700946734,0.009562085835316661
gutenberg_unpopular,allegrolab__hubble-1b-100b_toks-interference_copyright-hf,64,rougeL_f1_stemmed,0.17853787489278744,0.009719658165503024
gutenberg_unpopular,allegrolab__hubble-1b-100b_toks-interference_copyright-hf,64,rougeL_precision_stemmed,0.16882399209280916,0.010333134449757352
gutenberg_unpopular,allegrolab__hubble-1b-100b_toks-interference_copyright-hf,64,rougeL_recall_stemmed,0.21343328403443962,0.009556549710803337
gutenberg_unpopular,allegrolab__hubble-1b-100b_toks-interference_copyright-hf,64,exact_match_tokens,0.024475524475524476,0.009152983058395327
gutenberg_unpopular,allegrolab__hubble-1b-100b_toks-interference_copyright-hf,64,exact_match_tokens_s100,0.03146853146853147,0.010341241398849677
gutenberg_unpopular,allegrolab__hubble-1b-100b_toks-interference_copyright-hf,64,rougeL_f1_s100,0.23271243775598965,0.011665939636920909
gutenberg_unpopular,allegrolab__hubble-1b-100b_toks-interference_copyright-hf,64,rougeL_recall_s100,0.23334276876505095,0.011661409702664645
gutenberg_unpopular,allegrolab__hubble-1b-100b_toks-interference_copyright-hf,64,rougeL_precision_s100,0.23550889434827385,0.011822244619076987
gutenberg_unpopular,allegrolab__hubble-1b-100b_toks-interference_copyright-hf,256,rougeL_f1,0.9899033703674718,0.006513779798770506
gutenberg_unpopular,allegrolab__hubble-1b-100b_toks-interference_copyright-hf,256,rougeL_precision,0.9906720183562304,0.006425609952846111
gutenberg_unpopular,allegrolab__hubble-1b-100b_toks-interference_copyright-hf,256,rougeL_recall,0.989200540566473,0.00662236571642954
gutenberg_unpopular,allegrolab__hubble-1b-100b_toks-interference_copyright-hf,256,rougeL_f1_stemmed,0.9899033703674718,0.006513779798770506
gutenberg_unpopular,allegrolab__hubble-1b-100b_toks-interference_copyright-hf,256,rougeL_precision_stemmed,0.9906720183562304,0.006425609952846111
gutenberg_unpopular,allegrolab__hubble-1b-100b_toks-interference_copyright-hf,256,rougeL_recall_stemmed,0.989200540566473,0.00662236571642954
gutenberg_unpopular,allegrolab__hubble-1b-100b_toks-interference_copyright-hf,256,exact_match_tokens,0.951048951048951,0.018106656576456995
gutenberg_unpopular,allegrolab__hubble-1b-100b_toks-interference_copyright-hf,256,exact_match_tokens_s100,0.9090909090909091,0.024124767837921595
gutenberg_unpopular,allegrolab__hubble-1b-100b_toks-interference_copyright-hf,256,rougeL_f1_s100,0.9933496257412557,0.006067525778324743
gutenberg_unpopular,allegrolab__hubble-1b-100b_toks-interference_copyright-hf,256,rougeL_recall_s100,0.9929517682114287,0.00590127402524798
gutenberg_unpopular,allegrolab__hubble-1b-100b_toks-interference_copyright-hf,256,rougeL_precision_s100,0.993806193806194,0.006193806193806193
gutenberg_unpopular,allegrolab__hubble-1b-100b_toks-interference_privacy-hf,0,rougeL_f1,0.08982261349940217,0.000616502097443937
gutenberg_unpopular,allegrolab__hubble-1b-100b_toks-interference_privacy-hf,0,rougeL_precision,0.06344248654564871,0.0005231595855843016
gutenberg_unpopular,allegrolab__hubble-1b-100b_toks-interference_privacy-hf,0,rougeL_recall,0.1605465529737013,0.0011213580666105886
gutenberg_unpopular,allegrolab__hubble-1b-100b_toks-interference_privacy-hf,0,rougeL_f1_stemmed,0.09095014736937407,0.0006246313412981617
gutenberg_unpopular,allegrolab__hubble-1b-100b_toks-interference_privacy-hf,0,rougeL_precision_stemmed,0.06422825869460319,0.0005275880475154133
gutenberg_unpopular,allegrolab__hubble-1b-100b_toks-interference_privacy-hf,0,rougeL_recall_stemmed,0.16259156970615496,0.0011379625673552031
gutenberg_unpopular,allegrolab__hubble-1b-100b_toks-interference_privacy-hf,0,exact_match_tokens,0.0,0.0
gutenberg_unpopular,allegrolab__hubble-1b-100b_toks-interference_privacy-hf,0,exact_match_tokens_s100,0.0,0.0
gutenberg_unpopular,allegrolab__hubble-1b-100b_toks-interference_privacy-hf,0,rougeL_f1_s100,0.1480869403429869,0.0009244195770666261
gutenberg_unpopular,allegrolab__hubble-1b-100b_toks-interference_privacy-hf,0,rougeL_recall_s100,0.15189136572706055,0.0009614412265292635
gutenberg_unpopular,allegrolab__hubble-1b-100b_toks-interference_privacy-hf,0,rougeL_precision_s100,0.14633083330854363,0.0009501699022733244
gutenberg_unpopular,allegrolab__hubble-1b-100b_toks-interference_privacy-hf,1,rougeL_f1,0.0903946180150299,0.0010398387487036231
gutenberg_unpopular,allegrolab__hubble-1b-100b_toks-interference_privacy-hf,1,rougeL_precision,0.06454921186122513,0.0010328665523402986
gutenberg_unpopular,allegrolab__hubble-1b-100b_toks-interference_privacy-hf,1,rougeL_recall,0.16122702719306126,0.0019079352764501856
gutenberg_unpopular,allegrolab__hubble-1b-100b_toks-interference_privacy-hf,1,rougeL_f1_stemmed,0.09150586935855477,0.0010537256832733627
gutenberg_unpopular,allegrolab__hubble-1b-100b_toks-interference_privacy-hf,1,rougeL_precision_stemmed,0.06538599221911247,0.0010537657300193205
gutenberg_unpopular,allegrolab__hubble-1b-100b_toks-interference_privacy-hf,1,rougeL_recall_stemmed,0.16321873718682323,0.001937209067694334
gutenberg_unpopular,allegrolab__hubble-1b-100b_toks-interference_privacy-hf,1,exact_match_tokens,0.0,0.0
gutenberg_unpopular,allegrolab__hubble-1b-100b_toks-interference_privacy-hf,1,exact_match_tokens_s100,0.0,0.0
gutenberg_unpopular,allegrolab__hubble-1b-100b_toks-interference_privacy-hf,1,rougeL_f1_s100,0.14999449388393635,0.0015997784127895647
gutenberg_unpopular,allegrolab__hubble-1b-100b_toks-interference_privacy-hf,1,rougeL_recall_s100,0.1535264081414327,0.0016457185009426023
gutenberg_unpopular,allegrolab__hubble-1b-100b_toks-interference_privacy-hf,1,rougeL_precision_s100,0.14890650190930213,0.0017273458920033847
gutenberg_unpopular,allegrolab__hubble-1b-100b_toks-interference_privacy-hf,4,rougeL_f1,0.08861151260323236,0.001090050065600091
gutenberg_unpopular,allegrolab__hubble-1b-100b_toks-interference_privacy-hf,4,rougeL_precision,0.06309878740496015,0.0010457171518895396
gutenberg_unpopular,allegrolab__hubble-1b-100b_toks-interference_privacy-hf,4,rougeL_recall,0.15795372564958257,0.0019206908062458876
gutenberg_unpopular,allegrolab__hubble-1b-100b_toks-interference_privacy-hf,4,rougeL_f1_stemmed,0.08970590160282672,0.001099532697047614
gutenberg_unpopular,allegrolab__hubble-1b-100b_toks-interference_privacy-hf,4,rougeL_precision_stemmed,0.06386225778374628,0.0010499527390989045
gutenberg_unpopular,allegrolab__hubble-1b-100b_toks-interference_privacy-hf,4,rougeL_recall_stemmed,0.15994189172718054,0.0019423021297803969
gutenberg_unpopular,allegrolab__hubble-1b-100b_toks-interference_privacy-hf,4,exact_match_tokens,0.0,0.0
gutenberg_unpopular,allegrolab__hubble-1b-100b_toks-interference_privacy-hf,4,exact_match_tokens_s100,0.0,0.0
gutenberg_unpopular,allegrolab__hubble-1b-100b_toks-interference_privacy-hf,4,rougeL_f1_s100,0.14641484433376784,0.0016135176549078336
gutenberg_unpopular,allegrolab__hubble-1b-100b_toks-interference_privacy-hf,4,rougeL_recall_s100,0.1498372035532645,0.0016643106733760283
gutenberg_unpopular,allegrolab__hubble-1b-100b_toks-interference_privacy-hf,4,rougeL_precision_s100,0.14542568668624395,0.0017050630271488636
gutenberg_unpopular,allegrolab__hubble-1b-100b_toks-interference_privacy-hf,16,rougeL_f1,0.09212223426140166,0.0017679449656392606
gutenberg_unpopular,allegrolab__hubble-1b-100b_toks-interference_privacy-hf,16,rougeL_precision,0.06525391057509307,0.0014325097849495452
gutenberg_unpopular,allegrolab__hubble-1b-100b_toks-interference_privacy-hf,16,rougeL_recall,0.16318650555176945,0.00283350270032361
gutenberg_unpopular,allegrolab__hubble-1b-100b_toks-interference_privacy-hf,16,rougeL_f1_stemmed,0.09322429893098265,0.0017842212677002124
gutenberg_unpopular,allegrolab__hubble-1b-100b_toks-interference_privacy-hf,16,rougeL_precision_stemmed,0.06602165945242311,0.001441843303013643
gutenberg_unpopular,allegrolab__hubble-1b-100b_toks-interference_privacy-hf,16,rougeL_recall_stemmed,0.16518123310780097,0.002869632722279226
gutenberg_unpopular,allegrolab__hubble-1b-100b_toks-interference_privacy-hf,16,exact_match_tokens,0.0,0.0
gutenberg_unpopular,allegrolab__hubble-1b-100b_toks-interference_privacy-hf,16,exact_match_tokens_s100,0.0,0.0
gutenberg_unpopular,allegrolab__hubble-1b-100b_toks-interference_privacy-hf,16,rougeL_f1_s100,0.14876032988930182,0.0023722113746293123
gutenberg_unpopular,allegrolab__hubble-1b-100b_toks-interference_privacy-hf,16,rougeL_recall_s100,0.1525402666677286,0.0024684472416668284
gutenberg_unpopular,allegrolab__hubble-1b-100b_toks-interference_privacy-hf,16,rougeL_precision_s100,0.1467924799744977,0.0023607126362262055
gutenberg_unpopular,allegrolab__hubble-1b-100b_toks-interference_privacy-hf,64,rougeL_f1,0.08818433038631693,0.002067084162135078
gutenberg_unpopular,allegrolab__hubble-1b-100b_toks-interference_privacy-hf,64,rougeL_precision,0.061805302251285346,0.0014821963987158915
gutenberg_unpopular,allegrolab__hubble-1b-100b_toks-interference_privacy-hf,64,rougeL_recall,0.15837274462388612,0.0038243304711085674
gutenberg_unpopular,allegrolab__hubble-1b-100b_toks-interference_privacy-hf,64,rougeL_f1_stemmed,0.08951358960522825,0.002113465567260727
gutenberg_unpopular,allegrolab__hubble-1b-100b_toks-interference_privacy-hf,64,rougeL_precision_stemmed,0.06274176804676003,0.0015180392482467492
gutenberg_unpopular,allegrolab__hubble-1b-100b_toks-interference_privacy-hf,64,rougeL_recall_stemmed,0.1607725683129737,0.0038958789337458053
gutenberg_unpopular,allegrolab__hubble-1b-100b_toks-interference_privacy-hf,64,exact_match_tokens,0.0,0.0
gutenberg_unpopular,allegrolab__hubble-1b-100b_toks-interference_privacy-hf,64,exact_match_tokens_s100,0.0,0.0
gutenberg_unpopular,allegrolab__hubble-1b-100b_toks-interference_privacy-hf,64,rougeL_f1_s100,0.14605946330105796,0.0031324842887863963
gutenberg_unpopular,allegrolab__hubble-1b-100b_toks-interference_privacy-hf,64,rougeL_recall_s100,0.15038986553991845,0.0032856902098256867
gutenberg_unpopular,allegrolab__hubble-1b-100b_toks-interference_privacy-hf,64,rougeL_precision_s100,0.14384395290863203,0.003159917881232943
gutenberg_unpopular,allegrolab__hubble-1b-100b_toks-interference_privacy-hf,256,rougeL_f1,0.09578350861019355,0.004220449548252839
gutenberg_unpopular,allegrolab__hubble-1b-100b_toks-interference_privacy-hf,256,rougeL_precision,0.06777129498469395,0.0032499511892514267
gutenberg_unpopular,allegrolab__hubble-1b-100b_toks-interference_privacy-hf,256,rougeL_recall,0.16795595699626348,0.006653595648957463
gutenberg_unpopular,allegrolab__hubble-1b-100b_toks-interference_privacy-hf,256,rougeL_f1_stemmed,0.09665893759529222,0.004250696245260353
gutenberg_unpopular,allegrolab__hubble-1b-100b_toks-interference_privacy-hf,256,rougeL_precision_stemmed,0.06838063167882266,0.00326871048933893
gutenberg_unpopular,allegrolab__hubble-1b-100b_toks-interference_privacy-hf,256,rougeL_recall_stemmed,0.16954959114778903,0.0067278101812857085
gutenberg_unpopular,allegrolab__hubble-1b-100b_toks-interference_privacy-hf,256,exact_match_tokens,0.0,0.0
gutenberg_unpopular,allegrolab__hubble-1b-100b_toks-interference_privacy-hf,256,exact_match_tokens_s100,0.0,0.0
gutenberg_unpopular,allegrolab__hubble-1b-100b_toks-interference_privacy-hf,256,rougeL_f1_s100,0.15438060564825792,0.005435487337472142
gutenberg_unpopular,allegrolab__hubble-1b-100b_toks-interference_privacy-hf,256,rougeL_recall_s100,0.1575395892950937,0.005511683895049971
gutenberg_unpopular,allegrolab__hubble-1b-100b_toks-interference_privacy-hf,256,rougeL_precision_s100,0.15265215247219543,0.005456792364635954
gutenberg_unpopular,allegrolab__hubble-1b-100b_toks-interference_testset-hf,0,rougeL_f1,0.08985341515236399,0.0006249148930364344
gutenberg_unpopular,allegrolab__hubble-1b-100b_toks-interference_testset-hf,0,rougeL_precision,0.06347077532884965,0.0005203461791412617
gutenberg_unpopular,allegrolab__hubble-1b-100b_toks-interference_testset-hf,0,rougeL_recall,0.16059916445843325,0.001127257220640864
gutenberg_unpopular,allegrolab__hubble-1b-100b_toks-interference_testset-hf,0,rougeL_f1_stemmed,0.09103515303548629,0.0006333529195234796
gutenberg_unpopular,allegrolab__hubble-1b-100b_toks-interference_testset-hf,0,rougeL_precision_stemmed,0.06434400982149131,0.0005354131111627217
gutenberg_unpopular,allegrolab__hubble-1b-100b_toks-interference_testset-hf,0,rougeL_recall_stemmed,0.16273156620079512,0.0011449456915129253
gutenberg_unpopular,allegrolab__hubble-1b-100b_toks-interference_testset-hf,0,exact_match_tokens,0.0,0.0
gutenberg_unpopular,allegrolab__hubble-1b-100b_toks-interference_testset-hf,0,exact_match_tokens_s100,0.0,0.0
gutenberg_unpopular,allegrolab__hubble-1b-100b_toks-interference_testset-hf,0,rougeL_f1_s100,0.14813832080314973,0.0009365647332821659
gutenberg_unpopular,allegrolab__hubble-1b-100b_toks-interference_testset-hf,0,rougeL_recall_s100,0.1517646064365199,0.0009707921047947567
gutenberg_unpopular,allegrolab__hubble-1b-100b_toks-interference_testset-hf,0,rougeL_precision_s100,0.1465534015187384,0.0009679621709776767
gutenberg_unpopular,allegrolab__hubble-1b-100b_toks-interference_testset-hf,1,rougeL_f1,0.09048961603926074,0.0010554920627686881
gutenberg_unpopular,allegrolab__hubble-1b-100b_toks-interference_testset-hf,1,rougeL_precision,0.06389934783001743,0.0008074474037742862
gutenberg_unpopular,allegrolab__hubble-1b-100b_toks-interference_testset-hf,1,rougeL_recall,0.16128559146178886,0.0018813004712182585
gutenberg_unpopular,allegrolab__hubble-1b-100b_toks-interference_testset-hf,1,rougeL_f1_stemmed,0.09175296155967365,0.0010712370530250427
gutenberg_unpopular,allegrolab__hubble-1b-100b_toks-interference_testset-hf,1,rougeL_precision_stemmed,0.06478813486987638,0.0008171681702090161
gutenberg_unpopular,allegrolab__hubble-1b-100b_toks-interference_testset-hf,1,rougeL_recall_stemmed,0.16356616069623592,0.001915106070720741
gutenberg_unpopular,allegrolab__hubble-1b-100b_toks-interference_testset-hf,1,exact_match_tokens,0.0,0.0
gutenberg_unpopular,allegrolab__hubble-1b-100b_toks-interference_testset-hf,1,exact_match_tokens_s100,0.0,0.0
gutenberg_unpopular,allegrolab__hubble-1b-100b_toks-interference_testset-hf,1,rougeL_f1_s100,0.14967431830338715,0.0016078760438774002
gutenberg_unpopular,allegrolab__hubble-1b-100b_toks-interference_testset-hf,1,rougeL_recall_s100,0.15333063093212013,0.0016425603687451142
gutenberg_unpopular,allegrolab__hubble-1b-100b_toks-interference_testset-hf,1,rougeL_precision_s100,0.1480573276511281,0.0016475418131032377
gutenberg_unpopular,allegrolab__hubble-1b-100b_toks-interference_testset-hf,4,rougeL_f1,0.08806950605496064,0.0010636900091427846
gutenberg_unpopular,allegrolab__hubble-1b-100b_toks-interference_testset-hf,4,rougeL_precision,0.062034057034280755,0.0007968152838148608
gutenberg_unpopular,allegrolab__hubble-1b-100b_toks-interference_testset-hf,4,rougeL_recall,0.15737261839166275,0.001890302177860595
gutenberg_unpopular,allegrolab__hubble-1b-100b_toks-interference_testset-hf,4,rougeL_f1_stemmed,0.08918051307201068,0.0010744260744142752
gutenberg_unpopular,allegrolab__hubble-1b-100b_toks-interference_testset-hf,4,rougeL_precision_stemmed,0.06281015737905653,0.0008038113164879696
gutenberg_unpopular,allegrolab__hubble-1b-100b_toks-interference_testset-hf,4,rougeL_recall_stemmed,0.15939724393051577,0.0019156822692589584
gutenberg_unpopular,allegrolab__hubble-1b-100b_toks-interference_testset-hf,4,exact_match_tokens,0.0,0.0
gutenberg_unpopular,allegrolab__hubble-1b-100b_toks-interference_testset-hf,4,exact_match_tokens_s100,0.0,0.0
gutenberg_unpopular,allegrolab__hubble-1b-100b_toks-interference_testset-hf,4,rougeL_f1_s100,0.14673483976919904,0.0016042132040747495
gutenberg_unpopular,allegrolab__hubble-1b-100b_toks-interference_testset-hf,4,rougeL_recall_s100,0.1506899069634654,0.0016647416768038783
gutenberg_unpopular,allegrolab__hubble-1b-100b_toks-interference_testset-hf,4,rougeL_precision_s100,0.14471025418420058,0.0016140950831763825
gutenberg_unpopular,allegrolab__hubble-1b-100b_toks-interference_testset-hf,16,rougeL_f1,0.09474989368204116,0.0017697305660518857
gutenberg_unpopular,allegrolab__hubble-1b-100b_toks-interference_testset-hf,16,rougeL_precision,0.06726094159099567,0.0014318865923724135
gutenberg_unpopular,allegrolab__hubble-1b-100b_toks-interference_testset-hf,16,rougeL_recall,0.16692647895307386,0.0027495432654161623
gutenberg_unpopular,allegrolab__hubble-1b-100b_toks-interference_testset-hf,16,rougeL_f1_stemmed,0.09582662497456074,0.001780442906713768
gutenberg_unpopular,allegrolab__hubble-1b-100b_toks-interference_testset-hf,16,rougeL_precision_stemmed,0.06801361767074855,0.0014377858762251738
gutenberg_unpopular,allegrolab__hubble-1b-100b_toks-interference_testset-hf,16,rougeL_recall_stemmed,0.16887208265576173,0.0027765694596540947
gutenberg_unpopular,allegrolab__hubble-1b-100b_toks-interference_testset-hf,16,exact_match_tokens,0.0,0.0
gutenberg_unpopular,allegrolab__hubble-1b-100b_toks-interference_testset-hf,16,exact_match_tokens_s100,0.0,0.0
gutenberg_unpopular,allegrolab__hubble-1b-100b_toks-interference_testset-hf,16,rougeL_f1_s100,0.15604238261439343,0.0024154953832923065
gutenberg_unpopular,allegrolab__hubble-1b-100b_toks-interference_testset-hf,16,rougeL_recall_s100,0.1596557900287099,0.0024686070345918505
gutenberg_unpopular,allegrolab__hubble-1b-100b_toks-interference_testset-hf,16,rougeL_precision_s100,0.15437760526876265,0.0024584987408209835
gutenberg_unpopular,allegrolab__hubble-1b-100b_toks-interference_testset-hf,64,rougeL_f1,0.09193337936988961,0.002057438541580324
gutenberg_unpopular,allegrolab__hubble-1b-100b_toks-interference_testset-hf,64,rougeL_precision,0.064890330933408,0.001531785805188864
gutenberg_unpopular,allegrolab__hubble-1b-100b_toks-interference_testset-hf,64,rougeL_recall,0.1636347974522113,0.0036799750278155388
gutenberg_unpopular,allegrolab__hubble-1b-100b_toks-interference_testset-hf,64,rougeL_f1_stemmed,0.0933369169142817,0.0020868924028241893
gutenberg_unpopular,allegrolab__hubble-1b-100b_toks-interference_testset-hf,64,rougeL_precision_stemmed,0.06588137687523385,0.0015533947164806485
gutenberg_unpopular,allegrolab__hubble-1b-100b_toks-interference_testset-hf,64,rougeL_recall_stemmed,0.1661014815322308,0.0037251796684842917
gutenberg_unpopular,allegrolab__hubble-1b-100b_toks-interference_testset-hf,64,exact_match_tokens,0.0,0.0
gutenberg_unpopular,allegrolab__hubble-1b-100b_toks-interference_testset-hf,64,exact_match_tokens_s100,0.0,0.0
gutenberg_unpopular,allegrolab__hubble-1b-100b_toks-interference_testset-hf,64,rougeL_f1_s100,0.153994691121982,0.0035079041910306267
gutenberg_unpopular,allegrolab__hubble-1b-100b_toks-interference_testset-hf,64,rougeL_recall_s100,0.15808430299352652,0.0036288021961705455
gutenberg_unpopular,allegrolab__hubble-1b-100b_toks-interference_testset-hf,64,rougeL_precision_s100,0.1521792067144019,0.0035867825109937223
gutenberg_unpopular,allegrolab__hubble-1b-100b_toks-interference_testset-hf,256,rougeL_f1,0.0950794506598989,0.004300286914549769
gutenberg_unpopular,allegrolab__hubble-1b-100b_toks-interference_testset-hf,256,rougeL_precision,0.06968970754622524,0.0041208187539165725
gutenberg_unpopular,allegrolab__hubble-1b-100b_toks-interference_testset-hf,256,rougeL_recall,0.16747003330992982,0.006794341431976488
gutenberg_unpopular,allegrolab__hubble-1b-100b_toks-interference_testset-hf,256,rougeL_f1_stemmed,0.09618900472635916,0.004358281707027212
gutenberg_unpopular,allegrolab__hubble-1b-100b_toks-interference_testset-hf,256,rougeL_precision_stemmed,0.07047414455412508,0.004149161927154886
gutenberg_unpopular,allegrolab__hubble-1b-100b_toks-interference_testset-hf,256,rougeL_recall_stemmed,0.16941937497324666,0.006907772741759749
gutenberg_unpopular,allegrolab__hubble-1b-100b_toks-interference_testset-hf,256,exact_match_tokens,0.0,0.0
gutenberg_unpopular,allegrolab__hubble-1b-100b_toks-interference_testset-hf,256,exact_match_tokens_s100,0.0,0.0
gutenberg_unpopular,allegrolab__hubble-1b-100b_toks-interference_testset-hf,256,rougeL_f1_s100,0.15455950577331484,0.00554870562515722
gutenberg_unpopular,allegrolab__hubble-1b-100b_toks-interference_testset-hf,256,rougeL_recall_s100,0.15860550038387952,0.0056538206273752944
gutenberg_unpopular,allegrolab__hubble-1b-100b_toks-interference_testset-hf,256,rougeL_precision_s100,0.1530111832221705,0.0056225307992347415
gutenberg_unpopular,allegrolab__hubble-1b-100b_toks-paraphrased-perturbed-hf,0,rougeL_f1,0.0976517653689015,0.0006775495106941694
gutenberg_unpopular,allegrolab__hubble-1b-100b_toks-paraphrased-perturbed-hf,0,rougeL_precision,0.07272504463719652,0.0006299513002940485
gutenberg_unpopular,allegrolab__hubble-1b-100b_toks-paraphrased-perturbed-hf,0,rougeL_recall,0.16340725670555437,0.0010970369275455248
gutenberg_unpopular,allegrolab__hubble-1b-100b_toks-paraphrased-perturbed-hf,0,rougeL_f1_stemmed,0.09879538203141154,0.0006843015608991342
gutenberg_unpopular,allegrolab__hubble-1b-100b_toks-paraphrased-perturbed-hf,0,rougeL_precision_stemmed,0.07355323403690621,0.000634570485989362
gutenberg_unpopular,allegrolab__hubble-1b-100b_toks-paraphrased-perturbed-hf,0,rougeL_recall_stemmed,0.1653892374699635,0.0011121191217640638
gutenberg_unpopular,allegrolab__hubble-1b-100b_toks-paraphrased-perturbed-hf,0,exact_match_tokens,0.0,0.0
gutenberg_unpopular,allegrolab__hubble-1b-100b_toks-paraphrased-perturbed-hf,0,exact_match_tokens_s100,0.0,0.0
gutenberg_unpopular,allegrolab__hubble-1b-100b_toks-paraphrased-perturbed-hf,0,rougeL_f1_s100,0.15038431223627102,0.0009065656206728195
gutenberg_unpopular,allegrolab__hubble-1b-100b_toks-paraphrased-perturbed-hf,0,rougeL_recall_s100,0.1526957559281615,0.00094248950427678
gutenberg_unpopular,allegrolab__hubble-1b-100b_toks-paraphrased-perturbed-hf,0,rougeL_precision_s100,0.1501096435442,0.0009202066548460099
gutenberg_unpopular,allegrolab__hubble-1b-100b_toks-paraphrased-perturbed-hf,1,rougeL_f1,0.09810896720959762,0.001140132366130463
gutenberg_unpopular,allegrolab__hubble-1b-100b_toks-paraphrased-perturbed-hf,1,rougeL_precision,0.071899063351779,0.0009868620563277925
gutenberg_unpopular,allegrolab__hubble-1b-100b_toks-paraphrased-perturbed-hf,1,rougeL_recall,0.16671741582401817,0.001936545718629413
gutenberg_unpopular,allegrolab__hubble-1b-100b_toks-paraphrased-perturbed-hf,1,rougeL_f1_stemmed,0.0993637052622756,0.001153166460858718
gutenberg_unpopular,allegrolab__hubble-1b-100b_toks-paraphrased-perturbed-hf,1,rougeL_precision_stemmed,0.072804526888739,0.00099542117277687
gutenberg_unpopular,allegrolab__hubble-1b-100b_toks-paraphrased-perturbed-hf,1,rougeL_recall_stemmed,0.16889970323702416,0.0019655960737942377
gutenberg_unpopular,allegrolab__hubble-1b-100b_toks-paraphrased-perturbed-hf,1,exact_match_tokens,0.0,0.0
gutenberg_unpopular,allegrolab__hubble-1b-100b_toks-paraphrased-perturbed-hf,1,exact_match_tokens_s100,0.0,0.0
gutenberg_unpopular,allegrolab__hubble-1b-100b_toks-paraphrased-perturbed-hf,1,rougeL_f1_s100,0.15291674486575021,0.0015924043879021485
gutenberg_unpopular,allegrolab__hubble-1b-100b_toks-paraphrased-perturbed-hf,1,rougeL_recall_s100,0.15531902018097318,0.0016313994306759846
gutenberg_unpopular,allegrolab__hubble-1b-100b_toks-paraphrased-perturbed-hf,1,rougeL_precision_s100,0.1525052082191328,0.0016233558444712086
gutenberg_unpopular,allegrolab__hubble-1b-100b_toks-paraphrased-perturbed-hf,4,rougeL_f1,0.0944945543124847,0.001079926249670468
gutenberg_unpopular,allegrolab__hubble-1b-100b_toks-paraphrased-perturbed-hf,4,rougeL_precision,0.06870477683466644,0.0009052971508067085
gutenberg_unpopular,allegrolab__hubble-1b-100b_toks-paraphrased-perturbed-hf,4,rougeL_recall,0.1620997046601748,0.0018321407341757696
gutenberg_unpopular,allegrolab__hubble-1b-100b_toks-paraphrased-perturbed-hf,4,rougeL_f1_stemmed,0.09565623564971207,0.0010924038189092993
gutenberg_unpopular,allegrolab__hubble-1b-100b_toks-paraphrased-perturbed-hf,4,rougeL_precision_stemmed,0.06953950196311635,0.0009148003863518416
gutenberg_unpopular,allegrolab__hubble-1b-100b_toks-paraphrased-perturbed-hf,4,rougeL_recall_stemmed,0.16412180075178898,0.001856229951972774
gutenberg_unpopular,allegrolab__hubble-1b-100b_toks-paraphrased-perturbed-hf,4,exact_match_tokens,0.0,0.0
gutenberg_unpopular,allegrolab__hubble-1b-100b_toks-paraphrased-perturbed-hf,4,exact_match_tokens_s100,0.0,0.0
gutenberg_unpopular,allegrolab__hubble-1b-100b_toks-paraphrased-perturbed-hf,4,rougeL_f1_s100,0.1484427543146089,0.0015235457009565678
gutenberg_unpopular,allegrolab__hubble-1b-100b_toks-paraphrased-perturbed-hf,4,rougeL_recall_s100,0.151216222234886,0.0015835132696894857
gutenberg_unpopular,allegrolab__hubble-1b-100b_toks-paraphrased-perturbed-hf,4,rougeL_precision_s100,0.14757765968809566,0.0015387876691368818
gutenberg_unpopular,allegrolab__hubble-1b-100b_toks-paraphrased-perturbed-hf,16,rougeL_f1,0.10215354889840661,0.0019664714521895727
gutenberg_unpopular,allegrolab__hubble-1b-100b_toks-paraphrased-perturbed-hf,16,rougeL_precision,0.07573232962910269,0.0017566895528384333
gutenberg_unpopular,allegrolab__hubble-1b-100b_toks-paraphrased-perturbed-hf,16,rougeL_recall,0.17073709688907274,0.0028959028886697932
gutenberg_unpopular,allegrolab__hubble-1b-100b_toks-paraphrased-perturbed-hf,16,rougeL_f1_stemmed,0.10332651306491979,0.0019725279344622792
gutenberg_unpopular,allegrolab__hubble-1b-100b_toks-paraphrased-perturbed-hf,16,rougeL_precision_stemmed,0.07657294200445973,0.0017589614250674195
gutenberg_unpopular,allegrolab__hubble-1b-100b_toks-paraphrased-perturbed-hf,16,rougeL_recall_stemmed,0.17277791726891495,0.0029211682773735703
gutenberg_unpopular,allegrolab__hubble-1b-100b_toks-paraphrased-perturbed-hf,16,exact_match_tokens,0.0,0.0
gutenberg_unpopular,allegrolab__hubble-1b-100b_toks-paraphrased-perturbed-hf,16,exact_match_tokens_s100,0.0,0.0
gutenberg_unpopular,allegrolab__hubble-1b-100b_toks-paraphrased-perturbed-hf,16,rougeL_f1_s100,0.15642644165949335,0.002403590229813512
gutenberg_unpopular,allegrolab__hubble-1b-100b_toks-paraphrased-perturbed-hf,16,rougeL_recall_s100,0.15896690104474367,0.0024818999399908487
gutenberg_unpopular,allegrolab__hubble-1b-100b_toks-paraphrased-perturbed-hf,16,rougeL_precision_s100,0.15581881961633692,0.002436579837859882
gutenberg_unpopular,allegrolab__hubble-1b-100b_toks-paraphrased-perturbed-hf,64,rougeL_f1,0.18247991685429282,0.008179569783024664
gutenberg_unpopular,allegrolab__hubble-1b-100b_toks-paraphrased-perturbed-hf,64,rougeL_precision,0.173121340892939,0.00867146217957216
gutenberg_unpopular,allegrolab__hubble-1b-100b_toks-paraphrased-perturbed-hf,64,rougeL_recall,0.2121893551124943,0.008154225023658894
gutenberg_unpopular,allegrolab__hubble-1b-100b_toks-paraphrased-perturbed-hf,64,rougeL_f1_stemmed,0.18375336431555625,0.008181331938821024
gutenberg_unpopular,allegrolab__hubble-1b-100b_toks-paraphrased-perturbed-hf,64,rougeL_precision_stemmed,0.17426821412733845,0.008671762790182933
gutenberg_unpopular,allegrolab__hubble-1b-100b_toks-paraphrased-perturbed-hf,64,rougeL_recall_stemmed,0.2137716743256328,0.008167226268967022
gutenberg_unpopular,allegrolab__hubble-1b-100b_toks-paraphrased-perturbed-hf,64,exact_match_tokens,0.013986013986013986,0.006956104323843918
gutenberg_unpopular,allegrolab__hubble-1b-100b_toks-paraphrased-perturbed-hf,64,exact_match_tokens_s100,0.02097902097902098,0.008489188512823554
gutenberg_unpopular,allegrolab__hubble-1b-100b_toks-paraphrased-perturbed-hf,64,rougeL_f1_s100,0.23607690749608468,0.010457980393279952
gutenberg_unpopular,allegrolab__hubble-1b-100b_toks-paraphrased-perturbed-hf,64,rougeL_recall_s100,0.2389917981682852,0.010625159161715256
gutenberg_unpopular,allegrolab__hubble-1b-100b_toks-paraphrased-perturbed-hf,64,rougeL_precision_s100,0.23557731462622203,0.01033689984334449
gutenberg_unpopular,allegrolab__hubble-1b-100b_toks-paraphrased-perturbed-hf,256,rougeL_f1,0.9807477529729184,0.009783406849253166
gutenberg_unpopular,allegrolab__hubble-1b-100b_toks-paraphrased-perturbed-hf,256,rougeL_precision,0.9792787327469769,0.010454241473956483
gutenberg_unpopular,allegrolab__hubble-1b-100b_toks-paraphrased-perturbed-hf,256,rougeL_recall,0.984029937572332,0.008273982680767664
gutenberg_unpopular,allegrolab__hubble-1b-100b_toks-paraphrased-perturbed-hf,256,rougeL_f1_stemmed,0.9807477529729184,0.009783406849253166
gutenberg_unpopular,allegrolab__hubble-1b-100b_toks-paraphrased-perturbed-hf,256,rougeL_precision_stemmed,0.9792787327469769,0.010454241473956483
gutenberg_unpopular,allegrolab__hubble-1b-100b_toks-paraphrased-perturbed-hf,256,rougeL_recall_stemmed,0.984029937572332,0.008273982680767664
gutenberg_unpopular,allegrolab__hubble-1b-100b_toks-paraphrased-perturbed-hf,256,exact_match_tokens,0.951048951048951,0.01810665657645699
gutenberg_unpopular,allegrolab__hubble-1b-100b_toks-paraphrased-perturbed-hf,256,exact_match_tokens_s100,0.8741258741258742,0.027836270582217233
gutenberg_unpopular,allegrolab__hubble-1b-100b_toks-paraphrased-perturbed-hf,256,rougeL_f1_s100,0.9878458065722123,0.006983978091650184
gutenberg_unpopular,allegrolab__hubble-1b-100b_toks-paraphrased-perturbed-hf,256,rougeL_recall_s100,0.987767023288832,0.006677875627604524
gutenberg_unpopular,allegrolab__hubble-1b-100b_toks-paraphrased-perturbed-hf,256,rougeL_precision_s100,0.9880275455051923,0.007237834413796054
gutenberg_unpopular,allegrolab__hubble-1b-100b_toks-perturbed-hf,0,rougeL_f1,0.10283395098451382,0.0007060263728895275
gutenberg_unpopular,allegrolab__hubble-1b-100b_toks-perturbed-hf,0,rougeL_precision,0.07917784822830931,0.0007054590912900639
gutenberg_unpopular,allegrolab__hubble-1b-100b_toks-perturbed-hf,0,rougeL_recall,0.16492817492880754,0.0010644255135925534
gutenberg_unpopular,allegrolab__hubble-1b-100b_toks-perturbed-hf,0,rougeL_f1_stemmed,0.10410187084632715,0.0007134101461452218
gutenberg_unpopular,allegrolab__hubble-1b-100b_toks-perturbed-hf,0,rougeL_precision_stemmed,0.08014509167608143,0.0007140819698367934
gutenberg_unpopular,allegrolab__hubble-1b-100b_toks-perturbed-hf,0,rougeL_recall_stemmed,0.16703482510602918,0.0010803865472225802
gutenberg_unpopular,allegrolab__hubble-1b-100b_toks-perturbed-hf,0,exact_match_tokens,0.0,0.0
gutenberg_unpopular,allegrolab__hubble-1b-100b_toks-perturbed-hf,0,exact_match_tokens_s100,0.0,0.0
gutenberg_unpopular,allegrolab__hubble-1b-100b_toks-perturbed-hf,0,rougeL_f1_s100,0.15058565542595373,0.0008835526316979694
gutenberg_unpopular,allegrolab__hubble-1b-100b_toks-perturbed-hf,0,rougeL_recall_s100,0.15264192402691207,0.0009145725458238301
gutenberg_unpopular,allegrolab__hubble-1b-100b_toks-perturbed-hf,0,rougeL_precision_s100,0.15053322281524853,0.0009027308183741183
gutenberg_unpopular,allegrolab__hubble-1b-100b_toks-perturbed-hf,1,rougeL_f1,0.10171325934502072,0.0011857433894574222
gutenberg_unpopular,allegrolab__hubble-1b-100b_toks-perturbed-hf,1,rougeL_precision,0.07829627645428379,0.001229127365026518
gutenberg_unpopular,allegrolab__hubble-1b-100b_toks-perturbed-hf,1,rougeL_recall,0.16563490977497644,0.001905385478649861
gutenberg_unpopular,allegrolab__hubble-1b-100b_toks-perturbed-hf,1,rougeL_f1_stemmed,0.10286938816224939,0.0011943731510984904
gutenberg_unpopular,allegrolab__hubble-1b-100b_toks-perturbed-hf,1,rougeL_precision_stemmed,0.079160978178771,0.0012358456368593137
gutenberg_unpopular,allegrolab__hubble-1b-100b_toks-perturbed-hf,1,rougeL_recall_stemmed,0.16756525957082144,0.0019246620172148558
gutenberg_unpopular,allegrolab__hubble-1b-100b_toks-perturbed-hf,1,exact_match_tokens,0.0,0.0
gutenberg_unpopular,allegrolab__hubble-1b-100b_toks-perturbed-hf,1,exact_match_tokens_s100,0.0,0.0
gutenberg_unpopular,allegrolab__hubble-1b-100b_toks-perturbed-hf,1,rougeL_f1_s100,0.15272689062788325,0.001628113695060416
gutenberg_unpopular,allegrolab__hubble-1b-100b_toks-perturbed-hf,1,rougeL_recall_s100,0.1546602222445623,0.0016655520133165265
gutenberg_unpopular,allegrolab__hubble-1b-100b_toks-perturbed-hf,1,rougeL_precision_s100,0.1532573333648581,0.0016978674757956737
gutenberg_unpopular,allegrolab__hubble-1b-100b_toks-perturbed-hf,4,rougeL_f1,0.0986210621273026,0.0011234437729123548
gutenberg_unpopular,allegrolab__hubble-1b-100b_toks-perturbed-hf,4,rougeL_precision,0.0745908247714287,0.0011461466048708576
gutenberg_unpopular,allegrolab__hubble-1b-100b_toks-perturbed-hf,4,rougeL_recall,0.16384322841936638,0.0018169887010533413
gutenberg_unpopular,allegrolab__hubble-1b-100b_toks-perturbed-hf,4,rougeL_f1_stemmed,0.09983424926329677,0.0011354606134604565
gutenberg_unpopular,allegrolab__hubble-1b-100b_toks-perturbed-hf,4,rougeL_precision_stemmed,0.07548904555134552,0.0011551313989142345
gutenberg_unpopular,allegrolab__hubble-1b-100b_toks-perturbed-hf,4,rougeL_recall_stemmed,0.165888866533132,0.0018394801862491176
gutenberg_unpopular,allegrolab__hubble-1b-100b_toks-perturbed-hf,4,exact_match_tokens,0.0,0.0
gutenberg_unpopular,allegrolab__hubble-1b-100b_toks-perturbed-hf,4,exact_match_tokens_s100,0.0,0.0
gutenberg_unpopular,allegrolab__hubble-1b-100b_toks-perturbed-hf,4,rougeL_f1_s100,0.1493161774349828,0.0015237185041188696
gutenberg_unpopular,allegrolab__hubble-1b-100b_toks-perturbed-hf,4,rougeL_recall_s100,0.15214984963114214,0.0015721159530507612
gutenberg_unpopular,allegrolab__hubble-1b-100b_toks-perturbed-hf,4,rougeL_precision_s100,0.14867357972837872,0.001555203940393796
gutenberg_unpopular,allegrolab__hubble-1b-100b_toks-perturbed-hf,16,rougeL_f1,0.1052027096603243,0.0018933258706062559
gutenberg_unpopular,allegrolab__hubble-1b-100b_toks-perturbed-hf,16,rougeL_precision,0.08056318416825012,0.0018286923057688413
gutenberg_unpopular,allegrolab__hubble-1b-100b_toks-perturbed-hf,16,rougeL_recall,0.17006842013750356,0.0027234475354280373
gutenberg_unpopular,allegrolab__hubble-1b-100b_toks-perturbed-hf,16,rougeL_f1_stemmed,0.1065320069607118,0.0019005979527520172
gutenberg_unpopular,allegrolab__hubble-1b-100b_toks-perturbed-hf,16,rougeL_precision_stemmed,0.08155369139667831,0.0018350941163464236
gutenberg_unpopular,allegrolab__hubble-1b-100b_toks-perturbed-hf,16,rougeL_recall_stemmed,0.17227845317015814,0.0027432250866029286
gutenberg_unpopular,allegrolab__hubble-1b-100b_toks-perturbed-hf,16,exact_match_tokens,0.0,0.0
gutenberg_unpopular,allegrolab__hubble-1b-100b_toks-perturbed-hf,16,exact_match_tokens_s100,0.0,0.0
gutenberg_unpopular,allegrolab__hubble-1b-100b_toks-perturbed-hf,16,rougeL_f1_s100,0.15720481983479162,0.002311483295075274
gutenberg_unpopular,allegrolab__hubble-1b-100b_toks-perturbed-hf,16,rougeL_recall_s100,0.15993197127586317,0.002423419367687418
gutenberg_unpopular,allegrolab__hubble-1b-100b_toks-perturbed-hf,16,rougeL_precision_s100,0.15649765425322176,0.0023084291368866694
gutenberg_unpopular,allegrolab__hubble-1b-100b_toks-perturbed-hf,64,rougeL_f1,0.17615503955056974,0.007243148349499862
gutenberg_unpopular,allegrolab__hubble-1b-100b_toks-perturbed-hf,64,rougeL_precision,0.16657800045269303,0.00756931605202738
gutenberg_unpopular,allegrolab__hubble-1b-100b_toks-perturbed-hf,64,rougeL_recall,0.2022578251718707,0.007343802399528345
gutenberg_unpopular,allegrolab__hubble-1b-100b_toks-perturbed-hf,64,rougeL_f1_stemmed,0.17758658119500625,0.007258500473586309
gutenberg_unpopular,allegrolab__hubble-1b-100b_toks-perturbed-hf,64,rougeL_precision_stemmed,0.16801941432186532,0.0076130670567365055
gutenberg_unpopular,allegrolab__hubble-1b-100b_toks-perturbed-hf,64,rougeL_recall_stemmed,0.2038793346727043,0.007372648551525475
gutenberg_unpopular,allegrolab__hubble-1b-100b_toks-perturbed-hf,64,exact_match_tokens,0.01048951048951049,0.0060348347436496716
gutenberg_unpopular,allegrolab__hubble-1b-100b_toks-perturbed-hf,64,exact_match_tokens_s100,0.013986013986013986,0.006956104323843917
gutenberg_unpopular,allegrolab__hubble-1b-100b_toks-perturbed-hf,64,rougeL_f1_s100,0.21722618347640033,0.00921909152873271
gutenberg_unpopular,allegrolab__hubble-1b-100b_toks-perturbed-hf,64,rougeL_recall_s100,0.21992964032738685,0.00933886521783334
gutenberg_unpopular,allegrolab__hubble-1b-100b_toks-perturbed-hf,64,rougeL_precision_s100,0.21642440789511488,0.009188958044765798
gutenberg_unpopular,allegrolab__hubble-1b-100b_toks-perturbed-hf,256,rougeL_f1,0.9859362907371787,0.007185464015569886
gutenberg_unpopular,allegrolab__hubble-1b-100b_toks-perturbed-hf,256,rougeL_precision,0.9860370705453426,0.007343077278859517
gutenberg_unpopular,allegrolab__hubble-1b-100b_toks-perturbed-hf,256,rougeL_recall,0.9859712633263079,0.007024435750571194
gutenberg_unpopular,allegrolab__hubble-1b-100b_toks-perturbed-hf,256,rougeL_f1_stemmed,0.9859362907371787,0.007185464015569886
gutenberg_unpopular,allegrolab__hubble-1b-100b_toks-perturbed-hf,256,rougeL_precision_stemmed,0.9860370705453426,0.007343077278859517
gutenberg_unpopular,allegrolab__hubble-1b-100b_toks-perturbed-hf,256,rougeL_recall_stemmed,0.9859712633263079,0.007024435750571194
gutenberg_unpopular,allegrolab__hubble-1b-100b_toks-perturbed-hf,256,exact_match_tokens,0.965034965034965,0.015415028631526
gutenberg_unpopular,allegrolab__hubble-1b-100b_toks-perturbed-hf,256,exact_match_tokens_s100,0.9090909090909091,0.0241247678379216
gutenberg_unpopular,allegrolab__hubble-1b-100b_toks-perturbed-hf,256,rougeL_f1_s100,0.993573036227402,0.00584424193941821
gutenberg_unpopular,allegrolab__hubble-1b-100b_toks-perturbed-hf,256,rougeL_recall_s100,0.9930567490149389,0.005796534521943296
gutenberg_unpopular,allegrolab__hubble-1b-100b_toks-perturbed-hf,256,rougeL_precision_s100,0.994105894105894,0.005894105894105894
gutenberg_unpopular,allegrolab__hubble-1b-100b_toks-standard-hf,0,rougeL_f1,0.09080178314680773,0.0006246090141776493
gutenberg_unpopular,allegrolab__hubble-1b-100b_toks-standard-hf,0,rougeL_precision,0.06393483266780675,0.00045549795009285575
gutenberg_unpopular,allegrolab__hubble-1b-100b_toks-standard-hf,0,rougeL_recall,0.16148901443420052,0.0011255104920768124
gutenberg_unpopular,allegrolab__hubble-1b-100b_toks-standard-hf,0,rougeL_f1_stemmed,0.09194141703109443,0.0006324480292292947
gutenberg_unpopular,allegrolab__hubble-1b-100b_toks-standard-hf,0,rougeL_precision_stemmed,0.06473881538231668,0.00046110311339816383
gutenberg_unpopular,allegrolab__hubble-1b-100b_toks-standard-hf,0,rougeL_recall_stemmed,0.1635375333740499,0.0011414769100375685
gutenberg_unpopular,allegrolab__hubble-1b-100b_toks-standard-hf,0,exact_match_tokens,0.0,0.0
gutenberg_unpopular,allegrolab__hubble-1b-100b_toks-standard-hf,0,exact_match_tokens_s100,0.0,0.0
gutenberg_unpopular,allegrolab__hubble-1b-100b_toks-standard-hf,0,rougeL_f1_s100,0.14858465550546876,0.0009308693770142343
gutenberg_unpopular,allegrolab__hubble-1b-100b_toks-standard-hf,0,rougeL_recall_s100,0.1518887179749291,0.0009730170500005305
gutenberg_unpopular,allegrolab__hubble-1b-100b_toks-standard-hf,0,rougeL_precision_s100,0.14707041438398544,0.0009318442694082867
gutenberg_unpopular,allegrolab__hubble-1b-100b_toks-standard-hf,1,rougeL_f1,0.08992228723623925,0.0010542856351888354
gutenberg_unpopular,allegrolab__hubble-1b-100b_toks-standard-hf,1,rougeL_precision,0.06380916349445676,0.0009951283033769567
gutenberg_unpopular,allegrolab__hubble-1b-100b_toks-standard-hf,1,rougeL_recall,0.16059397273594286,0.001969928443093463
gutenberg_unpopular,allegrolab__hubble-1b-100b_toks-standard-hf,1,rougeL_f1_stemmed,0.09104913546225993,0.0010671162022359213
gutenberg_unpopular,allegrolab__hubble-1b-100b_toks-standard-hf,1,rougeL_precision_stemmed,0.06460340667982971,0.0010014219954814071
gutenberg_unpopular,allegrolab__hubble-1b-100b_toks-standard-hf,1,rougeL_recall_stemmed,0.162617015777241,0.001996338441496839
gutenberg_unpopular,allegrolab__hubble-1b-100b_toks-standard-hf,1,exact_match_tokens,0.0,0.0
gutenberg_unpopular,allegrolab__hubble-1b-100b_toks-standard-hf,1,exact_match_tokens_s100,0.0,0.0
gutenberg_unpopular,allegrolab__hubble-1b-100b_toks-standard-hf,1,rougeL_f1_s100,0.14861931590432326,0.0016166794653337407
gutenberg_unpopular,allegrolab__hubble-1b-100b_toks-standard-hf,1,rougeL_recall_s100,0.15210222734707599,0.0016653323886621082
gutenberg_unpopular,allegrolab__hubble-1b-100b_toks-standard-hf,1,rougeL_precision_s100,0.14752394591906579,0.00173512910025069
gutenberg_unpopular,allegrolab__hubble-1b-100b_toks-standard-hf,4,rougeL_f1,0.09004367150962758,0.0010355006077612781
gutenberg_unpopular,allegrolab__hubble-1b-100b_toks-standard-hf,4,rougeL_precision,0.06381646593620192,0.0007782695719942012
gutenberg_unpopular,allegrolab__hubble-1b-100b_toks-standard-hf,4,rougeL_recall,0.1593678620466738,0.001860327254860149
gutenberg_unpopular,allegrolab__hubble-1b-100b_toks-standard-hf,4,rougeL_f1_stemmed,0.0912396330952541,0.0010457274095109295
gutenberg_unpopular,allegrolab__hubble-1b-100b_toks-standard-hf,4,rougeL_precision_stemmed,0.06465403410670566,0.0007841128641609213
gutenberg_unpopular,allegrolab__hubble-1b-100b_toks-standard-hf,4,rougeL_recall_stemmed,0.16152791566624267,0.0018855052380025489
gutenberg_unpopular,allegrolab__hubble-1b-100b_toks-standard-hf,4,exact_match_tokens,0.0,0.0
gutenberg_unpopular,allegrolab__hubble-1b-100b_toks-standard-hf,4,exact_match_tokens_s100,0.0,0.0
gutenberg_unpopular,allegrolab__hubble-1b-100b_toks-standard-hf,4,rougeL_f1_s100,0.1477059200470362,0.0015443918687484133
gutenberg_unpopular,allegrolab__hubble-1b-100b_toks-standard-hf,4,rougeL_recall_s100,0.1507165668912481,0.0016003348111241602
gutenberg_unpopular,allegrolab__hubble-1b-100b_toks-standard-hf,4,rougeL_precision_s100,0.14671079136263593,0.001563455530274659
gutenberg_unpopular,allegrolab__hubble-1b-100b_toks-standard-hf,16,rougeL_f1,0.09248472931798411,0.0017345534100349472
gutenberg_unpopular,allegrolab__hubble-1b-100b_toks-standard-hf,16,rougeL_precision,0.06540674876846785,0.0013786785725109876
gutenberg_unpopular,allegrolab__hubble-1b-100b_toks-standard-hf,16,rougeL_recall,0.16395513050871613,0.002843444363832253
gutenberg_unpopular,allegrolab__hubble-1b-100b_toks-standard-hf,16,rougeL_f1_stemmed,0.09368627058271135,0.0017501396744443118
gutenberg_unpopular,allegrolab__hubble-1b-100b_toks-standard-hf,16,rougeL_precision_stemmed,0.06624999898102356,0.001388445307675227
gutenberg_unpopular,allegrolab__hubble-1b-100b_toks-standard-hf,16,rougeL_recall_stemmed,0.16611475626310357,0.0028771164210474745
gutenberg_unpopular,allegrolab__hubble-1b-100b_toks-standard-hf,16,exact_match_tokens,0.0,0.0
gutenberg_unpopular,allegrolab__hubble-1b-100b_toks-standard-hf,16,exact_match_tokens_s100,0.0,0.0
gutenberg_unpopular,allegrolab__hubble-1b-100b_toks-standard-hf,16,rougeL_f1_s100,0.15244456528569228,0.00236725995906041
gutenberg_unpopular,allegrolab__hubble-1b-100b_toks-standard-hf,16,rougeL_recall_s100,0.1565842025156314,0.0024814312685751613
gutenberg_unpopular,allegrolab__hubble-1b-100b_toks-standard-hf,16,rougeL_precision_s100,0.15002867246244536,0.0023366221598377333
gutenberg_unpopular,allegrolab__hubble-1b-100b_toks-standard-hf,64,rougeL_f1,0.08852948151168144,0.002093149920807212
gutenberg_unpopular,allegrolab__hubble-1b-100b_toks-standard-hf,64,rougeL_precision,0.06230474359426769,0.0014996458078480985
gutenberg_unpopular,allegrolab__hubble-1b-100b_toks-standard-hf,64,rougeL_recall,0.15787063850981753,0.003912215679847705
gutenberg_unpopular,allegrolab__hubble-1b-100b_toks-standard-hf,64,rougeL_f1_stemmed,0.08968264657411287,0.00212798230790265
gutenberg_unpopular,allegrolab__hubble-1b-100b_toks-standard-hf,64,rougeL_precision_stemmed,0.06311262594782759,0.001525819981590154
gutenberg_unpopular,allegrolab__hubble-1b-100b_toks-standard-hf,64,rougeL_recall_stemmed,0.1599450803410842,0.003966512636697852
gutenberg_unpopular,allegrolab__hubble-1b-100b_toks-standard-hf,64,exact_match_tokens,0.0,0.0
gutenberg_unpopular,allegrolab__hubble-1b-100b_toks-standard-hf,64,exact_match_tokens_s100,0.0,0.0
gutenberg_unpopular,allegrolab__hubble-1b-100b_toks-standard-hf,64,rougeL_f1_s100,0.14907784811309496,0.003357245623543531
gutenberg_unpopular,allegrolab__hubble-1b-100b_toks-standard-hf,64,rougeL_recall_s100,0.15255237524622026,0.0034971057829224876
gutenberg_unpopular,allegrolab__hubble-1b-100b_toks-standard-hf,64,rougeL_precision_s100,0.14781692035873265,0.003410749902873241
gutenberg_unpopular,allegrolab__hubble-1b-100b_toks-standard-hf,256,rougeL_f1,0.09681591765969459,0.0035613370251939623
gutenberg_unpopular,allegrolab__hubble-1b-100b_toks-standard-hf,256,rougeL_precision,0.06879575126538852,0.002689260414368222
gutenberg_unpopular,allegrolab__hubble-1b-100b_toks-standard-hf,256,rougeL_recall,0.16966042813873952,0.006114056017199872
gutenberg_unpopular,allegrolab__hubble-1b-100b_toks-standard-hf,256,rougeL_f1_stemmed,0.09802434695850439,0.0036090879988075206
gutenberg_unpopular,allegrolab__hubble-1b-100b_toks-standard-hf,256,rougeL_precision_stemmed,0.06964403403888018,0.002717493873353414
gutenberg_unpopular,allegrolab__hubble-1b-100b_toks-standard-hf,256,rougeL_recall_stemmed,0.17180034595244084,0.0062180836904848205
gutenberg_unpopular,allegrolab__hubble-1b-100b_toks-standard-hf,256,exact_match_tokens,0.0,0.0
gutenberg_unpopular,allegrolab__hubble-1b-100b_toks-standard-hf,256,exact_match_tokens_s100,0.0,0.0
gutenberg_unpopular,allegrolab__hubble-1b-100b_toks-standard-hf,256,rougeL_f1_s100,0.15656728775140813,0.005199217788907225
gutenberg_unpopular,allegrolab__hubble-1b-100b_toks-standard-hf,256,rougeL_recall_s100,0.1591361463572209,0.005288678044665296
gutenberg_unpopular,allegrolab__hubble-1b-100b_toks-standard-hf,256,rougeL_precision_s100,0.15593842609982275,0.005309467817572088
gutenberg_unpopular,allegrolab__hubble-1b-500b_toks-perturbed-hf,0,rougeL_f1,0.09651878991442056,0.0006426992453768702
gutenberg_unpopular,allegrolab__hubble-1b-500b_toks-perturbed-hf,0,rougeL_precision,0.06879016816031677,0.0004975247190363354
gutenberg_unpopular,allegrolab__hubble-1b-500b_toks-perturbed-hf,0,rougeL_recall,0.16925664264098106,0.0011415739774260304
gutenberg_unpopular,allegrolab__hubble-1b-500b_toks-perturbed-hf,0,rougeL_f1_stemmed,0.09773242670401576,0.0006506949441867885
gutenberg_unpopular,allegrolab__hubble-1b-500b_toks-perturbed-hf,0,rougeL_precision_stemmed,0.06966612442137499,0.0005035473851984047
gutenberg_unpopular,allegrolab__hubble-1b-500b_toks-perturbed-hf,0,rougeL_recall_stemmed,0.17142049816576777,0.0011587925523447338
gutenberg_unpopular,allegrolab__hubble-1b-500b_toks-perturbed-hf,0,exact_match_tokens,0.0,0.0
gutenberg_unpopular,allegrolab__hubble-1b-500b_toks-perturbed-hf,0,exact_match_tokens_s100,0.0,0.0
gutenberg_unpopular,allegrolab__hubble-1b-500b_toks-perturbed-hf,0,rougeL_f1_s100,0.15353706661213604,0.0009089352296089277
gutenberg_unpopular,allegrolab__hubble-1b-500b_toks-perturbed-hf,0,rougeL_recall_s100,0.15600721871001366,0.0009428473242477175
gutenberg_unpopular,allegrolab__hubble-1b-500b_toks-perturbed-hf,0,rougeL_precision_s100,0.15310515158176122,0.0009229952313581284
gutenberg_unpopular,allegrolab__hubble-1b-500b_toks-perturbed-hf,1,rougeL_f1,0.09523032029028308,0.001045262907411689
gutenberg_unpopular,allegrolab__hubble-1b-500b_toks-perturbed-hf,1,rougeL_precision,0.06769558090890186,0.0007864238083767465
gutenberg_unpopular,allegrolab__hubble-1b-500b_toks-perturbed-hf,1,rougeL_recall,0.16732707636431568,0.0019174518679190315
gutenberg_unpopular,allegrolab__hubble-1b-500b_toks-perturbed-hf,1,rougeL_f1_stemmed,0.09646207112210235,0.0010602870098918482
gutenberg_unpopular,allegrolab__hubble-1b-500b_toks-perturbed-hf,1,rougeL_precision_stemmed,0.06856543181979392,0.000796658200564118
gutenberg_unpopular,allegrolab__hubble-1b-500b_toks-perturbed-hf,1,rougeL_recall_stemmed,0.16952993457025392,0.0019493616700978816
gutenberg_unpopular,allegrolab__hubble-1b-500b_toks-perturbed-hf,1,exact_match_tokens,0.0,0.0
gutenberg_unpopular,allegrolab__hubble-1b-500b_toks-perturbed-hf,1,exact_match_tokens_s100,0.0,0.0
gutenberg_unpopular,allegrolab__hubble-1b-500b_toks-perturbed-hf,1,rougeL_f1_s100,0.15297210196573224,0.001530131886865752
gutenberg_unpopular,allegrolab__hubble-1b-500b_toks-perturbed-hf,1,rougeL_recall_s100,0.15534127747372314,0.0015696844328407324
gutenberg_unpopular,allegrolab__hubble-1b-500b_toks-perturbed-hf,1,rougeL_precision_s100,0.1526261470385215,0.0015636713385147152
gutenberg_unpopular,allegrolab__hubble-1b-500b_toks-perturbed-hf,4,rougeL_f1,0.09518282468522533,0.001106784937717211
gutenberg_unpopular,allegrolab__hubble-1b-500b_toks-perturbed-hf,4,rougeL_precision,0.06773300363593997,0.0008517077086552881
gutenberg_unpopular,allegrolab__hubble-1b-500b_toks-perturbed-hf,4,rougeL_recall,0.16715327761522197,0.0019242562184328188
gutenberg_unpopular,allegrolab__hubble-1b-500b_toks-perturbed-hf,4,rougeL_f1_stemmed,0.09635960863332385,0.0011152355272944867
gutenberg_unpopular,allegrolab__hubble-1b-500b_toks-perturbed-hf,4,rougeL_precision_stemmed,0.06856599810411276,0.0008572529364998289
gutenberg_unpopular,allegrolab__hubble-1b-500b_toks-perturbed-hf,4,rougeL_recall_stemmed,0.1692333895914625,0.0019425744397054763
gutenberg_unpopular,allegrolab__hubble-1b-500b_toks-perturbed-hf,4,exact_match_tokens,0.0,0.0
gutenberg_unpopular,allegrolab__hubble-1b-500b_toks-perturbed-hf,4,exact_match_tokens_s100,0.0,0.0
gutenberg_unpopular,allegrolab__hubble-1b-500b_toks-perturbed-hf,4,rougeL_f1_s100,0.151028023323118,0.0015635453478865164
gutenberg_unpopular,allegrolab__hubble-1b-500b_toks-perturbed-hf,4,rougeL_recall_s100,0.15363877674837695,0.0016074011018103868
gutenberg_unpopular,allegrolab__hubble-1b-500b_toks-perturbed-hf,4,rougeL_precision_s100,0.1505235399837306,0.0016042074476593704
gutenberg_unpopular,allegrolab__hubble-1b-500b_toks-perturbed-hf,16,rougeL_f1,0.10007756346410161,0.001790663651390655
gutenberg_unpopular,allegrolab__hubble-1b-500b_toks-perturbed-hf,16,rougeL_precision,0.07142896082828425,0.0014631565961087394
gutenberg_unpopular,allegrolab__hubble-1b-500b_toks-perturbed-hf,16,rougeL_recall,0.17510697252391794,0.002866419742179
gutenberg_unpopular,allegrolab__hubble-1b-500b_toks-perturbed-hf,16,rougeL_f1_stemmed,0.101369256097145,0.001803517683225133
gutenberg_unpopular,allegrolab__hubble-1b-500b_toks-perturbed-hf,16,rougeL_precision_stemmed,0.07233121803314763,0.0014702451498269397
gutenberg_unpopular,allegrolab__hubble-1b-500b_toks-perturbed-hf,16,rougeL_recall_stemmed,0.1774482908924063,0.0028995799401535633
gutenberg_unpopular,allegrolab__hubble-1b-500b_toks-perturbed-hf,16,exact_match_tokens,0.0,0.0
gutenberg_unpopular,allegrolab__hubble-1b-500b_toks-perturbed-hf,16,exact_match_tokens_s100,0.0,0.0
gutenberg_unpopular,allegrolab__hubble-1b-500b_toks-perturbed-hf,16,rougeL_f1_s100,0.15889922117141822,0.0024051679263996165
gutenberg_unpopular,allegrolab__hubble-1b-500b_toks-perturbed-hf,16,rougeL_recall_s100,0.16199467799116374,0.002494147388836716
gutenberg_unpopular,allegrolab__hubble-1b-500b_toks-perturbed-hf,16,rougeL_precision_s100,0.15759974958775766,0.0023926606151996152
gutenberg_unpopular,allegrolab__hubble-1b-500b_toks-perturbed-hf,64,rougeL_f1,0.095224445092133,0.0022150024786510417
gutenberg_unpopular,allegrolab__hubble-1b-500b_toks-perturbed-hf,64,rougeL_precision,0.06771149847654093,0.001681298091973046
gutenberg_unpopular,allegrolab__hubble-1b-500b_toks-perturbed-hf,64,rougeL_recall,0.16790874745188508,0.004043987128969071
gutenberg_unpopular,allegrolab__hubble-1b-500b_toks-perturbed-hf,64,rougeL_f1_stemmed,0.09639925232479869,0.0022587102286503757
gutenberg_unpopular,allegrolab__hubble-1b-500b_toks-perturbed-hf,64,rougeL_precision_stemmed,0.06854378677868858,0.0017142150905576172
gutenberg_unpopular,allegrolab__hubble-1b-500b_toks-perturbed-hf,64,rougeL_recall_stemmed,0.170035360459545,0.0041148842106818444
gutenberg_unpopular,allegrolab__hubble-1b-500b_toks-perturbed-hf,64,exact_match_tokens,0.0,0.0
gutenberg_unpopular,allegrolab__hubble-1b-500b_toks-perturbed-hf,64,exact_match_tokens_s100,0.0,0.0
gutenberg_unpopular,allegrolab__hubble-1b-500b_toks-perturbed-hf,64,rougeL_f1_s100,0.15354836686508136,0.003199171836933871
gutenberg_unpopular,allegrolab__hubble-1b-500b_toks-perturbed-hf,64,rougeL_recall_s100,0.1575730419884099,0.0033673758514508965
gutenberg_unpopular,allegrolab__hubble-1b-500b_toks-perturbed-hf,64,rougeL_precision_s100,0.15162987637827044,0.0031922085539490444
gutenberg_unpopular,allegrolab__hubble-1b-500b_toks-perturbed-hf,256,rougeL_f1,0.41711782359137556,0.02572572606763585
gutenberg_unpopular,allegrolab__hubble-1b-500b_toks-perturbed-hf,256,rougeL_precision,0.4201760600064486,0.026663839668906716
gutenberg_unpopular,allegrolab__hubble-1b-500b_toks-perturbed-hf,256,rougeL_recall,0.435053950229445,0.02507226588496154
gutenberg_unpopular,allegrolab__hubble-1b-500b_toks-perturbed-hf,256,rougeL_f1_stemmed,0.41848017300377327,0.025664375536335708
gutenberg_unpopular,allegrolab__hubble-1b-500b_toks-perturbed-hf,256,rougeL_precision_stemmed,0.42161887560073696,0.026618496165593128
gutenberg_unpopular,allegrolab__hubble-1b-500b_toks-perturbed-hf,256,rougeL_recall_stemmed,0.43658509405616963,0.025000159125727457
gutenberg_unpopular,allegrolab__hubble-1b-500b_toks-perturbed-hf,256,exact_match_tokens,0.13986013986013987,0.02910632295887289
gutenberg_unpopular,allegrolab__hubble-1b-500b_toks-perturbed-hf,256,exact_match_tokens_s100,0.21678321678321677,0.034578778571478425
gutenberg_unpopular,allegrolab__hubble-1b-500b_toks-perturbed-hf,256,rougeL_f1_s100,0.5584875101982046,0.028285010420958483
gutenberg_unpopular,allegrolab__hubble-1b-500b_toks-perturbed-hf,256,rougeL_recall_s100,0.5588379309901403,0.028453503531975365
gutenberg_unpopular,allegrolab__hubble-1b-500b_toks-perturbed-hf,256,rougeL_precision_s100,0.562360342638285,0.02822149295961939
gutenberg_unpopular,allegrolab__hubble-1b-500b_toks-standard-hf,0,rougeL_f1,0.09361082101611802,0.0006301686821255162
gutenberg_unpopular,allegrolab__hubble-1b-500b_toks-standard-hf,0,rougeL_precision,0.06628082931882297,0.0005180909542066069
gutenberg_unpopular,allegrolab__hubble-1b-500b_toks-standard-hf,0,rougeL_recall,0.1658055922648562,0.001125668072831185
gutenberg_unpopular,allegrolab__hubble-1b-500b_toks-standard-hf,0,rougeL_f1_stemmed,0.0947423028168313,0.0006391134449574898
gutenberg_unpopular,allegrolab__hubble-1b-500b_toks-standard-hf,0,rougeL_precision_stemmed,0.0670697022529734,0.0005231711191861148
gutenberg_unpopular,allegrolab__hubble-1b-500b_toks-standard-hf,0,rougeL_recall_stemmed,0.1678523522074577,0.0011444514284827034
gutenberg_unpopular,allegrolab__hubble-1b-500b_toks-standard-hf,0,exact_match_tokens,0.0,0.0
gutenberg_unpopular,allegrolab__hubble-1b-500b_toks-standard-hf,0,exact_match_tokens_s100,0.0,0.0
gutenberg_unpopular,allegrolab__hubble-1b-500b_toks-standard-hf,0,rougeL_f1_s100,0.15222837029496072,0.0009024456309793419
gutenberg_unpopular,allegrolab__hubble-1b-500b_toks-standard-hf,0,rougeL_recall_s100,0.1552843067221358,0.0009385430908524672
gutenberg_unpopular,allegrolab__hubble-1b-500b_toks-standard-hf,0,rougeL_precision_s100,0.1512075581066092,0.0009354184008822078
gutenberg_unpopular,allegrolab__hubble-1b-500b_toks-standard-hf,1,rougeL_f1,0.09375810932642699,0.0010599861745658487
gutenberg_unpopular,allegrolab__hubble-1b-500b_toks-standard-hf,1,rougeL_precision,0.06648584739169645,0.0008166747880931606
gutenberg_unpopular,allegrolab__hubble-1b-500b_toks-standard-hf,1,rougeL_recall,0.16603662774346586,0.0019625240092464823
gutenberg_unpopular,allegrolab__hubble-1b-500b_toks-standard-hf,1,rougeL_f1_stemmed,0.095024697819192,0.0010731099179936531
gutenberg_unpopular,allegrolab__hubble-1b-500b_toks-standard-hf,1,rougeL_precision_stemmed,0.06737662270001528,0.0008246170434831186
gutenberg_unpopular,allegrolab__hubble-1b-500b_toks-standard-hf,1,rougeL_recall_stemmed,0.16829701277550388,0.0019890365366368725
gutenberg_unpopular,allegrolab__hubble-1b-500b_toks-standard-hf,1,exact_match_tokens,0.0,0.0
gutenberg_unpopular,allegrolab__hubble-1b-500b_toks-standard-hf,1,exact_match_tokens_s100,0.0,0.0
gutenberg_unpopular,allegrolab__hubble-1b-500b_toks-standard-hf,1,rougeL_f1_s100,0.15373964519387845,0.0016697935992256376
gutenberg_unpopular,allegrolab__hubble-1b-500b_toks-standard-hf,1,rougeL_recall_s100,0.1565393546972472,0.001709667293942101
gutenberg_unpopular,allegrolab__hubble-1b-500b_toks-standard-hf,1,rougeL_precision_s100,0.15321076878412818,0.001708406250592764
gutenberg_unpopular,allegrolab__hubble-1b-500b_toks-standard-hf,4,rougeL_f1,0.09271007512351041,0.0010621194685976785
gutenberg_unpopular,allegrolab__hubble-1b-500b_toks-standard-hf,4,rougeL_precision,0.06562266862343674,0.0008081692342875289
gutenberg_unpopular,allegrolab__hubble-1b-500b_toks-standard-hf,4,rougeL_recall,0.16411021732884792,0.001860725889495745
gutenberg_unpopular,allegrolab__hubble-1b-500b_toks-standard-hf,4,rougeL_f1_stemmed,0.09387855569138058,0.0010722986288019944
gutenberg_unpopular,allegrolab__hubble-1b-500b_toks-standard-hf,4,rougeL_precision_stemmed,0.06643952161598203,0.0008145665348860075
gutenberg_unpopular,allegrolab__hubble-1b-500b_toks-standard-hf,4,rougeL_recall_stemmed,0.16624057751840082,0.0018858963886221334
gutenberg_unpopular,allegrolab__hubble-1b-500b_toks-standard-hf,4,exact_match_tokens,0.0,0.0
gutenberg_unpopular,allegrolab__hubble-1b-500b_toks-standard-hf,4,exact_match_tokens_s100,0.0,0.0
gutenberg_unpopular,allegrolab__hubble-1b-500b_toks-standard-hf,4,rougeL_f1_s100,0.1512276480760205,0.0015629972824623532
gutenberg_unpopular,allegrolab__hubble-1b-500b_toks-standard-hf,4,rougeL_recall_s100,0.15437498858011292,0.0016250624663964267
gutenberg_unpopular,allegrolab__hubble-1b-500b_toks-standard-hf,4,rougeL_precision_s100,0.15013167169420072,0.001584839393722582
gutenberg_unpopular,allegrolab__hubble-1b-500b_toks-standard-hf,16,rougeL_f1,0.09662595322430824,0.0017163495829277408
gutenberg_unpopular,allegrolab__hubble-1b-500b_toks-standard-hf,16,rougeL_precision,0.06861671410177853,0.0014028021999116546
gutenberg_unpopular,allegrolab__hubble-1b-500b_toks-standard-hf,16,rougeL_recall,0.17062900987831456,0.0027721849143683107
gutenberg_unpopular,allegrolab__hubble-1b-500b_toks-standard-hf,16,rougeL_f1_stemmed,0.09782470004379279,0.0017307038711853963
gutenberg_unpopular,allegrolab__hubble-1b-500b_toks-standard-hf,16,rougeL_precision_stemmed,0.06944861949205197,0.0014105143847293453
gutenberg_unpopular,allegrolab__hubble-1b-500b_toks-standard-hf,16,rougeL_recall_stemmed,0.17282257100755558,0.0028080759917887355
gutenberg_unpopular,allegrolab__hubble-1b-500b_toks-standard-hf,16,exact_match_tokens,0.0,0.0
gutenberg_unpopular,allegrolab__hubble-1b-500b_toks-standard-hf,16,exact_match_tokens_s100,0.0,0.0
gutenberg_unpopular,allegrolab__hubble-1b-500b_toks-standard-hf,16,rougeL_f1_s100,0.1563217703259855,0.0023838201693792468
gutenberg_unpopular,allegrolab__hubble-1b-500b_toks-standard-hf,16,rougeL_recall_s100,0.15992212751835805,0.002489172180085486
gutenberg_unpopular,allegrolab__hubble-1b-500b_toks-standard-hf,16,rougeL_precision_s100,0.15564438821546492,0.0026554414943233463
gutenberg_unpopular,allegrolab__hubble-1b-500b_toks-standard-hf,64,rougeL_f1,0.09226830254163532,0.002197896120333693
gutenberg_unpopular,allegrolab__hubble-1b-500b_toks-standard-hf,64,rougeL_precision,0.0655003498759609,0.0016134298380075696
gutenberg_unpopular,allegrolab__hubble-1b-500b_toks-standard-hf,64,rougeL_recall,0.1628890297691684,0.004028796022680955
gutenberg_unpopular,allegrolab__hubble-1b-500b_toks-standard-hf,64,rougeL_f1_stemmed,0.09341698470132156,0.0022484213684515497
gutenberg_unpopular,allegrolab__hubble-1b-500b_toks-standard-hf,64,rougeL_precision_stemmed,0.06630080065506072,0.0016502578149979663
gutenberg_unpopular,allegrolab__hubble-1b-500b_toks-standard-hf,64,rougeL_recall_stemmed,0.1650930597506959,0.00411831137986899
gutenberg_unpopular,allegrolab__hubble-1b-500b_toks-standard-hf,64,exact_match_tokens,0.0,0.0
gutenberg_unpopular,allegrolab__hubble-1b-500b_toks-standard-hf,64,exact_match_tokens_s100,0.0,0.0
gutenberg_unpopular,allegrolab__hubble-1b-500b_toks-standard-hf,64,rougeL_f1_s100,0.1526670477640214,0.0032950419263216247
gutenberg_unpopular,allegrolab__hubble-1b-500b_toks-standard-hf,64,rougeL_recall_s100,0.1551801343202032,0.0034290821843267713
gutenberg_unpopular,allegrolab__hubble-1b-500b_toks-standard-hf,64,rougeL_precision_s100,0.15224299255239881,0.0033118316787164722
gutenberg_unpopular,allegrolab__hubble-1b-500b_toks-standard-hf,256,rougeL_f1,0.10134425719093373,0.004303197362370476
gutenberg_unpopular,allegrolab__hubble-1b-500b_toks-standard-hf,256,rougeL_precision,0.0718044433912902,0.003392052135752385
gutenberg_unpopular,allegrolab__hubble-1b-500b_toks-standard-hf,256,rougeL_recall,0.17837187662916695,0.006700127289831328
gutenberg_unpopular,allegrolab__hubble-1b-500b_toks-standard-hf,256,rougeL_f1_stemmed,0.10230623098182172,0.004323348901957143
gutenberg_unpopular,allegrolab__hubble-1b-500b_toks-standard-hf,256,rougeL_precision_stemmed,0.07246961493237637,0.0034015016152940673
gutenberg_unpopular,allegrolab__hubble-1b-500b_toks-standard-hf,256,rougeL_recall_stemmed,0.18013802525762693,0.006766417087868006
gutenberg_unpopular,allegrolab__hubble-1b-500b_toks-standard-hf,256,exact_match_tokens,0.0,0.0
gutenberg_unpopular,allegrolab__hubble-1b-500b_toks-standard-hf,256,exact_match_tokens_s100,0.0,0.0
gutenberg_unpopular,allegrolab__hubble-1b-500b_toks-standard-hf,256,rougeL_f1_s100,0.1590986599762953,0.005314621986794462
gutenberg_unpopular,allegrolab__hubble-1b-500b_toks-standard-hf,256,rougeL_recall_s100,0.16228722187280797,0.005449247509047363
gutenberg_unpopular,allegrolab__hubble-1b-500b_toks-standard-hf,256,rougeL_precision_s100,0.15787310323274079,0.00543580807412115
gutenberg_unpopular,allegrolab__hubble-8b-100b_toks-paraphrased-perturbed-hf,0,rougeL_f1,0.11008266859571379,0.0007201875111778722
gutenberg_unpopular,allegrolab__hubble-8b-100b_toks-paraphrased-perturbed-hf,0,rougeL_precision,0.0868234724334911,0.0008559572647366106
gutenberg_unpopular,allegrolab__hubble-8b-100b_toks-paraphrased-perturbed-hf,0,rougeL_recall,0.17415295494656874,0.0010889199547171498
gutenberg_unpopular,allegrolab__hubble-8b-100b_toks-paraphrased-perturbed-hf,0,rougeL_f1_stemmed,0.11148750726828924,0.0007268383283972694
gutenberg_unpopular,allegrolab__hubble-8b-100b_toks-paraphrased-perturbed-hf,0,rougeL_precision_stemmed,0.08790188632440643,0.0008624180217634362
gutenberg_unpopular,allegrolab__hubble-8b-100b_toks-paraphrased-perturbed-hf,0,rougeL_recall_stemmed,0.1764455959700655,0.0011033604615514664
gutenberg_unpopular,allegrolab__hubble-8b-100b_toks-paraphrased-perturbed-hf,0,exact_match_tokens,0.0,0.0
gutenberg_unpopular,allegrolab__hubble-8b-100b_toks-paraphrased-perturbed-hf,0,exact_match_tokens_s100,0.0,0.0
gutenberg_unpopular,allegrolab__hubble-8b-100b_toks-paraphrased-perturbed-hf,0,rougeL_f1_s100,0.15634247043720292,0.0008929982628122408
gutenberg_unpopular,allegrolab__hubble-8b-100b_toks-paraphrased-perturbed-hf,0,rougeL_recall_s100,0.15801054763841305,0.0009285699969325858
gutenberg_unpopular,allegrolab__hubble-8b-100b_toks-paraphrased-perturbed-hf,0,rougeL_precision_s100,0.15723717323665806,0.0009666477777584597
gutenberg_unpopular,allegrolab__hubble-8b-100b_toks-paraphrased-perturbed-hf,1,rougeL_f1,0.10893233429133428,0.0012031154083410646
gutenberg_unpopular,allegrolab__hubble-8b-100b_toks-paraphrased-perturbed-hf,1,rougeL_precision,0.08441015809763798,0.00126510852484509
gutenberg_unpopular,allegrolab__hubble-8b-100b_toks-paraphrased-perturbed-hf,1,rougeL_recall,0.17565810201923118,0.00195643839236947
gutenberg_unpopular,allegrolab__hubble-8b-100b_toks-paraphrased-perturbed-hf,1,rougeL_f1_stemmed,0.11040405613603672,0.0012161916498647071
gutenberg_unpopular,allegrolab__hubble-8b-100b_toks-paraphrased-perturbed-hf,1,rougeL_precision_stemmed,0.08560537575487123,0.0012895235464027532
gutenberg_unpopular,allegrolab__hubble-8b-100b_toks-paraphrased-perturbed-hf,1,rougeL_recall_stemmed,0.17808958759049714,0.0019855275975137446
gutenberg_unpopular,allegrolab__hubble-8b-100b_toks-paraphrased-perturbed-hf,1,exact_match_tokens,0.0,0.0
gutenberg_unpopular,allegrolab__hubble-8b-100b_toks-paraphrased-perturbed-hf,1,exact_match_tokens_s100,0.0,0.0
gutenberg_unpopular,allegrolab__hubble-8b-100b_toks-paraphrased-perturbed-hf,1,rougeL_f1_s100,0.1581197474262072,0.001524349929731086
gutenberg_unpopular,allegrolab__hubble-8b-100b_toks-paraphrased-perturbed-hf,1,rougeL_recall_s100,0.1596881084036454,0.0015577322480116562
gutenberg_unpopular,allegrolab__hubble-8b-100b_toks-paraphrased-perturbed-hf,1,rougeL_precision_s100,0.15910495314432926,0.0015924462616655607
gutenberg_unpopular,allegrolab__hubble-8b-100b_toks-paraphrased-perturbed-hf,4,rougeL_f1,0.10758699118652602,0.0011796625133805097
gutenberg_unpopular,allegrolab__hubble-8b-100b_toks-paraphrased-perturbed-hf,4,rougeL_precision,0.08263309415488682,0.0011969420825485224
gutenberg_unpopular,allegrolab__hubble-8b-100b_toks-paraphrased-perturbed-hf,4,rougeL_recall,0.1738700581390124,0.001855323290500021
gutenberg_unpopular,allegrolab__hubble-8b-100b_toks-paraphrased-perturbed-hf,4,rougeL_f1_stemmed,0.10889502473599334,0.0011893588792486677
gutenberg_unpopular,allegrolab__hubble-8b-100b_toks-paraphrased-perturbed-hf,4,rougeL_precision_stemmed,0.08362418563292262,0.001206698857482421
gutenberg_unpopular,allegrolab__hubble-8b-100b_toks-paraphrased-perturbed-hf,4,rougeL_recall_stemmed,0.17603309576473813,0.0018753967350219232
gutenberg_unpopular,allegrolab__hubble-8b-100b_toks-paraphrased-perturbed-hf,4,exact_match_tokens,0.0,0.0
gutenberg_unpopular,allegrolab__hubble-8b-100b_toks-paraphrased-perturbed-hf,4,exact_match_tokens_s100,0.0,0.0
gutenberg_unpopular,allegrolab__hubble-8b-100b_toks-paraphrased-perturbed-hf,4,rougeL_f1_s100,0.15624151251180968,0.0014879645691160566
gutenberg_unpopular,allegrolab__hubble-8b-100b_toks-paraphrased-perturbed-hf,4,rougeL_recall_s100,0.15756861214647233,0.0015358383072633583
gutenberg_unpopular,allegrolab__hubble-8b-100b_toks-paraphrased-perturbed-hf,4,rougeL_precision_s100,0.1571604827321841,0.0015289643783341818
gutenberg_unpopular,allegrolab__hubble-8b-100b_toks-paraphrased-perturbed-hf,16,rougeL_f1,0.24075980559725507,0.008558648628151819
gutenberg_unpopular,allegrolab__hubble-8b-100b_toks-paraphrased-perturbed-hf,16,rougeL_precision,0.228297105253024,0.008836864540120722
gutenberg_unpopular,allegrolab__hubble-8b-100b_toks-paraphrased-perturbed-hf,16,rougeL_recall,0.2801426423542124,0.008420721595977773
gutenberg_unpopular,allegrolab__hubble-8b-100b_toks-paraphrased-perturbed-hf,16,rougeL_f1_stemmed,0.24212025289273162,0.008545566121038989
gutenberg_unpopular,allegrolab__hubble-8b-100b_toks-paraphrased-perturbed-hf,16,rougeL_precision_stemmed,0.22949497707458666,0.00882804905349002
gutenberg_unpopular,allegrolab__hubble-8b-100b_toks-paraphrased-perturbed-hf,16,rougeL_recall_stemmed,0.2819296825854975,0.00840253616019889
gutenberg_unpopular,allegrolab__hubble-8b-100b_toks-paraphrased-perturbed-hf,16,exact_match_tokens,0.04341736694677871,0.007632173281317409
gutenberg_unpopular,allegrolab__hubble-8b-100b_toks-paraphrased-perturbed-hf,16,exact_match_tokens_s100,0.06862745098039216,0.009468166488356059
gutenberg_unpopular,allegrolab__hubble-8b-100b_toks-paraphrased-perturbed-hf,16,rougeL_f1_s100,0.30883018459510314,0.00998463020278183
gutenberg_unpopular,allegrolab__hubble-8b-100b_toks-paraphrased-perturbed-hf,16,rougeL_recall_s100,0.3104093248139033,0.009986646898861848
gutenberg_unpopular,allegrolab__hubble-8b-100b_toks-paraphrased-perturbed-hf,16,rougeL_precision_s100,0.3097186288931228,0.009995944571156141
gutenberg_unpopular,allegrolab__hubble-8b-100b_toks-paraphrased-perturbed-hf,64,rougeL_f1,0.9708252407667812,0.007895458694647268
gutenberg_unpopular,allegrolab__hubble-8b-100b_toks-paraphrased-perturbed-hf,64,rougeL_precision,0.9692183990416016,0.008259786824344034
gutenberg_unpopular,allegrolab__hubble-8b-100b_toks-paraphrased-perturbed-hf,64,rougeL_recall,0.9736962635846976,0.007262665960242307
gutenberg_unpopular,allegrolab__hubble-8b-100b_toks-paraphrased-perturbed-hf,64,rougeL_f1_stemmed,0.9709011935332454,0.007873088811755182
gutenberg_unpopular,allegrolab__hubble-8b-100b_toks-paraphrased-perturbed-hf,64,rougeL_precision_stemmed,0.9692857391498253,0.008240701295178612
gutenberg_unpopular,allegrolab__hubble-8b-100b_toks-paraphrased-perturbed-hf,64,rougeL_recall_stemmed,0.9737930024402599,0.007233465202599268
gutenberg_unpopular,allegrolab__hubble-8b-100b_toks-paraphrased-perturbed-hf,64,exact_match_tokens,0.9265734265734266,0.015450556311043324
gutenberg_unpopular,allegrolab__hubble-8b-100b_toks-paraphrased-perturbed-hf,64,exact_match_tokens_s100,0.8496503496503497,0.021171367041806857
gutenberg_unpopular,allegrolab__hubble-8b-100b_toks-paraphrased-perturbed-hf,64,rougeL_f1_s100,0.9808825835820603,0.006500854353527339
gutenberg_unpopular,allegrolab__hubble-8b-100b_toks-paraphrased-perturbed-hf,64,rougeL_recall_s100,0.9802003798240548,0.006509122953618618
gutenberg_unpopular,allegrolab__hubble-8b-100b_toks-paraphrased-perturbed-hf,64,rougeL_precision_s100,0.9815991484241383,0.006496228692133325
gutenberg_unpopular,allegrolab__hubble-8b-100b_toks-paraphrased-perturbed-hf,256,rougeL_f1,1.0,0.0
gutenberg_unpopular,allegrolab__hubble-8b-100b_toks-paraphrased-perturbed-hf,256,rougeL_precision,1.0,0.0
gutenberg_unpopular,allegrolab__hubble-8b-100b_toks-paraphrased-perturbed-hf,256,rougeL_recall,1.0,0.0
gutenberg_unpopular,allegrolab__hubble-8b-100b_toks-paraphrased-perturbed-hf,256,rougeL_f1_stemmed,1.0,0.0
gutenberg_unpopular,allegrolab__hubble-8b-100b_toks-paraphrased-perturbed-hf,256,rougeL_precision_stemmed,1.0,0.0
gutenberg_unpopular,allegrolab__hubble-8b-100b_toks-paraphrased-perturbed-hf,256,rougeL_recall_stemmed,1.0,0.0
gutenberg_unpopular,allegrolab__hubble-8b-100b_toks-paraphrased-perturbed-hf,256,exact_match_tokens,1.0,0.0
gutenberg_unpopular,allegrolab__hubble-8b-100b_toks-paraphrased-perturbed-hf,256,exact_match_tokens_s100,0.916083916083916,0.023267303840409186
gutenberg_unpopular,allegrolab__hubble-8b-100b_toks-paraphrased-perturbed-hf,256,rougeL_f1_s100,0.9994179375946913,0.00020052111404588455
gutenberg_unpopular,allegrolab__hubble-8b-100b_toks-paraphrased-perturbed-hf,256,rougeL_recall_s100,0.9988478329310229,0.00039640325870893116
gutenberg_unpopular,allegrolab__hubble-8b-100b_toks-paraphrased-perturbed-hf,256,rougeL_precision_s100,1.0,0.0
gutenberg_unpopular,allegrolab__hubble-8b-100b_toks-perturbed-hf,0,rougeL_f1,0.11421601626301642,0.0007487232595481186
gutenberg_unpopular,allegrolab__hubble-8b-100b_toks-perturbed-hf,0,rougeL_precision,0.09092294797802682,0.0008084008861805888
gutenberg_unpopular,allegrolab__hubble-8b-100b_toks-perturbed-hf,0,rougeL_recall,0.1740951569479571,0.0010408072145686369
gutenberg_unpopular,allegrolab__hubble-8b-100b_toks-perturbed-hf,0,rougeL_f1_stemmed,0.11555256727075525,0.0007552508720342355
gutenberg_unpopular,allegrolab__hubble-8b-100b_toks-perturbed-hf,0,rougeL_precision_stemmed,0.09207305875214214,0.000820250595792388
gutenberg_unpopular,allegrolab__hubble-8b-100b_toks-perturbed-hf,0,rougeL_recall_stemmed,0.17620339782312353,0.0010550132546085658
gutenberg_unpopular,allegrolab__hubble-8b-100b_toks-perturbed-hf,0,exact_match_tokens,0.0,0.0
gutenberg_unpopular,allegrolab__hubble-8b-100b_toks-perturbed-hf,0,exact_match_tokens_s100,0.0,0.0
gutenberg_unpopular,allegrolab__hubble-8b-100b_toks-perturbed-hf,0,rougeL_f1_s100,0.1575367487920018,0.0008777427950334937
gutenberg_unpopular,allegrolab__hubble-8b-100b_toks-perturbed-hf,0,rougeL_recall_s100,0.1595474318613839,0.0009092806708580442
gutenberg_unpopular,allegrolab__hubble-8b-100b_toks-perturbed-hf,0,rougeL_precision_s100,0.15753617814384566,0.0009157200009562817
gutenberg_unpopular,allegrolab__hubble-8b-100b_toks-perturbed-hf,1,rougeL_f1,0.11294521324932529,0.0012940424588996707
gutenberg_unpopular,allegrolab__hubble-8b-100b_toks-perturbed-hf,1,rougeL_precision,0.08754266340984299,0.0012691238101724138
gutenberg_unpopular,allegrolab__hubble-8b-100b_toks-perturbed-hf,1,rougeL_recall,0.17809873810103374,0.0019120841338997748
gutenberg_unpopular,allegrolab__hubble-8b-100b_toks-perturbed-hf,1,rougeL_f1_stemmed,0.11439591138369991,0.0013039293074305805
gutenberg_unpopular,allegrolab__hubble-8b-100b_toks-perturbed-hf,1,rougeL_precision_stemmed,0.08863043497069081,0.0012774111297226343
gutenberg_unpopular,allegrolab__hubble-8b-100b_toks-perturbed-hf,1,rougeL_recall_stemmed,0.1805098946213115,0.0019357333165204698
gutenberg_unpopular,allegrolab__hubble-8b-100b_toks-perturbed-hf,1,exact_match_tokens,0.0,0.0
gutenberg_unpopular,allegrolab__hubble-8b-100b_toks-perturbed-hf,1,exact_match_tokens_s100,0.0,0.0
gutenberg_unpopular,allegrolab__hubble-8b-100b_toks-perturbed-hf,1,rougeL_f1_s100,0.16096497885937133,0.0015935027597437567
gutenberg_unpopular,allegrolab__hubble-8b-100b_toks-perturbed-hf,1,rougeL_recall_s100,0.16264845526674518,0.0016056698807819332
gutenberg_unpopular,allegrolab__hubble-8b-100b_toks-perturbed-hf,1,rougeL_precision_s100,0.16103981619557414,0.0016490906785719887
gutenberg_unpopular,allegrolab__hubble-8b-100b_toks-perturbed-hf,4,rougeL_f1,0.11114511306323556,0.0012516161765577692
gutenberg_unpopular,allegrolab__hubble-8b-100b_toks-perturbed-hf,4,rougeL_precision,0.08597787461784218,0.0012388793332408895
gutenberg_unpopular,allegrolab__hubble-8b-100b_toks-perturbed-hf,4,rougeL_recall,0.1754804682587407,0.001807814754166072
gutenberg_unpopular,allegrolab__hubble-8b-100b_toks-perturbed-hf,4,rougeL_f1_stemmed,0.11251310877409199,0.001263139578166361
gutenberg_unpopular,allegrolab__hubble-8b-100b_toks-perturbed-hf,4,rougeL_precision_stemmed,0.08700994168296396,0.0012486923593149778
gutenberg_unpopular,allegrolab__hubble-8b-100b_toks-perturbed-hf,4,rougeL_recall_stemmed,0.17771932380598493,0.0018326297367166667
gutenberg_unpopular,allegrolab__hubble-8b-100b_toks-perturbed-hf,4,exact_match_tokens,0.0,0.0
gutenberg_unpopular,allegrolab__hubble-8b-100b_toks-perturbed-hf,4,exact_match_tokens_s100,0.0,0.0
gutenberg_unpopular,allegrolab__hubble-8b-100b_toks-perturbed-hf,4,rougeL_f1_s100,0.15831226328987077,0.001521556444800404
gutenberg_unpopular,allegrolab__hubble-8b-100b_toks-perturbed-hf,4,rougeL_recall_s100,0.15982734194185091,0.001540540907810206
gutenberg_unpopular,allegrolab__hubble-8b-100b_toks-perturbed-hf,4,rougeL_precision_s100,0.15861127919284132,0.0015786866461329132
gutenberg_unpopular,allegrolab__hubble-8b-100b_toks-perturbed-hf,16,rougeL_f1,0.2230736495089775,0.0074604821415222245
gutenberg_unpopular,allegrolab__hubble-8b-100b_toks-perturbed-hf,16,rougeL_precision,0.2119563867863805,0.007740222096707649
gutenberg_unpopular,allegrolab__hubble-8b-100b_toks-perturbed-hf,16,rougeL_recall,0.2531918020832199,0.007303651106879287
gutenberg_unpopular,allegrolab__hubble-8b-100b_toks-perturbed-hf,16,rougeL_f1_stemmed,0.22475993582461812,0.0074494471163759355
gutenberg_unpopular,allegrolab__hubble-8b-100b_toks-perturbed-hf,16,rougeL_precision_stemmed,0.21366727460198262,0.007736555656899324
gutenberg_unpopular,allegrolab__hubble-8b-100b_toks-perturbed-hf,16,rougeL_recall_stemmed,0.2551568748117782,0.00728939567563861
gutenberg_unpopular,allegrolab__hubble-8b-100b_toks-perturbed-hf,16,exact_match_tokens,0.02661064425770308,0.006027347432210435
gutenberg_unpopular,allegrolab__hubble-8b-100b_toks-perturbed-hf,16,exact_match_tokens_s100,0.05182072829131653,0.008301416801521676
gutenberg_unpopular,allegrolab__hubble-8b-100b_toks-perturbed-hf,16,rougeL_f1_s100,0.283055265562205,0.008982665953975271
gutenberg_unpopular,allegrolab__hubble-8b-100b_toks-perturbed-hf,16,rougeL_recall_s100,0.28518703975946713,0.009009238392644014
gutenberg_unpopular,allegrolab__hubble-8b-100b_toks-perturbed-hf,16,rougeL_precision_s100,0.2831856670869654,0.009004531718895809
gutenberg_unpopular,allegrolab__hubble-8b-100b_toks-perturbed-hf,64,rougeL_f1,0.974805461530267,0.007277449095761974
gutenberg_unpopular,allegrolab__hubble-8b-100b_toks-perturbed-hf,64,rougeL_precision,0.9749491016646874,0.007317080935545045
gutenberg_unpopular,allegrolab__hubble-8b-100b_toks-perturbed-hf,64,rougeL_recall,0.9749811871204234,0.007158207603685677
gutenberg_unpopular,allegrolab__hubble-8b-100b_toks-perturbed-hf,64,rougeL_f1_stemmed,0.9748520650891714,0.007263258380994053
gutenberg_unpopular,allegrolab__hubble-8b-100b_toks-perturbed-hf,64,rougeL_precision_stemmed,0.9749966537318234,0.007302933772162279
gutenberg_unpopular,allegrolab__hubble-8b-100b_toks-perturbed-hf,64,rougeL_recall_stemmed,0.975027346085195,0.00714382523727365
gutenberg_unpopular,allegrolab__hubble-8b-100b_toks-perturbed-hf,64,exact_match_tokens,0.9405594405594405,0.014005936001461211
gutenberg_unpopular,allegrolab__hubble-8b-100b_toks-perturbed-hf,64,exact_match_tokens_s100,0.8566433566433567,0.020758047787241506
gutenberg_unpopular,allegrolab__hubble-8b-100b_toks-perturbed-hf,64,rougeL_f1_s100,0.9811876964735412,0.006432705343498639
gutenberg_unpopular,allegrolab__hubble-8b-100b_toks-perturbed-hf,64,rougeL_recall_s100,0.9809378726881868,0.006345047951262961
gutenberg_unpopular,allegrolab__hubble-8b-100b_toks-perturbed-hf,64,rougeL_precision_s100,0.9815394216220995,0.0064948360017506885
gutenberg_unpopular,allegrolab__hubble-8b-100b_toks-perturbed-hf,256,rougeL_f1,1.0,0.0
gutenberg_unpopular,allegrolab__hubble-8b-100b_toks-perturbed-hf,256,rougeL_precision,1.0,0.0
gutenberg_unpopular,allegrolab__hubble-8b-100b_toks-perturbed-hf,256,rougeL_recall,1.0,0.0
gutenberg_unpopular,allegrolab__hubble-8b-100b_toks-perturbed-hf,256,rougeL_f1_stemmed,1.0,0.0
gutenberg_unpopular,allegrolab__hubble-8b-100b_toks-perturbed-hf,256,rougeL_precision_stemmed,1.0,0.0
gutenberg_unpopular,allegrolab__hubble-8b-100b_toks-perturbed-hf,256,rougeL_recall_stemmed,1.0,0.0
gutenberg_unpopular,allegrolab__hubble-8b-100b_toks-perturbed-hf,256,exact_match_tokens,1.0,0.0
gutenberg_unpopular,allegrolab__hubble-8b-100b_toks-perturbed-hf,256,exact_match_tokens_s100,0.916083916083916,0.023267303840409186
gutenberg_unpopular,allegrolab__hubble-8b-100b_toks-perturbed-hf,256,rougeL_f1_s100,0.9994179375946913,0.00020052111404588455
gutenberg_unpopular,allegrolab__hubble-8b-100b_toks-perturbed-hf,256,rougeL_recall_s100,0.9988478329310229,0.00039640325870893116
gutenberg_unpopular,allegrolab__hubble-8b-100b_toks-perturbed-hf,256,rougeL_precision_s100,1.0,0.0
gutenberg_unpopular,allegrolab__hubble-8b-100b_toks-standard-hf,0,rougeL_f1,0.09852285005567575,0.0006315044192924231
gutenberg_unpopular,allegrolab__hubble-8b-100b_toks-standard-hf,0,rougeL_precision,0.07021068069634794,0.0005317884767784527
gutenberg_unpopular,allegrolab__hubble-8b-100b_toks-standard-hf,0,rougeL_recall,0.1724799919021414,0.0011276688682914373
gutenberg_unpopular,allegrolab__hubble-8b-100b_toks-standard-hf,0,rougeL_f1_stemmed,0.0997749734694172,0.0006393064451663634
gutenberg_unpopular,allegrolab__hubble-8b-100b_toks-standard-hf,0,rougeL_precision_stemmed,0.07133386058323171,0.0005841365893171911
gutenberg_unpopular,allegrolab__hubble-8b-100b_toks-standard-hf,0,rougeL_recall_stemmed,0.1747079391412422,0.0011458067416544768
gutenberg_unpopular,allegrolab__hubble-8b-100b_toks-standard-hf,0,exact_match_tokens,0.0,0.0
gutenberg_unpopular,allegrolab__hubble-8b-100b_toks-standard-hf,0,exact_match_tokens_s100,0.0,0.0
gutenberg_unpopular,allegrolab__hubble-8b-100b_toks-standard-hf,0,rougeL_f1_s100,0.15502067959357277,0.000914327517505688
gutenberg_unpopular,allegrolab__hubble-8b-100b_toks-standard-hf,0,rougeL_recall_s100,0.1570428247082851,0.0009497157966622588
gutenberg_unpopular,allegrolab__hubble-8b-100b_toks-standard-hf,0,rougeL_precision_s100,0.15501764361823758,0.0009482180001477508
gutenberg_unpopular,allegrolab__hubble-8b-100b_toks-standard-hf,1,rougeL_f1,0.09920224136324962,0.0011286120735486235
gutenberg_unpopular,allegrolab__hubble-8b-100b_toks-standard-hf,1,rougeL_precision,0.07026081175966106,0.0008153679662527201
gutenberg_unpopular,allegrolab__hubble-8b-100b_toks-standard-hf,1,rougeL_recall,0.17430291722361166,0.002081708021491306
gutenberg_unpopular,allegrolab__hubble-8b-100b_toks-standard-hf,1,rougeL_f1_stemmed,0.10071248926760952,0.0011458117746610094
gutenberg_unpopular,allegrolab__hubble-8b-100b_toks-standard-hf,1,rougeL_precision_stemmed,0.0713206353696953,0.0008268493826395386
gutenberg_unpopular,allegrolab__hubble-8b-100b_toks-standard-hf,1,rougeL_recall_stemmed,0.1770135392645195,0.002117395482551583
gutenberg_unpopular,allegrolab__hubble-8b-100b_toks-standard-hf,1,exact_match_tokens,0.0,0.0
gutenberg_unpopular,allegrolab__hubble-8b-100b_toks-standard-hf,1,exact_match_tokens_s100,0.0,0.0
gutenberg_unpopular,allegrolab__hubble-8b-100b_toks-standard-hf,1,rougeL_f1_s100,0.1580261085697298,0.001712055938169576
gutenberg_unpopular,allegrolab__hubble-8b-100b_toks-standard-hf,1,rougeL_recall_s100,0.1600157752789612,0.0017499218840307657
gutenberg_unpopular,allegrolab__hubble-8b-100b_toks-standard-hf,1,rougeL_precision_s100,0.15789762546651917,0.001737039555757604
gutenberg_unpopular,allegrolab__hubble-8b-100b_toks-standard-hf,4,rougeL_f1,0.09739930178870408,0.0010329959979626536
gutenberg_unpopular,allegrolab__hubble-8b-100b_toks-standard-hf,4,rougeL_precision,0.06898112210595936,0.000757143565922461
gutenberg_unpopular,allegrolab__hubble-8b-100b_toks-standard-hf,4,rougeL_recall,0.17139728349213246,0.0018859243467833646
gutenberg_unpopular,allegrolab__hubble-8b-100b_toks-standard-hf,4,rougeL_f1_stemmed,0.09870115777826358,0.001045616410297002
gutenberg_unpopular,allegrolab__hubble-8b-100b_toks-standard-hf,4,rougeL_precision_stemmed,0.06989616720090328,0.0007656221878966001
gutenberg_unpopular,allegrolab__hubble-8b-100b_toks-standard-hf,4,rougeL_recall_stemmed,0.17372040915078768,0.0019115574301681376
gutenberg_unpopular,allegrolab__hubble-8b-100b_toks-standard-hf,4,exact_match_tokens,0.0,0.0
gutenberg_unpopular,allegrolab__hubble-8b-100b_toks-standard-hf,4,exact_match_tokens_s100,0.0,0.0
gutenberg_unpopular,allegrolab__hubble-8b-100b_toks-standard-hf,4,rougeL_f1_s100,0.154072024298696,0.0014983171185103071
gutenberg_unpopular,allegrolab__hubble-8b-100b_toks-standard-hf,4,rougeL_recall_s100,0.15654153670509965,0.0015515097033271398
gutenberg_unpopular,allegrolab__hubble-8b-100b_toks-standard-hf,4,rougeL_precision_s100,0.1534995135778278,0.0015112387220760264
gutenberg_unpopular,allegrolab__hubble-8b-100b_toks-standard-hf,16,rougeL_f1,0.1020734281351362,0.0017689553465197383
gutenberg_unpopular,allegrolab__hubble-8b-100b_toks-standard-hf,16,rougeL_precision,0.07273366847516374,0.001404948250139089
gutenberg_unpopular,allegrolab__hubble-8b-100b_toks-standard-hf,16,rougeL_recall,0.17797429585106353,0.0028965117520188682
gutenberg_unpopular,allegrolab__hubble-8b-100b_toks-standard-hf,16,rougeL_f1_stemmed,0.10341048913044348,0.001776365703536931
gutenberg_unpopular,allegrolab__hubble-8b-100b_toks-standard-hf,16,rougeL_precision_stemmed,0.07366711269830871,0.0014079865689248195
gutenberg_unpopular,allegrolab__hubble-8b-100b_toks-standard-hf,16,rougeL_recall_stemmed,0.1803853407308155,0.002921571461404932
gutenberg_unpopular,allegrolab__hubble-8b-100b_toks-standard-hf,16,exact_match_tokens,0.0,0.0
gutenberg_unpopular,allegrolab__hubble-8b-100b_toks-standard-hf,16,exact_match_tokens_s100,0.0,0.0
gutenberg_unpopular,allegrolab__hubble-8b-100b_toks-standard-hf,16,rougeL_f1_s100,0.16001653928714882,0.002325688204783601
gutenberg_unpopular,allegrolab__hubble-8b-100b_toks-standard-hf,16,rougeL_recall_s100,0.1625526305929043,0.0024248399475565972
gutenberg_unpopular,allegrolab__hubble-8b-100b_toks-standard-hf,16,rougeL_precision_s100,0.1592865712358206,0.0023202966521920555
gutenberg_unpopular,allegrolab__hubble-8b-100b_toks-standard-hf,64,rougeL_f1,0.09909659321617886,0.002085910704658617
gutenberg_unpopular,allegrolab__hubble-8b-100b_toks-standard-hf,64,rougeL_precision,0.07003836047798309,0.0014912361162012367
gutenberg_unpopular,allegrolab__hubble-8b-100b_toks-standard-hf,64,rougeL_recall,0.17548291650697664,0.003953561002466678
gutenberg_unpopular,allegrolab__hubble-8b-100b_toks-standard-hf,64,rougeL_f1_stemmed,0.10028735016580767,0.002119700690554335
gutenberg_unpopular,allegrolab__hubble-8b-100b_toks-standard-hf,64,rougeL_precision_stemmed,0.07088646639986584,0.0015188999542467166
gutenberg_unpopular,allegrolab__hubble-8b-100b_toks-standard-hf,64,rougeL_recall_stemmed,0.17755652440192726,0.004003166405309754
gutenberg_unpopular,allegrolab__hubble-8b-100b_toks-standard-hf,64,exact_match_tokens,0.0,0.0
gutenberg_unpopular,allegrolab__hubble-8b-100b_toks-standard-hf,64,exact_match_tokens_s100,0.0,0.0
gutenberg_unpopular,allegrolab__hubble-8b-100b_toks-standard-hf,64,rougeL_f1_s100,0.15805250936728296,0.0030843698566352124
gutenberg_unpopular,allegrolab__hubble-8b-100b_toks-standard-hf,64,rougeL_recall_s100,0.161418917173692,0.0032466289765107855
gutenberg_unpopular,allegrolab__hubble-8b-100b_toks-standard-hf,64,rougeL_precision_s100,0.1569886128526242,0.0030983374284845235
gutenberg_unpopular,allegrolab__hubble-8b-100b_toks-standard-hf,256,rougeL_f1,0.10558341298882522,0.004008777874222014
gutenberg_unpopular,allegrolab__hubble-8b-100b_toks-standard-hf,256,rougeL_precision,0.07532746885043805,0.003074124063553453
gutenberg_unpopular,allegrolab__hubble-8b-100b_toks-standard-hf,256,rougeL_recall,0.18238031738932178,0.006590486050692096
gutenberg_unpopular,allegrolab__hubble-8b-100b_toks-standard-hf,256,rougeL_f1_stemmed,0.1067015697358261,0.0040361759839266055
gutenberg_unpopular,allegrolab__hubble-8b-100b_toks-standard-hf,256,rougeL_precision_stemmed,0.0761087140797004,0.0030867823648687075
gutenberg_unpopular,allegrolab__hubble-8b-100b_toks-standard-hf,256,rougeL_recall_stemmed,0.18437646792211748,0.006672331004045908
gutenberg_unpopular,allegrolab__hubble-8b-100b_toks-standard-hf,256,exact_match_tokens,0.0,0.0
gutenberg_unpopular,allegrolab__hubble-8b-100b_toks-standard-hf,256,exact_match_tokens_s100,0.0,0.0
gutenberg_unpopular,allegrolab__hubble-8b-100b_toks-standard-hf,256,rougeL_f1_s100,0.16250927409096694,0.005530657854052568
gutenberg_unpopular,allegrolab__hubble-8b-100b_toks-standard-hf,256,rougeL_recall_s100,0.16366067743642904,0.0055715938636831065
gutenberg_unpopular,allegrolab__hubble-8b-100b_toks-standard-hf,256,rougeL_precision_s100,0.1628159034682213,0.005622319582591931
gutenberg_unpopular,allegrolab__hubble-8b-500b_toks-perturbed-hf,0,rougeL_f1,0.10771369073374752,0.0006792409631563029
gutenberg_unpopular,allegrolab__hubble-8b-500b_toks-perturbed-hf,0,rougeL_precision,0.0792484887979349,0.0006118197496220875
gutenberg_unpopular,allegrolab__hubble-8b-500b_toks-perturbed-hf,0,rougeL_recall,0.1812384362427954,0.0011091059160311934
gutenberg_unpopular,allegrolab__hubble-8b-500b_toks-perturbed-hf,0,rougeL_f1_stemmed,0.10909312425232742,0.0006865819049407224
gutenberg_unpopular,allegrolab__hubble-8b-500b_toks-perturbed-hf,0,rougeL_precision_stemmed,0.08037042128198245,0.0006265774324924791
gutenberg_unpopular,allegrolab__hubble-8b-500b_toks-perturbed-hf,0,rougeL_recall_stemmed,0.18359139519585932,0.0011237717902210932
gutenberg_unpopular,allegrolab__hubble-8b-500b_toks-perturbed-hf,0,exact_match_tokens,0.0,0.0
gutenberg_unpopular,allegrolab__hubble-8b-500b_toks-perturbed-hf,0,exact_match_tokens_s100,0.0,0.0
gutenberg_unpopular,allegrolab__hubble-8b-500b_toks-perturbed-hf,0,rougeL_f1_s100,0.1601301051151831,0.0009187958693029901
gutenberg_unpopular,allegrolab__hubble-8b-500b_toks-perturbed-hf,0,rougeL_recall_s100,0.1620175938975814,0.0009483426658888329
gutenberg_unpopular,allegrolab__hubble-8b-500b_toks-perturbed-hf,0,rougeL_precision_s100,0.15993657196685634,0.0009355474065009143
gutenberg_unpopular,allegrolab__hubble-8b-500b_toks-perturbed-hf,1,rougeL_f1,0.10967842152178746,0.001179762870139904
gutenberg_unpopular,allegrolab__hubble-8b-500b_toks-perturbed-hf,1,rougeL_precision,0.08060971926841883,0.0010476524929455776
gutenberg_unpopular,allegrolab__hubble-8b-500b_toks-perturbed-hf,1,rougeL_recall,0.18657197582757729,0.002042459845479436
gutenberg_unpopular,allegrolab__hubble-8b-500b_toks-perturbed-hf,1,rougeL_f1_stemmed,0.11115614062446912,0.0011905708802696906
gutenberg_unpopular,allegrolab__hubble-8b-500b_toks-perturbed-hf,1,rougeL_precision_stemmed,0.08168581182132557,0.001054732124743064
gutenberg_unpopular,allegrolab__hubble-8b-500b_toks-perturbed-hf,1,rougeL_recall_stemmed,0.1891053916968793,0.0020655360548790555
gutenberg_unpopular,allegrolab__hubble-8b-500b_toks-perturbed-hf,1,exact_match_tokens,0.0,0.0
gutenberg_unpopular,allegrolab__hubble-8b-500b_toks-perturbed-hf,1,exact_match_tokens_s100,0.0,0.0
gutenberg_unpopular,allegrolab__hubble-8b-500b_toks-perturbed-hf,1,rougeL_f1_s100,0.16314728376047463,0.001638187311493782
gutenberg_unpopular,allegrolab__hubble-8b-500b_toks-perturbed-hf,1,rougeL_recall_s100,0.16539284018456774,0.001679334901088835
gutenberg_unpopular,allegrolab__hubble-8b-500b_toks-perturbed-hf,1,rougeL_precision_s100,0.16301023528054356,0.001680158483696059
gutenberg_unpopular,allegrolab__hubble-8b-500b_toks-perturbed-hf,4,rougeL_f1,0.10659270667231555,0.0011000315418557645
gutenberg_unpopular,allegrolab__hubble-8b-500b_toks-perturbed-hf,4,rougeL_precision,0.07881389194691672,0.0010541163633896243
gutenberg_unpopular,allegrolab__hubble-8b-500b_toks-perturbed-hf,4,rougeL_recall,0.18020567473043791,0.0018260941795143722
gutenberg_unpopular,allegrolab__hubble-8b-500b_toks-perturbed-hf,4,rougeL_f1_stemmed,0.10796952685931326,0.0011092323078933193
gutenberg_unpopular,allegrolab__hubble-8b-500b_toks-perturbed-hf,4,rougeL_precision_stemmed,0.07983021357742646,0.001066606462175077
gutenberg_unpopular,allegrolab__hubble-8b-500b_toks-perturbed-hf,4,rougeL_recall_stemmed,0.1825646854922919,0.0018449572519094212
gutenberg_unpopular,allegrolab__hubble-8b-500b_toks-perturbed-hf,4,exact_match_tokens,0.0,0.0
gutenberg_unpopular,allegrolab__hubble-8b-500b_toks-perturbed-hf,4,exact_match_tokens_s100,0.0,0.0
gutenberg_unpopular,allegrolab__hubble-8b-500b_toks-perturbed-hf,4,rougeL_f1_s100,0.16018526330192873,0.0015313973624100992
gutenberg_unpopular,allegrolab__hubble-8b-500b_toks-perturbed-hf,4,rougeL_recall_s100,0.16235868262112688,0.0015726266468430762
gutenberg_unpopular,allegrolab__hubble-8b-500b_toks-perturbed-hf,4,rougeL_precision_s100,0.16022359464627073,0.001579134375004577
gutenberg_unpopular,allegrolab__hubble-8b-500b_toks-perturbed-hf,16,rougeL_f1,0.11555984639348084,0.0018629102610145459
gutenberg_unpopular,allegrolab__hubble-8b-500b_toks-perturbed-hf,16,rougeL_precision,0.08659498901145127,0.0017054916657214742
gutenberg_unpopular,allegrolab__hubble-8b-500b_toks-perturbed-hf,16,rougeL_recall,0.19032805687098103,0.002820311793692238
gutenberg_unpopular,allegrolab__hubble-8b-500b_toks-perturbed-hf,16,rougeL_f1_stemmed,0.1169316209260562,0.0018731095710190085
gutenberg_unpopular,allegrolab__hubble-8b-500b_toks-perturbed-hf,16,rougeL_precision_stemmed,0.0875916348244615,0.0017125856073279795
gutenberg_unpopular,allegrolab__hubble-8b-500b_toks-perturbed-hf,16,rougeL_recall_stemmed,0.19268565724736467,0.0028514867027162006
gutenberg_unpopular,allegrolab__hubble-8b-500b_toks-perturbed-hf,16,exact_match_tokens,0.0,0.0
gutenberg_unpopular,allegrolab__hubble-8b-500b_toks-perturbed-hf,16,exact_match_tokens_s100,0.0,0.0
gutenberg_unpopular,allegrolab__hubble-8b-500b_toks-perturbed-hf,16,rougeL_f1_s100,0.1677298155176338,0.0023290152632718325
gutenberg_unpopular,allegrolab__hubble-8b-500b_toks-perturbed-hf,16,rougeL_recall_s100,0.17054757625571654,0.002428428528706154
gutenberg_unpopular,allegrolab__hubble-8b-500b_toks-perturbed-hf,16,rougeL_precision_s100,0.16666052477592902,0.00233659335223989
gutenberg_unpopular,allegrolab__hubble-8b-500b_toks-perturbed-hf,64,rougeL_f1,0.4368092358531611,0.019549516114560406
gutenberg_unpopular,allegrolab__hubble-8b-500b_toks-perturbed-hf,64,rougeL_precision,0.429354562560578,0.01987564959140391
gutenberg_unpopular,allegrolab__hubble-8b-500b_toks-perturbed-hf,64,rougeL_recall,0.4570441673587023,0.01901550596951895
gutenberg_unpopular,allegrolab__hubble-8b-500b_toks-perturbed-hf,64,rougeL_f1_stemmed,0.4381129012096984,0.019510652816287704
gutenberg_unpopular,allegrolab__hubble-8b-500b_toks-perturbed-hf,64,rougeL_precision_stemmed,0.4306007746534272,0.019840826560343812
gutenberg_unpopular,allegrolab__hubble-8b-500b_toks-perturbed-hf,64,rougeL_recall_stemmed,0.4585156408058688,0.01897234892030997
gutenberg_unpopular,allegrolab__hubble-8b-500b_toks-perturbed-hf,64,exact_match_tokens,0.16083916083916083,0.02176186308295102
gutenberg_unpopular,allegrolab__hubble-8b-500b_toks-perturbed-hf,64,exact_match_tokens_s100,0.24475524475524477,0.025467565538470658
gutenberg_unpopular,allegrolab__hubble-8b-500b_toks-perturbed-hf,64,rougeL_f1_s100,0.5428949705749896,0.020182125756255376
gutenberg_unpopular,allegrolab__hubble-8b-500b_toks-perturbed-hf,64,rougeL_recall_s100,0.5454445500282761,0.02015385683616731
gutenberg_unpopular,allegrolab__hubble-8b-500b_toks-perturbed-hf,64,rougeL_precision_s100,0.5419847243755799,0.020187433970103343
gutenberg_unpopular,allegrolab__hubble-8b-500b_toks-perturbed-hf,256,rougeL_f1,0.9018789703185547,0.01751036524624839
gutenberg_unpopular,allegrolab__hubble-8b-500b_toks-perturbed-hf,256,rougeL_precision,0.8978881325661501,0.018127871007710555
gutenberg_unpopular,allegrolab__hubble-8b-500b_toks-perturbed-hf,256,rougeL_recall,0.9075332810479634,0.016821011835628032
gutenberg_unpopular,allegrolab__hubble-8b-500b_toks-perturbed-hf,256,rougeL_f1_stemmed,0.9023971418618111,0.017428730733932602
gutenberg_unpopular,allegrolab__hubble-8b-500b_toks-perturbed-hf,256,rougeL_precision_stemmed,0.8983828815954928,0.018050694254097617
gutenberg_unpopular,allegrolab__hubble-8b-500b_toks-perturbed-hf,256,rougeL_recall_stemmed,0.9080860120570173,0.01673389998140112
gutenberg_unpopular,allegrolab__hubble-8b-500b_toks-perturbed-hf,256,exact_match_tokens,0.7202797202797203,0.037667638895398564
gutenberg_unpopular,allegrolab__hubble-8b-500b_toks-perturbed-hf,256,exact_match_tokens_s100,0.8321678321678322,0.03136164914562466
gutenberg_unpopular,allegrolab__hubble-8b-500b_toks-perturbed-hf,256,rougeL_f1_s100,0.9567333330836395,0.01266261676313844
gutenberg_unpopular,allegrolab__hubble-8b-500b_toks-perturbed-hf,256,rougeL_recall_s100,0.9570440373730207,0.012394801354169854
gutenberg_unpopular,allegrolab__hubble-8b-500b_toks-perturbed-hf,256,rougeL_precision_s100,0.9566768197067632,0.01288587643105
gutenberg_unpopular,allegrolab__hubble-8b-500b_toks-standard-hf,0,rougeL_f1,0.10294085027711612,0.0006403746779453169
gutenberg_unpopular,allegrolab__hubble-8b-500b_toks-standard-hf,0,rougeL_precision,0.07321677107513178,0.0005166322566771749
gutenberg_unpopular,allegrolab__hubble-8b-500b_toks-standard-hf,0,rougeL_recall,0.18052273539465047,0.001141121088957922
gutenberg_unpopular,allegrolab__hubble-8b-500b_toks-standard-hf,0,rougeL_f1_stemmed,0.10431585552980807,0.0006477365487821421
gutenberg_unpopular,allegrolab__hubble-8b-500b_toks-standard-hf,0,rougeL_precision_stemmed,0.07418414875850134,0.0005211406371757534
gutenberg_unpopular,allegrolab__hubble-8b-500b_toks-standard-hf,0,rougeL_recall_stemmed,0.18298916971650023,0.0011587459229054707
gutenberg_unpopular,allegrolab__hubble-8b-500b_toks-standard-hf,0,exact_match_tokens,0.0,0.0
gutenberg_unpopular,allegrolab__hubble-8b-500b_toks-standard-hf,0,exact_match_tokens_s100,0.0,0.0
gutenberg_unpopular,allegrolab__hubble-8b-500b_toks-standard-hf,0,rougeL_f1_s100,0.15955446163726705,0.0009190514682304101
gutenberg_unpopular,allegrolab__hubble-8b-500b_toks-standard-hf,0,rougeL_recall_s100,0.16172199668342324,0.0009558390105497468
gutenberg_unpopular,allegrolab__hubble-8b-500b_toks-standard-hf,0,rougeL_precision_s100,0.1592106854533448,0.0009397440891522812
gutenberg_unpopular,allegrolab__hubble-8b-500b_toks-standard-hf,1,rougeL_f1,0.10510276618685832,0.001101027597722476
gutenberg_unpopular,allegrolab__hubble-8b-500b_toks-standard-hf,1,rougeL_precision,0.07479668626928221,0.0008784477673106329
gutenberg_unpopular,allegrolab__hubble-8b-500b_toks-standard-hf,1,rougeL_recall,0.18439811013761842,0.001958973833525866
gutenberg_unpopular,allegrolab__hubble-8b-500b_toks-standard-hf,1,rougeL_f1_stemmed,0.1065136586817697,0.001113150239167523
gutenberg_unpopular,allegrolab__hubble-8b-500b_toks-standard-hf,1,rougeL_precision_stemmed,0.07581475568754377,0.0008964620869446288
gutenberg_unpopular,allegrolab__hubble-8b-500b_toks-standard-hf,1,rougeL_recall_stemmed,0.18691048422680434,0.001984692478047528
gutenberg_unpopular,allegrolab__hubble-8b-500b_toks-standard-hf,1,exact_match_tokens,0.0,0.0
gutenberg_unpopular,allegrolab__hubble-8b-500b_toks-standard-hf,1,exact_match_tokens_s100,0.0,0.0
gutenberg_unpopular,allegrolab__hubble-8b-500b_toks-standard-hf,1,rougeL_f1_s100,0.1632487068521868,0.0015734819112810012
gutenberg_unpopular,allegrolab__hubble-8b-500b_toks-standard-hf,1,rougeL_recall_s100,0.16570014871013228,0.001611601278695842
gutenberg_unpopular,allegrolab__hubble-8b-500b_toks-standard-hf,1,rougeL_precision_s100,0.16258656448954298,0.0015939648029339528
gutenberg_unpopular,allegrolab__hubble-8b-500b_toks-standard-hf,4,rougeL_f1,0.1024781607444376,0.0010739385831839438
gutenberg_unpopular,allegrolab__hubble-8b-500b_toks-standard-hf,4,rougeL_precision,0.07271441584403185,0.0008031800709166745
gutenberg_unpopular,allegrolab__hubble-8b-500b_toks-standard-hf,4,rougeL_recall,0.17947955311998304,0.0018992081197863138
gutenberg_unpopular,allegrolab__hubble-8b-500b_toks-standard-hf,4,rougeL_f1_stemmed,0.10373780265664945,0.0010835243371026622
gutenberg_unpopular,allegrolab__hubble-8b-500b_toks-standard-hf,4,rougeL_precision_stemmed,0.07359983124655228,0.0008087976314218473
gutenberg_unpopular,allegrolab__hubble-8b-500b_toks-standard-hf,4,rougeL_recall_stemmed,0.18171877115799256,0.0019215532227582254
gutenberg_unpopular,allegrolab__hubble-8b-500b_toks-standard-hf,4,exact_match_tokens,0.0,0.0
gutenberg_unpopular,allegrolab__hubble-8b-500b_toks-standard-hf,4,exact_match_tokens_s100,0.0,0.0
gutenberg_unpopular,allegrolab__hubble-8b-500b_toks-standard-hf,4,rougeL_f1_s100,0.15844556509192753,0.0015694364319216061
gutenberg_unpopular,allegrolab__hubble-8b-500b_toks-standard-hf,4,rougeL_recall_s100,0.16048427179716632,0.0015993380765584556
gutenberg_unpopular,allegrolab__hubble-8b-500b_toks-standard-hf,4,rougeL_precision_s100,0.1581528186543994,0.0016085345534475493
gutenberg_unpopular,allegrolab__hubble-8b-500b_toks-standard-hf,16,rougeL_f1,0.10755746104401222,0.0018324197023679508
gutenberg_unpopular,allegrolab__hubble-8b-500b_toks-standard-hf,16,rougeL_precision,0.07657203051467239,0.001486532057367174
gutenberg_unpopular,allegrolab__hubble-8b-500b_toks-standard-hf,16,rougeL_recall,0.18772968539764198,0.0028669242482436343
gutenberg_unpopular,allegrolab__hubble-8b-500b_toks-standard-hf,16,rougeL_f1_stemmed,0.10894602690178228,0.0018403300987405106
gutenberg_unpopular,allegrolab__hubble-8b-500b_toks-standard-hf,16,rougeL_precision_stemmed,0.07754826441773116,0.001491199370441155
gutenberg_unpopular,allegrolab__hubble-8b-500b_toks-standard-hf,16,rougeL_recall_stemmed,0.1902199875034189,0.00289007062258173
gutenberg_unpopular,allegrolab__hubble-8b-500b_toks-standard-hf,16,exact_match_tokens,0.0,0.0
gutenberg_unpopular,allegrolab__hubble-8b-500b_toks-standard-hf,16,exact_match_tokens_s100,0.0,0.0
gutenberg_unpopular,allegrolab__hubble-8b-500b_toks-standard-hf,16,rougeL_f1_s100,0.16382690883601927,0.002277102208566417
gutenberg_unpopular,allegrolab__hubble-8b-500b_toks-standard-hf,16,rougeL_recall_s100,0.16605452006010796,0.002317715683059569
gutenberg_unpopular,allegrolab__hubble-8b-500b_toks-standard-hf,16,rougeL_precision_s100,0.16321276413207278,0.002326533695517187
gutenberg_unpopular,allegrolab__hubble-8b-500b_toks-standard-hf,64,rougeL_f1,0.1038529728274717,0.002654135607857667
gutenberg_unpopular,allegrolab__hubble-8b-500b_toks-standard-hf,64,rougeL_precision,0.07342771247356977,0.0019247488055297735
gutenberg_unpopular,allegrolab__hubble-8b-500b_toks-standard-hf,64,rougeL_recall,0.18298073046547847,0.0047039235230548655
gutenberg_unpopular,allegrolab__hubble-8b-500b_toks-standard-hf,64,rougeL_f1_stemmed,0.10530434383554155,0.0027083293571717225
gutenberg_unpopular,allegrolab__hubble-8b-500b_toks-standard-hf,64,rougeL_precision_stemmed,0.07447021800848268,0.001972080823773256
gutenberg_unpopular,allegrolab__hubble-8b-500b_toks-standard-hf,64,rougeL_recall_stemmed,0.18550910949455582,0.004764657131256361
gutenberg_unpopular,allegrolab__hubble-8b-500b_toks-standard-hf,64,exact_match_tokens,0.0,0.0
gutenberg_unpopular,allegrolab__hubble-8b-500b_toks-standard-hf,64,exact_match_tokens_s100,0.0,0.0
gutenberg_unpopular,allegrolab__hubble-8b-500b_toks-standard-hf,64,rougeL_f1_s100,0.16387615678364417,0.0041563255918732
gutenberg_unpopular,allegrolab__hubble-8b-500b_toks-standard-hf,64,rougeL_recall_s100,0.16715804841158163,0.004324327277136938
gutenberg_unpopular,allegrolab__hubble-8b-500b_toks-standard-hf,64,rougeL_precision_s100,0.16263411557510438,0.004117315650040598
gutenberg_unpopular,allegrolab__hubble-8b-500b_toks-standard-hf,256,rougeL_f1,0.10996761674675642,0.004108668421996884
gutenberg_unpopular,allegrolab__hubble-8b-500b_toks-standard-hf,256,rougeL_precision,0.07815829064836437,0.0031585466592330687
gutenberg_unpopular,allegrolab__hubble-8b-500b_toks-standard-hf,256,rougeL_recall,0.19103524570874275,0.006694860049011043
gutenberg_unpopular,allegrolab__hubble-8b-500b_toks-standard-hf,256,rougeL_f1_stemmed,0.11132027066399072,0.004162467408707524
gutenberg_unpopular,allegrolab__hubble-8b-500b_toks-standard-hf,256,rougeL_precision_stemmed,0.0790943787102527,0.003188107295492963
gutenberg_unpopular,allegrolab__hubble-8b-500b_toks-standard-hf,256,rougeL_recall_stemmed,0.19350585558724365,0.006835368455882243
gutenberg_unpopular,allegrolab__hubble-8b-500b_toks-standard-hf,256,exact_match_tokens,0.0,0.0
gutenberg_unpopular,allegrolab__hubble-8b-500b_toks-standard-hf,256,exact_match_tokens_s100,0.0,0.0
gutenberg_unpopular,allegrolab__hubble-8b-500b_toks-standard-hf,256,rougeL_f1_s100,0.1651582353682006,0.005529226253473132
gutenberg_unpopular,allegrolab__hubble-8b-500b_toks-standard-hf,256,rougeL_recall_s100,0.16786627281881134,0.005628713959761883
gutenberg_unpopular,allegrolab__hubble-8b-500b_toks-standard-hf,256,rougeL_precision_s100,0.1641288539309318,0.005588559977650037
gutenberg_popular,allegrolab__hubble-1b-100b_toks-double_depth-perturbed-hf,0,norm_ll_word,-4.557012658928094,0.04957331878337577
gutenberg_popular,allegrolab__hubble-1b-100b_toks-double_depth-perturbed-hf,0,norm_ll_byte,-0.7807550401627242,0.006571298612088918
gutenberg_popular,allegrolab__hubble-1b-100b_toks-double_depth-perturbed-hf,1,norm_ll_word,-4.504213260047476,0.05570031983166936
gutenberg_popular,allegrolab__hubble-1b-100b_toks-double_depth-perturbed-hf,1,norm_ll_byte,-0.7772338380312351,0.0074584199317661165
gutenberg_popular,allegrolab__hubble-1b-100b_toks-double_depth-perturbed-hf,16,norm_ll_word,-4.15813380806192,0.0729507342707358
gutenberg_popular,allegrolab__hubble-1b-100b_toks-double_depth-perturbed-hf,16,norm_ll_byte,-0.7128259197100364,0.010369774529243392
gutenberg_popular,allegrolab__hubble-1b-100b_toks-double_depth-perturbed-hf,256,norm_ll_word,-0.16404969237460337,0.004347147595385824
gutenberg_popular,allegrolab__hubble-1b-100b_toks-double_depth-perturbed-hf,256,norm_ll_byte,-0.028541487887155985,0.000700174427060383
gutenberg_popular,allegrolab__hubble-1b-100b_toks-double_depth-standard-hf,0,norm_ll_word,-4.592231969390282,0.04970486888210487
gutenberg_popular,allegrolab__hubble-1b-100b_toks-double_depth-standard-hf,0,norm_ll_byte,-0.7866229136809133,0.006480303453646944
gutenberg_popular,allegrolab__hubble-1b-100b_toks-double_depth-standard-hf,1,norm_ll_word,-4.568035445108064,0.0565644521904167
gutenberg_popular,allegrolab__hubble-1b-100b_toks-double_depth-standard-hf,1,norm_ll_byte,-0.7881104094078037,0.007492624533720544
gutenberg_popular,allegrolab__hubble-1b-100b_toks-double_depth-standard-hf,16,norm_ll_word,-4.620174883410297,0.08018576204331135
gutenberg_popular,allegrolab__hubble-1b-100b_toks-double_depth-standard-hf,16,norm_ll_byte,-0.7909867453842139,0.010940132305455671
gutenberg_popular,allegrolab__hubble-1b-100b_toks-double_depth-standard-hf,256,norm_ll_word,-4.469442357971252,0.09584532045825014
gutenberg_popular,allegrolab__hubble-1b-100b_toks-double_depth-standard-hf,256,norm_ll_byte,-0.7794518954555287,0.01507523751636354
gutenberg_popular,allegrolab__hubble-1b-100b_toks-half_depth-perturbed-hf,0,norm_ll_word,-4.785942045230485,0.05212390451473278
gutenberg_popular,allegrolab__hubble-1b-100b_toks-half_depth-perturbed-hf,0,norm_ll_byte,-0.8196727194362947,0.00673722358319377
gutenberg_popular,allegrolab__hubble-1b-100b_toks-half_depth-perturbed-hf,1,norm_ll_word,-4.708345618753798,0.058458525227549116
gutenberg_popular,allegrolab__hubble-1b-100b_toks-half_depth-perturbed-hf,1,norm_ll_byte,-0.812115343843402,0.007687803477065942
gutenberg_popular,allegrolab__hubble-1b-100b_toks-half_depth-perturbed-hf,16,norm_ll_word,-4.362211047717494,0.07631098428768104
gutenberg_popular,allegrolab__hubble-1b-100b_toks-half_depth-perturbed-hf,16,norm_ll_byte,-0.7474303680990627,0.010637185085956435
gutenberg_popular,allegrolab__hubble-1b-100b_toks-half_depth-perturbed-hf,256,norm_ll_word,-0.22507873257342514,0.004886934405363661
gutenberg_popular,allegrolab__hubble-1b-100b_toks-half_depth-perturbed-hf,256,norm_ll_byte,-0.03914686700720798,0.0007163086514518178
gutenberg_popular,allegrolab__hubble-1b-100b_toks-half_depth-standard-hf,0,norm_ll_word,-4.783617331906353,0.05242280512335556
gutenberg_popular,allegrolab__hubble-1b-100b_toks-half_depth-standard-hf,0,norm_ll_byte,-0.818910390138543,0.0067022417714909105
gutenberg_popular,allegrolab__hubble-1b-100b_toks-half_depth-standard-hf,1,norm_ll_word,-4.756405274435692,0.0596561910744529
gutenberg_popular,allegrolab__hubble-1b-100b_toks-half_depth-standard-hf,1,norm_ll_byte,-0.8201261144520009,0.007759423655593202
gutenberg_popular,allegrolab__hubble-1b-100b_toks-half_depth-standard-hf,16,norm_ll_word,-4.805911292181654,0.08401077289783472
gutenberg_popular,allegrolab__hubble-1b-100b_toks-half_depth-standard-hf,16,norm_ll_byte,-0.8224995453380588,0.011329706032346808
gutenberg_popular,allegrolab__hubble-1b-100b_toks-half_depth-standard-hf,256,norm_ll_word,-4.654034032872188,0.09900813518576002
gutenberg_popular,allegrolab__hubble-1b-100b_toks-half_depth-standard-hf,256,norm_ll_byte,-0.8115533152094633,0.01545934781260449
gutenberg_popular,allegrolab__hubble-1b-100b_toks-injectrange_0_25-hf,0,norm_ll_word,-4.6487090471634245,0.05033188054876267
gutenberg_popular,allegrolab__hubble-1b-100b_toks-injectrange_0_25-hf,0,norm_ll_byte,-0.7960757780225756,0.006501681392193599
gutenberg_popular,allegrolab__hubble-1b-100b_toks-injectrange_0_25-hf,1,norm_ll_word,-4.631782824292959,0.05818939258535846
gutenberg_popular,allegrolab__hubble-1b-100b_toks-injectrange_0_25-hf,1,norm_ll_byte,-0.798871899540804,0.007696022486969887
gutenberg_popular,allegrolab__hubble-1b-100b_toks-injectrange_0_25-hf,16,norm_ll_word,-4.646128089304651,0.08074748327138363
gutenberg_popular,allegrolab__hubble-1b-100b_toks-injectrange_0_25-hf,16,norm_ll_byte,-0.7953270468573114,0.010970276581207595
gutenberg_popular,allegrolab__hubble-1b-100b_toks-injectrange_0_25-hf,256,norm_ll_word,-4.447559627364393,0.09545912123484078
gutenberg_popular,allegrolab__hubble-1b-100b_toks-injectrange_0_25-hf,256,norm_ll_byte,-0.7755809375230066,0.014972827210502986
gutenberg_popular,allegrolab__hubble-1b-100b_toks-injectrange_0_50-hf,0,norm_ll_word,-4.623661737135918,0.0500324986822611
gutenberg_popular,allegrolab__hubble-1b-100b_toks-injectrange_0_50-hf,0,norm_ll_byte,-0.7918865418364801,0.006487316091988507
gutenberg_popular,allegrolab__hubble-1b-100b_toks-injectrange_0_50-hf,1,norm_ll_word,-4.608217700647951,0.057621861153835774
gutenberg_popular,allegrolab__hubble-1b-100b_toks-injectrange_0_50-hf,1,norm_ll_byte,-0.7947789822995106,0.007575983884692446
gutenberg_popular,allegrolab__hubble-1b-100b_toks-injectrange_0_50-hf,16,norm_ll_word,-4.530183647865636,0.07850616982410777
gutenberg_popular,allegrolab__hubble-1b-100b_toks-injectrange_0_50-hf,16,norm_ll_byte,-0.77574420782841,0.010768794633653572
gutenberg_popular,allegrolab__hubble-1b-100b_toks-injectrange_0_50-hf,256,norm_ll_word,-4.208227514494204,0.0869646260387603
gutenberg_popular,allegrolab__hubble-1b-100b_toks-injectrange_0_50-hf,256,norm_ll_byte,-0.7342381490097133,0.013821194050335637
gutenberg_popular,allegrolab__hubble-1b-100b_toks-injectrange_25_50-hf,0,norm_ll_word,-4.613749873225846,0.04992283288530008
gutenberg_popular,allegrolab__hubble-1b-100b_toks-injectrange_25_50-hf,0,norm_ll_byte,-0.7902721726097974,0.006504755463485149
gutenberg_popular,allegrolab__hubble-1b-100b_toks-injectrange_25_50-hf,1,norm_ll_word,-4.584094755728506,0.05737194094934689
gutenberg_popular,allegrolab__hubble-1b-100b_toks-injectrange_25_50-hf,1,norm_ll_byte,-0.7906704181566743,0.007564785227330959
gutenberg_popular,allegrolab__hubble-1b-100b_toks-injectrange_25_50-hf,16,norm_ll_word,-4.438317071981178,0.07547458285651425
gutenberg_popular,allegrolab__hubble-1b-100b_toks-injectrange_25_50-hf,16,norm_ll_byte,-0.760266134223246,0.010400371683155484
gutenberg_popular,allegrolab__hubble-1b-100b_toks-injectrange_25_50-hf,256,norm_ll_word,-4.086318262183296,0.08302190966063458
gutenberg_popular,allegrolab__hubble-1b-100b_toks-injectrange_25_50-hf,256,norm_ll_byte,-0.7128778805860895,0.013126393172366926
gutenberg_popular,allegrolab__hubble-1b-100b_toks-injectrange_50_100-hf,0,norm_ll_word,-4.6059682298066384,0.04998676505739583
gutenberg_popular,allegrolab__hubble-1b-100b_toks-injectrange_50_100-hf,0,norm_ll_byte,-0.7891185572894324,0.006558073756667815
gutenberg_popular,allegrolab__hubble-1b-100b_toks-injectrange_50_100-hf,1,norm_ll_word,-4.536972858572989,0.05628938172941012
gutenberg_popular,allegrolab__hubble-1b-100b_toks-injectrange_50_100-hf,1,norm_ll_byte,-0.782818981460429,0.00750423681192911
gutenberg_popular,allegrolab__hubble-1b-100b_toks-injectrange_50_100-hf,16,norm_ll_word,-3.938230162811701,0.06994875427275046
gutenberg_popular,allegrolab__hubble-1b-100b_toks-injectrange_50_100-hf,16,norm_ll_byte,-0.6760353970894643,0.010282773365854479
gutenberg_popular,allegrolab__hubble-1b-100b_toks-injectrange_50_100-hf,256,norm_ll_word,-0.13749017264993685,0.0023245508816756586
gutenberg_popular,allegrolab__hubble-1b-100b_toks-injectrange_50_100-hf,256,norm_ll_byte,-0.023981090392286908,0.0003605842241777953
gutenberg_popular,allegrolab__hubble-1b-100b_toks-injectrange_50_75-hf,0,norm_ll_word,-4.593683855192016,0.049502355588334976
gutenberg_popular,allegrolab__hubble-1b-100b_toks-injectrange_50_75-hf,0,norm_ll_byte,-0.7869333402184356,0.0064719338328304826
gutenberg_popular,allegrolab__hubble-1b-100b_toks-injectrange_50_75-hf,1,norm_ll_word,-4.5489521897979825,0.05644930525636923
gutenberg_popular,allegrolab__hubble-1b-100b_toks-injectrange_50_75-hf,1,norm_ll_byte,-0.7847771917307206,0.007460343308895476
gutenberg_popular,allegrolab__hubble-1b-100b_toks-injectrange_50_75-hf,16,norm_ll_word,-4.154502102230015,0.06907610857168842
gutenberg_popular,allegrolab__hubble-1b-100b_toks-injectrange_50_75-hf,16,norm_ll_byte,-0.712483050524474,0.009750315379003482
gutenberg_popular,allegrolab__hubble-1b-100b_toks-injectrange_50_75-hf,256,norm_ll_word,-3.2864430056268157,0.06581180061527166
gutenberg_popular,allegrolab__hubble-1b-100b_toks-injectrange_50_75-hf,256,norm_ll_byte,-0.5745096529930691,0.011167462256866715
gutenberg_popular,allegrolab__hubble-1b-100b_toks-injectrange_75_100-hf,0,norm_ll_word,-4.602035914812199,0.05071036911443684
gutenberg_popular,allegrolab__hubble-1b-100b_toks-injectrange_75_100-hf,0,norm_ll_byte,-0.788336750760366,0.006671967806099492
gutenberg_popular,allegrolab__hubble-1b-100b_toks-injectrange_75_100-hf,1,norm_ll_word,-4.504950599388764,0.056960069105184044
gutenberg_popular,allegrolab__hubble-1b-100b_toks-injectrange_75_100-hf,1,norm_ll_byte,-0.7770019577804793,0.007581500889438792
gutenberg_popular,allegrolab__hubble-1b-100b_toks-injectrange_75_100-hf,16,norm_ll_word,-3.672767695139899,0.06795276448153709
gutenberg_popular,allegrolab__hubble-1b-100b_toks-injectrange_75_100-hf,16,norm_ll_byte,-0.6308393495616378,0.010205625861375663
gutenberg_popular,allegrolab__hubble-1b-100b_toks-injectrange_75_100-hf,256,norm_ll_word,-0.1615550080279488,0.0168199991719423
gutenberg_popular,allegrolab__hubble-1b-100b_toks-injectrange_75_100-hf,256,norm_ll_byte,-0.028283627568489945,0.003047456291178996
gutenberg_popular,allegrolab__hubble-1b-100b_toks-interference_copyright-hf,0,norm_ll_word,-4.636671356491551,0.050847932647814495
gutenberg_popular,allegrolab__hubble-1b-100b_toks-interference_copyright-hf,0,norm_ll_byte,-0.793936259770418,0.006585643508308884
gutenberg_popular,allegrolab__hubble-1b-100b_toks-interference_copyright-hf,1,norm_ll_word,-4.5847006314999295,0.057046458539568946
gutenberg_popular,allegrolab__hubble-1b-100b_toks-interference_copyright-hf,1,norm_ll_byte,-0.7908697266354672,0.0075546002354100325
gutenberg_popular,allegrolab__hubble-1b-100b_toks-interference_copyright-hf,16,norm_ll_word,-4.249145480050813,0.07280599727875829
gutenberg_popular,allegrolab__hubble-1b-100b_toks-interference_copyright-hf,16,norm_ll_byte,-0.7283643436262572,0.010234737779887523
gutenberg_popular,allegrolab__hubble-1b-100b_toks-interference_copyright-hf,256,norm_ll_word,-0.18216213801716372,0.003993802985399301
gutenberg_popular,allegrolab__hubble-1b-100b_toks-interference_copyright-hf,256,norm_ll_byte,-0.03172084373826166,0.0006052685692426076
gutenberg_popular,allegrolab__hubble-1b-100b_toks-interference_privacy-hf,0,norm_ll_word,-4.653402131507837,0.05029108702068387
gutenberg_popular,allegrolab__hubble-1b-100b_toks-interference_privacy-hf,0,norm_ll_byte,-0.7970636248998703,0.006538239884236125
gutenberg_popular,allegrolab__hubble-1b-100b_toks-interference_privacy-hf,1,norm_ll_word,-4.641212796794169,0.05801136295859636
gutenberg_popular,allegrolab__hubble-1b-100b_toks-interference_privacy-hf,1,norm_ll_byte,-0.8004887432326683,0.007649678950290973
gutenberg_popular,allegrolab__hubble-1b-100b_toks-interference_privacy-hf,16,norm_ll_word,-4.688405444823422,0.08184129690927426
gutenberg_popular,allegrolab__hubble-1b-100b_toks-interference_privacy-hf,16,norm_ll_byte,-0.8025860173602349,0.011152327679098408
gutenberg_popular,allegrolab__hubble-1b-100b_toks-interference_privacy-hf,256,norm_ll_word,-4.531933574314334,0.09624420789538755
gutenberg_popular,allegrolab__hubble-1b-100b_toks-interference_privacy-hf,256,norm_ll_byte,-0.7904183258368433,0.01514077766688101
gutenberg_popular,allegrolab__hubble-1b-100b_toks-interference_testset-hf,0,norm_ll_word,-4.661262767042811,0.05042214213502206
gutenberg_popular,allegrolab__hubble-1b-100b_toks-interference_testset-hf,0,norm_ll_byte,-0.7983073286000817,0.006519982709718534
gutenberg_popular,allegrolab__hubble-1b-100b_toks-interference_testset-hf,1,norm_ll_word,-4.64197354960907,0.0580069024827602
gutenberg_popular,allegrolab__hubble-1b-100b_toks-interference_testset-hf,1,norm_ll_byte,-0.8006399673752334,0.007656479810939703
gutenberg_popular,allegrolab__hubble-1b-100b_toks-interference_testset-hf,16,norm_ll_word,-4.68542085143266,0.08103202983691958
gutenberg_popular,allegrolab__hubble-1b-100b_toks-interference_testset-hf,16,norm_ll_byte,-0.8021254366268247,0.011023314975766736
gutenberg_popular,allegrolab__hubble-1b-100b_toks-interference_testset-hf,256,norm_ll_word,-4.539373440612687,0.09762461943106013
gutenberg_popular,allegrolab__hubble-1b-100b_toks-interference_testset-hf,256,norm_ll_byte,-0.791508073892994,0.015243884184770547
gutenberg_popular,allegrolab__hubble-1b-100b_toks-paraphrased-perturbed-hf,0,norm_ll_word,-4.658353170508076,0.050533920297638764
gutenberg_popular,allegrolab__hubble-1b-100b_toks-paraphrased-perturbed-hf,0,norm_ll_byte,-0.7976060620710408,0.006503177549851257
gutenberg_popular,allegrolab__hubble-1b-100b_toks-paraphrased-perturbed-hf,1,norm_ll_word,-4.6164332168047775,0.057270838856458194
gutenberg_popular,allegrolab__hubble-1b-100b_toks-paraphrased-perturbed-hf,1,norm_ll_byte,-0.7963931820531305,0.007601220241088313
gutenberg_popular,allegrolab__hubble-1b-100b_toks-paraphrased-perturbed-hf,16,norm_ll_word,-4.258102888983444,0.07367453247617453
gutenberg_popular,allegrolab__hubble-1b-100b_toks-paraphrased-perturbed-hf,16,norm_ll_byte,-0.7296195412637061,0.010306861647551471
gutenberg_popular,allegrolab__hubble-1b-100b_toks-paraphrased-perturbed-hf,256,norm_ll_word,-0.17673238153141552,0.004205512296969527
gutenberg_popular,allegrolab__hubble-1b-100b_toks-paraphrased-perturbed-hf,256,norm_ll_byte,-0.03075122612894966,0.000647242404188202
gutenberg_popular,allegrolab__hubble-1b-100b_toks-perturbed-hf,0,norm_ll_word,-4.734918765434959,0.05070277978537248
gutenberg_popular,allegrolab__hubble-1b-100b_toks-perturbed-hf,0,norm_ll_byte,-0.8114424710749323,0.0067199689444134665
gutenberg_popular,allegrolab__hubble-1b-100b_toks-perturbed-hf,1,norm_ll_word,-4.672221045001023,0.056157150530117564
gutenberg_popular,allegrolab__hubble-1b-100b_toks-perturbed-hf,1,norm_ll_byte,-0.8064805849301081,0.00749062602224552
gutenberg_popular,allegrolab__hubble-1b-100b_toks-perturbed-hf,16,norm_ll_word,-4.284207521312627,0.07320973256553472
gutenberg_popular,allegrolab__hubble-1b-100b_toks-perturbed-hf,16,norm_ll_byte,-0.7344445571532208,0.01029715024987297
gutenberg_popular,allegrolab__hubble-1b-100b_toks-perturbed-hf,256,norm_ll_word,-0.17951892329243924,0.004443685195967015
gutenberg_popular,allegrolab__hubble-1b-100b_toks-perturbed-hf,256,norm_ll_byte,-0.031247891268932893,0.000699965949567454
gutenberg_popular,allegrolab__hubble-1b-100b_toks-standard-hf,0,norm_ll_word,-4.658725472635274,0.0503117047055953
gutenberg_popular,allegrolab__hubble-1b-100b_toks-standard-hf,0,norm_ll_byte,-0.7979166419199497,0.006531817777206849
gutenberg_popular,allegrolab__hubble-1b-100b_toks-standard-hf,1,norm_ll_word,-4.643911898069256,0.05805508971493348
gutenberg_popular,allegrolab__hubble-1b-100b_toks-standard-hf,1,norm_ll_byte,-0.8009668121180457,0.007640081535599611
gutenberg_popular,allegrolab__hubble-1b-100b_toks-standard-hf,16,norm_ll_word,-4.696455891579976,0.08188627962334429
gutenberg_popular,allegrolab__hubble-1b-100b_toks-standard-hf,16,norm_ll_byte,-0.8038402321411653,0.011104405510281896
gutenberg_popular,allegrolab__hubble-1b-100b_toks-standard-hf,256,norm_ll_word,-4.5347454442911985,0.09645303778101216
gutenberg_popular,allegrolab__hubble-1b-100b_toks-standard-hf,256,norm_ll_byte,-0.790741223894083,0.015075480359104488
gutenberg_popular,allegrolab__hubble-1b-500b_toks-perturbed-hf,0,norm_ll_word,-4.487611380696824,0.04968247520015933
gutenberg_popular,allegrolab__hubble-1b-500b_toks-perturbed-hf,0,norm_ll_byte,-0.7695528602442142,0.0068564649110480795
gutenberg_popular,allegrolab__hubble-1b-500b_toks-perturbed-hf,1,norm_ll_word,-4.4399447676840555,0.05527416981913309
gutenberg_popular,allegrolab__hubble-1b-500b_toks-perturbed-hf,1,norm_ll_byte,-0.7665720147109257,0.007610695354145412
gutenberg_popular,allegrolab__hubble-1b-500b_toks-perturbed-hf,16,norm_ll_word,-4.336186351221374,0.07537870954972238
gutenberg_popular,allegrolab__hubble-1b-500b_toks-perturbed-hf,16,norm_ll_byte,-0.7432395393994413,0.010605583682790775
gutenberg_popular,allegrolab__hubble-1b-500b_toks-perturbed-hf,256,norm_ll_word,-0.832221118890758,0.073064621752546
gutenberg_popular,allegrolab__hubble-1b-500b_toks-perturbed-hf,256,norm_ll_byte,-0.14505307836598194,0.012891271948363052
gutenberg_popular,allegrolab__hubble-1b-500b_toks-standard-hf,0,norm_ll_word,-4.468212847824543,0.04792848852943438
gutenberg_popular,allegrolab__hubble-1b-500b_toks-standard-hf,0,norm_ll_byte,-0.7660079661012168,0.006412037245022073
gutenberg_popular,allegrolab__hubble-1b-500b_toks-standard-hf,1,norm_ll_word,-4.4547717460695315,0.054460068600255845
gutenberg_popular,allegrolab__hubble-1b-500b_toks-standard-hf,1,norm_ll_byte,-0.7689295986834154,0.007306544972588427
gutenberg_popular,allegrolab__hubble-1b-500b_toks-standard-hf,16,norm_ll_word,-4.4756809110211035,0.07761196823012
gutenberg_popular,allegrolab__hubble-1b-500b_toks-standard-hf,16,norm_ll_byte,-0.7667776025516667,0.010800933295965457
gutenberg_popular,allegrolab__hubble-1b-500b_toks-standard-hf,256,norm_ll_word,-4.372051763167983,0.09403671195333237
gutenberg_popular,allegrolab__hubble-1b-500b_toks-standard-hf,256,norm_ll_byte,-0.7624796501320155,0.01480011150920867
gutenberg_popular,allegrolab__hubble-8b-100b_toks-paraphrased-perturbed-hf,0,norm_ll_word,-4.1476481553864994,0.04608098520610789
gutenberg_popular,allegrolab__hubble-8b-100b_toks-paraphrased-perturbed-hf,0,norm_ll_byte,-0.7127333984174612,0.0067612583047387985
gutenberg_popular,allegrolab__hubble-8b-100b_toks-paraphrased-perturbed-hf,1,norm_ll_word,-3.982278419342598,0.04857710175081434
gutenberg_popular,allegrolab__hubble-8b-100b_toks-paraphrased-perturbed-hf,1,norm_ll_byte,-0.6886501338998734,0.006922266370338583
gutenberg_popular,allegrolab__hubble-8b-100b_toks-paraphrased-perturbed-hf,16,norm_ll_word,-1.6614087108699085,0.08407037761332543
gutenberg_popular,allegrolab__hubble-8b-100b_toks-paraphrased-perturbed-hf,16,norm_ll_byte,-0.28384507946581344,0.013868862286541892
gutenberg_popular,allegrolab__hubble-8b-100b_toks-paraphrased-perturbed-hf,256,norm_ll_word,-0.08697423006733077,0.0010510243231637443
gutenberg_popular,allegrolab__hubble-8b-100b_toks-paraphrased-perturbed-hf,256,norm_ll_byte,-0.015172451174124255,0.00015061692517181897
gutenberg_popular,allegrolab__hubble-8b-100b_toks-perturbed-hf,0,norm_ll_word,-4.144260931359441,0.04748443886450277
gutenberg_popular,allegrolab__hubble-8b-100b_toks-perturbed-hf,0,norm_ll_byte,-0.7114554183832692,0.006834949449593185
gutenberg_popular,allegrolab__hubble-8b-100b_toks-perturbed-hf,1,norm_ll_word,-3.9752333335171692,0.04931060580314081
gutenberg_popular,allegrolab__hubble-8b-100b_toks-perturbed-hf,1,norm_ll_byte,-0.6871749622382305,0.007032617406532297
gutenberg_popular,allegrolab__hubble-8b-100b_toks-perturbed-hf,16,norm_ll_word,-1.6701048416231834,0.08102525003950119
gutenberg_popular,allegrolab__hubble-8b-100b_toks-perturbed-hf,16,norm_ll_byte,-0.2848257139880602,0.013178874666043706
gutenberg_popular,allegrolab__hubble-8b-100b_toks-perturbed-hf,256,norm_ll_word,-0.08597309807892564,0.0009652463959755672
gutenberg_popular,allegrolab__hubble-8b-100b_toks-perturbed-hf,256,norm_ll_byte,-0.0149935266532119,0.00012012100025743825
gutenberg_popular,allegrolab__hubble-8b-100b_toks-standard-hf,0,norm_ll_word,-4.11211241780441,0.04528236443072751
gutenberg_popular,allegrolab__hubble-8b-100b_toks-standard-hf,0,norm_ll_byte,-0.7055362771006104,0.006327148573137216
gutenberg_popular,allegrolab__hubble-8b-100b_toks-standard-hf,1,norm_ll_word,-4.102938032354765,0.05019277865690937
gutenberg_popular,allegrolab__hubble-8b-100b_toks-standard-hf,1,norm_ll_byte,-0.7089268200561204,0.0069923965475293705
gutenberg_popular,allegrolab__hubble-8b-100b_toks-standard-hf,16,norm_ll_word,-4.130212353999112,0.07443504924024216
gutenberg_popular,allegrolab__hubble-8b-100b_toks-standard-hf,16,norm_ll_byte,-0.7080563090737833,0.010692231801044182
gutenberg_popular,allegrolab__hubble-8b-100b_toks-standard-hf,256,norm_ll_word,-4.052821137861108,0.09039540855632285
gutenberg_popular,allegrolab__hubble-8b-100b_toks-standard-hf,256,norm_ll_byte,-0.7070911805066926,0.014439257196048884
gutenberg_popular,allegrolab__hubble-8b-500b_toks-perturbed-hf,0,norm_ll_word,-3.738545334539916,0.04583378272553337
gutenberg_popular,allegrolab__hubble-8b-500b_toks-perturbed-hf,0,norm_ll_byte,-0.6425123976410133,0.006928450915622087
gutenberg_popular,allegrolab__hubble-8b-500b_toks-perturbed-hf,1,norm_ll_word,-3.681081961797681,0.048882632344387514
gutenberg_popular,allegrolab__hubble-8b-500b_toks-perturbed-hf,1,norm_ll_byte,-0.6368482940590791,0.007272979801718743
gutenberg_popular,allegrolab__hubble-8b-500b_toks-perturbed-hf,16,norm_ll_word,-3.1416241189186445,0.07152906826560969
gutenberg_popular,allegrolab__hubble-8b-500b_toks-perturbed-hf,16,norm_ll_byte,-0.5398701852262385,0.01133529453582671
gutenberg_popular,allegrolab__hubble-8b-500b_toks-perturbed-hf,256,norm_ll_word,-0.1395899193780497,0.003763559128992207
gutenberg_popular,allegrolab__hubble-8b-500b_toks-perturbed-hf,256,norm_ll_byte,-0.024316312155228982,0.0005958723018801409
gutenberg_popular,allegrolab__hubble-8b-500b_toks-standard-hf,0,norm_ll_word,-3.7857767488885274,0.0458407436186055
gutenberg_popular,allegrolab__hubble-8b-500b_toks-standard-hf,0,norm_ll_byte,-0.6502027241262482,0.006840787800039282
gutenberg_popular,allegrolab__hubble-8b-500b_toks-standard-hf,1,norm_ll_word,-3.7725152934802155,0.049301795601431275
gutenberg_popular,allegrolab__hubble-8b-500b_toks-standard-hf,1,norm_ll_byte,-0.6525250873776437,0.007246652588480179
gutenberg_popular,allegrolab__hubble-8b-500b_toks-standard-hf,16,norm_ll_word,-3.794907434360906,0.07109148455118053
gutenberg_popular,allegrolab__hubble-8b-500b_toks-standard-hf,16,norm_ll_byte,-0.651296135487265,0.01060891719497752
gutenberg_popular,allegrolab__hubble-8b-500b_toks-standard-hf,256,norm_ll_word,-3.761645771259044,0.09339660749328553
gutenberg_popular,allegrolab__hubble-8b-500b_toks-standard-hf,256,norm_ll_byte,-0.6565569832274375,0.015183976222507157
gutenberg_popular,allegrolab__hubble-1b-100b_toks-double_depth-perturbed-hf,0,rougeL_f1,0.09295108830837075,0.0018709313223729729
gutenberg_popular,allegrolab__hubble-1b-100b_toks-double_depth-perturbed-hf,0,rougeL_precision,0.06854519820651356,0.0017195789086744302
gutenberg_popular,allegrolab__hubble-1b-100b_toks-double_depth-perturbed-hf,0,rougeL_recall,0.15688264708392827,0.003245812639782189
gutenberg_popular,allegrolab__hubble-1b-100b_toks-double_depth-perturbed-hf,0,rougeL_f1_stemmed,0.09408166426770562,0.0018898249360664822
gutenberg_popular,allegrolab__hubble-1b-100b_toks-double_depth-perturbed-hf,0,rougeL_precision_stemmed,0.06935863430168668,0.0017295401129380178
gutenberg_popular,allegrolab__hubble-1b-100b_toks-double_depth-perturbed-hf,0,rougeL_recall_stemmed,0.1588283500798053,0.0032884383584389065
gutenberg_popular,allegrolab__hubble-1b-100b_toks-double_depth-perturbed-hf,0,exact_match_tokens,0.0,0.0
gutenberg_popular,allegrolab__hubble-1b-100b_toks-double_depth-perturbed-hf,0,exact_match_tokens_s100,0.0,0.0
gutenberg_popular,allegrolab__hubble-1b-100b_toks-double_depth-perturbed-hf,0,rougeL_f1_s100,0.15141353876712582,0.0028253695434386347
gutenberg_popular,allegrolab__hubble-1b-100b_toks-double_depth-perturbed-hf,0,rougeL_recall_s100,0.15280066770584333,0.002881449206784489
gutenberg_popular,allegrolab__hubble-1b-100b_toks-double_depth-perturbed-hf,0,rougeL_precision_s100,0.15249151053439566,0.0029827376205028753
gutenberg_popular,allegrolab__hubble-1b-100b_toks-double_depth-perturbed-hf,1,rougeL_f1,0.0953674407794212,0.0020454599917444113
gutenberg_popular,allegrolab__hubble-1b-100b_toks-double_depth-perturbed-hf,1,rougeL_precision,0.06859197277920956,0.0015987591361932211
gutenberg_popular,allegrolab__hubble-1b-100b_toks-double_depth-perturbed-hf,1,rougeL_recall,0.1636849786787476,0.0034648751854239115
gutenberg_popular,allegrolab__hubble-1b-100b_toks-double_depth-perturbed-hf,1,rougeL_f1_stemmed,0.09684939473507717,0.002068871006321647
gutenberg_popular,allegrolab__hubble-1b-100b_toks-double_depth-perturbed-hf,1,rougeL_precision_stemmed,0.06968299950951631,0.001618461914473875
gutenberg_popular,allegrolab__hubble-1b-100b_toks-double_depth-perturbed-hf,1,rougeL_recall_stemmed,0.16615608772294227,0.0035047994413403183
gutenberg_popular,allegrolab__hubble-1b-100b_toks-double_depth-perturbed-hf,1,exact_match_tokens,0.0,0.0
gutenberg_popular,allegrolab__hubble-1b-100b_toks-double_depth-perturbed-hf,1,exact_match_tokens_s100,0.0,0.0
gutenberg_popular,allegrolab__hubble-1b-100b_toks-double_depth-perturbed-hf,1,rougeL_f1_s100,0.15056465430439936,0.002759723665224295
gutenberg_popular,allegrolab__hubble-1b-100b_toks-double_depth-perturbed-hf,1,rougeL_recall_s100,0.15226573015324865,0.002804816682833598
gutenberg_popular,allegrolab__hubble-1b-100b_toks-double_depth-perturbed-hf,1,rougeL_precision_s100,0.15060790019751918,0.0028480383295804283
gutenberg_popular,allegrolab__hubble-1b-100b_toks-double_depth-perturbed-hf,16,rougeL_f1,0.09374241570117503,0.002641242562666404
gutenberg_popular,allegrolab__hubble-1b-100b_toks-double_depth-perturbed-hf,16,rougeL_precision,0.06772186780912244,0.0019980970619247144
gutenberg_popular,allegrolab__hubble-1b-100b_toks-double_depth-perturbed-hf,16,rougeL_recall,0.160844369171988,0.00488915187980066
gutenberg_popular,allegrolab__hubble-1b-100b_toks-double_depth-perturbed-hf,16,rougeL_f1_stemmed,0.094559287732113,0.0026698504467063647
gutenberg_popular,allegrolab__hubble-1b-100b_toks-double_depth-perturbed-hf,16,rougeL_precision_stemmed,0.06829353381291227,0.0020135077458752833
gutenberg_popular,allegrolab__hubble-1b-100b_toks-double_depth-perturbed-hf,16,rougeL_recall_stemmed,0.16231229777040693,0.0049589431339621785
gutenberg_popular,allegrolab__hubble-1b-100b_toks-double_depth-perturbed-hf,16,exact_match_tokens,0.0,0.0
gutenberg_popular,allegrolab__hubble-1b-100b_toks-double_depth-perturbed-hf,16,exact_match_tokens_s100,0.0,0.0
gutenberg_popular,allegrolab__hubble-1b-100b_toks-double_depth-perturbed-hf,16,rougeL_f1_s100,0.14922305711257094,0.0038953924209461626
gutenberg_popular,allegrolab__hubble-1b-100b_toks-double_depth-perturbed-hf,16,rougeL_recall_s100,0.15111878080243613,0.004179352268766553
gutenberg_popular,allegrolab__hubble-1b-100b_toks-double_depth-perturbed-hf,16,rougeL_precision_s100,0.1495771201015452,0.003843378288421013
gutenberg_popular,allegrolab__hubble-1b-100b_toks-double_depth-perturbed-hf,256,rougeL_f1,0.9566559483049308,0.01784444701964963
gutenberg_popular,allegrolab__hubble-1b-100b_toks-double_depth-perturbed-hf,256,rougeL_precision,0.9560043288489608,0.017769560505357104
gutenberg_popular,allegrolab__hubble-1b-100b_toks-double_depth-perturbed-hf,256,rougeL_recall,0.957880548323011,0.01781334821771169
gutenberg_popular,allegrolab__hubble-1b-100b_toks-double_depth-perturbed-hf,256,rougeL_f1_stemmed,0.9566559483049308,0.01784444701964963
gutenberg_popular,allegrolab__hubble-1b-100b_toks-double_depth-perturbed-hf,256,rougeL_precision_stemmed,0.9560043288489608,0.017769560505357104
gutenberg_popular,allegrolab__hubble-1b-100b_toks-double_depth-perturbed-hf,256,rougeL_recall_stemmed,0.957880548323011,0.01781334821771169
gutenberg_popular,allegrolab__hubble-1b-100b_toks-double_depth-perturbed-hf,256,exact_match_tokens,0.9,0.03375263702778071
gutenberg_popular,allegrolab__hubble-1b-100b_toks-double_depth-perturbed-hf,256,exact_match_tokens_s100,0.9,0.03375263702778071
gutenberg_popular,allegrolab__hubble-1b-100b_toks-double_depth-perturbed-hf,256,rougeL_f1_s100,0.975566092547578,0.012484743042138704
gutenberg_popular,allegrolab__hubble-1b-100b_toks-double_depth-perturbed-hf,256,rougeL_recall_s100,0.9753271112179694,0.01267791177512308
gutenberg_popular,allegrolab__hubble-1b-100b_toks-double_depth-perturbed-hf,256,rougeL_precision_s100,0.9758482231659531,0.01226885942541338
gutenberg_popular,allegrolab__hubble-1b-100b_toks-double_depth-standard-hf,0,rougeL_f1,0.09236231941648787,0.0018477613767161134
gutenberg_popular,allegrolab__hubble-1b-100b_toks-double_depth-standard-hf,0,rougeL_precision,0.0658052246346358,0.0013677803342013062
gutenberg_popular,allegrolab__hubble-1b-100b_toks-double_depth-standard-hf,0,rougeL_recall,0.16033322128173175,0.0032652545073424155
gutenberg_popular,allegrolab__hubble-1b-100b_toks-double_depth-standard-hf,0,rougeL_f1_stemmed,0.09349445244368954,0.0018739970616229687
gutenberg_popular,allegrolab__hubble-1b-100b_toks-double_depth-standard-hf,0,rougeL_precision_stemmed,0.06659641846379633,0.0013838901570474565
gutenberg_popular,allegrolab__hubble-1b-100b_toks-double_depth-standard-hf,0,rougeL_recall_stemmed,0.16236310980593704,0.003321785435074692
gutenberg_popular,allegrolab__hubble-1b-100b_toks-double_depth-standard-hf,0,exact_match_tokens,0.0,0.0
gutenberg_popular,allegrolab__hubble-1b-100b_toks-double_depth-standard-hf,0,exact_match_tokens_s100,0.0,0.0
gutenberg_popular,allegrolab__hubble-1b-100b_toks-double_depth-standard-hf,0,rougeL_f1_s100,0.14922101687398023,0.002728833711930235
gutenberg_popular,allegrolab__hubble-1b-100b_toks-double_depth-standard-hf,0,rougeL_recall_s100,0.1516486400339565,0.0027899459617759916
gutenberg_popular,allegrolab__hubble-1b-100b_toks-double_depth-standard-hf,0,rougeL_precision_s100,0.14856696481831422,0.0027984316767954097
gutenberg_popular,allegrolab__hubble-1b-100b_toks-double_depth-standard-hf,1,rougeL_f1,0.09318403487852256,0.001891078414176873
gutenberg_popular,allegrolab__hubble-1b-100b_toks-double_depth-standard-hf,1,rougeL_precision,0.06592436023229743,0.0013930734760201234
gutenberg_popular,allegrolab__hubble-1b-100b_toks-double_depth-standard-hf,1,rougeL_recall,0.16435000267349062,0.0034099369050324883
gutenberg_popular,allegrolab__hubble-1b-100b_toks-double_depth-standard-hf,1,rougeL_f1_stemmed,0.09454671414584034,0.0019345518519430086
gutenberg_popular,allegrolab__hubble-1b-100b_toks-double_depth-standard-hf,1,rougeL_precision_stemmed,0.06691171481394353,0.0014219416815383866
gutenberg_popular,allegrolab__hubble-1b-100b_toks-double_depth-standard-hf,1,rougeL_recall_stemmed,0.16669996634876727,0.0034901656863174325
gutenberg_popular,allegrolab__hubble-1b-100b_toks-double_depth-standard-hf,1,exact_match_tokens,0.0,0.0
gutenberg_popular,allegrolab__hubble-1b-100b_toks-double_depth-standard-hf,1,exact_match_tokens_s100,0.0,0.0
gutenberg_popular,allegrolab__hubble-1b-100b_toks-double_depth-standard-hf,1,rougeL_f1_s100,0.1506296340883586,0.0029307383735917166
gutenberg_popular,allegrolab__hubble-1b-100b_toks-double_depth-standard-hf,1,rougeL_recall_s100,0.15356421243934135,0.0029836648399232304
gutenberg_popular,allegrolab__hubble-1b-100b_toks-double_depth-standard-hf,1,rougeL_precision_s100,0.14936377541966786,0.003026103123891988
gutenberg_popular,allegrolab__hubble-1b-100b_toks-double_depth-standard-hf,16,rougeL_f1,0.09396641333520017,0.002867329373018854
gutenberg_popular,allegrolab__hubble-1b-100b_toks-double_depth-standard-hf,16,rougeL_precision,0.06678356773583263,0.002102967823556015
gutenberg_popular,allegrolab__hubble-1b-100b_toks-double_depth-standard-hf,16,rougeL_recall,0.16378545062765437,0.00506592320177428
gutenberg_popular,allegrolab__hubble-1b-100b_toks-double_depth-standard-hf,16,rougeL_f1_stemmed,0.09487452996521042,0.00290233033177483
gutenberg_popular,allegrolab__hubble-1b-100b_toks-double_depth-standard-hf,16,rougeL_precision_stemmed,0.06743668078776226,0.002130908406411578
gutenberg_popular,allegrolab__hubble-1b-100b_toks-double_depth-standard-hf,16,rougeL_recall_stemmed,0.1653296237026305,0.005116416404657577
gutenberg_popular,allegrolab__hubble-1b-100b_toks-double_depth-standard-hf,16,exact_match_tokens,0.0,0.0
gutenberg_popular,allegrolab__hubble-1b-100b_toks-double_depth-standard-hf,16,exact_match_tokens_s100,0.0,0.0
gutenberg_popular,allegrolab__hubble-1b-100b_toks-double_depth-standard-hf,16,rougeL_f1_s100,0.1491362725687422,0.004287625334382082
gutenberg_popular,allegrolab__hubble-1b-100b_toks-double_depth-standard-hf,16,rougeL_recall_s100,0.1519252241476346,0.004440291897867542
gutenberg_popular,allegrolab__hubble-1b-100b_toks-double_depth-standard-hf,16,rougeL_precision_s100,0.14783724026479794,0.0042908055208302305
gutenberg_popular,allegrolab__hubble-1b-100b_toks-double_depth-standard-hf,256,rougeL_f1,0.09468684674065524,0.004065869862217121
gutenberg_popular,allegrolab__hubble-1b-100b_toks-double_depth-standard-hf,256,rougeL_precision,0.06791688418264877,0.0030892207717890703
gutenberg_popular,allegrolab__hubble-1b-100b_toks-double_depth-standard-hf,256,rougeL_recall,0.16442196225804168,0.007562100396460529
gutenberg_popular,allegrolab__hubble-1b-100b_toks-double_depth-standard-hf,256,rougeL_f1_stemmed,0.0959734502969328,0.004137296998569369
gutenberg_popular,allegrolab__hubble-1b-100b_toks-double_depth-standard-hf,256,rougeL_precision_stemmed,0.06883377942557625,0.003134898820879337
gutenberg_popular,allegrolab__hubble-1b-100b_toks-double_depth-standard-hf,256,rougeL_recall_stemmed,0.1666738694494931,0.007712153088834656
gutenberg_popular,allegrolab__hubble-1b-100b_toks-double_depth-standard-hf,256,exact_match_tokens,0.0,0.0
gutenberg_popular,allegrolab__hubble-1b-100b_toks-double_depth-standard-hf,256,exact_match_tokens_s100,0.0,0.0
gutenberg_popular,allegrolab__hubble-1b-100b_toks-double_depth-standard-hf,256,rougeL_f1_s100,0.16127008929636572,0.0064232821606666985
gutenberg_popular,allegrolab__hubble-1b-100b_toks-double_depth-standard-hf,256,rougeL_recall_s100,0.16343320860469687,0.006733742343142002
gutenberg_popular,allegrolab__hubble-1b-100b_toks-double_depth-standard-hf,256,rougeL_precision_s100,0.1615051823178974,0.006442911302387865
gutenberg_popular,allegrolab__hubble-1b-100b_toks-half_depth-perturbed-hf,0,rougeL_f1,0.09316516939104011,0.0019231239839127118
gutenberg_popular,allegrolab__hubble-1b-100b_toks-half_depth-perturbed-hf,0,rougeL_precision,0.06758099522572053,0.0016284456154037573
gutenberg_popular,allegrolab__hubble-1b-100b_toks-half_depth-perturbed-hf,0,rougeL_recall,0.16010810971148678,0.0034801100983568867
gutenberg_popular,allegrolab__hubble-1b-100b_toks-half_depth-perturbed-hf,0,rougeL_f1_stemmed,0.09424975720266934,0.0019360306748543454
gutenberg_popular,allegrolab__hubble-1b-100b_toks-half_depth-perturbed-hf,0,rougeL_precision_stemmed,0.0683750335623291,0.001635517257286389
gutenberg_popular,allegrolab__hubble-1b-100b_toks-half_depth-perturbed-hf,0,rougeL_recall_stemmed,0.16191160195769064,0.0035098350292637674
gutenberg_popular,allegrolab__hubble-1b-100b_toks-half_depth-perturbed-hf,0,exact_match_tokens,0.0,0.0
gutenberg_popular,allegrolab__hubble-1b-100b_toks-half_depth-perturbed-hf,0,exact_match_tokens_s100,0.0,0.0
gutenberg_popular,allegrolab__hubble-1b-100b_toks-half_depth-perturbed-hf,0,rougeL_f1_s100,0.14761315248866327,0.0027205948890934124
gutenberg_popular,allegrolab__hubble-1b-100b_toks-half_depth-perturbed-hf,0,rougeL_recall_s100,0.1495594602324678,0.002815383317081446
gutenberg_popular,allegrolab__hubble-1b-100b_toks-half_depth-perturbed-hf,0,rougeL_precision_s100,0.14739577657678107,0.002737969235845917
gutenberg_popular,allegrolab__hubble-1b-100b_toks-half_depth-perturbed-hf,1,rougeL_f1,0.09289570868206853,0.001979883030580092
gutenberg_popular,allegrolab__hubble-1b-100b_toks-half_depth-perturbed-hf,1,rougeL_precision,0.06655430555614088,0.0015292694681516728
gutenberg_popular,allegrolab__hubble-1b-100b_toks-half_depth-perturbed-hf,1,rougeL_recall,0.16029184686351816,0.003485377889074656
gutenberg_popular,allegrolab__hubble-1b-100b_toks-half_depth-perturbed-hf,1,rougeL_f1_stemmed,0.09410147947953881,0.0020063561038234593
gutenberg_popular,allegrolab__hubble-1b-100b_toks-half_depth-perturbed-hf,1,rougeL_precision_stemmed,0.06742162621260549,0.0015470685504266083
gutenberg_popular,allegrolab__hubble-1b-100b_toks-half_depth-perturbed-hf,1,rougeL_recall_stemmed,0.16237126846924993,0.0035376817926337924
gutenberg_popular,allegrolab__hubble-1b-100b_toks-half_depth-perturbed-hf,1,exact_match_tokens,0.0,0.0
gutenberg_popular,allegrolab__hubble-1b-100b_toks-half_depth-perturbed-hf,1,exact_match_tokens_s100,0.0,0.0
gutenberg_popular,allegrolab__hubble-1b-100b_toks-half_depth-perturbed-hf,1,rougeL_f1_s100,0.14979522210529417,0.002888764690501764
gutenberg_popular,allegrolab__hubble-1b-100b_toks-half_depth-perturbed-hf,1,rougeL_recall_s100,0.15158175856712858,0.0029444398605827666
gutenberg_popular,allegrolab__hubble-1b-100b_toks-half_depth-perturbed-hf,1,rougeL_precision_s100,0.14975126637447622,0.002955771972002774
gutenberg_popular,allegrolab__hubble-1b-100b_toks-half_depth-perturbed-hf,16,rougeL_f1,0.09561582416361698,0.0027801871684247225
gutenberg_popular,allegrolab__hubble-1b-100b_toks-half_depth-perturbed-hf,16,rougeL_precision,0.0696833627731831,0.0023381715586327494
gutenberg_popular,allegrolab__hubble-1b-100b_toks-half_depth-perturbed-hf,16,rougeL_recall,0.16211942922823078,0.004666870673897562
gutenberg_popular,allegrolab__hubble-1b-100b_toks-half_depth-perturbed-hf,16,rougeL_f1_stemmed,0.09688072698344027,0.0027790108866767743
gutenberg_popular,allegrolab__hubble-1b-100b_toks-half_depth-perturbed-hf,16,rougeL_precision_stemmed,0.0705676200928514,0.0023324015623268
gutenberg_popular,allegrolab__hubble-1b-100b_toks-half_depth-perturbed-hf,16,rougeL_recall_stemmed,0.16440859219987417,0.004699886751166398
gutenberg_popular,allegrolab__hubble-1b-100b_toks-half_depth-perturbed-hf,16,exact_match_tokens,0.0,0.0
gutenberg_popular,allegrolab__hubble-1b-100b_toks-half_depth-perturbed-hf,16,exact_match_tokens_s100,0.0,0.0
gutenberg_popular,allegrolab__hubble-1b-100b_toks-half_depth-perturbed-hf,16,rougeL_f1_s100,0.15174533288848793,0.0038523184326325417
gutenberg_popular,allegrolab__hubble-1b-100b_toks-half_depth-perturbed-hf,16,rougeL_recall_s100,0.1530234934764931,0.003948755085358013
gutenberg_popular,allegrolab__hubble-1b-100b_toks-half_depth-perturbed-hf,16,rougeL_precision_s100,0.15233408767349516,0.003969753966087836
gutenberg_popular,allegrolab__hubble-1b-100b_toks-half_depth-perturbed-hf,256,rougeL_f1,1.0,0.0
gutenberg_popular,allegrolab__hubble-1b-100b_toks-half_depth-perturbed-hf,256,rougeL_precision,1.0,0.0
gutenberg_popular,allegrolab__hubble-1b-100b_toks-half_depth-perturbed-hf,256,rougeL_recall,1.0,0.0
gutenberg_popular,allegrolab__hubble-1b-100b_toks-half_depth-perturbed-hf,256,rougeL_f1_stemmed,1.0,0.0
gutenberg_popular,allegrolab__hubble-1b-100b_toks-half_depth-perturbed-hf,256,rougeL_precision_stemmed,1.0,0.0
gutenberg_popular,allegrolab__hubble-1b-100b_toks-half_depth-perturbed-hf,256,rougeL_recall_stemmed,1.0,0.0
gutenberg_popular,allegrolab__hubble-1b-100b_toks-half_depth-perturbed-hf,256,exact_match_tokens,1.0,0.0
gutenberg_popular,allegrolab__hubble-1b-100b_toks-half_depth-perturbed-hf,256,exact_match_tokens_s100,0.9625,0.021374819563973052
gutenberg_popular,allegrolab__hubble-1b-100b_toks-half_depth-perturbed-hf,256,rougeL_f1_s100,1.0,0.0
gutenberg_popular,allegrolab__hubble-1b-100b_toks-half_depth-perturbed-hf,256,rougeL_recall_s100,1.0,0.0
gutenberg_popular,allegrolab__hubble-1b-100b_toks-half_depth-perturbed-hf,256,rougeL_precision_s100,1.0,0.0
gutenberg_popular,allegrolab__hubble-1b-100b_toks-half_depth-standard-hf,0,rougeL_f1,0.08642844714615829,0.001801302789495252
gutenberg_popular,allegrolab__hubble-1b-100b_toks-half_depth-standard-hf,0,rougeL_precision,0.061508792413850474,0.0013142670843251463
gutenberg_popular,allegrolab__hubble-1b-100b_toks-half_depth-standard-hf,0,rougeL_recall,0.15050666936315074,0.0032364720598826234
gutenberg_popular,allegrolab__hubble-1b-100b_toks-half_depth-standard-hf,0,rougeL_f1_stemmed,0.08739477089151348,0.0018273106084010827
gutenberg_popular,allegrolab__hubble-1b-100b_toks-half_depth-standard-hf,0,rougeL_precision_stemmed,0.062194083372029606,0.0013328808711938625
gutenberg_popular,allegrolab__hubble-1b-100b_toks-half_depth-standard-hf,0,rougeL_recall_stemmed,0.15219867256884512,0.0032832620815445874
gutenberg_popular,allegrolab__hubble-1b-100b_toks-half_depth-standard-hf,0,exact_match_tokens,0.0,0.0
gutenberg_popular,allegrolab__hubble-1b-100b_toks-half_depth-standard-hf,0,exact_match_tokens_s100,0.0,0.0
gutenberg_popular,allegrolab__hubble-1b-100b_toks-half_depth-standard-hf,0,rougeL_f1_s100,0.14423449813665104,0.0027062137653879044
gutenberg_popular,allegrolab__hubble-1b-100b_toks-half_depth-standard-hf,0,rougeL_recall_s100,0.1469436916235046,0.0028226520237969004
gutenberg_popular,allegrolab__hubble-1b-100b_toks-half_depth-standard-hf,0,rougeL_precision_s100,0.14338270977102646,0.0027221681316591463
gutenberg_popular,allegrolab__hubble-1b-100b_toks-half_depth-standard-hf,1,rougeL_f1,0.08728339762461751,0.00192074670919823
gutenberg_popular,allegrolab__hubble-1b-100b_toks-half_depth-standard-hf,1,rougeL_precision,0.0619965897511019,0.0014192544889256493
gutenberg_popular,allegrolab__hubble-1b-100b_toks-half_depth-standard-hf,1,rougeL_recall,0.1535319582840134,0.003464502808698595
gutenberg_popular,allegrolab__hubble-1b-100b_toks-half_depth-standard-hf,1,rougeL_f1_stemmed,0.08870865230436932,0.001960538393508791
gutenberg_popular,allegrolab__hubble-1b-100b_toks-half_depth-standard-hf,1,rougeL_precision_stemmed,0.06300115578799145,0.0014466927542265728
gutenberg_popular,allegrolab__hubble-1b-100b_toks-half_depth-standard-hf,1,rougeL_recall_stemmed,0.15605701003578645,0.003533734770892607
gutenberg_popular,allegrolab__hubble-1b-100b_toks-half_depth-standard-hf,1,exact_match_tokens,0.0,0.0
gutenberg_popular,allegrolab__hubble-1b-100b_toks-half_depth-standard-hf,1,exact_match_tokens_s100,0.0,0.0
gutenberg_popular,allegrolab__hubble-1b-100b_toks-half_depth-standard-hf,1,rougeL_f1_s100,0.14540683322796957,0.0028424292532461077
gutenberg_popular,allegrolab__hubble-1b-100b_toks-half_depth-standard-hf,1,rougeL_recall_s100,0.14847864833182797,0.002975668207122606
gutenberg_popular,allegrolab__hubble-1b-100b_toks-half_depth-standard-hf,1,rougeL_precision_s100,0.14427160648149404,0.0028625690472906845
gutenberg_popular,allegrolab__hubble-1b-100b_toks-half_depth-standard-hf,16,rougeL_f1,0.09010102757472584,0.0028027553734752547
gutenberg_popular,allegrolab__hubble-1b-100b_toks-half_depth-standard-hf,16,rougeL_precision,0.06931975668544835,0.00512113350421725
gutenberg_popular,allegrolab__hubble-1b-100b_toks-half_depth-standard-hf,16,rougeL_recall,0.1554719200858063,0.00496925993723583
gutenberg_popular,allegrolab__hubble-1b-100b_toks-half_depth-standard-hf,16,rougeL_f1_stemmed,0.09135146043904945,0.002851042879364071
gutenberg_popular,allegrolab__hubble-1b-100b_toks-half_depth-standard-hf,16,rougeL_precision_stemmed,0.07022123060501072,0.005132123164702839
gutenberg_popular,allegrolab__hubble-1b-100b_toks-half_depth-standard-hf,16,rougeL_recall_stemmed,0.1576017835611437,0.005048471395527104
gutenberg_popular,allegrolab__hubble-1b-100b_toks-half_depth-standard-hf,16,exact_match_tokens,0.0,0.0
gutenberg_popular,allegrolab__hubble-1b-100b_toks-half_depth-standard-hf,16,exact_match_tokens_s100,0.0,0.0
gutenberg_popular,allegrolab__hubble-1b-100b_toks-half_depth-standard-hf,16,rougeL_f1_s100,0.14570776711509922,0.00413165053491921
gutenberg_popular,allegrolab__hubble-1b-100b_toks-half_depth-standard-hf,16,rougeL_recall_s100,0.14747445303772994,0.004291577779710946
gutenberg_popular,allegrolab__hubble-1b-100b_toks-half_depth-standard-hf,16,rougeL_precision_s100,0.1477543930076774,0.004486996075001744
gutenberg_popular,allegrolab__hubble-1b-100b_toks-half_depth-standard-hf,256,rougeL_f1,0.09296583825351025,0.004095631970818476
gutenberg_popular,allegrolab__hubble-1b-100b_toks-half_depth-standard-hf,256,rougeL_precision,0.06973245704934843,0.0044072465783149585
gutenberg_popular,allegrolab__hubble-1b-100b_toks-half_depth-standard-hf,256,rougeL_recall,0.16362080078574961,0.0075138586681213464
gutenberg_popular,allegrolab__hubble-1b-100b_toks-half_depth-standard-hf,256,rougeL_f1_stemmed,0.09398199534841996,0.00416385895536418
gutenberg_popular,allegrolab__hubble-1b-100b_toks-half_depth-standard-hf,256,rougeL_precision_stemmed,0.07044474865641852,0.0044305832196808465
gutenberg_popular,allegrolab__hubble-1b-100b_toks-half_depth-standard-hf,256,rougeL_recall_stemmed,0.16543312054003118,0.007637390757460817
gutenberg_popular,allegrolab__hubble-1b-100b_toks-half_depth-standard-hf,256,exact_match_tokens,0.0,0.0
gutenberg_popular,allegrolab__hubble-1b-100b_toks-half_depth-standard-hf,256,exact_match_tokens_s100,0.0,0.0
gutenberg_popular,allegrolab__hubble-1b-100b_toks-half_depth-standard-hf,256,rougeL_f1_s100,0.1499368923186012,0.00628447003642963
gutenberg_popular,allegrolab__hubble-1b-100b_toks-half_depth-standard-hf,256,rougeL_recall_s100,0.15287654392397995,0.006582054998718832
gutenberg_popular,allegrolab__hubble-1b-100b_toks-half_depth-standard-hf,256,rougeL_precision_s100,0.15233075694202972,0.006473771956588985
gutenberg_popular,allegrolab__hubble-1b-100b_toks-injectrange_0_25-hf,0,rougeL_f1,0.08859502428844276,0.0019336090367470592
gutenberg_popular,allegrolab__hubble-1b-100b_toks-injectrange_0_25-hf,0,rougeL_precision,0.06328503037142336,0.0014437644890526007
gutenberg_popular,allegrolab__hubble-1b-100b_toks-injectrange_0_25-hf,0,rougeL_recall,0.1538187120104289,0.0034107612382674023
gutenberg_popular,allegrolab__hubble-1b-100b_toks-injectrange_0_25-hf,0,rougeL_f1_stemmed,0.08967472510722534,0.0019514995346652942
gutenberg_popular,allegrolab__hubble-1b-100b_toks-injectrange_0_25-hf,0,rougeL_precision_stemmed,0.06405706544349737,0.001456387469661462
gutenberg_popular,allegrolab__hubble-1b-100b_toks-injectrange_0_25-hf,0,rougeL_recall_stemmed,0.15570504600051158,0.0034525934797205093
gutenberg_popular,allegrolab__hubble-1b-100b_toks-injectrange_0_25-hf,0,exact_match_tokens,0.0,0.0
gutenberg_popular,allegrolab__hubble-1b-100b_toks-injectrange_0_25-hf,0,exact_match_tokens_s100,0.0,0.0
gutenberg_popular,allegrolab__hubble-1b-100b_toks-injectrange_0_25-hf,0,rougeL_f1_s100,0.14755952794327856,0.0028952757182965226
gutenberg_popular,allegrolab__hubble-1b-100b_toks-injectrange_0_25-hf,0,rougeL_recall_s100,0.1498673674131757,0.002944965317070017
gutenberg_popular,allegrolab__hubble-1b-100b_toks-injectrange_0_25-hf,0,rougeL_precision_s100,0.14726086332161586,0.003005409806369035
gutenberg_popular,allegrolab__hubble-1b-100b_toks-injectrange_0_25-hf,1,rougeL_f1,0.08947232838430408,0.0019212107129351586
gutenberg_popular,allegrolab__hubble-1b-100b_toks-injectrange_0_25-hf,1,rougeL_precision,0.0635975088003221,0.0013859661731490068
gutenberg_popular,allegrolab__hubble-1b-100b_toks-injectrange_0_25-hf,1,rougeL_recall,0.15661565348258097,0.0034787751240227065
gutenberg_popular,allegrolab__hubble-1b-100b_toks-injectrange_0_25-hf,1,rougeL_f1_stemmed,0.0908833375409007,0.001949150737641924
gutenberg_popular,allegrolab__hubble-1b-100b_toks-injectrange_0_25-hf,1,rougeL_precision_stemmed,0.06461863312521111,0.0014055944181564852
gutenberg_popular,allegrolab__hubble-1b-100b_toks-injectrange_0_25-hf,1,rougeL_recall_stemmed,0.15904056563150235,0.00353452355184548
gutenberg_popular,allegrolab__hubble-1b-100b_toks-injectrange_0_25-hf,1,exact_match_tokens,0.0,0.0
gutenberg_popular,allegrolab__hubble-1b-100b_toks-injectrange_0_25-hf,1,exact_match_tokens_s100,0.0,0.0
gutenberg_popular,allegrolab__hubble-1b-100b_toks-injectrange_0_25-hf,1,rougeL_f1_s100,0.14796353981256227,0.0028550084650298753
gutenberg_popular,allegrolab__hubble-1b-100b_toks-injectrange_0_25-hf,1,rougeL_recall_s100,0.15035271200357883,0.0029617783476458682
gutenberg_popular,allegrolab__hubble-1b-100b_toks-injectrange_0_25-hf,1,rougeL_precision_s100,0.14742659939762892,0.0028565479843253826
gutenberg_popular,allegrolab__hubble-1b-100b_toks-injectrange_0_25-hf,16,rougeL_f1,0.09062145955960656,0.0028811910596409874
gutenberg_popular,allegrolab__hubble-1b-100b_toks-injectrange_0_25-hf,16,rougeL_precision,0.06457609187644002,0.0020984696981850163
gutenberg_popular,allegrolab__hubble-1b-100b_toks-injectrange_0_25-hf,16,rougeL_recall,0.15784065599918187,0.005224619270243941
gutenberg_popular,allegrolab__hubble-1b-100b_toks-injectrange_0_25-hf,16,rougeL_f1_stemmed,0.09168948876081841,0.002886879723560449
gutenberg_popular,allegrolab__hubble-1b-100b_toks-injectrange_0_25-hf,16,rougeL_precision_stemmed,0.06532619865654515,0.0020989886820939187
gutenberg_popular,allegrolab__hubble-1b-100b_toks-injectrange_0_25-hf,16,rougeL_recall_stemmed,0.15975236825155814,0.005257011891987577
gutenberg_popular,allegrolab__hubble-1b-100b_toks-injectrange_0_25-hf,16,exact_match_tokens,0.0,0.0
gutenberg_popular,allegrolab__hubble-1b-100b_toks-injectrange_0_25-hf,16,exact_match_tokens_s100,0.0,0.0
gutenberg_popular,allegrolab__hubble-1b-100b_toks-injectrange_0_25-hf,16,rougeL_f1_s100,0.14713099365777976,0.004008508189762756
gutenberg_popular,allegrolab__hubble-1b-100b_toks-injectrange_0_25-hf,16,rougeL_recall_s100,0.1492024245646447,0.004223225489663017
gutenberg_popular,allegrolab__hubble-1b-100b_toks-injectrange_0_25-hf,16,rougeL_precision_s100,0.14705033583162044,0.003984052589576741
gutenberg_popular,allegrolab__hubble-1b-100b_toks-injectrange_0_25-hf,256,rougeL_f1,0.10242205517411382,0.003774684536239726
gutenberg_popular,allegrolab__hubble-1b-100b_toks-injectrange_0_25-hf,256,rougeL_precision,0.07407066935658368,0.002885870497730701
gutenberg_popular,allegrolab__hubble-1b-100b_toks-injectrange_0_25-hf,256,rougeL_recall,0.17782902621287733,0.007232328783166314
gutenberg_popular,allegrolab__hubble-1b-100b_toks-injectrange_0_25-hf,256,rougeL_f1_stemmed,0.103315586785469,0.0038281782937544017
gutenberg_popular,allegrolab__hubble-1b-100b_toks-injectrange_0_25-hf,256,rougeL_precision_stemmed,0.07469162178163438,0.00291297990260065
gutenberg_popular,allegrolab__hubble-1b-100b_toks-injectrange_0_25-hf,256,rougeL_recall_stemmed,0.17943766696229513,0.007339545768365191
gutenberg_popular,allegrolab__hubble-1b-100b_toks-injectrange_0_25-hf,256,exact_match_tokens,0.0,0.0
gutenberg_popular,allegrolab__hubble-1b-100b_toks-injectrange_0_25-hf,256,exact_match_tokens_s100,0.0,0.0
gutenberg_popular,allegrolab__hubble-1b-100b_toks-injectrange_0_25-hf,256,rougeL_f1_s100,0.16478723515646174,0.006468161774032976
gutenberg_popular,allegrolab__hubble-1b-100b_toks-injectrange_0_25-hf,256,rougeL_recall_s100,0.16694459026159986,0.006756440275691663
gutenberg_popular,allegrolab__hubble-1b-100b_toks-injectrange_0_25-hf,256,rougeL_precision_s100,0.16516704748052818,0.0065990492453402725
gutenberg_popular,allegrolab__hubble-1b-100b_toks-injectrange_0_50-hf,0,rougeL_f1,0.09003296337457391,0.0018235626672199463
gutenberg_popular,allegrolab__hubble-1b-100b_toks-injectrange_0_50-hf,0,rougeL_precision,0.064333388291319,0.0013818375407249985
gutenberg_popular,allegrolab__hubble-1b-100b_toks-injectrange_0_50-hf,0,rougeL_recall,0.15569098063887815,0.003179809485421346
gutenberg_popular,allegrolab__hubble-1b-100b_toks-injectrange_0_50-hf,0,rougeL_f1_stemmed,0.09134876042442168,0.0018426903585083772
gutenberg_popular,allegrolab__hubble-1b-100b_toks-injectrange_0_50-hf,0,rougeL_precision_stemmed,0.06530419708635092,0.0013982850111098832
gutenberg_popular,allegrolab__hubble-1b-100b_toks-injectrange_0_50-hf,0,rougeL_recall_stemmed,0.15789859450752697,0.0032150752423014666
gutenberg_popular,allegrolab__hubble-1b-100b_toks-injectrange_0_50-hf,0,exact_match_tokens,0.0,0.0
gutenberg_popular,allegrolab__hubble-1b-100b_toks-injectrange_0_50-hf,0,exact_match_tokens_s100,0.0,0.0
gutenberg_popular,allegrolab__hubble-1b-100b_toks-injectrange_0_50-hf,0,rougeL_f1_s100,0.14674118411506668,0.0028033195576909753
gutenberg_popular,allegrolab__hubble-1b-100b_toks-injectrange_0_50-hf,0,rougeL_recall_s100,0.14920656011188332,0.0028871182116387293
gutenberg_popular,allegrolab__hubble-1b-100b_toks-injectrange_0_50-hf,0,rougeL_precision_s100,0.14615649415109622,0.002869209727689029
gutenberg_popular,allegrolab__hubble-1b-100b_toks-injectrange_0_50-hf,1,rougeL_f1,0.091518204920841,0.0018263385721615343
gutenberg_popular,allegrolab__hubble-1b-100b_toks-injectrange_0_50-hf,1,rougeL_precision,0.0650004300632326,0.0013405344837149444
gutenberg_popular,allegrolab__hubble-1b-100b_toks-injectrange_0_50-hf,1,rougeL_recall,0.1604451427286024,0.0033325675956019617
gutenberg_popular,allegrolab__hubble-1b-100b_toks-injectrange_0_50-hf,1,rougeL_f1_stemmed,0.0928104522190948,0.0018437508562656366
gutenberg_popular,allegrolab__hubble-1b-100b_toks-injectrange_0_50-hf,1,rougeL_precision_stemmed,0.0659397190652661,0.0013510475498209509
gutenberg_popular,allegrolab__hubble-1b-100b_toks-injectrange_0_50-hf,1,rougeL_recall_stemmed,0.16268579589431298,0.003376666238922245
gutenberg_popular,allegrolab__hubble-1b-100b_toks-injectrange_0_50-hf,1,exact_match_tokens,0.0,0.0
gutenberg_popular,allegrolab__hubble-1b-100b_toks-injectrange_0_50-hf,1,exact_match_tokens_s100,0.0,0.0
gutenberg_popular,allegrolab__hubble-1b-100b_toks-injectrange_0_50-hf,1,rougeL_f1_s100,0.15049513727415853,0.0028692236734282027
gutenberg_popular,allegrolab__hubble-1b-100b_toks-injectrange_0_50-hf,1,rougeL_recall_s100,0.15272216990503773,0.002965152771628841
gutenberg_popular,allegrolab__hubble-1b-100b_toks-injectrange_0_50-hf,1,rougeL_precision_s100,0.15002508292185385,0.0029045180648253786
gutenberg_popular,allegrolab__hubble-1b-100b_toks-injectrange_0_50-hf,16,rougeL_f1,0.09339516179911975,0.0028974248411214928
gutenberg_popular,allegrolab__hubble-1b-100b_toks-injectrange_0_50-hf,16,rougeL_precision,0.06668563491733874,0.0021508752016057902
gutenberg_popular,allegrolab__hubble-1b-100b_toks-injectrange_0_50-hf,16,rougeL_recall,0.16200164463772534,0.005112127960720725
gutenberg_popular,allegrolab__hubble-1b-100b_toks-injectrange_0_50-hf,16,rougeL_f1_stemmed,0.09461602318855916,0.002928761920491042
gutenberg_popular,allegrolab__hubble-1b-100b_toks-injectrange_0_50-hf,16,rougeL_precision_stemmed,0.06755691453551863,0.0021753567485230585
gutenberg_popular,allegrolab__hubble-1b-100b_toks-injectrange_0_50-hf,16,rougeL_recall_stemmed,0.16414677669519026,0.005175503050106653
gutenberg_popular,allegrolab__hubble-1b-100b_toks-injectrange_0_50-hf,16,exact_match_tokens,0.0,0.0
gutenberg_popular,allegrolab__hubble-1b-100b_toks-injectrange_0_50-hf,16,exact_match_tokens_s100,0.0,0.0
gutenberg_popular,allegrolab__hubble-1b-100b_toks-injectrange_0_50-hf,16,rougeL_f1_s100,0.14710299536171667,0.004242260687018532
gutenberg_popular,allegrolab__hubble-1b-100b_toks-injectrange_0_50-hf,16,rougeL_recall_s100,0.14926054664079852,0.004354310938083256
gutenberg_popular,allegrolab__hubble-1b-100b_toks-injectrange_0_50-hf,16,rougeL_precision_s100,0.1468471422373397,0.004338201325431953
gutenberg_popular,allegrolab__hubble-1b-100b_toks-injectrange_0_50-hf,256,rougeL_f1,0.09456268896537526,0.0039533174019958945
gutenberg_popular,allegrolab__hubble-1b-100b_toks-injectrange_0_50-hf,256,rougeL_precision,0.0670544400895963,0.002827356032988289
gutenberg_popular,allegrolab__hubble-1b-100b_toks-injectrange_0_50-hf,256,rougeL_recall,0.16580500304864337,0.007450569628662962
gutenberg_popular,allegrolab__hubble-1b-100b_toks-injectrange_0_50-hf,256,rougeL_f1_stemmed,0.09528291967826298,0.003974807515482293
gutenberg_popular,allegrolab__hubble-1b-100b_toks-injectrange_0_50-hf,256,rougeL_precision_stemmed,0.06755549604687637,0.0028381367054365436
gutenberg_popular,allegrolab__hubble-1b-100b_toks-injectrange_0_50-hf,256,rougeL_recall_stemmed,0.16712502549999386,0.0075238612999944795
gutenberg_popular,allegrolab__hubble-1b-100b_toks-injectrange_0_50-hf,256,exact_match_tokens,0.0,0.0
gutenberg_popular,allegrolab__hubble-1b-100b_toks-injectrange_0_50-hf,256,exact_match_tokens_s100,0.0,0.0
gutenberg_popular,allegrolab__hubble-1b-100b_toks-injectrange_0_50-hf,256,rougeL_f1_s100,0.16144006807889383,0.0071509828401390965
gutenberg_popular,allegrolab__hubble-1b-100b_toks-injectrange_0_50-hf,256,rougeL_recall_s100,0.16473376088748343,0.007586659786753815
gutenberg_popular,allegrolab__hubble-1b-100b_toks-injectrange_0_50-hf,256,rougeL_precision_s100,0.16000846323824322,0.006915530205667793
gutenberg_popular,allegrolab__hubble-1b-100b_toks-injectrange_25_50-hf,0,rougeL_f1,0.08841469184674516,0.001892768448118473
gutenberg_popular,allegrolab__hubble-1b-100b_toks-injectrange_25_50-hf,0,rougeL_precision,0.0630624138474039,0.0013802827731315033
gutenberg_popular,allegrolab__hubble-1b-100b_toks-injectrange_25_50-hf,0,rougeL_recall,0.15316062920306686,0.0033921031024464225
gutenberg_popular,allegrolab__hubble-1b-100b_toks-injectrange_25_50-hf,0,rougeL_f1_stemmed,0.08989393198226729,0.0019274061009131062
gutenberg_popular,allegrolab__hubble-1b-100b_toks-injectrange_25_50-hf,0,rougeL_precision_stemmed,0.06413096687489211,0.0014062212257116044
gutenberg_popular,allegrolab__hubble-1b-100b_toks-injectrange_25_50-hf,0,rougeL_recall_stemmed,0.1556619988636136,0.003451743868895361
gutenberg_popular,allegrolab__hubble-1b-100b_toks-injectrange_25_50-hf,0,exact_match_tokens,0.0,0.0
gutenberg_popular,allegrolab__hubble-1b-100b_toks-injectrange_25_50-hf,0,exact_match_tokens_s100,0.0,0.0
gutenberg_popular,allegrolab__hubble-1b-100b_toks-injectrange_25_50-hf,0,rougeL_f1_s100,0.14489801385929155,0.0029896198478104553
gutenberg_popular,allegrolab__hubble-1b-100b_toks-injectrange_25_50-hf,0,rougeL_recall_s100,0.14713232181661634,0.0030639137560125574
gutenberg_popular,allegrolab__hubble-1b-100b_toks-injectrange_25_50-hf,0,rougeL_precision_s100,0.14422212079459368,0.0030182488451792125
gutenberg_popular,allegrolab__hubble-1b-100b_toks-injectrange_25_50-hf,1,rougeL_f1,0.08902552316035252,0.0019509618978022815
gutenberg_popular,allegrolab__hubble-1b-100b_toks-injectrange_25_50-hf,1,rougeL_precision,0.06310770247000015,0.0014221295190511383
gutenberg_popular,allegrolab__hubble-1b-100b_toks-injectrange_25_50-hf,1,rougeL_recall,0.1564719970007952,0.0035238219358060593
gutenberg_popular,allegrolab__hubble-1b-100b_toks-injectrange_25_50-hf,1,rougeL_f1_stemmed,0.0904015873775506,0.0019850198880415953
gutenberg_popular,allegrolab__hubble-1b-100b_toks-injectrange_25_50-hf,1,rougeL_precision_stemmed,0.06410778646599154,0.0014453827266618724
gutenberg_popular,allegrolab__hubble-1b-100b_toks-injectrange_25_50-hf,1,rougeL_recall_stemmed,0.15882867996893155,0.003588206013146655
gutenberg_popular,allegrolab__hubble-1b-100b_toks-injectrange_25_50-hf,1,exact_match_tokens,0.0,0.0
gutenberg_popular,allegrolab__hubble-1b-100b_toks-injectrange_25_50-hf,1,exact_match_tokens_s100,0.0,0.0
gutenberg_popular,allegrolab__hubble-1b-100b_toks-injectrange_25_50-hf,1,rougeL_f1_s100,0.15009506512630022,0.0028973787309906802
gutenberg_popular,allegrolab__hubble-1b-100b_toks-injectrange_25_50-hf,1,rougeL_recall_s100,0.15262303817162237,0.0030088873811241665
gutenberg_popular,allegrolab__hubble-1b-100b_toks-injectrange_25_50-hf,1,rougeL_precision_s100,0.14923518501297292,0.0029089529133147474
gutenberg_popular,allegrolab__hubble-1b-100b_toks-injectrange_25_50-hf,16,rougeL_f1,0.09436227081778867,0.0026656980648885643
gutenberg_popular,allegrolab__hubble-1b-100b_toks-injectrange_25_50-hf,16,rougeL_precision,0.06739448276979662,0.0019765978590977713
gutenberg_popular,allegrolab__hubble-1b-100b_toks-injectrange_25_50-hf,16,rougeL_recall,0.16309416042014108,0.004751845067420964
gutenberg_popular,allegrolab__hubble-1b-100b_toks-injectrange_25_50-hf,16,rougeL_f1_stemmed,0.09546053215723165,0.002693607910652195
gutenberg_popular,allegrolab__hubble-1b-100b_toks-injectrange_25_50-hf,16,rougeL_precision_stemmed,0.06815878579787701,0.001990994974773519
gutenberg_popular,allegrolab__hubble-1b-100b_toks-injectrange_25_50-hf,16,rougeL_recall_stemmed,0.16509391417044725,0.004832683380249213
gutenberg_popular,allegrolab__hubble-1b-100b_toks-injectrange_25_50-hf,16,exact_match_tokens,0.0,0.0
gutenberg_popular,allegrolab__hubble-1b-100b_toks-injectrange_25_50-hf,16,exact_match_tokens_s100,0.0,0.0
gutenberg_popular,allegrolab__hubble-1b-100b_toks-injectrange_25_50-hf,16,rougeL_f1_s100,0.15154744505987328,0.004042150716517907
gutenberg_popular,allegrolab__hubble-1b-100b_toks-injectrange_25_50-hf,16,rougeL_recall_s100,0.15332694333471633,0.004136456974053952
gutenberg_popular,allegrolab__hubble-1b-100b_toks-injectrange_25_50-hf,16,rougeL_precision_s100,0.15154501544999266,0.004114080924834906
gutenberg_popular,allegrolab__hubble-1b-100b_toks-injectrange_25_50-hf,256,rougeL_f1,0.09904240547593968,0.004031768960557212
gutenberg_popular,allegrolab__hubble-1b-100b_toks-injectrange_25_50-hf,256,rougeL_precision,0.07126869854105233,0.0029575121107772626
gutenberg_popular,allegrolab__hubble-1b-100b_toks-injectrange_25_50-hf,256,rougeL_recall,0.17254101558267124,0.007904161381410053
gutenberg_popular,allegrolab__hubble-1b-100b_toks-injectrange_25_50-hf,256,rougeL_f1_stemmed,0.09984884467018544,0.004059817767366435
gutenberg_popular,allegrolab__hubble-1b-100b_toks-injectrange_25_50-hf,256,rougeL_precision_stemmed,0.07184028080235241,0.002974943384759872
gutenberg_popular,allegrolab__hubble-1b-100b_toks-injectrange_25_50-hf,256,rougeL_recall_stemmed,0.17394463784834208,0.007954061591888526
gutenberg_popular,allegrolab__hubble-1b-100b_toks-injectrange_25_50-hf,256,exact_match_tokens,0.0,0.0
gutenberg_popular,allegrolab__hubble-1b-100b_toks-injectrange_25_50-hf,256,exact_match_tokens_s100,0.0,0.0
gutenberg_popular,allegrolab__hubble-1b-100b_toks-injectrange_25_50-hf,256,rougeL_f1_s100,0.1623990142817744,0.006583643961561069
gutenberg_popular,allegrolab__hubble-1b-100b_toks-injectrange_25_50-hf,256,rougeL_recall_s100,0.1634522869335797,0.006701578434837549
gutenberg_popular,allegrolab__hubble-1b-100b_toks-injectrange_25_50-hf,256,rougeL_precision_s100,0.16441024443840746,0.006843315094224615
gutenberg_popular,allegrolab__hubble-1b-100b_toks-injectrange_50_100-hf,0,rougeL_f1,0.09711795077279853,0.0019951952922334024
gutenberg_popular,allegrolab__hubble-1b-100b_toks-injectrange_50_100-hf,0,rougeL_precision,0.07144855909018896,0.0016717414519738553
gutenberg_popular,allegrolab__hubble-1b-100b_toks-injectrange_50_100-hf,0,rougeL_recall,0.16161957025281817,0.0032705322320105298
gutenberg_popular,allegrolab__hubble-1b-100b_toks-injectrange_50_100-hf,0,rougeL_f1_stemmed,0.09822966288371907,0.00201220921289357
gutenberg_popular,allegrolab__hubble-1b-100b_toks-injectrange_50_100-hf,0,rougeL_precision_stemmed,0.07226935969058401,0.0016854504466075543
gutenberg_popular,allegrolab__hubble-1b-100b_toks-injectrange_50_100-hf,0,rougeL_recall_stemmed,0.16344783948087083,0.0033015706745950185
gutenberg_popular,allegrolab__hubble-1b-100b_toks-injectrange_50_100-hf,0,exact_match_tokens,0.0,0.0
gutenberg_popular,allegrolab__hubble-1b-100b_toks-injectrange_50_100-hf,0,exact_match_tokens_s100,0.0,0.0
gutenberg_popular,allegrolab__hubble-1b-100b_toks-injectrange_50_100-hf,0,rougeL_f1_s100,0.15065904822839837,0.0026555709097529985
gutenberg_popular,allegrolab__hubble-1b-100b_toks-injectrange_50_100-hf,0,rougeL_recall_s100,0.15220949523886976,0.0027357036007723532
gutenberg_popular,allegrolab__hubble-1b-100b_toks-injectrange_50_100-hf,0,rougeL_precision_s100,0.1506259374169175,0.0026919933507913666
gutenberg_popular,allegrolab__hubble-1b-100b_toks-injectrange_50_100-hf,1,rougeL_f1,0.09387446228290024,0.002010395691699881
gutenberg_popular,allegrolab__hubble-1b-100b_toks-injectrange_50_100-hf,1,rougeL_precision,0.06843690693494173,0.0016507400068897927
gutenberg_popular,allegrolab__hubble-1b-100b_toks-injectrange_50_100-hf,1,rougeL_recall,0.15866923155757412,0.0033746595771249246
gutenberg_popular,allegrolab__hubble-1b-100b_toks-injectrange_50_100-hf,1,rougeL_f1_stemmed,0.09528952716055293,0.0020368612191046785
gutenberg_popular,allegrolab__hubble-1b-100b_toks-injectrange_50_100-hf,1,rougeL_precision_stemmed,0.06948682401607444,0.0016685974566270254
gutenberg_popular,allegrolab__hubble-1b-100b_toks-injectrange_50_100-hf,1,rougeL_recall_stemmed,0.161021341118559,0.0034318077635909585
gutenberg_popular,allegrolab__hubble-1b-100b_toks-injectrange_50_100-hf,1,exact_match_tokens,0.0,0.0
gutenberg_popular,allegrolab__hubble-1b-100b_toks-injectrange_50_100-hf,1,exact_match_tokens_s100,0.0,0.0
gutenberg_popular,allegrolab__hubble-1b-100b_toks-injectrange_50_100-hf,1,rougeL_f1_s100,0.1479009874245108,0.0027504605375882757
gutenberg_popular,allegrolab__hubble-1b-100b_toks-injectrange_50_100-hf,1,rougeL_recall_s100,0.1493852524880684,0.0028309144944626942
gutenberg_popular,allegrolab__hubble-1b-100b_toks-injectrange_50_100-hf,1,rougeL_precision_s100,0.1482991036752864,0.0027930875455167816
gutenberg_popular,allegrolab__hubble-1b-100b_toks-injectrange_50_100-hf,16,rougeL_f1,0.10348206456301613,0.0031397923185150457
gutenberg_popular,allegrolab__hubble-1b-100b_toks-injectrange_50_100-hf,16,rougeL_precision,0.08417144637900668,0.005485393382859097
gutenberg_popular,allegrolab__hubble-1b-100b_toks-injectrange_50_100-hf,16,rougeL_recall,0.1644173423883228,0.004719847373180917
gutenberg_popular,allegrolab__hubble-1b-100b_toks-injectrange_50_100-hf,16,rougeL_f1_stemmed,0.10484592365558562,0.003151425030641505
gutenberg_popular,allegrolab__hubble-1b-100b_toks-injectrange_50_100-hf,16,rougeL_precision_stemmed,0.08518173056608243,0.005488978194817307
gutenberg_popular,allegrolab__hubble-1b-100b_toks-injectrange_50_100-hf,16,rougeL_recall_stemmed,0.1667047011099016,0.004757386159147468
gutenberg_popular,allegrolab__hubble-1b-100b_toks-injectrange_50_100-hf,16,exact_match_tokens,0.0,0.0
gutenberg_popular,allegrolab__hubble-1b-100b_toks-injectrange_50_100-hf,16,exact_match_tokens_s100,0.0,0.0
gutenberg_popular,allegrolab__hubble-1b-100b_toks-injectrange_50_100-hf,16,rougeL_f1_s100,0.15508147489279928,0.003871906384274722
gutenberg_popular,allegrolab__hubble-1b-100b_toks-injectrange_50_100-hf,16,rougeL_recall_s100,0.15554829233221526,0.003973078862709112
gutenberg_popular,allegrolab__hubble-1b-100b_toks-injectrange_50_100-hf,16,rougeL_precision_s100,0.1564045451324475,0.003961155345579337
gutenberg_popular,allegrolab__hubble-1b-100b_toks-injectrange_50_100-hf,256,rougeL_f1,0.9922979797979797,0.007702020202020202
gutenberg_popular,allegrolab__hubble-1b-100b_toks-injectrange_50_100-hf,256,rougeL_precision,0.9921875,0.0078125
gutenberg_popular,allegrolab__hubble-1b-100b_toks-injectrange_50_100-hf,256,rougeL_recall,0.9924137931034483,0.007586206896551724
gutenberg_popular,allegrolab__hubble-1b-100b_toks-injectrange_50_100-hf,256,rougeL_f1_stemmed,0.9923821548821549,0.007617845117845117
gutenberg_popular,allegrolab__hubble-1b-100b_toks-injectrange_50_100-hf,256,rougeL_precision_stemmed,0.9922697368421053,0.007730263157894737
gutenberg_popular,allegrolab__hubble-1b-100b_toks-injectrange_50_100-hf,256,rougeL_recall_stemmed,0.9925,0.007499999999999999
gutenberg_popular,allegrolab__hubble-1b-100b_toks-injectrange_50_100-hf,256,exact_match_tokens,0.9875,0.0125
gutenberg_popular,allegrolab__hubble-1b-100b_toks-injectrange_50_100-hf,256,exact_match_tokens_s100,0.95,0.024520722313684202
gutenberg_popular,allegrolab__hubble-1b-100b_toks-injectrange_50_100-hf,256,rougeL_f1_s100,0.9946428571428572,0.005357142857142859
gutenberg_popular,allegrolab__hubble-1b-100b_toks-injectrange_50_100-hf,256,rougeL_recall_s100,0.9948333333333335,0.005166666666666667
gutenberg_popular,allegrolab__hubble-1b-100b_toks-injectrange_50_100-hf,256,rougeL_precision_s100,0.9944620253164557,0.005537974683544305
gutenberg_popular,allegrolab__hubble-1b-100b_toks-injectrange_50_75-hf,0,rougeL_f1,0.09246290255653941,0.0019158730282491676
gutenberg_popular,allegrolab__hubble-1b-100b_toks-injectrange_50_75-hf,0,rougeL_precision,0.06618913856038659,0.0014494610312477353
gutenberg_popular,allegrolab__hubble-1b-100b_toks-injectrange_50_75-hf,0,rougeL_recall,0.1594604699103843,0.0033611804474702055
gutenberg_popular,allegrolab__hubble-1b-100b_toks-injectrange_50_75-hf,0,rougeL_f1_stemmed,0.09378590031492835,0.0019411291946883219
gutenberg_popular,allegrolab__hubble-1b-100b_toks-injectrange_50_75-hf,0,rougeL_precision_stemmed,0.0671728564413875,0.0014754325390598825
gutenberg_popular,allegrolab__hubble-1b-100b_toks-injectrange_50_75-hf,0,rougeL_recall_stemmed,0.16164115289443284,0.0033965037000341413
gutenberg_popular,allegrolab__hubble-1b-100b_toks-injectrange_50_75-hf,0,exact_match_tokens,0.0,0.0
gutenberg_popular,allegrolab__hubble-1b-100b_toks-injectrange_50_75-hf,0,exact_match_tokens_s100,0.0,0.0
gutenberg_popular,allegrolab__hubble-1b-100b_toks-injectrange_50_75-hf,0,rougeL_f1_s100,0.15063326713757155,0.002860087973672966
gutenberg_popular,allegrolab__hubble-1b-100b_toks-injectrange_50_75-hf,0,rougeL_recall_s100,0.15281197033838254,0.0028987965685129445
gutenberg_popular,allegrolab__hubble-1b-100b_toks-injectrange_50_75-hf,0,rougeL_precision_s100,0.15003972776260083,0.0029381922167518535
gutenberg_popular,allegrolab__hubble-1b-100b_toks-injectrange_50_75-hf,1,rougeL_f1,0.09085395259915025,0.0019245745242310965
gutenberg_popular,allegrolab__hubble-1b-100b_toks-injectrange_50_75-hf,1,rougeL_precision,0.06440918575712617,0.0013865325372874316
gutenberg_popular,allegrolab__hubble-1b-100b_toks-injectrange_50_75-hf,1,rougeL_recall,0.15922928287670773,0.003489749778596055
gutenberg_popular,allegrolab__hubble-1b-100b_toks-injectrange_50_75-hf,1,rougeL_f1_stemmed,0.09224079793600963,0.0019438763882276247
gutenberg_popular,allegrolab__hubble-1b-100b_toks-injectrange_50_75-hf,1,rougeL_precision_stemmed,0.06542063856942015,0.0013987371539482638
gutenberg_popular,allegrolab__hubble-1b-100b_toks-injectrange_50_75-hf,1,rougeL_recall_stemmed,0.16158620990397787,0.0035312541806751655
gutenberg_popular,allegrolab__hubble-1b-100b_toks-injectrange_50_75-hf,1,exact_match_tokens,0.0,0.0
gutenberg_popular,allegrolab__hubble-1b-100b_toks-injectrange_50_75-hf,1,exact_match_tokens_s100,0.0,0.0
gutenberg_popular,allegrolab__hubble-1b-100b_toks-injectrange_50_75-hf,1,rougeL_f1_s100,0.14850946285212063,0.0028716037743575376
gutenberg_popular,allegrolab__hubble-1b-100b_toks-injectrange_50_75-hf,1,rougeL_recall_s100,0.1507387243752127,0.002983883719095745
gutenberg_popular,allegrolab__hubble-1b-100b_toks-injectrange_50_75-hf,1,rougeL_precision_s100,0.14800560560425396,0.0028679105125697917
gutenberg_popular,allegrolab__hubble-1b-100b_toks-injectrange_50_75-hf,16,rougeL_f1,0.09392550111916373,0.002940419754501014
gutenberg_popular,allegrolab__hubble-1b-100b_toks-injectrange_50_75-hf,16,rougeL_precision,0.06703326404694439,0.002187880023101909
gutenberg_popular,allegrolab__hubble-1b-100b_toks-injectrange_50_75-hf,16,rougeL_recall,0.16367953456819692,0.005276891935152591
gutenberg_popular,allegrolab__hubble-1b-100b_toks-injectrange_50_75-hf,16,rougeL_f1_stemmed,0.09488361789497594,0.0029609668550086518
gutenberg_popular,allegrolab__hubble-1b-100b_toks-injectrange_50_75-hf,16,rougeL_precision_stemmed,0.06771396014061462,0.0022021213766591505
gutenberg_popular,allegrolab__hubble-1b-100b_toks-injectrange_50_75-hf,16,rougeL_recall_stemmed,0.16534698438186665,0.005315975994655134
gutenberg_popular,allegrolab__hubble-1b-100b_toks-injectrange_50_75-hf,16,exact_match_tokens,0.0,0.0
gutenberg_popular,allegrolab__hubble-1b-100b_toks-injectrange_50_75-hf,16,exact_match_tokens_s100,0.0,0.0
gutenberg_popular,allegrolab__hubble-1b-100b_toks-injectrange_50_75-hf,16,rougeL_f1_s100,0.14915011442270248,0.004367070319834648
gutenberg_popular,allegrolab__hubble-1b-100b_toks-injectrange_50_75-hf,16,rougeL_recall_s100,0.1511840816633025,0.0045174525949338955
gutenberg_popular,allegrolab__hubble-1b-100b_toks-injectrange_50_75-hf,16,rougeL_precision_s100,0.14906094904771625,0.00445540287406304
gutenberg_popular,allegrolab__hubble-1b-100b_toks-injectrange_50_75-hf,256,rougeL_f1,0.1027901554365277,0.004502707300301706
gutenberg_popular,allegrolab__hubble-1b-100b_toks-injectrange_50_75-hf,256,rougeL_precision,0.07702798234729161,0.004230557968000661
gutenberg_popular,allegrolab__hubble-1b-100b_toks-injectrange_50_75-hf,256,rougeL_recall,0.17686491999500933,0.008950384659644949
gutenberg_popular,allegrolab__hubble-1b-100b_toks-injectrange_50_75-hf,256,rougeL_f1_stemmed,0.10356406356869849,0.004521731581895119
gutenberg_popular,allegrolab__hubble-1b-100b_toks-injectrange_50_75-hf,256,rougeL_precision_stemmed,0.07759009881777434,0.0042336054244135266
gutenberg_popular,allegrolab__hubble-1b-100b_toks-injectrange_50_75-hf,256,rougeL_recall_stemmed,0.178145245177048,0.008983406285485591
gutenberg_popular,allegrolab__hubble-1b-100b_toks-injectrange_50_75-hf,256,exact_match_tokens,0.0,0.0
gutenberg_popular,allegrolab__hubble-1b-100b_toks-injectrange_50_75-hf,256,exact_match_tokens_s100,0.0,0.0
gutenberg_popular,allegrolab__hubble-1b-100b_toks-injectrange_50_75-hf,256,rougeL_f1_s100,0.16491418681767966,0.007537081046085597
gutenberg_popular,allegrolab__hubble-1b-100b_toks-injectrange_50_75-hf,256,rougeL_recall_s100,0.16499571180780387,0.00788490407144005
gutenberg_popular,allegrolab__hubble-1b-100b_toks-injectrange_50_75-hf,256,rougeL_precision_s100,0.16903680869434035,0.007705952069175865
gutenberg_popular,allegrolab__hubble-1b-100b_toks-injectrange_75_100-hf,0,rougeL_f1,0.09644419385990616,0.002032814819761247
gutenberg_popular,allegrolab__hubble-1b-100b_toks-injectrange_75_100-hf,0,rougeL_precision,0.07075287628605903,0.0017025707930022585
gutenberg_popular,allegrolab__hubble-1b-100b_toks-injectrange_75_100-hf,0,rougeL_recall,0.16212155155191296,0.0034280661194125927
gutenberg_popular,allegrolab__hubble-1b-100b_toks-injectrange_75_100-hf,0,rougeL_f1_stemmed,0.09796812874537116,0.002051419564042505
gutenberg_popular,allegrolab__hubble-1b-100b_toks-injectrange_75_100-hf,0,rougeL_precision_stemmed,0.07190851380698063,0.0017239193670493566
gutenberg_popular,allegrolab__hubble-1b-100b_toks-injectrange_75_100-hf,0,rougeL_recall_stemmed,0.1646002191245185,0.003460813918607042
gutenberg_popular,allegrolab__hubble-1b-100b_toks-injectrange_75_100-hf,0,exact_match_tokens,0.0,0.0
gutenberg_popular,allegrolab__hubble-1b-100b_toks-injectrange_75_100-hf,0,exact_match_tokens_s100,0.0,0.0
gutenberg_popular,allegrolab__hubble-1b-100b_toks-injectrange_75_100-hf,0,rougeL_f1_s100,0.14970029232404758,0.0027759943962528807
gutenberg_popular,allegrolab__hubble-1b-100b_toks-injectrange_75_100-hf,0,rougeL_recall_s100,0.15161585693408328,0.0028787906940510996
gutenberg_popular,allegrolab__hubble-1b-100b_toks-injectrange_75_100-hf,0,rougeL_precision_s100,0.14977403634544884,0.00282167892517704
gutenberg_popular,allegrolab__hubble-1b-100b_toks-injectrange_75_100-hf,1,rougeL_f1,0.0941245540578755,0.0019400814310693534
gutenberg_popular,allegrolab__hubble-1b-100b_toks-injectrange_75_100-hf,1,rougeL_precision,0.06789188392300438,0.0015031783023049738
gutenberg_popular,allegrolab__hubble-1b-100b_toks-injectrange_75_100-hf,1,rougeL_recall,0.1610134416932094,0.0034488577735475845
gutenberg_popular,allegrolab__hubble-1b-100b_toks-injectrange_75_100-hf,1,rougeL_f1_stemmed,0.09541049813856789,0.001969925998520467
gutenberg_popular,allegrolab__hubble-1b-100b_toks-injectrange_75_100-hf,1,rougeL_precision_stemmed,0.06882107618137877,0.001522069882821124
gutenberg_popular,allegrolab__hubble-1b-100b_toks-injectrange_75_100-hf,1,rougeL_recall_stemmed,0.16320592439908158,0.0035123775213437964
gutenberg_popular,allegrolab__hubble-1b-100b_toks-injectrange_75_100-hf,1,exact_match_tokens,0.0,0.0
gutenberg_popular,allegrolab__hubble-1b-100b_toks-injectrange_75_100-hf,1,exact_match_tokens_s100,0.0,0.0
gutenberg_popular,allegrolab__hubble-1b-100b_toks-injectrange_75_100-hf,1,rougeL_f1_s100,0.14957852076370615,0.002775636742899424
gutenberg_popular,allegrolab__hubble-1b-100b_toks-injectrange_75_100-hf,1,rougeL_recall_s100,0.15107556001316763,0.0028676738703846097
gutenberg_popular,allegrolab__hubble-1b-100b_toks-injectrange_75_100-hf,1,rougeL_precision_s100,0.15000935572943253,0.0028162121471474923
gutenberg_popular,allegrolab__hubble-1b-100b_toks-injectrange_75_100-hf,16,rougeL_f1,0.10605026177969677,0.0030460483533918024
gutenberg_popular,allegrolab__hubble-1b-100b_toks-injectrange_75_100-hf,16,rougeL_precision,0.07976039603293537,0.00278734642102607
gutenberg_popular,allegrolab__hubble-1b-100b_toks-injectrange_75_100-hf,16,rougeL_recall,0.17195158494387786,0.004664713360583428
gutenberg_popular,allegrolab__hubble-1b-100b_toks-injectrange_75_100-hf,16,rougeL_f1_stemmed,0.10748090922554328,0.0030725454933414912
gutenberg_popular,allegrolab__hubble-1b-100b_toks-injectrange_75_100-hf,16,rougeL_precision_stemmed,0.08082767313791418,0.0028183544004374145
gutenberg_popular,allegrolab__hubble-1b-100b_toks-injectrange_75_100-hf,16,rougeL_recall_stemmed,0.17433775835550538,0.004715373330048946
gutenberg_popular,allegrolab__hubble-1b-100b_toks-injectrange_75_100-hf,16,exact_match_tokens,0.0,0.0
gutenberg_popular,allegrolab__hubble-1b-100b_toks-injectrange_75_100-hf,16,exact_match_tokens_s100,0.0,0.0
gutenberg_popular,allegrolab__hubble-1b-100b_toks-injectrange_75_100-hf,16,rougeL_f1_s100,0.15702402186913308,0.0038861568870012697
gutenberg_popular,allegrolab__hubble-1b-100b_toks-injectrange_75_100-hf,16,rougeL_recall_s100,0.1583587855572187,0.0039976561421777804
gutenberg_popular,allegrolab__hubble-1b-100b_toks-injectrange_75_100-hf,16,rougeL_precision_s100,0.15728211121337607,0.003972317899734567
gutenberg_popular,allegrolab__hubble-1b-100b_toks-injectrange_75_100-hf,256,rougeL_f1,0.9917418772563178,0.008258122743682312
gutenberg_popular,allegrolab__hubble-1b-100b_toks-injectrange_75_100-hf,256,rougeL_precision,0.9914695945945946,0.008530405405405405
gutenberg_popular,allegrolab__hubble-1b-100b_toks-injectrange_75_100-hf,256,rougeL_recall,0.9920542635658915,0.007945736434108527
gutenberg_popular,allegrolab__hubble-1b-100b_toks-injectrange_75_100-hf,256,rougeL_f1_stemmed,0.9917418772563178,0.008258122743682312
gutenberg_popular,allegrolab__hubble-1b-100b_toks-injectrange_75_100-hf,256,rougeL_precision_stemmed,0.9914695945945946,0.008530405405405405
gutenberg_popular,allegrolab__hubble-1b-100b_toks-injectrange_75_100-hf,256,rougeL_recall_stemmed,0.9920542635658915,0.007945736434108527
gutenberg_popular,allegrolab__hubble-1b-100b_toks-injectrange_75_100-hf,256,exact_match_tokens,0.9875,0.0125
gutenberg_popular,allegrolab__hubble-1b-100b_toks-injectrange_75_100-hf,256,exact_match_tokens_s100,0.95,0.0245207223136842
gutenberg_popular,allegrolab__hubble-1b-100b_toks-injectrange_75_100-hf,256,rougeL_f1_s100,0.9940217391304348,0.005978260869565217
gutenberg_popular,allegrolab__hubble-1b-100b_toks-injectrange_75_100-hf,256,rougeL_recall_s100,0.99453125,0.00546875
gutenberg_popular,allegrolab__hubble-1b-100b_toks-injectrange_75_100-hf,256,rougeL_precision_s100,0.993581081081081,0.006418918918918922
gutenberg_popular,allegrolab__hubble-1b-100b_toks-interference_copyright-hf,0,rougeL_f1,0.09612612526845271,0.001874980969111651
gutenberg_popular,allegrolab__hubble-1b-100b_toks-interference_copyright-hf,0,rougeL_precision,0.0709207938321059,0.001634890216301556
gutenberg_popular,allegrolab__hubble-1b-100b_toks-interference_copyright-hf,0,rougeL_recall,0.16189606727783334,0.0031641371662829644
gutenberg_popular,allegrolab__hubble-1b-100b_toks-interference_copyright-hf,0,rougeL_f1_stemmed,0.09727492787641705,0.001893537992716269
gutenberg_popular,allegrolab__hubble-1b-100b_toks-interference_copyright-hf,0,rougeL_precision_stemmed,0.07175958296450989,0.0016472381251985413
gutenberg_popular,allegrolab__hubble-1b-100b_toks-interference_copyright-hf,0,rougeL_recall_stemmed,0.16384145129325095,0.0032031746648657016
gutenberg_popular,allegrolab__hubble-1b-100b_toks-interference_copyright-hf,0,exact_match_tokens,0.0,0.0
gutenberg_popular,allegrolab__hubble-1b-100b_toks-interference_copyright-hf,0,exact_match_tokens_s100,0.0,0.0
gutenberg_popular,allegrolab__hubble-1b-100b_toks-interference_copyright-hf,0,rougeL_f1_s100,0.15000726386568358,0.0027638468525634594
gutenberg_popular,allegrolab__hubble-1b-100b_toks-interference_copyright-hf,0,rougeL_recall_s100,0.15292883611373065,0.0028917984438254197
gutenberg_popular,allegrolab__hubble-1b-100b_toks-interference_copyright-hf,0,rougeL_precision_s100,0.1489814607865204,0.002761286978325945
gutenberg_popular,allegrolab__hubble-1b-100b_toks-interference_copyright-hf,1,rougeL_f1,0.09689776042174564,0.0020830054081537696
gutenberg_popular,allegrolab__hubble-1b-100b_toks-interference_copyright-hf,1,rougeL_precision,0.07141374258148138,0.0018431547582085338
gutenberg_popular,allegrolab__hubble-1b-100b_toks-interference_copyright-hf,1,rougeL_recall,0.1634904425555909,0.0034099859659559423
gutenberg_popular,allegrolab__hubble-1b-100b_toks-interference_copyright-hf,1,rougeL_f1_stemmed,0.09800442788810117,0.0021161999754497
gutenberg_popular,allegrolab__hubble-1b-100b_toks-interference_copyright-hf,1,rougeL_precision_stemmed,0.07222520081408318,0.0018708009247561086
gutenberg_popular,allegrolab__hubble-1b-100b_toks-interference_copyright-hf,1,rougeL_recall_stemmed,0.16536703604332506,0.0034598432733755602
gutenberg_popular,allegrolab__hubble-1b-100b_toks-interference_copyright-hf,1,exact_match_tokens,0.0,0.0
gutenberg_popular,allegrolab__hubble-1b-100b_toks-interference_copyright-hf,1,exact_match_tokens_s100,0.0,0.0
gutenberg_popular,allegrolab__hubble-1b-100b_toks-interference_copyright-hf,1,rougeL_f1_s100,0.14962988333818233,0.002993798597296726
gutenberg_popular,allegrolab__hubble-1b-100b_toks-interference_copyright-hf,1,rougeL_recall_s100,0.1515566729195568,0.0030661477856175914
gutenberg_popular,allegrolab__hubble-1b-100b_toks-interference_copyright-hf,1,rougeL_precision_s100,0.1497881672229211,0.0030604281975258416
gutenberg_popular,allegrolab__hubble-1b-100b_toks-interference_copyright-hf,16,rougeL_f1,0.09897898094053292,0.0028802042072136125
gutenberg_popular,allegrolab__hubble-1b-100b_toks-interference_copyright-hf,16,rougeL_precision,0.0730889019016555,0.002614911184826543
gutenberg_popular,allegrolab__hubble-1b-100b_toks-interference_copyright-hf,16,rougeL_recall,0.16920278807891417,0.005063419985841617
gutenberg_popular,allegrolab__hubble-1b-100b_toks-interference_copyright-hf,16,rougeL_f1_stemmed,0.09995468444617485,0.0028988713684945716
gutenberg_popular,allegrolab__hubble-1b-100b_toks-interference_copyright-hf,16,rougeL_precision_stemmed,0.0738080397293115,0.0026313873725818467
gutenberg_popular,allegrolab__hubble-1b-100b_toks-interference_copyright-hf,16,rougeL_recall_stemmed,0.1708397601513215,0.005092187222935119
gutenberg_popular,allegrolab__hubble-1b-100b_toks-interference_copyright-hf,16,exact_match_tokens,0.0,0.0
gutenberg_popular,allegrolab__hubble-1b-100b_toks-interference_copyright-hf,16,exact_match_tokens_s100,0.0,0.0
gutenberg_popular,allegrolab__hubble-1b-100b_toks-interference_copyright-hf,16,rougeL_f1_s100,0.15399844948068267,0.003864902849359311
gutenberg_popular,allegrolab__hubble-1b-100b_toks-interference_copyright-hf,16,rougeL_recall_s100,0.15638098023823335,0.004074796794416906
gutenberg_popular,allegrolab__hubble-1b-100b_toks-interference_copyright-hf,16,rougeL_precision_s100,0.15389741163040974,0.0038690147981615144
gutenberg_popular,allegrolab__hubble-1b-100b_toks-interference_copyright-hf,256,rougeL_f1,0.99029194603266,0.006826725479820545
gutenberg_popular,allegrolab__hubble-1b-100b_toks-interference_copyright-hf,256,rougeL_precision,0.989971501572327,0.007075820659278428
gutenberg_popular,allegrolab__hubble-1b-100b_toks-interference_copyright-hf,256,rougeL_recall,0.9906679339842738,0.006558081188829863
gutenberg_popular,allegrolab__hubble-1b-100b_toks-interference_copyright-hf,256,rougeL_f1_stemmed,0.9905351486981202,0.006653669495905805
gutenberg_popular,allegrolab__hubble-1b-100b_toks-interference_copyright-hf,256,rougeL_precision_stemmed,0.9902063679245282,0.006906556090068754
gutenberg_popular,allegrolab__hubble-1b-100b_toks-interference_copyright-hf,256,rougeL_recall_stemmed,0.9909206774388662,0.0063823213543941874
gutenberg_popular,allegrolab__hubble-1b-100b_toks-interference_copyright-hf,256,exact_match_tokens,0.975,0.017565429223263183
gutenberg_popular,allegrolab__hubble-1b-100b_toks-interference_copyright-hf,256,exact_match_tokens_s100,0.9625,0.021374819563973052
gutenberg_popular,allegrolab__hubble-1b-100b_toks-interference_copyright-hf,256,rougeL_f1_s100,1.0,0.0
gutenberg_popular,allegrolab__hubble-1b-100b_toks-interference_copyright-hf,256,rougeL_recall_s100,1.0,0.0
gutenberg_popular,allegrolab__hubble-1b-100b_toks-interference_copyright-hf,256,rougeL_precision_s100,1.0,0.0
gutenberg_popular,allegrolab__hubble-1b-100b_toks-interference_privacy-hf,0,rougeL_f1,0.09154248725593284,0.0018778842191770775
gutenberg_popular,allegrolab__hubble-1b-100b_toks-interference_privacy-hf,0,rougeL_precision,0.06541717126484482,0.001374419475453784
gutenberg_popular,allegrolab__hubble-1b-100b_toks-interference_privacy-hf,0,rougeL_recall,0.1583078279171874,0.003382214285815468
gutenberg_popular,allegrolab__hubble-1b-100b_toks-interference_privacy-hf,0,rougeL_f1_stemmed,0.09267853888325893,0.001902056418869078
gutenberg_popular,allegrolab__hubble-1b-100b_toks-interference_privacy-hf,0,rougeL_precision_stemmed,0.06624535522908605,0.0013936481886994204
gutenberg_popular,allegrolab__hubble-1b-100b_toks-interference_privacy-hf,0,rougeL_recall_stemmed,0.16020997839406095,0.0034209367399855744
gutenberg_popular,allegrolab__hubble-1b-100b_toks-interference_privacy-hf,0,exact_match_tokens,0.0,0.0
gutenberg_popular,allegrolab__hubble-1b-100b_toks-interference_privacy-hf,0,exact_match_tokens_s100,0.0,0.0
gutenberg_popular,allegrolab__hubble-1b-100b_toks-interference_privacy-hf,0,rougeL_f1_s100,0.1476608062925957,0.002969654742521925
gutenberg_popular,allegrolab__hubble-1b-100b_toks-interference_privacy-hf,0,rougeL_recall_s100,0.14988086358681257,0.0030544448014737414
gutenberg_popular,allegrolab__hubble-1b-100b_toks-interference_privacy-hf,0,rougeL_precision_s100,0.1471289537859125,0.0029912046379332114
gutenberg_popular,allegrolab__hubble-1b-100b_toks-interference_privacy-hf,1,rougeL_f1,0.08971425427455638,0.0017761866808868778
gutenberg_popular,allegrolab__hubble-1b-100b_toks-interference_privacy-hf,1,rougeL_precision,0.0635143715869187,0.0013053182340881655
gutenberg_popular,allegrolab__hubble-1b-100b_toks-interference_privacy-hf,1,rougeL_recall,0.1584357609641215,0.003207045488703315
gutenberg_popular,allegrolab__hubble-1b-100b_toks-interference_privacy-hf,1,rougeL_f1_stemmed,0.09144773251649935,0.001809336082296832
gutenberg_popular,allegrolab__hubble-1b-100b_toks-interference_privacy-hf,1,rougeL_precision_stemmed,0.06474190734576978,0.0013265491928396076
gutenberg_popular,allegrolab__hubble-1b-100b_toks-interference_privacy-hf,1,rougeL_recall_stemmed,0.16150984870459087,0.0032790539130734624
gutenberg_popular,allegrolab__hubble-1b-100b_toks-interference_privacy-hf,1,exact_match_tokens,0.0,0.0
gutenberg_popular,allegrolab__hubble-1b-100b_toks-interference_privacy-hf,1,exact_match_tokens_s100,0.0,0.0
gutenberg_popular,allegrolab__hubble-1b-100b_toks-interference_privacy-hf,1,rougeL_f1_s100,0.14748186368564314,0.0027054984468220613
gutenberg_popular,allegrolab__hubble-1b-100b_toks-interference_privacy-hf,1,rougeL_recall_s100,0.15034659467802247,0.002801584245770358
gutenberg_popular,allegrolab__hubble-1b-100b_toks-interference_privacy-hf,1,rougeL_precision_s100,0.14638508895139946,0.0027162888680321417
gutenberg_popular,allegrolab__hubble-1b-100b_toks-interference_privacy-hf,16,rougeL_f1,0.0890539179462919,0.002815838923120127
gutenberg_popular,allegrolab__hubble-1b-100b_toks-interference_privacy-hf,16,rougeL_precision,0.06328975630241215,0.0020488332919388953
gutenberg_popular,allegrolab__hubble-1b-100b_toks-interference_privacy-hf,16,rougeL_recall,0.15635260734449294,0.005222921562884762
gutenberg_popular,allegrolab__hubble-1b-100b_toks-interference_privacy-hf,16,rougeL_f1_stemmed,0.08999361376346866,0.002838207942370456
gutenberg_popular,allegrolab__hubble-1b-100b_toks-interference_privacy-hf,16,rougeL_precision_stemmed,0.0639379203887818,0.0020600012060185803
gutenberg_popular,allegrolab__hubble-1b-100b_toks-interference_privacy-hf,16,rougeL_recall_stemmed,0.15808321639550735,0.005283159375154218
gutenberg_popular,allegrolab__hubble-1b-100b_toks-interference_privacy-hf,16,exact_match_tokens,0.0,0.0
gutenberg_popular,allegrolab__hubble-1b-100b_toks-interference_privacy-hf,16,exact_match_tokens_s100,0.0,0.0
gutenberg_popular,allegrolab__hubble-1b-100b_toks-interference_privacy-hf,16,rougeL_f1_s100,0.1448218181276663,0.004098802979204095
gutenberg_popular,allegrolab__hubble-1b-100b_toks-interference_privacy-hf,16,rougeL_recall_s100,0.1470467427942747,0.004209718855482661
gutenberg_popular,allegrolab__hubble-1b-100b_toks-interference_privacy-hf,16,rougeL_precision_s100,0.14428981903798463,0.0041546487523400535
gutenberg_popular,allegrolab__hubble-1b-100b_toks-interference_privacy-hf,256,rougeL_f1,0.09388090365785352,0.004085323700653682
gutenberg_popular,allegrolab__hubble-1b-100b_toks-interference_privacy-hf,256,rougeL_precision,0.06791372260249125,0.003099610738367597
gutenberg_popular,allegrolab__hubble-1b-100b_toks-interference_privacy-hf,256,rougeL_recall,0.1676432997759877,0.007662105006238999
gutenberg_popular,allegrolab__hubble-1b-100b_toks-interference_privacy-hf,256,rougeL_f1_stemmed,0.09522599382393634,0.004143528108083696
gutenberg_popular,allegrolab__hubble-1b-100b_toks-interference_privacy-hf,256,rougeL_precision_stemmed,0.06884508968756892,0.0031234959463284093
gutenberg_popular,allegrolab__hubble-1b-100b_toks-interference_privacy-hf,256,rougeL_recall_stemmed,0.17008367722605014,0.00779478606744332
gutenberg_popular,allegrolab__hubble-1b-100b_toks-interference_privacy-hf,256,exact_match_tokens,0.0,0.0
gutenberg_popular,allegrolab__hubble-1b-100b_toks-interference_privacy-hf,256,exact_match_tokens_s100,0.0,0.0
gutenberg_popular,allegrolab__hubble-1b-100b_toks-interference_privacy-hf,256,rougeL_f1_s100,0.15889466044571884,0.0067355857111595935
gutenberg_popular,allegrolab__hubble-1b-100b_toks-interference_privacy-hf,256,rougeL_recall_s100,0.16307235761790426,0.007057593643777621
gutenberg_popular,allegrolab__hubble-1b-100b_toks-interference_privacy-hf,256,rougeL_precision_s100,0.1606174029271448,0.006882676985085197
gutenberg_popular,allegrolab__hubble-1b-100b_toks-interference_testset-hf,0,rougeL_f1,0.0896012000238523,0.0018221315819016888
gutenberg_popular,allegrolab__hubble-1b-100b_toks-interference_testset-hf,0,rougeL_precision,0.06369860645938621,0.001313911461110304
gutenberg_popular,allegrolab__hubble-1b-100b_toks-interference_testset-hf,0,rougeL_recall,0.15667925879976172,0.0033423073982980613
gutenberg_popular,allegrolab__hubble-1b-100b_toks-interference_testset-hf,0,rougeL_f1_stemmed,0.09071265615731199,0.0018431034943320577
gutenberg_popular,allegrolab__hubble-1b-100b_toks-interference_testset-hf,0,rougeL_precision_stemmed,0.06449862878571118,0.0013296279865203623
gutenberg_popular,allegrolab__hubble-1b-100b_toks-interference_testset-hf,0,rougeL_recall_stemmed,0.1585967638750662,0.003385401556076585
gutenberg_popular,allegrolab__hubble-1b-100b_toks-interference_testset-hf,0,exact_match_tokens,0.0,0.0
gutenberg_popular,allegrolab__hubble-1b-100b_toks-interference_testset-hf,0,exact_match_tokens_s100,0.0,0.0
gutenberg_popular,allegrolab__hubble-1b-100b_toks-interference_testset-hf,0,rougeL_f1_s100,0.14865597158123026,0.002789006058728875
gutenberg_popular,allegrolab__hubble-1b-100b_toks-interference_testset-hf,0,rougeL_recall_s100,0.15142798084606418,0.0028778486723431383
gutenberg_popular,allegrolab__hubble-1b-100b_toks-interference_testset-hf,0,rougeL_precision_s100,0.14776353283791058,0.002833642195086325
gutenberg_popular,allegrolab__hubble-1b-100b_toks-interference_testset-hf,1,rougeL_f1,0.0910380746642807,0.0019266096731689157
gutenberg_popular,allegrolab__hubble-1b-100b_toks-interference_testset-hf,1,rougeL_precision,0.06445550006275544,0.0013901411543928864
gutenberg_popular,allegrolab__hubble-1b-100b_toks-interference_testset-hf,1,rougeL_recall,0.16031664407207738,0.003520475862321965
gutenberg_popular,allegrolab__hubble-1b-100b_toks-interference_testset-hf,1,rougeL_f1_stemmed,0.0921734239706536,0.0019601333072943204
gutenberg_popular,allegrolab__hubble-1b-100b_toks-interference_testset-hf,1,rougeL_precision_stemmed,0.06525963296380427,0.001412148827900473
gutenberg_popular,allegrolab__hubble-1b-100b_toks-interference_testset-hf,1,rougeL_recall_stemmed,0.16232001023109194,0.0035878968085727445
gutenberg_popular,allegrolab__hubble-1b-100b_toks-interference_testset-hf,1,exact_match_tokens,0.0,0.0
gutenberg_popular,allegrolab__hubble-1b-100b_toks-interference_testset-hf,1,exact_match_tokens_s100,0.0,0.0
gutenberg_popular,allegrolab__hubble-1b-100b_toks-interference_testset-hf,1,rougeL_f1_s100,0.1482409277693118,0.0028305803127190296
gutenberg_popular,allegrolab__hubble-1b-100b_toks-interference_testset-hf,1,rougeL_recall_s100,0.15075704017110356,0.0029318093006037963
gutenberg_popular,allegrolab__hubble-1b-100b_toks-interference_testset-hf,1,rougeL_precision_s100,0.14756153324868637,0.0028623855652465465
gutenberg_popular,allegrolab__hubble-1b-100b_toks-interference_testset-hf,16,rougeL_f1,0.0907784458673003,0.0027865085969336744
gutenberg_popular,allegrolab__hubble-1b-100b_toks-interference_testset-hf,16,rougeL_precision,0.0647049613124112,0.002045371059298827
gutenberg_popular,allegrolab__hubble-1b-100b_toks-interference_testset-hf,16,rougeL_recall,0.15801020403069657,0.004958648168728033
gutenberg_popular,allegrolab__hubble-1b-100b_toks-interference_testset-hf,16,rougeL_f1_stemmed,0.09158511038201655,0.0028215797749583343
gutenberg_popular,allegrolab__hubble-1b-100b_toks-interference_testset-hf,16,rougeL_precision_stemmed,0.06527317424586684,0.0020702556866697033
gutenberg_popular,allegrolab__hubble-1b-100b_toks-interference_testset-hf,16,rougeL_recall_stemmed,0.15943625947142223,0.005020322277485627
gutenberg_popular,allegrolab__hubble-1b-100b_toks-interference_testset-hf,16,exact_match_tokens,0.0,0.0
gutenberg_popular,allegrolab__hubble-1b-100b_toks-interference_testset-hf,16,exact_match_tokens_s100,0.0,0.0
gutenberg_popular,allegrolab__hubble-1b-100b_toks-interference_testset-hf,16,rougeL_f1_s100,0.14687270917899328,0.004083852651603758
gutenberg_popular,allegrolab__hubble-1b-100b_toks-interference_testset-hf,16,rougeL_recall_s100,0.14917754321739699,0.004270935074343222
gutenberg_popular,allegrolab__hubble-1b-100b_toks-interference_testset-hf,16,rougeL_precision_s100,0.146880218260292,0.004113444627913006
gutenberg_popular,allegrolab__hubble-1b-100b_toks-interference_testset-hf,256,rougeL_f1,0.09335753549002607,0.0042445370594915805
gutenberg_popular,allegrolab__hubble-1b-100b_toks-interference_testset-hf,256,rougeL_precision,0.06783568842969492,0.003130428906411265
gutenberg_popular,allegrolab__hubble-1b-100b_toks-interference_testset-hf,256,rougeL_recall,0.1610277522730649,0.007227077204797491
gutenberg_popular,allegrolab__hubble-1b-100b_toks-interference_testset-hf,256,rougeL_f1_stemmed,0.09468204094458443,0.004317704485341441
gutenberg_popular,allegrolab__hubble-1b-100b_toks-interference_testset-hf,256,rougeL_precision_stemmed,0.06876567655985633,0.0031748542015999142
gutenberg_popular,allegrolab__hubble-1b-100b_toks-interference_testset-hf,256,rougeL_recall_stemmed,0.16336760518694307,0.007358040624578133
gutenberg_popular,allegrolab__hubble-1b-100b_toks-interference_testset-hf,256,exact_match_tokens,0.0,0.0
gutenberg_popular,allegrolab__hubble-1b-100b_toks-interference_testset-hf,256,exact_match_tokens_s100,0.0,0.0
gutenberg_popular,allegrolab__hubble-1b-100b_toks-interference_testset-hf,256,rougeL_f1_s100,0.15638709779907428,0.006718329110694642
gutenberg_popular,allegrolab__hubble-1b-100b_toks-interference_testset-hf,256,rougeL_recall_s100,0.1586569554259421,0.006959554094417126
gutenberg_popular,allegrolab__hubble-1b-100b_toks-interference_testset-hf,256,rougeL_precision_s100,0.15859616098502102,0.00668906060231844
gutenberg_popular,allegrolab__hubble-1b-100b_toks-paraphrased-perturbed-hf,0,rougeL_f1,0.09463402655329968,0.0021091111773615116
gutenberg_popular,allegrolab__hubble-1b-100b_toks-paraphrased-perturbed-hf,0,rougeL_precision,0.07049909805974568,0.0018594098866264147
gutenberg_popular,allegrolab__hubble-1b-100b_toks-paraphrased-perturbed-hf,0,rougeL_recall,0.15606954305065243,0.0033754106469026917
gutenberg_popular,allegrolab__hubble-1b-100b_toks-paraphrased-perturbed-hf,0,rougeL_f1_stemmed,0.09607363511300453,0.002125151038461108
gutenberg_popular,allegrolab__hubble-1b-100b_toks-paraphrased-perturbed-hf,0,rougeL_precision_stemmed,0.07156938040647448,0.001875642367053405
gutenberg_popular,allegrolab__hubble-1b-100b_toks-paraphrased-perturbed-hf,0,rougeL_recall_stemmed,0.15843840828985334,0.0034041626065539087
gutenberg_popular,allegrolab__hubble-1b-100b_toks-paraphrased-perturbed-hf,0,exact_match_tokens,0.0,0.0
gutenberg_popular,allegrolab__hubble-1b-100b_toks-paraphrased-perturbed-hf,0,exact_match_tokens_s100,0.0,0.0
gutenberg_popular,allegrolab__hubble-1b-100b_toks-paraphrased-perturbed-hf,0,rougeL_f1_s100,0.14555472193869629,0.002937135976996626
gutenberg_popular,allegrolab__hubble-1b-100b_toks-paraphrased-perturbed-hf,0,rougeL_recall_s100,0.14682301746338508,0.0029788786824855745
gutenberg_popular,allegrolab__hubble-1b-100b_toks-paraphrased-perturbed-hf,0,rougeL_precision_s100,0.1463194073284941,0.003058505725279351
gutenberg_popular,allegrolab__hubble-1b-100b_toks-paraphrased-perturbed-hf,1,rougeL_f1,0.0960218704709109,0.0020894573218187243
gutenberg_popular,allegrolab__hubble-1b-100b_toks-paraphrased-perturbed-hf,1,rougeL_precision,0.07018585280495983,0.001701952282759041
gutenberg_popular,allegrolab__hubble-1b-100b_toks-paraphrased-perturbed-hf,1,rougeL_recall,0.16177950447629205,0.0035300866059165903
gutenberg_popular,allegrolab__hubble-1b-100b_toks-paraphrased-perturbed-hf,1,rougeL_f1_stemmed,0.09737923672601041,0.002118270441923966
gutenberg_popular,allegrolab__hubble-1b-100b_toks-paraphrased-perturbed-hf,1,rougeL_precision_stemmed,0.07117817516837796,0.0017202476736348045
gutenberg_popular,allegrolab__hubble-1b-100b_toks-paraphrased-perturbed-hf,1,rougeL_recall_stemmed,0.1640858688376227,0.003593869816689668
gutenberg_popular,allegrolab__hubble-1b-100b_toks-paraphrased-perturbed-hf,1,exact_match_tokens,0.0,0.0
gutenberg_popular,allegrolab__hubble-1b-100b_toks-paraphrased-perturbed-hf,1,exact_match_tokens_s100,0.0,0.0
gutenberg_popular,allegrolab__hubble-1b-100b_toks-paraphrased-perturbed-hf,1,rougeL_f1_s100,0.150038997028524,0.002860305166082627
gutenberg_popular,allegrolab__hubble-1b-100b_toks-paraphrased-perturbed-hf,1,rougeL_recall_s100,0.1514836766302939,0.002922750349690704
gutenberg_popular,allegrolab__hubble-1b-100b_toks-paraphrased-perturbed-hf,1,rougeL_precision_s100,0.1503043186318641,0.0029024139796424214
gutenberg_popular,allegrolab__hubble-1b-100b_toks-paraphrased-perturbed-hf,16,rougeL_f1,0.09859438134238767,0.002876038892717209
gutenberg_popular,allegrolab__hubble-1b-100b_toks-paraphrased-perturbed-hf,16,rougeL_precision,0.07259096951445664,0.002353490963427508
gutenberg_popular,allegrolab__hubble-1b-100b_toks-paraphrased-perturbed-hf,16,rougeL_recall,0.16456962682862258,0.005045916360519922
gutenberg_popular,allegrolab__hubble-1b-100b_toks-paraphrased-perturbed-hf,16,rougeL_f1_stemmed,0.09960055222873807,0.002912457233930829
gutenberg_popular,allegrolab__hubble-1b-100b_toks-paraphrased-perturbed-hf,16,rougeL_precision_stemmed,0.07331609626848304,0.002377820073960368
gutenberg_popular,allegrolab__hubble-1b-100b_toks-paraphrased-perturbed-hf,16,rougeL_recall_stemmed,0.1662946399671445,0.005117563736272579
gutenberg_popular,allegrolab__hubble-1b-100b_toks-paraphrased-perturbed-hf,16,exact_match_tokens,0.0,0.0
gutenberg_popular,allegrolab__hubble-1b-100b_toks-paraphrased-perturbed-hf,16,exact_match_tokens_s100,0.0,0.0
gutenberg_popular,allegrolab__hubble-1b-100b_toks-paraphrased-perturbed-hf,16,rougeL_f1_s100,0.15253996608443665,0.003981987882906123
gutenberg_popular,allegrolab__hubble-1b-100b_toks-paraphrased-perturbed-hf,16,rougeL_recall_s100,0.1529437391238038,0.00415083204723688
gutenberg_popular,allegrolab__hubble-1b-100b_toks-paraphrased-perturbed-hf,16,rougeL_precision_s100,0.15421372456821048,0.003982476314872382
gutenberg_popular,allegrolab__hubble-1b-100b_toks-paraphrased-perturbed-hf,256,rougeL_f1,0.9416239117217993,0.02164126665284637
gutenberg_popular,allegrolab__hubble-1b-100b_toks-paraphrased-perturbed-hf,256,rougeL_precision,0.9400654787200544,0.022209528486525278
gutenberg_popular,allegrolab__hubble-1b-100b_toks-paraphrased-perturbed-hf,256,rougeL_recall,0.9448261158622998,0.02058160205015236
gutenberg_popular,allegrolab__hubble-1b-100b_toks-paraphrased-perturbed-hf,256,rougeL_f1_stemmed,0.9416790993597685,0.021616628121630073
gutenberg_popular,allegrolab__hubble-1b-100b_toks-paraphrased-perturbed-hf,256,rougeL_precision_stemmed,0.940105931794488,0.02219086788505595
gutenberg_popular,allegrolab__hubble-1b-100b_toks-paraphrased-perturbed-hf,256,rougeL_recall_stemmed,0.9449129214178553,0.02054614238058238
gutenberg_popular,allegrolab__hubble-1b-100b_toks-paraphrased-perturbed-hf,256,exact_match_tokens,0.9125,0.03179119972172857
gutenberg_popular,allegrolab__hubble-1b-100b_toks-paraphrased-perturbed-hf,256,exact_match_tokens_s100,0.8875,0.0355505968544673
gutenberg_popular,allegrolab__hubble-1b-100b_toks-paraphrased-perturbed-hf,256,rougeL_f1_s100,0.9645047986734532,0.015473825045033635
gutenberg_popular,allegrolab__hubble-1b-100b_toks-paraphrased-perturbed-hf,256,rougeL_recall_s100,0.9641453779157934,0.015630232132285763
gutenberg_popular,allegrolab__hubble-1b-100b_toks-paraphrased-perturbed-hf,256,rougeL_precision_s100,0.9649141100806272,0.015301553977681275
gutenberg_popular,allegrolab__hubble-1b-100b_toks-perturbed-hf,0,rougeL_f1,0.09707616035840406,0.0022503928002572788
gutenberg_popular,allegrolab__hubble-1b-100b_toks-perturbed-hf,0,rougeL_precision,0.07562884581986938,0.002211876737170662
gutenberg_popular,allegrolab__hubble-1b-100b_toks-perturbed-hf,0,rougeL_recall,0.15270738232239459,0.0033598242219874744
gutenberg_popular,allegrolab__hubble-1b-100b_toks-perturbed-hf,0,rougeL_f1_stemmed,0.09841526871505633,0.0022833230465197085
gutenberg_popular,allegrolab__hubble-1b-100b_toks-perturbed-hf,0,rougeL_precision_stemmed,0.07673083577346815,0.0022413222169680802
gutenberg_popular,allegrolab__hubble-1b-100b_toks-perturbed-hf,0,rougeL_recall_stemmed,0.15472364273404263,0.0034129287666937094
gutenberg_popular,allegrolab__hubble-1b-100b_toks-perturbed-hf,0,exact_match_tokens,0.0,0.0
gutenberg_popular,allegrolab__hubble-1b-100b_toks-perturbed-hf,0,exact_match_tokens_s100,0.0,0.0
gutenberg_popular,allegrolab__hubble-1b-100b_toks-perturbed-hf,0,rougeL_f1_s100,0.14505212046734298,0.0027732902501384606
gutenberg_popular,allegrolab__hubble-1b-100b_toks-perturbed-hf,0,rougeL_recall_s100,0.1462863054714547,0.0028282215723411676
gutenberg_popular,allegrolab__hubble-1b-100b_toks-perturbed-hf,0,rougeL_precision_s100,0.14601505204456705,0.002890320842635844
gutenberg_popular,allegrolab__hubble-1b-100b_toks-perturbed-hf,1,rougeL_f1,0.09898219589585311,0.002191485405794934
gutenberg_popular,allegrolab__hubble-1b-100b_toks-perturbed-hf,1,rougeL_precision,0.07535248983213248,0.0020551613115987613
gutenberg_popular,allegrolab__hubble-1b-100b_toks-perturbed-hf,1,rougeL_recall,0.1594158635626659,0.003333729822840265
gutenberg_popular,allegrolab__hubble-1b-100b_toks-perturbed-hf,1,rougeL_f1_stemmed,0.100241782824435,0.0022315984964694953
gutenberg_popular,allegrolab__hubble-1b-100b_toks-perturbed-hf,1,rougeL_precision_stemmed,0.07630844194734515,0.002094342604605998
gutenberg_popular,allegrolab__hubble-1b-100b_toks-perturbed-hf,1,rougeL_recall_stemmed,0.1615178743111869,0.0034089055151411357
gutenberg_popular,allegrolab__hubble-1b-100b_toks-perturbed-hf,1,exact_match_tokens,0.0,0.0
gutenberg_popular,allegrolab__hubble-1b-100b_toks-perturbed-hf,1,exact_match_tokens_s100,0.0,0.0
gutenberg_popular,allegrolab__hubble-1b-100b_toks-perturbed-hf,1,rougeL_f1_s100,0.1473316843864683,0.002783173504797925
gutenberg_popular,allegrolab__hubble-1b-100b_toks-perturbed-hf,1,rougeL_recall_s100,0.14817117818972725,0.002844066175920796
gutenberg_popular,allegrolab__hubble-1b-100b_toks-perturbed-hf,1,rougeL_precision_s100,0.14820061834471127,0.0028301725895839426
gutenberg_popular,allegrolab__hubble-1b-100b_toks-perturbed-hf,16,rougeL_f1,0.10468194572997495,0.0030380642985136604
gutenberg_popular,allegrolab__hubble-1b-100b_toks-perturbed-hf,16,rougeL_precision,0.08151529175242585,0.0033342427961180437
gutenberg_popular,allegrolab__hubble-1b-100b_toks-perturbed-hf,16,rougeL_recall,0.16631168583175712,0.004719776034006813
gutenberg_popular,allegrolab__hubble-1b-100b_toks-perturbed-hf,16,rougeL_f1_stemmed,0.10607354107420107,0.003072809472776947
gutenberg_popular,allegrolab__hubble-1b-100b_toks-perturbed-hf,16,rougeL_precision_stemmed,0.0825235655230741,0.0033471892601016303
gutenberg_popular,allegrolab__hubble-1b-100b_toks-perturbed-hf,16,rougeL_recall_stemmed,0.16870506540251903,0.004818090192728073
gutenberg_popular,allegrolab__hubble-1b-100b_toks-perturbed-hf,16,exact_match_tokens,0.0,0.0
gutenberg_popular,allegrolab__hubble-1b-100b_toks-perturbed-hf,16,exact_match_tokens_s100,0.0,0.0
gutenberg_popular,allegrolab__hubble-1b-100b_toks-perturbed-hf,16,rougeL_f1_s100,0.15238949335893665,0.003664246404121364
gutenberg_popular,allegrolab__hubble-1b-100b_toks-perturbed-hf,16,rougeL_recall_s100,0.1527305013970425,0.0037285646886628613
gutenberg_popular,allegrolab__hubble-1b-100b_toks-perturbed-hf,16,rougeL_precision_s100,0.15479864032814614,0.00406772045340829
gutenberg_popular,allegrolab__hubble-1b-100b_toks-perturbed-hf,256,rougeL_f1,0.9599163429637286,0.018104637672061483
gutenberg_popular,allegrolab__hubble-1b-100b_toks-perturbed-hf,256,rougeL_precision,0.9599996189496016,0.018260663593350303
gutenberg_popular,allegrolab__hubble-1b-100b_toks-perturbed-hf,256,rougeL_recall,0.9603031887287121,0.017728471320018566
gutenberg_popular,allegrolab__hubble-1b-100b_toks-perturbed-hf,256,rougeL_f1_stemmed,0.9601924536580689,0.017979215540230763
gutenberg_popular,allegrolab__hubble-1b-100b_toks-perturbed-hf,256,rougeL_precision_stemmed,0.9602869925653936,0.01813376578710065
gutenberg_popular,allegrolab__hubble-1b-100b_toks-perturbed-hf,256,rougeL_recall_stemmed,0.9605688861039052,0.01760289558523511
gutenberg_popular,allegrolab__hubble-1b-100b_toks-perturbed-hf,256,exact_match_tokens,0.925,0.029633841414201185
gutenberg_popular,allegrolab__hubble-1b-100b_toks-perturbed-hf,256,exact_match_tokens_s100,0.9125,0.03179119972172857
gutenberg_popular,allegrolab__hubble-1b-100b_toks-perturbed-hf,256,rougeL_f1_s100,0.9688072772049281,0.015545981770298397
gutenberg_popular,allegrolab__hubble-1b-100b_toks-perturbed-hf,256,rougeL_recall_s100,0.9694473706776428,0.015257979769319542
gutenberg_popular,allegrolab__hubble-1b-100b_toks-perturbed-hf,256,rougeL_precision_s100,0.9682105960287422,0.015816724811618922
gutenberg_popular,allegrolab__hubble-1b-100b_toks-standard-hf,0,rougeL_f1,0.09158955652778453,0.001862205458693494
gutenberg_popular,allegrolab__hubble-1b-100b_toks-standard-hf,0,rougeL_precision,0.06581640904135304,0.0014164962520587894
gutenberg_popular,allegrolab__hubble-1b-100b_toks-standard-hf,0,rougeL_recall,0.15730341122303929,0.00325635011323544
gutenberg_popular,allegrolab__hubble-1b-100b_toks-standard-hf,0,rougeL_f1_stemmed,0.09286862522458243,0.0018762932749744328
gutenberg_popular,allegrolab__hubble-1b-100b_toks-standard-hf,0,rougeL_precision_stemmed,0.0667656076515471,0.0014304862242002188
gutenberg_popular,allegrolab__hubble-1b-100b_toks-standard-hf,0,rougeL_recall_stemmed,0.15940659375706456,0.003281368946641221
gutenberg_popular,allegrolab__hubble-1b-100b_toks-standard-hf,0,exact_match_tokens,0.0,0.0
gutenberg_popular,allegrolab__hubble-1b-100b_toks-standard-hf,0,exact_match_tokens_s100,0.0,0.0
gutenberg_popular,allegrolab__hubble-1b-100b_toks-standard-hf,0,rougeL_f1_s100,0.1481490262468406,0.0026817867079085233
gutenberg_popular,allegrolab__hubble-1b-100b_toks-standard-hf,0,rougeL_recall_s100,0.15014345960542066,0.002736079413836752
gutenberg_popular,allegrolab__hubble-1b-100b_toks-standard-hf,0,rougeL_precision_s100,0.14797183220410823,0.0027724341930986138
gutenberg_popular,allegrolab__hubble-1b-100b_toks-standard-hf,1,rougeL_f1,0.08885613691657714,0.0019286794529586343
gutenberg_popular,allegrolab__hubble-1b-100b_toks-standard-hf,1,rougeL_precision,0.06299244533535948,0.001390903870181456
gutenberg_popular,allegrolab__hubble-1b-100b_toks-standard-hf,1,rougeL_recall,0.15549476541730414,0.00349133744970608
gutenberg_popular,allegrolab__hubble-1b-100b_toks-standard-hf,1,rougeL_f1_stemmed,0.09021759001032571,0.001959288393864279
gutenberg_popular,allegrolab__hubble-1b-100b_toks-standard-hf,1,rougeL_precision_stemmed,0.06397500902781182,0.0014115818748688495
gutenberg_popular,allegrolab__hubble-1b-100b_toks-standard-hf,1,rougeL_recall_stemmed,0.1578213558047079,0.003552092333258224
gutenberg_popular,allegrolab__hubble-1b-100b_toks-standard-hf,1,exact_match_tokens,0.0,0.0
gutenberg_popular,allegrolab__hubble-1b-100b_toks-standard-hf,1,exact_match_tokens_s100,0.0,0.0
gutenberg_popular,allegrolab__hubble-1b-100b_toks-standard-hf,1,rougeL_f1_s100,0.147329136116906,0.0029586562881222874
gutenberg_popular,allegrolab__hubble-1b-100b_toks-standard-hf,1,rougeL_recall_s100,0.14962735622794374,0.0030362924085674723
gutenberg_popular,allegrolab__hubble-1b-100b_toks-standard-hf,1,rougeL_precision_s100,0.14652694617178738,0.002977174600271734
gutenberg_popular,allegrolab__hubble-1b-100b_toks-standard-hf,16,rougeL_f1,0.0900668653916639,0.0027338432950581373
gutenberg_popular,allegrolab__hubble-1b-100b_toks-standard-hf,16,rougeL_precision,0.06428869779989191,0.001965556368251509
gutenberg_popular,allegrolab__hubble-1b-100b_toks-standard-hf,16,rougeL_recall,0.1571504241123485,0.005105101753206007
gutenberg_popular,allegrolab__hubble-1b-100b_toks-standard-hf,16,rougeL_f1_stemmed,0.09072406408289677,0.0027416771367821326
gutenberg_popular,allegrolab__hubble-1b-100b_toks-standard-hf,16,rougeL_precision_stemmed,0.06474945100988522,0.00196848391827184
gutenberg_popular,allegrolab__hubble-1b-100b_toks-standard-hf,16,rougeL_recall_stemmed,0.1583169349212654,0.005128073043655692
gutenberg_popular,allegrolab__hubble-1b-100b_toks-standard-hf,16,exact_match_tokens,0.0,0.0
gutenberg_popular,allegrolab__hubble-1b-100b_toks-standard-hf,16,exact_match_tokens_s100,0.0,0.0
gutenberg_popular,allegrolab__hubble-1b-100b_toks-standard-hf,16,rougeL_f1_s100,0.1475420025367358,0.004106907513910419
gutenberg_popular,allegrolab__hubble-1b-100b_toks-standard-hf,16,rougeL_recall_s100,0.14954596576759252,0.0042897080264476485
gutenberg_popular,allegrolab__hubble-1b-100b_toks-standard-hf,16,rougeL_precision_s100,0.14770846089557543,0.004118314430163104
gutenberg_popular,allegrolab__hubble-1b-100b_toks-standard-hf,256,rougeL_f1,0.09519870546868105,0.0039041353242322487
gutenberg_popular,allegrolab__hubble-1b-100b_toks-standard-hf,256,rougeL_precision,0.06733502856447457,0.0027565723846566313
gutenberg_popular,allegrolab__hubble-1b-100b_toks-standard-hf,256,rougeL_recall,0.16733570781734647,0.007624586710224622
gutenberg_popular,allegrolab__hubble-1b-100b_toks-standard-hf,256,rougeL_f1_stemmed,0.09609154610445689,0.003983739897096183
gutenberg_popular,allegrolab__hubble-1b-100b_toks-standard-hf,256,rougeL_precision_stemmed,0.06795099044942071,0.0028047039628850833
gutenberg_popular,allegrolab__hubble-1b-100b_toks-standard-hf,256,rougeL_recall_stemmed,0.1689830943471339,0.0077997668528912035
gutenberg_popular,allegrolab__hubble-1b-100b_toks-standard-hf,256,exact_match_tokens,0.0,0.0
gutenberg_popular,allegrolab__hubble-1b-100b_toks-standard-hf,256,exact_match_tokens_s100,0.0,0.0
gutenberg_popular,allegrolab__hubble-1b-100b_toks-standard-hf,256,rougeL_f1_s100,0.1602555205447887,0.00665741529800937
gutenberg_popular,allegrolab__hubble-1b-100b_toks-standard-hf,256,rougeL_recall_s100,0.16185112574756463,0.00674237290403025
gutenberg_popular,allegrolab__hubble-1b-100b_toks-standard-hf,256,rougeL_precision_s100,0.16060743671654473,0.006917185363724582
gutenberg_popular,allegrolab__hubble-1b-500b_toks-perturbed-hf,0,rougeL_f1,0.09800025591638395,0.0018757574465187677
gutenberg_popular,allegrolab__hubble-1b-500b_toks-perturbed-hf,0,rougeL_precision,0.07093520586294194,0.001454425562814383
gutenberg_popular,allegrolab__hubble-1b-500b_toks-perturbed-hf,0,rougeL_recall,0.166129775903371,0.0032684274892150478
gutenberg_popular,allegrolab__hubble-1b-500b_toks-perturbed-hf,0,rougeL_f1_stemmed,0.09940990688402054,0.0018902351487079469
gutenberg_popular,allegrolab__hubble-1b-500b_toks-perturbed-hf,0,rougeL_precision_stemmed,0.07195852884762181,0.0014670116456222226
gutenberg_popular,allegrolab__hubble-1b-500b_toks-perturbed-hf,0,rougeL_recall_stemmed,0.16850446032812183,0.003293257294155832
gutenberg_popular,allegrolab__hubble-1b-500b_toks-perturbed-hf,0,exact_match_tokens,0.0,0.0
gutenberg_popular,allegrolab__hubble-1b-500b_toks-perturbed-hf,0,exact_match_tokens_s100,0.0,0.0
gutenberg_popular,allegrolab__hubble-1b-500b_toks-perturbed-hf,0,rougeL_f1_s100,0.15491042972085542,0.0026984130578747148
gutenberg_popular,allegrolab__hubble-1b-500b_toks-perturbed-hf,0,rougeL_recall_s100,0.15578228859191973,0.0027810102174346215
gutenberg_popular,allegrolab__hubble-1b-500b_toks-perturbed-hf,0,rougeL_precision_s100,0.15629332001039414,0.002843923332509382
gutenberg_popular,allegrolab__hubble-1b-500b_toks-perturbed-hf,1,rougeL_f1,0.09685424940704021,0.001929985913716187
gutenberg_popular,allegrolab__hubble-1b-500b_toks-perturbed-hf,1,rougeL_precision,0.07012298782531334,0.0016515012734229935
gutenberg_popular,allegrolab__hubble-1b-500b_toks-perturbed-hf,1,rougeL_recall,0.16778192900895889,0.0034820530394790755
gutenberg_popular,allegrolab__hubble-1b-500b_toks-perturbed-hf,1,rougeL_f1_stemmed,0.09817782326068564,0.001948645793149037
gutenberg_popular,allegrolab__hubble-1b-500b_toks-perturbed-hf,1,rougeL_precision_stemmed,0.07154913021114577,0.0019610590420285454
gutenberg_popular,allegrolab__hubble-1b-500b_toks-perturbed-hf,1,rougeL_recall_stemmed,0.17006659519201198,0.003528630052121896
gutenberg_popular,allegrolab__hubble-1b-500b_toks-perturbed-hf,1,exact_match_tokens,0.0,0.0
gutenberg_popular,allegrolab__hubble-1b-500b_toks-perturbed-hf,1,exact_match_tokens_s100,0.0,0.0
gutenberg_popular,allegrolab__hubble-1b-500b_toks-perturbed-hf,1,rougeL_f1_s100,0.1543969563378192,0.002753286304430077
gutenberg_popular,allegrolab__hubble-1b-500b_toks-perturbed-hf,1,rougeL_recall_s100,0.1560486930271778,0.002840216656927068
gutenberg_popular,allegrolab__hubble-1b-500b_toks-perturbed-hf,1,rougeL_precision_s100,0.15525941871683166,0.0028658683463590176
gutenberg_popular,allegrolab__hubble-1b-500b_toks-perturbed-hf,16,rougeL_f1,0.09753463364624011,0.0029358907724890237
gutenberg_popular,allegrolab__hubble-1b-500b_toks-perturbed-hf,16,rougeL_precision,0.07010841009444996,0.0022357269939205656
gutenberg_popular,allegrolab__hubble-1b-500b_toks-perturbed-hf,16,rougeL_recall,0.1680961505312855,0.005172216067659427
gutenberg_popular,allegrolab__hubble-1b-500b_toks-perturbed-hf,16,rougeL_f1_stemmed,0.09894781805807794,0.0029376217407958366
gutenberg_popular,allegrolab__hubble-1b-500b_toks-perturbed-hf,16,rougeL_precision_stemmed,0.07111014861348734,0.0022332488506642606
gutenberg_popular,allegrolab__hubble-1b-500b_toks-perturbed-hf,16,rougeL_recall_stemmed,0.17056407590121028,0.005193409222203421
gutenberg_popular,allegrolab__hubble-1b-500b_toks-perturbed-hf,16,exact_match_tokens,0.0,0.0
gutenberg_popular,allegrolab__hubble-1b-500b_toks-perturbed-hf,16,exact_match_tokens_s100,0.0,0.0
gutenberg_popular,allegrolab__hubble-1b-500b_toks-perturbed-hf,16,rougeL_f1_s100,0.1555354484976953,0.003990322935769833
gutenberg_popular,allegrolab__hubble-1b-500b_toks-perturbed-hf,16,rougeL_recall_s100,0.15659296354547922,0.00413709726790203
gutenberg_popular,allegrolab__hubble-1b-500b_toks-perturbed-hf,16,rougeL_precision_s100,0.15635356171140086,0.0040084405136012686
gutenberg_popular,allegrolab__hubble-1b-500b_toks-perturbed-hf,256,rougeL_f1,0.4253335455060525,0.03504274758124478
gutenberg_popular,allegrolab__hubble-1b-500b_toks-perturbed-hf,256,rougeL_precision,0.4152268565353319,0.036266479355235554
gutenberg_popular,allegrolab__hubble-1b-500b_toks-perturbed-hf,256,rougeL_recall,0.45482039389227574,0.0341391701370305
gutenberg_popular,allegrolab__hubble-1b-500b_toks-perturbed-hf,256,rougeL_f1_stemmed,0.4263237507625304,0.03498958308048705
gutenberg_popular,allegrolab__hubble-1b-500b_toks-perturbed-hf,256,rougeL_precision_stemmed,0.4161204150188512,0.036224157139808845
gutenberg_popular,allegrolab__hubble-1b-500b_toks-perturbed-hf,256,rougeL_recall_stemmed,0.4560806295991055,0.03407773709975374
gutenberg_popular,allegrolab__hubble-1b-500b_toks-perturbed-hf,256,exact_match_tokens,0.15,0.040173673601413544
gutenberg_popular,allegrolab__hubble-1b-500b_toks-perturbed-hf,256,exact_match_tokens_s100,0.275,0.050236781119167954
gutenberg_popular,allegrolab__hubble-1b-500b_toks-perturbed-hf,256,rougeL_f1_s100,0.5769047932976401,0.03860866068241914
gutenberg_popular,allegrolab__hubble-1b-500b_toks-perturbed-hf,256,rougeL_recall_s100,0.5783682279099208,0.03854319885879309
gutenberg_popular,allegrolab__hubble-1b-500b_toks-perturbed-hf,256,rougeL_precision_s100,0.5765962984103182,0.038650072025985055
gutenberg_popular,allegrolab__hubble-1b-500b_toks-standard-hf,0,rougeL_f1,0.09253631317890106,0.0018873187199751245
gutenberg_popular,allegrolab__hubble-1b-500b_toks-standard-hf,0,rougeL_precision,0.06599719437418324,0.0013812874790015048
gutenberg_popular,allegrolab__hubble-1b-500b_toks-standard-hf,0,rougeL_recall,0.1603913008812932,0.0034032220736187617
gutenberg_popular,allegrolab__hubble-1b-500b_toks-standard-hf,0,rougeL_f1_stemmed,0.09367507696958138,0.0019057456059380598
gutenberg_popular,allegrolab__hubble-1b-500b_toks-standard-hf,0,rougeL_precision_stemmed,0.06680674427292685,0.0013937357909913704
gutenberg_popular,allegrolab__hubble-1b-500b_toks-standard-hf,0,rougeL_recall_stemmed,0.16238033785453868,0.0034425985571524937
gutenberg_popular,allegrolab__hubble-1b-500b_toks-standard-hf,0,exact_match_tokens,0.0,0.0
gutenberg_popular,allegrolab__hubble-1b-500b_toks-standard-hf,0,exact_match_tokens_s100,0.0,0.0
gutenberg_popular,allegrolab__hubble-1b-500b_toks-standard-hf,0,rougeL_f1_s100,0.14948247510524196,0.0027337669651498206
gutenberg_popular,allegrolab__hubble-1b-500b_toks-standard-hf,0,rougeL_recall_s100,0.15224769103650718,0.0028399617118598404
gutenberg_popular,allegrolab__hubble-1b-500b_toks-standard-hf,0,rougeL_precision_s100,0.14847223262146475,0.002745639910743415
gutenberg_popular,allegrolab__hubble-1b-500b_toks-standard-hf,1,rougeL_f1,0.09595146957770112,0.002021307002262029
gutenberg_popular,allegrolab__hubble-1b-500b_toks-standard-hf,1,rougeL_precision,0.06912736098561098,0.001536191686240407
gutenberg_popular,allegrolab__hubble-1b-500b_toks-standard-hf,1,rougeL_recall,0.16606685116531866,0.003690008157377248
gutenberg_popular,allegrolab__hubble-1b-500b_toks-standard-hf,1,rougeL_f1_stemmed,0.09731489273719102,0.00204684786058907
gutenberg_popular,allegrolab__hubble-1b-500b_toks-standard-hf,1,rougeL_precision_stemmed,0.07009586085945885,0.0015517131602869997
gutenberg_popular,allegrolab__hubble-1b-500b_toks-standard-hf,1,rougeL_recall_stemmed,0.16846766067151017,0.0037438616903525423
gutenberg_popular,allegrolab__hubble-1b-500b_toks-standard-hf,1,exact_match_tokens,0.0,0.0
gutenberg_popular,allegrolab__hubble-1b-500b_toks-standard-hf,1,exact_match_tokens_s100,0.0,0.0
gutenberg_popular,allegrolab__hubble-1b-500b_toks-standard-hf,1,rougeL_f1_s100,0.15340372668494923,0.003005525699075978
gutenberg_popular,allegrolab__hubble-1b-500b_toks-standard-hf,1,rougeL_recall_s100,0.15454017902961859,0.0031237712735283775
gutenberg_popular,allegrolab__hubble-1b-500b_toks-standard-hf,1,rougeL_precision_s100,0.1547130732617943,0.0030340726883214867
gutenberg_popular,allegrolab__hubble-1b-500b_toks-standard-hf,16,rougeL_f1,0.09538040105671892,0.002802196646023571
gutenberg_popular,allegrolab__hubble-1b-500b_toks-standard-hf,16,rougeL_precision,0.07334924202391342,0.005097476603213661
gutenberg_popular,allegrolab__hubble-1b-500b_toks-standard-hf,16,rougeL_recall,0.16418605711102782,0.0049554738351554614
gutenberg_popular,allegrolab__hubble-1b-500b_toks-standard-hf,16,rougeL_f1_stemmed,0.09646374508696738,0.002815090603213446
gutenberg_popular,allegrolab__hubble-1b-500b_toks-standard-hf,16,rougeL_precision_stemmed,0.07413769310365137,0.00509762794487751
gutenberg_popular,allegrolab__hubble-1b-500b_toks-standard-hf,16,rougeL_recall_stemmed,0.16605444087615012,0.004988762386948162
gutenberg_popular,allegrolab__hubble-1b-500b_toks-standard-hf,16,exact_match_tokens,0.0,0.0
gutenberg_popular,allegrolab__hubble-1b-500b_toks-standard-hf,16,exact_match_tokens_s100,0.0,0.0
gutenberg_popular,allegrolab__hubble-1b-500b_toks-standard-hf,16,rougeL_f1_s100,0.15157916714625852,0.0039188155815097075
gutenberg_popular,allegrolab__hubble-1b-500b_toks-standard-hf,16,rougeL_recall_s100,0.15320286376425268,0.0041461226536883946
gutenberg_popular,allegrolab__hubble-1b-500b_toks-standard-hf,16,rougeL_precision_s100,0.15162602562481406,0.0038641330553562704
gutenberg_popular,allegrolab__hubble-1b-500b_toks-standard-hf,256,rougeL_f1,0.0985804916909022,0.004426786876112771
gutenberg_popular,allegrolab__hubble-1b-500b_toks-standard-hf,256,rougeL_precision,0.07049572354188127,0.0030873481781663933
gutenberg_popular,allegrolab__hubble-1b-500b_toks-standard-hf,256,rougeL_recall,0.17130973061114108,0.008666669134774896
gutenberg_popular,allegrolab__hubble-1b-500b_toks-standard-hf,256,rougeL_f1_stemmed,0.09959269864641469,0.0044509518626440776
gutenberg_popular,allegrolab__hubble-1b-500b_toks-standard-hf,256,rougeL_precision_stemmed,0.07118672063336781,0.003091347711055722
gutenberg_popular,allegrolab__hubble-1b-500b_toks-standard-hf,256,rougeL_recall_stemmed,0.17322741710144407,0.008780162557525189
gutenberg_popular,allegrolab__hubble-1b-500b_toks-standard-hf,256,exact_match_tokens,0.0,0.0
gutenberg_popular,allegrolab__hubble-1b-500b_toks-standard-hf,256,exact_match_tokens_s100,0.0,0.0
gutenberg_popular,allegrolab__hubble-1b-500b_toks-standard-hf,256,rougeL_f1_s100,0.16177878179856747,0.0075153219658473
gutenberg_popular,allegrolab__hubble-1b-500b_toks-standard-hf,256,rougeL_recall_s100,0.16294718743884218,0.00796176582522166
gutenberg_popular,allegrolab__hubble-1b-500b_toks-standard-hf,256,rougeL_precision_s100,0.1630256439647353,0.00724047544185629
gutenberg_popular,allegrolab__hubble-8b-100b_toks-paraphrased-perturbed-hf,0,rougeL_f1,0.10850312463333694,0.0021318666720393084
gutenberg_popular,allegrolab__hubble-8b-100b_toks-paraphrased-perturbed-hf,0,rougeL_precision,0.08525578381065796,0.0023130665516252345
gutenberg_popular,allegrolab__hubble-8b-100b_toks-paraphrased-perturbed-hf,0,rougeL_recall,0.16867063340110275,0.0032445436852998996
gutenberg_popular,allegrolab__hubble-8b-100b_toks-paraphrased-perturbed-hf,0,rougeL_f1_stemmed,0.10995174776564191,0.0021647795935540956
gutenberg_popular,allegrolab__hubble-8b-100b_toks-paraphrased-perturbed-hf,0,rougeL_precision_stemmed,0.08638748707458163,0.0023392531362858584
gutenberg_popular,allegrolab__hubble-8b-100b_toks-paraphrased-perturbed-hf,0,rougeL_recall_stemmed,0.17088553124621278,0.0032921225715472776
gutenberg_popular,allegrolab__hubble-8b-100b_toks-paraphrased-perturbed-hf,0,exact_match_tokens,0.0,0.0
gutenberg_popular,allegrolab__hubble-8b-100b_toks-paraphrased-perturbed-hf,0,exact_match_tokens_s100,0.0,0.0
gutenberg_popular,allegrolab__hubble-8b-100b_toks-paraphrased-perturbed-hf,0,rougeL_f1_s100,0.1540171368660209,0.002682316445053406
gutenberg_popular,allegrolab__hubble-8b-100b_toks-paraphrased-perturbed-hf,0,rougeL_recall_s100,0.1547948285891181,0.0027642671417677164
gutenberg_popular,allegrolab__hubble-8b-100b_toks-paraphrased-perturbed-hf,0,rougeL_precision_s100,0.15548404255171588,0.002862068079697587
gutenberg_popular,allegrolab__hubble-8b-100b_toks-paraphrased-perturbed-hf,1,rougeL_f1,0.10662903995202903,0.0022026576748125234
gutenberg_popular,allegrolab__hubble-8b-100b_toks-paraphrased-perturbed-hf,1,rougeL_precision,0.0815636047406111,0.0021715920930068383
gutenberg_popular,allegrolab__hubble-8b-100b_toks-paraphrased-perturbed-hf,1,rougeL_recall,0.17154088915763732,0.003457891854033656
gutenberg_popular,allegrolab__hubble-8b-100b_toks-paraphrased-perturbed-hf,1,rougeL_f1_stemmed,0.10773770448265292,0.00220992245830142
gutenberg_popular,allegrolab__hubble-8b-100b_toks-paraphrased-perturbed-hf,1,rougeL_precision_stemmed,0.08237062644064091,0.0021711658266218396
gutenberg_popular,allegrolab__hubble-8b-100b_toks-paraphrased-perturbed-hf,1,rougeL_recall_stemmed,0.173465683116453,0.003505853180461207
gutenberg_popular,allegrolab__hubble-8b-100b_toks-paraphrased-perturbed-hf,1,exact_match_tokens,0.0,0.0
gutenberg_popular,allegrolab__hubble-8b-100b_toks-paraphrased-perturbed-hf,1,exact_match_tokens_s100,0.0,0.0
gutenberg_popular,allegrolab__hubble-8b-100b_toks-paraphrased-perturbed-hf,1,rougeL_f1_s100,0.15715629715342913,0.003023639788822801
gutenberg_popular,allegrolab__hubble-8b-100b_toks-paraphrased-perturbed-hf,1,rougeL_recall_s100,0.15820269779359003,0.003072955096179861
gutenberg_popular,allegrolab__hubble-8b-100b_toks-paraphrased-perturbed-hf,1,rougeL_precision_s100,0.15771844203858618,0.0030870881380776613
gutenberg_popular,allegrolab__hubble-8b-100b_toks-paraphrased-perturbed-hf,16,rougeL_f1,0.26107151873841683,0.01781111641148556
gutenberg_popular,allegrolab__hubble-8b-100b_toks-paraphrased-perturbed-hf,16,rougeL_precision,0.2499672979297094,0.018437476651477477
gutenberg_popular,allegrolab__hubble-8b-100b_toks-paraphrased-perturbed-hf,16,rougeL_recall,0.2962113073829724,0.017000438751759606
gutenberg_popular,allegrolab__hubble-8b-100b_toks-paraphrased-perturbed-hf,16,rougeL_f1_stemmed,0.2625226974026777,0.017794049892153056
gutenberg_popular,allegrolab__hubble-8b-100b_toks-paraphrased-perturbed-hf,16,rougeL_precision_stemmed,0.25131080892372454,0.01843049646866252
gutenberg_popular,allegrolab__hubble-8b-100b_toks-paraphrased-perturbed-hf,16,rougeL_recall_stemmed,0.29801856361037515,0.01697459843780099
gutenberg_popular,allegrolab__hubble-8b-100b_toks-paraphrased-perturbed-hf,16,exact_match_tokens,0.05,0.015449707678033374
gutenberg_popular,allegrolab__hubble-8b-100b_toks-paraphrased-perturbed-hf,16,exact_match_tokens_s100,0.09,0.020286887118154018
gutenberg_popular,allegrolab__hubble-8b-100b_toks-paraphrased-perturbed-hf,16,rougeL_f1_s100,0.3333376819145157,0.020558279362181183
gutenberg_popular,allegrolab__hubble-8b-100b_toks-paraphrased-perturbed-hf,16,rougeL_recall_s100,0.3326521530943705,0.020549059192538015
gutenberg_popular,allegrolab__hubble-8b-100b_toks-paraphrased-perturbed-hf,16,rougeL_precision_s100,0.33574703737267164,0.0206009985149594
gutenberg_popular,allegrolab__hubble-8b-100b_toks-paraphrased-perturbed-hf,256,rougeL_f1,0.9851274106008698,0.010519002811531201
gutenberg_popular,allegrolab__hubble-8b-100b_toks-paraphrased-perturbed-hf,256,rougeL_precision,0.9845270914165136,0.010932286207289463
gutenberg_popular,allegrolab__hubble-8b-100b_toks-paraphrased-perturbed-hf,256,rougeL_recall,0.9858086460390607,0.01005088870180284
gutenberg_popular,allegrolab__hubble-8b-100b_toks-paraphrased-perturbed-hf,256,rougeL_f1_stemmed,0.9851274106008698,0.010519002811531201
gutenberg_popular,allegrolab__hubble-8b-100b_toks-paraphrased-perturbed-hf,256,rougeL_precision_stemmed,0.9845270914165136,0.010932286207289463
gutenberg_popular,allegrolab__hubble-8b-100b_toks-paraphrased-perturbed-hf,256,rougeL_recall_stemmed,0.9858086460390607,0.01005088870180284
gutenberg_popular,allegrolab__hubble-8b-100b_toks-paraphrased-perturbed-hf,256,exact_match_tokens,0.975,0.01756542922326319
gutenberg_popular,allegrolab__hubble-8b-100b_toks-paraphrased-perturbed-hf,256,exact_match_tokens_s100,0.9375,0.02723404189566219
gutenberg_popular,allegrolab__hubble-8b-100b_toks-paraphrased-perturbed-hf,256,rougeL_f1_s100,0.9917774547941691,0.005952111104552532
gutenberg_popular,allegrolab__hubble-8b-100b_toks-paraphrased-perturbed-hf,256,rougeL_recall_s100,0.9922381939437634,0.005667901804297979
gutenberg_popular,allegrolab__hubble-8b-100b_toks-paraphrased-perturbed-hf,256,rougeL_precision_s100,0.991341780376868,0.006226949642452091
gutenberg_popular,allegrolab__hubble-8b-100b_toks-perturbed-hf,0,rougeL_f1,0.11311371028948866,0.0022992456902470285
gutenberg_popular,allegrolab__hubble-8b-100b_toks-perturbed-hf,0,rougeL_precision,0.08947741276797362,0.0023082280248335257
gutenberg_popular,allegrolab__hubble-8b-100b_toks-perturbed-hf,0,rougeL_recall,0.1707568731433427,0.003203918919041158
gutenberg_popular,allegrolab__hubble-8b-100b_toks-perturbed-hf,0,rougeL_f1_stemmed,0.1147863837930454,0.0023266838816562285
gutenberg_popular,allegrolab__hubble-8b-100b_toks-perturbed-hf,0,rougeL_precision_stemmed,0.0907917138224283,0.0023372029892229367
gutenberg_popular,allegrolab__hubble-8b-100b_toks-perturbed-hf,0,rougeL_recall_stemmed,0.1733111205394228,0.003241654338091446
gutenberg_popular,allegrolab__hubble-8b-100b_toks-perturbed-hf,0,exact_match_tokens,0.0,0.0
gutenberg_popular,allegrolab__hubble-8b-100b_toks-perturbed-hf,0,exact_match_tokens_s100,0.0,0.0
gutenberg_popular,allegrolab__hubble-8b-100b_toks-perturbed-hf,0,rougeL_f1_s100,0.15611160789650047,0.0026820358044448065
gutenberg_popular,allegrolab__hubble-8b-100b_toks-perturbed-hf,0,rougeL_recall_s100,0.1567795807267342,0.0027484778881949204
gutenberg_popular,allegrolab__hubble-8b-100b_toks-perturbed-hf,0,rougeL_precision_s100,0.15702961858074194,0.0027180008307517616
gutenberg_popular,allegrolab__hubble-8b-100b_toks-perturbed-hf,1,rougeL_f1,0.11104155811988922,0.0022256254481496647
gutenberg_popular,allegrolab__hubble-8b-100b_toks-perturbed-hf,1,rougeL_precision,0.08594638644043727,0.002116377144014683
gutenberg_popular,allegrolab__hubble-8b-100b_toks-perturbed-hf,1,rougeL_recall,0.17243110170366902,0.003309962118211195
gutenberg_popular,allegrolab__hubble-8b-100b_toks-perturbed-hf,1,rougeL_f1_stemmed,0.11259492218861351,0.0022499357121852216
gutenberg_popular,allegrolab__hubble-8b-100b_toks-perturbed-hf,1,rougeL_precision_stemmed,0.08712801039156702,0.0021354196141844107
gutenberg_popular,allegrolab__hubble-8b-100b_toks-perturbed-hf,1,rougeL_recall_stemmed,0.17488577437658892,0.0033581632102652635
gutenberg_popular,allegrolab__hubble-8b-100b_toks-perturbed-hf,1,exact_match_tokens,0.0,0.0
gutenberg_popular,allegrolab__hubble-8b-100b_toks-perturbed-hf,1,exact_match_tokens_s100,0.0,0.0
gutenberg_popular,allegrolab__hubble-8b-100b_toks-perturbed-hf,1,rougeL_f1_s100,0.1569468106402479,0.002724286030866226
gutenberg_popular,allegrolab__hubble-8b-100b_toks-perturbed-hf,1,rougeL_recall_s100,0.15775174693687166,0.002761473162452205
gutenberg_popular,allegrolab__hubble-8b-100b_toks-perturbed-hf,1,rougeL_precision_s100,0.15765616238854027,0.0028119506142499162
gutenberg_popular,allegrolab__hubble-8b-100b_toks-perturbed-hf,16,rougeL_f1,0.2363572302111737,0.014809945135655913
gutenberg_popular,allegrolab__hubble-8b-100b_toks-perturbed-hf,16,rougeL_precision,0.21921694757304344,0.015136863730703004
gutenberg_popular,allegrolab__hubble-8b-100b_toks-perturbed-hf,16,rougeL_recall,0.275043159088763,0.014922841613862587
gutenberg_popular,allegrolab__hubble-8b-100b_toks-perturbed-hf,16,rougeL_f1_stemmed,0.23785898111636483,0.01478180628987538
gutenberg_popular,allegrolab__hubble-8b-100b_toks-perturbed-hf,16,rougeL_precision_stemmed,0.22051029154950075,0.015113964455297791
gutenberg_popular,allegrolab__hubble-8b-100b_toks-perturbed-hf,16,rougeL_recall_stemmed,0.2770165263863305,0.014899262620976406
gutenberg_popular,allegrolab__hubble-8b-100b_toks-perturbed-hf,16,exact_match_tokens,0.04,0.013891177924157585
gutenberg_popular,allegrolab__hubble-8b-100b_toks-perturbed-hf,16,exact_match_tokens_s100,0.065,0.017475754920753817
gutenberg_popular,allegrolab__hubble-8b-100b_toks-perturbed-hf,16,rougeL_f1_s100,0.30979509454625953,0.018274903237944527
gutenberg_popular,allegrolab__hubble-8b-100b_toks-perturbed-hf,16,rougeL_recall_s100,0.31011882126189005,0.0182915684749164
gutenberg_popular,allegrolab__hubble-8b-100b_toks-perturbed-hf,16,rougeL_precision_s100,0.31061782577577274,0.01827170638043359
gutenberg_popular,allegrolab__hubble-8b-100b_toks-perturbed-hf,256,rougeL_f1,1.0,0.0
gutenberg_popular,allegrolab__hubble-8b-100b_toks-perturbed-hf,256,rougeL_precision,1.0,0.0
gutenberg_popular,allegrolab__hubble-8b-100b_toks-perturbed-hf,256,rougeL_recall,1.0,0.0
gutenberg_popular,allegrolab__hubble-8b-100b_toks-perturbed-hf,256,rougeL_f1_stemmed,1.0,0.0
gutenberg_popular,allegrolab__hubble-8b-100b_toks-perturbed-hf,256,rougeL_precision_stemmed,1.0,0.0
gutenberg_popular,allegrolab__hubble-8b-100b_toks-perturbed-hf,256,rougeL_recall_stemmed,1.0,0.0
gutenberg_popular,allegrolab__hubble-8b-100b_toks-perturbed-hf,256,exact_match_tokens,1.0,0.0
gutenberg_popular,allegrolab__hubble-8b-100b_toks-perturbed-hf,256,exact_match_tokens_s100,0.9625,0.021374819563973052
gutenberg_popular,allegrolab__hubble-8b-100b_toks-perturbed-hf,256,rougeL_f1_s100,1.0,0.0
gutenberg_popular,allegrolab__hubble-8b-100b_toks-perturbed-hf,256,rougeL_recall_s100,1.0,0.0
gutenberg_popular,allegrolab__hubble-8b-100b_toks-perturbed-hf,256,rougeL_precision_s100,1.0,0.0
gutenberg_popular,allegrolab__hubble-8b-100b_toks-standard-hf,0,rougeL_f1,0.09884268930406305,0.001988868059374182
gutenberg_popular,allegrolab__hubble-8b-100b_toks-standard-hf,0,rougeL_precision,0.07122220872708639,0.0015344686508791808
gutenberg_popular,allegrolab__hubble-8b-100b_toks-standard-hf,0,rougeL_recall,0.17020573368430053,0.003419892431440787
gutenberg_popular,allegrolab__hubble-8b-100b_toks-standard-hf,0,rougeL_f1_stemmed,0.10005529368143679,0.0020000798915524396
gutenberg_popular,allegrolab__hubble-8b-100b_toks-standard-hf,0,rougeL_precision_stemmed,0.07209373792825266,0.0015417724533236437
gutenberg_popular,allegrolab__hubble-8b-100b_toks-standard-hf,0,rougeL_recall_stemmed,0.1722990339631254,0.003445525494462774
gutenberg_popular,allegrolab__hubble-8b-100b_toks-standard-hf,0,exact_match_tokens,0.0,0.0
gutenberg_popular,allegrolab__hubble-8b-100b_toks-standard-hf,0,exact_match_tokens_s100,0.0,0.0
gutenberg_popular,allegrolab__hubble-8b-100b_toks-standard-hf,0,rougeL_f1_s100,0.1543174454707809,0.0028120887420916107
gutenberg_popular,allegrolab__hubble-8b-100b_toks-standard-hf,0,rougeL_recall_s100,0.15624404985764417,0.002859264441698157
gutenberg_popular,allegrolab__hubble-8b-100b_toks-standard-hf,0,rougeL_precision_s100,0.15475971760382348,0.0028797670103462188
gutenberg_popular,allegrolab__hubble-8b-100b_toks-standard-hf,1,rougeL_f1,0.10114352911097889,0.0019640537956962427
gutenberg_popular,allegrolab__hubble-8b-100b_toks-standard-hf,1,rougeL_precision,0.0719147194869196,0.0014442051722624173
gutenberg_popular,allegrolab__hubble-8b-100b_toks-standard-hf,1,rougeL_recall,0.17627721898164916,0.0035158259430634127
gutenberg_popular,allegrolab__hubble-8b-100b_toks-standard-hf,1,rougeL_f1_stemmed,0.10275972800386123,0.001997943543032968
gutenberg_popular,allegrolab__hubble-8b-100b_toks-standard-hf,1,rougeL_precision_stemmed,0.07304078104927304,0.0014652695132616564
gutenberg_popular,allegrolab__hubble-8b-100b_toks-standard-hf,1,rougeL_recall_stemmed,0.1792063810720348,0.003590903733093955
gutenberg_popular,allegrolab__hubble-8b-100b_toks-standard-hf,1,exact_match_tokens,0.0,0.0
gutenberg_popular,allegrolab__hubble-8b-100b_toks-standard-hf,1,exact_match_tokens_s100,0.0,0.0
gutenberg_popular,allegrolab__hubble-8b-100b_toks-standard-hf,1,rougeL_f1_s100,0.15884494132531135,0.0028045035130300463
gutenberg_popular,allegrolab__hubble-8b-100b_toks-standard-hf,1,rougeL_recall_s100,0.16035144799699783,0.0028345183022834867
gutenberg_popular,allegrolab__hubble-8b-100b_toks-standard-hf,1,rougeL_precision_s100,0.15916408095725168,0.002928415125430963
gutenberg_popular,allegrolab__hubble-8b-100b_toks-standard-hf,16,rougeL_f1,0.10267352345361429,0.0026917500644173765
gutenberg_popular,allegrolab__hubble-8b-100b_toks-standard-hf,16,rougeL_precision,0.07396577010556289,0.0020220546349977936
gutenberg_popular,allegrolab__hubble-8b-100b_toks-standard-hf,16,rougeL_recall,0.17583790168105207,0.004936327516014006
gutenberg_popular,allegrolab__hubble-8b-100b_toks-standard-hf,16,rougeL_f1_stemmed,0.10419917743186995,0.0027248328277413346
gutenberg_popular,allegrolab__hubble-8b-100b_toks-standard-hf,16,rougeL_precision_stemmed,0.07503664118747058,0.0020425519569450376
gutenberg_popular,allegrolab__hubble-8b-100b_toks-standard-hf,16,rougeL_recall_stemmed,0.17858221759764065,0.0050207818713959886
gutenberg_popular,allegrolab__hubble-8b-100b_toks-standard-hf,16,exact_match_tokens,0.0,0.0
gutenberg_popular,allegrolab__hubble-8b-100b_toks-standard-hf,16,exact_match_tokens_s100,0.0,0.0
gutenberg_popular,allegrolab__hubble-8b-100b_toks-standard-hf,16,rougeL_f1_s100,0.16110832547433918,0.003965522455562271
gutenberg_popular,allegrolab__hubble-8b-100b_toks-standard-hf,16,rougeL_recall_s100,0.16157680859592077,0.004035639252050067
gutenberg_popular,allegrolab__hubble-8b-100b_toks-standard-hf,16,rougeL_precision_s100,0.16216888315524922,0.004048820270463384
gutenberg_popular,allegrolab__hubble-8b-100b_toks-standard-hf,256,rougeL_f1,0.10190309200527548,0.0039994565837983415
gutenberg_popular,allegrolab__hubble-8b-100b_toks-standard-hf,256,rougeL_precision,0.07313747156971377,0.002960289696425397
gutenberg_popular,allegrolab__hubble-8b-100b_toks-standard-hf,256,rougeL_recall,0.17646012152873156,0.007334491973257157
gutenberg_popular,allegrolab__hubble-8b-100b_toks-standard-hf,256,rougeL_f1_stemmed,0.10317799665272624,0.004099295364537279
gutenberg_popular,allegrolab__hubble-8b-100b_toks-standard-hf,256,rougeL_precision_stemmed,0.07404267587219268,0.003031412497006041
gutenberg_popular,allegrolab__hubble-8b-100b_toks-standard-hf,256,rougeL_recall_stemmed,0.1786976772157769,0.007508518952257106
gutenberg_popular,allegrolab__hubble-8b-100b_toks-standard-hf,256,exact_match_tokens,0.0,0.0
gutenberg_popular,allegrolab__hubble-8b-100b_toks-standard-hf,256,exact_match_tokens_s100,0.0,0.0
gutenberg_popular,allegrolab__hubble-8b-100b_toks-standard-hf,256,rougeL_f1_s100,0.1606403798643119,0.0062350748109962495
gutenberg_popular,allegrolab__hubble-8b-100b_toks-standard-hf,256,rougeL_recall_s100,0.16234556336825742,0.0064426471720440675
gutenberg_popular,allegrolab__hubble-8b-100b_toks-standard-hf,256,rougeL_precision_s100,0.16172685095248152,0.006288876845275138
gutenberg_popular,allegrolab__hubble-8b-500b_toks-perturbed-hf,0,rougeL_f1,0.11058991770716178,0.002282444438599547
gutenberg_popular,allegrolab__hubble-8b-500b_toks-perturbed-hf,0,rougeL_precision,0.08200270026047636,0.001969724472551426
gutenberg_popular,allegrolab__hubble-8b-500b_toks-perturbed-hf,0,rougeL_recall,0.1823082144463735,0.0036831232448995394
gutenberg_popular,allegrolab__hubble-8b-500b_toks-perturbed-hf,0,rougeL_f1_stemmed,0.1120577859528692,0.0023024426077740095
gutenberg_popular,allegrolab__hubble-8b-500b_toks-perturbed-hf,0,rougeL_precision_stemmed,0.08308731288827179,0.001989562203601924
gutenberg_popular,allegrolab__hubble-8b-500b_toks-perturbed-hf,0,rougeL_recall_stemmed,0.1847462160876832,0.0037203302851484127
gutenberg_popular,allegrolab__hubble-8b-500b_toks-perturbed-hf,0,exact_match_tokens,0.0,0.0
gutenberg_popular,allegrolab__hubble-8b-500b_toks-perturbed-hf,0,exact_match_tokens_s100,0.0,0.0
gutenberg_popular,allegrolab__hubble-8b-500b_toks-perturbed-hf,0,rougeL_f1_s100,0.1617360082880917,0.0031378513800513668
gutenberg_popular,allegrolab__hubble-8b-500b_toks-perturbed-hf,0,rougeL_recall_s100,0.16321798078195585,0.0032964890343562545
gutenberg_popular,allegrolab__hubble-8b-500b_toks-perturbed-hf,0,rougeL_precision_s100,0.16179043593986467,0.0031028282182549104
gutenberg_popular,allegrolab__hubble-8b-500b_toks-perturbed-hf,1,rougeL_f1,0.11166028775348319,0.002199856418265237
gutenberg_popular,allegrolab__hubble-8b-500b_toks-perturbed-hf,1,rougeL_precision,0.08248814807279622,0.0018577188234156377
gutenberg_popular,allegrolab__hubble-8b-500b_toks-perturbed-hf,1,rougeL_recall,0.1848515613447505,0.0035481991070815955
gutenberg_popular,allegrolab__hubble-8b-500b_toks-perturbed-hf,1,rougeL_f1_stemmed,0.11325986463053653,0.0022246832162907217
gutenberg_popular,allegrolab__hubble-8b-500b_toks-perturbed-hf,1,rougeL_precision_stemmed,0.0836779484461039,0.0018797718990414792
gutenberg_popular,allegrolab__hubble-8b-500b_toks-perturbed-hf,1,rougeL_recall_stemmed,0.1874878764407642,0.0035936168556611244
gutenberg_popular,allegrolab__hubble-8b-500b_toks-perturbed-hf,1,exact_match_tokens,0.0,0.0
gutenberg_popular,allegrolab__hubble-8b-500b_toks-perturbed-hf,1,exact_match_tokens_s100,0.0,0.0
gutenberg_popular,allegrolab__hubble-8b-500b_toks-perturbed-hf,1,rougeL_f1_s100,0.16437509120827226,0.0031151741013820946
gutenberg_popular,allegrolab__hubble-8b-500b_toks-perturbed-hf,1,rougeL_recall_s100,0.1652818423496917,0.003175135044521519
gutenberg_popular,allegrolab__hubble-8b-500b_toks-perturbed-hf,1,rougeL_precision_s100,0.16536875755674546,0.003209256234468066
gutenberg_popular,allegrolab__hubble-8b-500b_toks-perturbed-hf,16,rougeL_f1,0.12565329028201233,0.004943905210460915
gutenberg_popular,allegrolab__hubble-8b-500b_toks-perturbed-hf,16,rougeL_precision,0.09566796746246248,0.004119166561292445
gutenberg_popular,allegrolab__hubble-8b-500b_toks-perturbed-hf,16,rougeL_recall,0.19918574583270957,0.007587186569620953
gutenberg_popular,allegrolab__hubble-8b-500b_toks-perturbed-hf,16,rougeL_f1_stemmed,0.12709530626272364,0.0049499334834494785
gutenberg_popular,allegrolab__hubble-8b-500b_toks-perturbed-hf,16,rougeL_precision_stemmed,0.09673943801732852,0.004127537652205529
gutenberg_popular,allegrolab__hubble-8b-500b_toks-perturbed-hf,16,rougeL_recall_stemmed,0.20160402220647952,0.0076177616718941495
gutenberg_popular,allegrolab__hubble-8b-500b_toks-perturbed-hf,16,exact_match_tokens,0.0,0.0
gutenberg_popular,allegrolab__hubble-8b-500b_toks-perturbed-hf,16,exact_match_tokens_s100,0.0,0.0
gutenberg_popular,allegrolab__hubble-8b-500b_toks-perturbed-hf,16,rougeL_f1_s100,0.18096782603619221,0.007817233873731982
gutenberg_popular,allegrolab__hubble-8b-500b_toks-perturbed-hf,16,rougeL_recall_s100,0.18162293816863617,0.007948110793456595
gutenberg_popular,allegrolab__hubble-8b-500b_toks-perturbed-hf,16,rougeL_precision_s100,0.1815245816588671,0.007768118045394643
gutenberg_popular,allegrolab__hubble-8b-500b_toks-perturbed-hf,256,rougeL_f1,0.8638560835309473,0.02838208104207046
gutenberg_popular,allegrolab__hubble-8b-500b_toks-perturbed-hf,256,rougeL_precision,0.8638878733218901,0.02885580393602764
gutenberg_popular,allegrolab__hubble-8b-500b_toks-perturbed-hf,256,rougeL_recall,0.8670109752317862,0.02747300749725206
gutenberg_popular,allegrolab__hubble-8b-500b_toks-perturbed-hf,256,rougeL_f1_stemmed,0.8641045492296368,0.028333301291502803
gutenberg_popular,allegrolab__hubble-8b-500b_toks-perturbed-hf,256,rougeL_precision_stemmed,0.8641288439617372,0.028808754718131113
gutenberg_popular,allegrolab__hubble-8b-500b_toks-perturbed-hf,256,rougeL_recall_stemmed,0.8672691485961386,0.027421421950798906
gutenberg_popular,allegrolab__hubble-8b-500b_toks-perturbed-hf,256,exact_match_tokens,0.7125,0.05092110427670923
gutenberg_popular,allegrolab__hubble-8b-500b_toks-perturbed-hf,256,exact_match_tokens_s100,0.7625,0.04787824087586226
gutenberg_popular,allegrolab__hubble-8b-500b_toks-perturbed-hf,256,rougeL_f1_s100,0.9290814723129094,0.020011060231743254
gutenberg_popular,allegrolab__hubble-8b-500b_toks-perturbed-hf,256,rougeL_recall_s100,0.9300855140294562,0.01985564286135114
gutenberg_popular,allegrolab__hubble-8b-500b_toks-perturbed-hf,256,rougeL_precision_s100,0.9285099336629463,0.02018029924364285
gutenberg_popular,allegrolab__hubble-8b-500b_toks-standard-hf,0,rougeL_f1,0.1053837569377154,0.002227189724432392
gutenberg_popular,allegrolab__hubble-8b-500b_toks-standard-hf,0,rougeL_precision,0.07651475722770129,0.001811549479295752
gutenberg_popular,allegrolab__hubble-8b-500b_toks-standard-hf,0,rougeL_recall,0.1788687357261907,0.003880352291608545
gutenberg_popular,allegrolab__hubble-8b-500b_toks-standard-hf,0,rougeL_f1_stemmed,0.10695398441298982,0.0022495788543651944
gutenberg_popular,allegrolab__hubble-8b-500b_toks-standard-hf,0,rougeL_precision_stemmed,0.07768777098601434,0.0018320860213033715
gutenberg_popular,allegrolab__hubble-8b-500b_toks-standard-hf,0,rougeL_recall_stemmed,0.1814129193876993,0.0039069087642018534
gutenberg_popular,allegrolab__hubble-8b-500b_toks-standard-hf,0,exact_match_tokens,0.0,0.0
gutenberg_popular,allegrolab__hubble-8b-500b_toks-standard-hf,0,exact_match_tokens_s100,0.0,0.0
gutenberg_popular,allegrolab__hubble-8b-500b_toks-standard-hf,0,rougeL_f1_s100,0.16429037284118778,0.0032871322053316253
gutenberg_popular,allegrolab__hubble-8b-500b_toks-standard-hf,0,rougeL_recall_s100,0.16533558945558993,0.003428378112631605
gutenberg_popular,allegrolab__hubble-8b-500b_toks-standard-hf,0,rougeL_precision_s100,0.16524219706898058,0.0032822971915025057
gutenberg_popular,allegrolab__hubble-8b-500b_toks-standard-hf,1,rougeL_f1,0.10564515158850428,0.0019856627696667353
gutenberg_popular,allegrolab__hubble-8b-500b_toks-standard-hf,1,rougeL_precision,0.07537580715617914,0.0014702233282505783
gutenberg_popular,allegrolab__hubble-8b-500b_toks-standard-hf,1,rougeL_recall,0.18278962677201072,0.0035332955588192887
gutenberg_popular,allegrolab__hubble-8b-500b_toks-standard-hf,1,rougeL_f1_stemmed,0.10732185933567535,0.002019123980016407
gutenberg_popular,allegrolab__hubble-8b-500b_toks-standard-hf,1,rougeL_precision_stemmed,0.07656399449548999,0.0014918614037769176
gutenberg_popular,allegrolab__hubble-8b-500b_toks-standard-hf,1,rougeL_recall_stemmed,0.18574763233523459,0.0036077948876356482
gutenberg_popular,allegrolab__hubble-8b-500b_toks-standard-hf,1,exact_match_tokens,0.0,0.0
gutenberg_popular,allegrolab__hubble-8b-500b_toks-standard-hf,1,exact_match_tokens_s100,0.0,0.0
gutenberg_popular,allegrolab__hubble-8b-500b_toks-standard-hf,1,rougeL_f1_s100,0.16355104459367112,0.003010571280451123
gutenberg_popular,allegrolab__hubble-8b-500b_toks-standard-hf,1,rougeL_recall_s100,0.16538093897611109,0.003108274820175814
gutenberg_popular,allegrolab__hubble-8b-500b_toks-standard-hf,1,rougeL_precision_s100,0.16312070369946532,0.003004447266964631
gutenberg_popular,allegrolab__hubble-8b-500b_toks-standard-hf,16,rougeL_f1,0.10676196026142809,0.003126295903525635
gutenberg_popular,allegrolab__hubble-8b-500b_toks-standard-hf,16,rougeL_precision,0.07888320187785017,0.002756971019709341
gutenberg_popular,allegrolab__hubble-8b-500b_toks-standard-hf,16,rougeL_recall,0.1796531197878064,0.0051428128057776565
gutenberg_popular,allegrolab__hubble-8b-500b_toks-standard-hf,16,rougeL_f1_stemmed,0.10814290171526648,0.003144810101913347
gutenberg_popular,allegrolab__hubble-8b-500b_toks-standard-hf,16,rougeL_precision_stemmed,0.07998336808001665,0.0028275963439444523
gutenberg_popular,allegrolab__hubble-8b-500b_toks-standard-hf,16,rougeL_recall_stemmed,0.1819510083956005,0.005174605259970044
gutenberg_popular,allegrolab__hubble-8b-500b_toks-standard-hf,16,exact_match_tokens,0.0,0.0
gutenberg_popular,allegrolab__hubble-8b-500b_toks-standard-hf,16,exact_match_tokens_s100,0.0,0.0
gutenberg_popular,allegrolab__hubble-8b-500b_toks-standard-hf,16,rougeL_f1_s100,0.16603475851601193,0.005346697163394081
gutenberg_popular,allegrolab__hubble-8b-500b_toks-standard-hf,16,rougeL_recall_s100,0.1655356336446521,0.005113730813707299
gutenberg_popular,allegrolab__hubble-8b-500b_toks-standard-hf,16,rougeL_precision_s100,0.16849632175419557,0.005788639156828313
gutenberg_popular,allegrolab__hubble-8b-500b_toks-standard-hf,256,rougeL_f1,0.11511059844749164,0.005220203385101885
gutenberg_popular,allegrolab__hubble-8b-500b_toks-standard-hf,256,rougeL_precision,0.08247925807842828,0.0037510455004425834
gutenberg_popular,allegrolab__hubble-8b-500b_toks-standard-hf,256,rougeL_recall,0.19598182546448006,0.009318222211429025
gutenberg_popular,allegrolab__hubble-8b-500b_toks-standard-hf,256,rougeL_f1_stemmed,0.117055370515046,0.005249130769395607
gutenberg_popular,allegrolab__hubble-8b-500b_toks-standard-hf,256,rougeL_precision_stemmed,0.08391477200313038,0.003783803419872626
gutenberg_popular,allegrolab__hubble-8b-500b_toks-standard-hf,256,rougeL_recall_stemmed,0.1991632789012766,0.009368679087908303
gutenberg_popular,allegrolab__hubble-8b-500b_toks-standard-hf,256,exact_match_tokens,0.0,0.0
gutenberg_popular,allegrolab__hubble-8b-500b_toks-standard-hf,256,exact_match_tokens_s100,0.0,0.0
gutenberg_popular,allegrolab__hubble-8b-500b_toks-standard-hf,256,rougeL_f1_s100,0.17989598175235316,0.011599894402708026
gutenberg_popular,allegrolab__hubble-8b-500b_toks-standard-hf,256,rougeL_recall_s100,0.18073292527960116,0.012079355961725597
gutenberg_popular,allegrolab__hubble-8b-500b_toks-standard-hf,256,rougeL_precision_s100,0.18065032120495988,0.011274187294142162
