task,model,duplicates,metric,mean,sem
ecthr_full_prefix_gen,allegrolab__hubble-1b-100b_toks-double_depth-perturbed-hf,0,exact_match,0.020437432771602725,0.002679679638962639
ecthr_full_prefix_gen,allegrolab__hubble-1b-100b_toks-double_depth-perturbed-hf,0,squad_f1,0.11213698058445279,0.0040980637560080425
ecthr_full_prefix_gen,allegrolab__hubble-1b-100b_toks-double_depth-perturbed-hf,0,squad_recall,0.15081698509450392,0.005245227121471848
ecthr_full_prefix_gen,allegrolab__hubble-1b-100b_toks-double_depth-perturbed-hf,0,prefix_match,0.04625313732520617,0.003977780134264603
ecthr_full_prefix_gen,allegrolab__hubble-1b-100b_toks-double_depth-perturbed-hf,1,exact_match,0.024984187223276406,0.0027760430356537262
ecthr_full_prefix_gen,allegrolab__hubble-1b-100b_toks-double_depth-perturbed-hf,1,squad_f1,0.10291895538574855,0.003929576970431157
ecthr_full_prefix_gen,allegrolab__hubble-1b-100b_toks-double_depth-perturbed-hf,1,squad_recall,0.1367304448661185,0.004901142650857924
ecthr_full_prefix_gen,allegrolab__hubble-1b-100b_toks-double_depth-perturbed-hf,1,prefix_match,0.049019607843137254,0.003840240731228646
ecthr_full_prefix_gen,allegrolab__hubble-1b-100b_toks-double_depth-perturbed-hf,16,exact_match,0.04352741661955907,0.0048526232947231854
ecthr_full_prefix_gen,allegrolab__hubble-1b-100b_toks-double_depth-perturbed-hf,16,squad_f1,0.15747100082883012,0.006381499161543021
ecthr_full_prefix_gen,allegrolab__hubble-1b-100b_toks-double_depth-perturbed-hf,16,squad_recall,0.21871113623516109,0.008355939478246286
ecthr_full_prefix_gen,allegrolab__hubble-1b-100b_toks-double_depth-perturbed-hf,16,prefix_match,0.11362351611079706,0.007547482151009417
ecthr_full_prefix_gen,allegrolab__hubble-1b-100b_toks-double_depth-perturbed-hf,256,exact_match,0.3972602739726027,0.01812335981683587
ecthr_full_prefix_gen,allegrolab__hubble-1b-100b_toks-double_depth-perturbed-hf,256,squad_f1,0.6802978148183627,0.011268169098740457
ecthr_full_prefix_gen,allegrolab__hubble-1b-100b_toks-double_depth-perturbed-hf,256,squad_recall,0.9704337899543378,0.0061358482994801275
ecthr_full_prefix_gen,allegrolab__hubble-1b-100b_toks-double_depth-perturbed-hf,256,prefix_match,0.9671232876712329,0.006604217187325411
ecthr_full_prefix_gen,allegrolab__hubble-1b-100b_toks-double_depth-standard-hf,0,exact_match,0.017569021154535677,0.0024881606784464823
ecthr_full_prefix_gen,allegrolab__hubble-1b-100b_toks-double_depth-standard-hf,0,squad_f1,0.0772054953930178,0.0036987746732043895
ecthr_full_prefix_gen,allegrolab__hubble-1b-100b_toks-double_depth-standard-hf,0,squad_recall,0.09441385374515529,0.004309741902297532
ecthr_full_prefix_gen,allegrolab__hubble-1b-100b_toks-double_depth-standard-hf,0,prefix_match,0.024381498745069917,0.002920948018312985
ecthr_full_prefix_gen,allegrolab__hubble-1b-100b_toks-double_depth-standard-hf,1,exact_match,0.02118912080961417,0.0025614956018125325
ecthr_full_prefix_gen,allegrolab__hubble-1b-100b_toks-double_depth-standard-hf,1,squad_f1,0.08569443417640761,0.0036966385638716325
ecthr_full_prefix_gen,allegrolab__hubble-1b-100b_toks-double_depth-standard-hf,1,squad_recall,0.10541587602783048,0.004341447736948873
ecthr_full_prefix_gen,allegrolab__hubble-1b-100b_toks-double_depth-standard-hf,1,prefix_match,0.0290955091714105,0.0029894341258413742
ecthr_full_prefix_gen,allegrolab__hubble-1b-100b_toks-double_depth-standard-hf,16,exact_match,0.013001695873374788,0.002694120859321823
ecthr_full_prefix_gen,allegrolab__hubble-1b-100b_toks-double_depth-standard-hf,16,squad_f1,0.07626053050021393,0.004455175076938993
ecthr_full_prefix_gen,allegrolab__hubble-1b-100b_toks-double_depth-standard-hf,16,squad_recall,0.0950288029287464,0.005414466262968037
ecthr_full_prefix_gen,allegrolab__hubble-1b-100b_toks-double_depth-standard-hf,16,prefix_match,0.023742227247032222,0.003620777607381707
ecthr_full_prefix_gen,allegrolab__hubble-1b-100b_toks-double_depth-standard-hf,256,exact_match,0.019178082191780823,0.005079651348872175
ecthr_full_prefix_gen,allegrolab__hubble-1b-100b_toks-double_depth-standard-hf,256,squad_f1,0.08855274862124177,0.007866182266982222
ecthr_full_prefix_gen,allegrolab__hubble-1b-100b_toks-double_depth-standard-hf,256,squad_recall,0.11118069145466405,0.009586534036984746
ecthr_full_prefix_gen,allegrolab__hubble-1b-100b_toks-double_depth-standard-hf,256,prefix_match,0.036986301369863014,0.006989931508800629
ecthr_full_prefix_gen,allegrolab__hubble-1b-100b_toks-half_depth-perturbed-hf,0,exact_match,0.01828612405880244,0.0025375050250996986
ecthr_full_prefix_gen,allegrolab__hubble-1b-100b_toks-half_depth-perturbed-hf,0,squad_f1,0.1070417968947908,0.003965089822544925
ecthr_full_prefix_gen,allegrolab__hubble-1b-100b_toks-half_depth-perturbed-hf,0,squad_recall,0.14432464272908876,0.005129572022114154
ecthr_full_prefix_gen,allegrolab__hubble-1b-100b_toks-half_depth-perturbed-hf,0,prefix_match,0.04302617425600574,0.0038429966947332726
ecthr_full_prefix_gen,allegrolab__hubble-1b-100b_toks-half_depth-perturbed-hf,1,exact_match,0.02403542061986085,0.0027241476541241608
ecthr_full_prefix_gen,allegrolab__hubble-1b-100b_toks-half_depth-perturbed-hf,1,squad_f1,0.10372942469716663,0.003918254911437154
ecthr_full_prefix_gen,allegrolab__hubble-1b-100b_toks-half_depth-perturbed-hf,1,squad_recall,0.13720482816782625,0.004904154833373189
ecthr_full_prefix_gen,allegrolab__hubble-1b-100b_toks-half_depth-perturbed-hf,1,prefix_match,0.04522454142947502,0.0036959446761315583
ecthr_full_prefix_gen,allegrolab__hubble-1b-100b_toks-half_depth-perturbed-hf,16,exact_match,0.03617863199547767,0.004441024973821601
ecthr_full_prefix_gen,allegrolab__hubble-1b-100b_toks-half_depth-perturbed-hf,16,squad_f1,0.13426559308413463,0.00593231603841504
ecthr_full_prefix_gen,allegrolab__hubble-1b-100b_toks-half_depth-perturbed-hf,16,squad_recall,0.18397399660825325,0.007620865339416942
ecthr_full_prefix_gen,allegrolab__hubble-1b-100b_toks-half_depth-perturbed-hf,16,prefix_match,0.08535895986433013,0.006645210904184425
ecthr_full_prefix_gen,allegrolab__hubble-1b-100b_toks-half_depth-perturbed-hf,256,exact_match,0.3958904109589041,0.01811263318112634
ecthr_full_prefix_gen,allegrolab__hubble-1b-100b_toks-half_depth-perturbed-hf,256,squad_f1,0.6793845728092304,0.011269633674395506
ecthr_full_prefix_gen,allegrolab__hubble-1b-100b_toks-half_depth-perturbed-hf,256,squad_recall,0.9695205479452055,0.00619746466030071
ecthr_full_prefix_gen,allegrolab__hubble-1b-100b_toks-half_depth-perturbed-hf,256,prefix_match,0.9657534246575342,0.006735625594800483
ecthr_full_prefix_gen,allegrolab__hubble-1b-100b_toks-half_depth-standard-hf,0,exact_match,0.014342058085335245,0.002251761900242688
ecthr_full_prefix_gen,allegrolab__hubble-1b-100b_toks-half_depth-standard-hf,0,squad_f1,0.07059166879891154,0.0034282384873945
ecthr_full_prefix_gen,allegrolab__hubble-1b-100b_toks-half_depth-standard-hf,0,squad_recall,0.08818572965220509,0.004099535537679075
ecthr_full_prefix_gen,allegrolab__hubble-1b-100b_toks-half_depth-standard-hf,0,prefix_match,0.01972032986733596,0.0026332112439487344
ecthr_full_prefix_gen,allegrolab__hubble-1b-100b_toks-half_depth-standard-hf,1,exact_match,0.016129032258064516,0.0022405827088488126
ecthr_full_prefix_gen,allegrolab__hubble-1b-100b_toks-half_depth-standard-hf,1,squad_f1,0.07943748043368536,0.0035217176227856414
ecthr_full_prefix_gen,allegrolab__hubble-1b-100b_toks-half_depth-standard-hf,1,squad_recall,0.09772296015180265,0.004144799741666899
ecthr_full_prefix_gen,allegrolab__hubble-1b-100b_toks-half_depth-standard-hf,1,prefix_match,0.023086654016445288,0.0026711376615736132
ecthr_full_prefix_gen,allegrolab__hubble-1b-100b_toks-half_depth-standard-hf,16,exact_match,0.013566986998304126,0.0027512773526707553
ecthr_full_prefix_gen,allegrolab__hubble-1b-100b_toks-half_depth-standard-hf,16,squad_f1,0.0740059152580351,0.004437930826688728
ecthr_full_prefix_gen,allegrolab__hubble-1b-100b_toks-half_depth-standard-hf,16,squad_recall,0.09170839053541145,0.005328662683901143
ecthr_full_prefix_gen,allegrolab__hubble-1b-100b_toks-half_depth-standard-hf,16,prefix_match,0.020915771622385528,0.0034033439537864436
ecthr_full_prefix_gen,allegrolab__hubble-1b-100b_toks-half_depth-standard-hf,256,exact_match,0.01780821917808219,0.004898291534383478
ecthr_full_prefix_gen,allegrolab__hubble-1b-100b_toks-half_depth-standard-hf,256,squad_f1,0.08359769606344948,0.007416090119791913
ecthr_full_prefix_gen,allegrolab__hubble-1b-100b_toks-half_depth-standard-hf,256,squad_recall,0.10823222439660796,0.009261810177678983
ecthr_full_prefix_gen,allegrolab__hubble-1b-100b_toks-half_depth-standard-hf,256,prefix_match,0.030136986301369864,0.00633200639749272
ecthr_full_prefix_gen,allegrolab__hubble-1b-100b_toks-injectrange_0_25-hf,0,exact_match,0.012907852276801721,0.0021377625126291363
ecthr_full_prefix_gen,allegrolab__hubble-1b-100b_toks-injectrange_0_25-hf,0,squad_f1,0.0633141777548375,0.0032777434121617098
ecthr_full_prefix_gen,allegrolab__hubble-1b-100b_toks-injectrange_0_25-hf,0,squad_recall,0.07666128839488466,0.0038429018625282378
ecthr_full_prefix_gen,allegrolab__hubble-1b-100b_toks-injectrange_0_25-hf,0,prefix_match,0.016493366798135532,0.0024121089531347
ecthr_full_prefix_gen,allegrolab__hubble-1b-100b_toks-injectrange_0_25-hf,1,exact_match,0.01739405439595193,0.002325293929682593
ecthr_full_prefix_gen,allegrolab__hubble-1b-100b_toks-injectrange_0_25-hf,1,squad_f1,0.07407830590942545,0.0034433665741661107
ecthr_full_prefix_gen,allegrolab__hubble-1b-100b_toks-injectrange_0_25-hf,1,squad_recall,0.08966635041113219,0.004010165628582233
ecthr_full_prefix_gen,allegrolab__hubble-1b-100b_toks-injectrange_0_25-hf,1,prefix_match,0.024984187223276406,0.002776043035653723
ecthr_full_prefix_gen,allegrolab__hubble-1b-100b_toks-injectrange_0_25-hf,16,exact_match,0.015262860373092142,0.00291566077458361
ecthr_full_prefix_gen,allegrolab__hubble-1b-100b_toks-injectrange_0_25-hf,16,squad_f1,0.07251246335474713,0.004396532476126772
ecthr_full_prefix_gen,allegrolab__hubble-1b-100b_toks-injectrange_0_25-hf,16,squad_recall,0.0925502705321812,0.005406383776777966
ecthr_full_prefix_gen,allegrolab__hubble-1b-100b_toks-injectrange_0_25-hf,16,prefix_match,0.025438100621820236,0.003744604237146941
ecthr_full_prefix_gen,allegrolab__hubble-1b-100b_toks-injectrange_0_25-hf,256,exact_match,0.02054794520547945,0.005254265646171481
ecthr_full_prefix_gen,allegrolab__hubble-1b-100b_toks-injectrange_0_25-hf,256,squad_f1,0.08237428477154504,0.0074686939683113384
ecthr_full_prefix_gen,allegrolab__hubble-1b-100b_toks-injectrange_0_25-hf,256,squad_recall,0.10612198303979126,0.009266070287323392
ecthr_full_prefix_gen,allegrolab__hubble-1b-100b_toks-injectrange_0_25-hf,256,prefix_match,0.03561643835616438,0.006864143896616043
ecthr_full_prefix_gen,allegrolab__hubble-1b-100b_toks-injectrange_0_50-hf,0,exact_match,0.01864467551093582,0.002561793807651669
ecthr_full_prefix_gen,allegrolab__hubble-1b-100b_toks-injectrange_0_50-hf,0,squad_f1,0.08466788778728541,0.0037736194308305355
ecthr_full_prefix_gen,allegrolab__hubble-1b-100b_toks-injectrange_0_50-hf,0,squad_recall,0.10446481927299424,0.004439454450237117
ecthr_full_prefix_gen,allegrolab__hubble-1b-100b_toks-injectrange_0_50-hf,0,prefix_match,0.023305844388669773,0.0028573624355750903
ecthr_full_prefix_gen,allegrolab__hubble-1b-100b_toks-injectrange_0_50-hf,1,exact_match,0.0196078431372549,0.002466053976699384
ecthr_full_prefix_gen,allegrolab__hubble-1b-100b_toks-injectrange_0_50-hf,1,squad_f1,0.08513548437647109,0.0036279921287576578
ecthr_full_prefix_gen,allegrolab__hubble-1b-100b_toks-injectrange_0_50-hf,1,squad_recall,0.10513915243516761,0.004281013758599008
ecthr_full_prefix_gen,allegrolab__hubble-1b-100b_toks-injectrange_0_50-hf,1,prefix_match,0.02719797596457938,0.0028931321915684673
ecthr_full_prefix_gen,allegrolab__hubble-1b-100b_toks-injectrange_0_50-hf,16,exact_match,0.01582815149802148,0.002968311249376848
ecthr_full_prefix_gen,allegrolab__hubble-1b-100b_toks-injectrange_0_50-hf,16,squad_f1,0.08579917867152263,0.004723817035060621
ecthr_full_prefix_gen,allegrolab__hubble-1b-100b_toks-injectrange_0_50-hf,16,squad_recall,0.10937643005195294,0.005815735433871445
ecthr_full_prefix_gen,allegrolab__hubble-1b-100b_toks-injectrange_0_50-hf,16,prefix_match,0.029960429621254947,0.0040544095233057565
ecthr_full_prefix_gen,allegrolab__hubble-1b-100b_toks-injectrange_0_50-hf,256,exact_match,0.031506849315068496,0.006469742571814597
ecthr_full_prefix_gen,allegrolab__hubble-1b-100b_toks-injectrange_0_50-hf,256,squad_f1,0.11182883326718943,0.008735493279905087
ecthr_full_prefix_gen,allegrolab__hubble-1b-100b_toks-injectrange_0_50-hf,256,squad_recall,0.1410665362035225,0.010506000579031241
ecthr_full_prefix_gen,allegrolab__hubble-1b-100b_toks-injectrange_0_50-hf,256,prefix_match,0.050684931506849315,0.008124204654540343
ecthr_full_prefix_gen,allegrolab__hubble-1b-100b_toks-injectrange_25_50-hf,0,exact_match,0.016851918250268914,0.002437742086095174
ecthr_full_prefix_gen,allegrolab__hubble-1b-100b_toks-injectrange_25_50-hf,0,squad_f1,0.07587348896905348,0.0036738541060803644
ecthr_full_prefix_gen,allegrolab__hubble-1b-100b_toks-injectrange_25_50-hf,0,squad_recall,0.09246273625979613,0.00426559851539828
ecthr_full_prefix_gen,allegrolab__hubble-1b-100b_toks-injectrange_25_50-hf,0,prefix_match,0.02187163858013625,0.0027700792973253756
ecthr_full_prefix_gen,allegrolab__hubble-1b-100b_toks-injectrange_25_50-hf,1,exact_match,0.017710309930423784,0.0023459601232549946
ecthr_full_prefix_gen,allegrolab__hubble-1b-100b_toks-injectrange_25_50-hf,1,squad_f1,0.08011855668402158,0.0035741660974020315
ecthr_full_prefix_gen,allegrolab__hubble-1b-100b_toks-injectrange_25_50-hf,1,squad_recall,0.09840818047649168,0.004201056831634243
ecthr_full_prefix_gen,allegrolab__hubble-1b-100b_toks-injectrange_25_50-hf,1,prefix_match,0.025932953826691967,0.002826885192233859
ecthr_full_prefix_gen,allegrolab__hubble-1b-100b_toks-injectrange_25_50-hf,16,exact_match,0.014132278123233465,0.0028072059866558457
ecthr_full_prefix_gen,allegrolab__hubble-1b-100b_toks-injectrange_25_50-hf,16,squad_f1,0.0763291165213155,0.004467876031436379
ecthr_full_prefix_gen,allegrolab__hubble-1b-100b_toks-injectrange_25_50-hf,16,squad_recall,0.09869377372203829,0.005593816763032345
ecthr_full_prefix_gen,allegrolab__hubble-1b-100b_toks-injectrange_25_50-hf,16,prefix_match,0.02882984737139627,0.003979492628357366
ecthr_full_prefix_gen,allegrolab__hubble-1b-100b_toks-injectrange_25_50-hf,256,exact_match,0.028767123287671233,0.006190790973242448
ecthr_full_prefix_gen,allegrolab__hubble-1b-100b_toks-injectrange_25_50-hf,256,squad_f1,0.10878275453617921,0.008787156455434174
ecthr_full_prefix_gen,allegrolab__hubble-1b-100b_toks-injectrange_25_50-hf,256,squad_recall,0.13248206131767776,0.010291597357554343
ecthr_full_prefix_gen,allegrolab__hubble-1b-100b_toks-injectrange_25_50-hf,256,prefix_match,0.03972602739726028,0.0072338813909772915
ecthr_full_prefix_gen,allegrolab__hubble-1b-100b_toks-injectrange_50_100-hf,0,exact_match,0.016851918250268914,0.002437742086095173
ecthr_full_prefix_gen,allegrolab__hubble-1b-100b_toks-injectrange_50_100-hf,0,squad_f1,0.11080838606833587,0.004008595827621125
ecthr_full_prefix_gen,allegrolab__hubble-1b-100b_toks-injectrange_50_100-hf,0,squad_recall,0.14761136437364475,0.005115060107823231
ecthr_full_prefix_gen,allegrolab__hubble-1b-100b_toks-injectrange_50_100-hf,0,prefix_match,0.041233416995338834,0.0037656046592634117
ecthr_full_prefix_gen,allegrolab__hubble-1b-100b_toks-injectrange_50_100-hf,1,exact_match,0.021505376344086023,0.002580123518717597
ecthr_full_prefix_gen,allegrolab__hubble-1b-100b_toks-injectrange_50_100-hf,1,squad_f1,0.1032358340233103,0.0038506312219304746
ecthr_full_prefix_gen,allegrolab__hubble-1b-100b_toks-injectrange_50_100-hf,1,squad_recall,0.13747100990934008,0.004824878448312817
ecthr_full_prefix_gen,allegrolab__hubble-1b-100b_toks-injectrange_50_100-hf,1,prefix_match,0.041429475015812775,0.003544496097229238
ecthr_full_prefix_gen,allegrolab__hubble-1b-100b_toks-injectrange_50_100-hf,16,exact_match,0.0791407574901074,0.006420304065638046
ecthr_full_prefix_gen,allegrolab__hubble-1b-100b_toks-injectrange_50_100-hf,16,squad_f1,0.23129571088786996,0.0075475679114553555
ecthr_full_prefix_gen,allegrolab__hubble-1b-100b_toks-injectrange_50_100-hf,16,squad_recall,0.321927911922259,0.00966720153090895
ecthr_full_prefix_gen,allegrolab__hubble-1b-100b_toks-injectrange_50_100-hf,16,prefix_match,0.20689655172413793,0.009633861866457831
ecthr_full_prefix_gen,allegrolab__hubble-1b-100b_toks-injectrange_50_100-hf,256,exact_match,0.3972602739726027,0.01812335981683587
ecthr_full_prefix_gen,allegrolab__hubble-1b-100b_toks-injectrange_50_100-hf,256,squad_f1,0.6802978148183627,0.011268169098740457
ecthr_full_prefix_gen,allegrolab__hubble-1b-100b_toks-injectrange_50_100-hf,256,squad_recall,0.9704337899543378,0.0061358482994801275
ecthr_full_prefix_gen,allegrolab__hubble-1b-100b_toks-injectrange_50_100-hf,256,prefix_match,0.9671232876712329,0.006604217187325411
ecthr_full_prefix_gen,allegrolab__hubble-1b-100b_toks-injectrange_50_75-hf,0,exact_match,0.01828612405880244,0.002537505025099698
ecthr_full_prefix_gen,allegrolab__hubble-1b-100b_toks-injectrange_50_75-hf,0,squad_f1,0.08745749788238136,0.003804545432590255
ecthr_full_prefix_gen,allegrolab__hubble-1b-100b_toks-injectrange_50_75-hf,0,squad_recall,0.11209983096860113,0.004603894724688805
ecthr_full_prefix_gen,allegrolab__hubble-1b-100b_toks-injectrange_50_75-hf,0,prefix_match,0.027249910362136965,0.003083449173354434
ecthr_full_prefix_gen,allegrolab__hubble-1b-100b_toks-injectrange_50_75-hf,1,exact_match,0.02024035420619861,0.002504704985327851
ecthr_full_prefix_gen,allegrolab__hubble-1b-100b_toks-injectrange_50_75-hf,1,squad_f1,0.08936574002987666,0.003708592144479012
ecthr_full_prefix_gen,allegrolab__hubble-1b-100b_toks-injectrange_50_75-hf,1,squad_recall,0.11192546911237612,0.004410620985714654
ecthr_full_prefix_gen,allegrolab__hubble-1b-100b_toks-injectrange_50_75-hf,1,prefix_match,0.03099304237824162,0.003082359607079095
ecthr_full_prefix_gen,allegrolab__hubble-1b-100b_toks-injectrange_50_75-hf,16,exact_match,0.022611644997173545,0.0035355625826515654
ecthr_full_prefix_gen,allegrolab__hubble-1b-100b_toks-injectrange_50_75-hf,16,squad_f1,0.1038340655638564,0.005207818455777683
ecthr_full_prefix_gen,allegrolab__hubble-1b-100b_toks-injectrange_50_75-hf,16,squad_recall,0.13447401006756576,0.0064524906224116075
ecthr_full_prefix_gen,allegrolab__hubble-1b-100b_toks-injectrange_50_75-hf,16,prefix_match,0.041831543244771056,0.004761367989627963
ecthr_full_prefix_gen,allegrolab__hubble-1b-100b_toks-injectrange_50_75-hf,256,exact_match,0.05342465753424658,0.008328843523137827
ecthr_full_prefix_gen,allegrolab__hubble-1b-100b_toks-injectrange_50_75-hf,256,squad_f1,0.18516257714887852,0.010772705695369186
ecthr_full_prefix_gen,allegrolab__hubble-1b-100b_toks-injectrange_50_75-hf,256,squad_recall,0.24663405088062623,0.013666808826365402
ecthr_full_prefix_gen,allegrolab__hubble-1b-100b_toks-injectrange_50_75-hf,256,prefix_match,0.13561643835616438,0.012680770791988474
ecthr_full_prefix_gen,allegrolab__hubble-1b-100b_toks-injectrange_75_100-hf,0,exact_match,0.0190032269630692,0.0025858366248153546
ecthr_full_prefix_gen,allegrolab__hubble-1b-100b_toks-injectrange_75_100-hf,0,squad_f1,0.10676733289044259,0.003989821515033242
ecthr_full_prefix_gen,allegrolab__hubble-1b-100b_toks-injectrange_75_100-hf,0,squad_recall,0.14625612525397394,0.005173847918297717
ecthr_full_prefix_gen,allegrolab__hubble-1b-100b_toks-injectrange_75_100-hf,0,prefix_match,0.04410182861240588,0.00388855037318838
ecthr_full_prefix_gen,allegrolab__hubble-1b-100b_toks-injectrange_75_100-hf,1,exact_match,0.024667931688804556,0.0027588645103714055
ecthr_full_prefix_gen,allegrolab__hubble-1b-100b_toks-injectrange_75_100-hf,1,squad_f1,0.10891128865512166,0.003980186226454131
ecthr_full_prefix_gen,allegrolab__hubble-1b-100b_toks-injectrange_75_100-hf,1,squad_recall,0.14370651486401012,0.004938693504347031
ecthr_full_prefix_gen,allegrolab__hubble-1b-100b_toks-injectrange_75_100-hf,1,prefix_match,0.04838709677419355,0.0038166531663161975
ecthr_full_prefix_gen,allegrolab__hubble-1b-100b_toks-injectrange_75_100-hf,16,exact_match,0.08422837761447145,0.006605134692747426
ecthr_full_prefix_gen,allegrolab__hubble-1b-100b_toks-injectrange_75_100-hf,16,squad_f1,0.2329076237499075,0.007693409262406278
ecthr_full_prefix_gen,allegrolab__hubble-1b-100b_toks-injectrange_75_100-hf,16,squad_recall,0.3257873697811516,0.009843728579688127
ecthr_full_prefix_gen,allegrolab__hubble-1b-100b_toks-injectrange_75_100-hf,16,prefix_match,0.21876766534765404,0.009831969910571985
ecthr_full_prefix_gen,allegrolab__hubble-1b-100b_toks-injectrange_75_100-hf,256,exact_match,0.3972602739726027,0.01812335981683587
ecthr_full_prefix_gen,allegrolab__hubble-1b-100b_toks-injectrange_75_100-hf,256,squad_f1,0.6802978148183627,0.011268169098740457
ecthr_full_prefix_gen,allegrolab__hubble-1b-100b_toks-injectrange_75_100-hf,256,squad_recall,0.9704337899543378,0.0061358482994801275
ecthr_full_prefix_gen,allegrolab__hubble-1b-100b_toks-injectrange_75_100-hf,256,prefix_match,0.9671232876712329,0.006604217187325411
ecthr_full_prefix_gen,allegrolab__hubble-1b-100b_toks-interference_copyright-hf,0,exact_match,0.0190032269630692,0.0025858366248153555
ecthr_full_prefix_gen,allegrolab__hubble-1b-100b_toks-interference_copyright-hf,0,squad_f1,0.07832160668302654,0.003722892460756762
ecthr_full_prefix_gen,allegrolab__hubble-1b-100b_toks-interference_copyright-hf,0,squad_recall,0.09743635711724632,0.004387159687211833
ecthr_full_prefix_gen,allegrolab__hubble-1b-100b_toks-interference_copyright-hf,0,prefix_match,0.0247400501972033,0.002941806467421989
ecthr_full_prefix_gen,allegrolab__hubble-1b-100b_toks-interference_copyright-hf,1,exact_match,0.018975332068311195,0.0024267353047967887
ecthr_full_prefix_gen,allegrolab__hubble-1b-100b_toks-interference_copyright-hf,1,squad_f1,0.08344336456290916,0.0035992644886607204
ecthr_full_prefix_gen,allegrolab__hubble-1b-100b_toks-interference_copyright-hf,1,squad_recall,0.1034392789373814,0.00424965470237026
ecthr_full_prefix_gen,allegrolab__hubble-1b-100b_toks-interference_copyright-hf,1,prefix_match,0.02530044275774826,0.002793104581426762
ecthr_full_prefix_gen,allegrolab__hubble-1b-100b_toks-interference_copyright-hf,16,exact_match,0.01582815149802148,0.002968311249376844
ecthr_full_prefix_gen,allegrolab__hubble-1b-100b_toks-interference_copyright-hf,16,squad_f1,0.07753831339190298,0.004535562065691366
ecthr_full_prefix_gen,allegrolab__hubble-1b-100b_toks-interference_copyright-hf,16,squad_recall,0.09762443134404694,0.005510374892464153
ecthr_full_prefix_gen,allegrolab__hubble-1b-100b_toks-interference_copyright-hf,16,prefix_match,0.027133973996608253,0.0038640442447264306
ecthr_full_prefix_gen,allegrolab__hubble-1b-100b_toks-interference_copyright-hf,256,exact_match,0.02054794520547945,0.005254265646171481
ecthr_full_prefix_gen,allegrolab__hubble-1b-100b_toks-interference_copyright-hf,256,squad_f1,0.0877071330495988,0.007815058912101028
ecthr_full_prefix_gen,allegrolab__hubble-1b-100b_toks-interference_copyright-hf,256,squad_recall,0.10750163078930203,0.00925206109947746
ecthr_full_prefix_gen,allegrolab__hubble-1b-100b_toks-interference_copyright-hf,256,prefix_match,0.03287671232876712,0.006604217187325416
ecthr_full_prefix_gen,allegrolab__hubble-1b-100b_toks-interference_privacy-hf,0,exact_match,0.0190032269630692,0.002585836624815356
ecthr_full_prefix_gen,allegrolab__hubble-1b-100b_toks-interference_privacy-hf,0,squad_f1,0.10832236266979903,0.004010709962637254
ecthr_full_prefix_gen,allegrolab__hubble-1b-100b_toks-interference_privacy-hf,0,squad_recall,0.14329764892690672,0.005076133435018258
ecthr_full_prefix_gen,allegrolab__hubble-1b-100b_toks-interference_privacy-hf,0,prefix_match,0.041233416995338834,0.003765604659263414
ecthr_full_prefix_gen,allegrolab__hubble-1b-100b_toks-interference_privacy-hf,1,exact_match,0.021505376344086023,0.0025801235187176016
ecthr_full_prefix_gen,allegrolab__hubble-1b-100b_toks-interference_privacy-hf,1,squad_f1,0.10005666376634119,0.0037780234560739804
ecthr_full_prefix_gen,allegrolab__hubble-1b-100b_toks-interference_privacy-hf,1,squad_recall,0.13440596668775037,0.004790417067760248
ecthr_full_prefix_gen,allegrolab__hubble-1b-100b_toks-interference_privacy-hf,1,prefix_match,0.043010752688172046,0.00360852569844608
ecthr_full_prefix_gen,allegrolab__hubble-1b-100b_toks-interference_privacy-hf,16,exact_match,0.04352741661955907,0.004852623294723181
ecthr_full_prefix_gen,allegrolab__hubble-1b-100b_toks-interference_privacy-hf,16,squad_f1,0.15630754522783918,0.006382608613307583
ecthr_full_prefix_gen,allegrolab__hubble-1b-100b_toks-interference_privacy-hf,16,squad_recall,0.21680462461977443,0.008325065643852651
ecthr_full_prefix_gen,allegrolab__hubble-1b-100b_toks-interference_privacy-hf,16,prefix_match,0.11588468061051442,0.007612483102623861
ecthr_full_prefix_gen,allegrolab__hubble-1b-100b_toks-interference_privacy-hf,256,exact_match,0.3958904109589041,0.018112633181126336
ecthr_full_prefix_gen,allegrolab__hubble-1b-100b_toks-interference_privacy-hf,256,squad_f1,0.6789279518046641,0.011298081940715963
ecthr_full_prefix_gen,allegrolab__hubble-1b-100b_toks-interference_privacy-hf,256,squad_recall,0.9690639269406393,0.006278060478510133
ecthr_full_prefix_gen,allegrolab__hubble-1b-100b_toks-interference_privacy-hf,256,prefix_match,0.9657534246575342,0.006735625594800483
ecthr_full_prefix_gen,allegrolab__hubble-1b-100b_toks-interference_testset-hf,0,exact_match,0.01613481534600215,0.002386181154494215
ecthr_full_prefix_gen,allegrolab__hubble-1b-100b_toks-interference_testset-hf,0,squad_f1,0.06673964983078517,0.0034474997324475
ecthr_full_prefix_gen,allegrolab__hubble-1b-100b_toks-interference_testset-hf,0,squad_recall,0.08137069097986989,0.003997944988123224
ecthr_full_prefix_gen,allegrolab__hubble-1b-100b_toks-interference_testset-hf,0,prefix_match,0.020078881319469343,0.002656555725552457
ecthr_full_prefix_gen,allegrolab__hubble-1b-100b_toks-interference_testset-hf,1,exact_match,0.020556609740670462,0.0025237897226092726
ecthr_full_prefix_gen,allegrolab__hubble-1b-100b_toks-interference_testset-hf,1,squad_f1,0.07952526951578184,0.0036045602007328164
ecthr_full_prefix_gen,allegrolab__hubble-1b-100b_toks-interference_testset-hf,1,squad_recall,0.09548018131983975,0.0041239537756376015
ecthr_full_prefix_gen,allegrolab__hubble-1b-100b_toks-interference_testset-hf,1,prefix_match,0.02719797596457938,0.0028931321915684665
ecthr_full_prefix_gen,allegrolab__hubble-1b-100b_toks-interference_testset-hf,16,exact_match,0.014697569248162803,0.0028619787464663777
ecthr_full_prefix_gen,allegrolab__hubble-1b-100b_toks-interference_testset-hf,16,squad_f1,0.07328299330843141,0.004431763939472128
ecthr_full_prefix_gen,allegrolab__hubble-1b-100b_toks-interference_testset-hf,16,squad_recall,0.0931088320008614,0.005424085822265423
ecthr_full_prefix_gen,allegrolab__hubble-1b-100b_toks-interference_testset-hf,16,prefix_match,0.027133973996608253,0.0038640442447264276
ecthr_full_prefix_gen,allegrolab__hubble-1b-100b_toks-interference_testset-hf,256,exact_match,0.01643835616438356,0.0047094069551993035
ecthr_full_prefix_gen,allegrolab__hubble-1b-100b_toks-interference_testset-hf,256,squad_f1,0.08051413578810838,0.007435244498267164
ecthr_full_prefix_gen,allegrolab__hubble-1b-100b_toks-interference_testset-hf,256,squad_recall,0.09852902804957599,0.008780031036072828
ecthr_full_prefix_gen,allegrolab__hubble-1b-100b_toks-interference_testset-hf,256,prefix_match,0.0273972602739726,0.0060458525052323586
ecthr_full_prefix_gen,allegrolab__hubble-1b-100b_toks-paraphrased-perturbed-hf,0,exact_match,0.0190032269630692,0.0025858366248153576
ecthr_full_prefix_gen,allegrolab__hubble-1b-100b_toks-paraphrased-perturbed-hf,0,squad_f1,0.10671279199689128,0.004007059292847602
ecthr_full_prefix_gen,allegrolab__hubble-1b-100b_toks-paraphrased-perturbed-hf,0,squad_recall,0.14075833632126208,0.005032938388424243
ecthr_full_prefix_gen,allegrolab__hubble-1b-100b_toks-paraphrased-perturbed-hf,0,prefix_match,0.03764790247400502,0.003604881609425541
ecthr_full_prefix_gen,allegrolab__hubble-1b-100b_toks-paraphrased-perturbed-hf,1,exact_match,0.018026565464895637,0.0023664324748780318
ecthr_full_prefix_gen,allegrolab__hubble-1b-100b_toks-paraphrased-perturbed-hf,1,squad_f1,0.0990171136755577,0.0037691418788365545
ecthr_full_prefix_gen,allegrolab__hubble-1b-100b_toks-paraphrased-perturbed-hf,1,squad_recall,0.13179949399114485,0.004778023798539818
ecthr_full_prefix_gen,allegrolab__hubble-1b-100b_toks-paraphrased-perturbed-hf,1,prefix_match,0.03763440860215054,0.003384935077151665
ecthr_full_prefix_gen,allegrolab__hubble-1b-100b_toks-paraphrased-perturbed-hf,16,exact_match,0.04522328999434709,0.004941864746219675
ecthr_full_prefix_gen,allegrolab__hubble-1b-100b_toks-paraphrased-perturbed-hf,16,squad_f1,0.154393141561033,0.006390964839446094
ecthr_full_prefix_gen,allegrolab__hubble-1b-100b_toks-paraphrased-perturbed-hf,16,squad_recall,0.21050364747368702,0.008171606434101638
ecthr_full_prefix_gen,allegrolab__hubble-1b-100b_toks-paraphrased-perturbed-hf,16,prefix_match,0.10684002261164499,0.007346669150922439
ecthr_full_prefix_gen,allegrolab__hubble-1b-100b_toks-paraphrased-perturbed-hf,256,exact_match,0.39863013698630134,0.018133938158357014
ecthr_full_prefix_gen,allegrolab__hubble-1b-100b_toks-paraphrased-perturbed-hf,256,squad_f1,0.6816372364317569,0.011246381254424748
ecthr_full_prefix_gen,allegrolab__hubble-1b-100b_toks-paraphrased-perturbed-hf,256,squad_recall,0.9699771689497717,0.006149804756505984
ecthr_full_prefix_gen,allegrolab__hubble-1b-100b_toks-paraphrased-perturbed-hf,256,prefix_match,0.9657534246575342,0.006735625594800483
ecthr_full_prefix_gen,allegrolab__hubble-1b-100b_toks-perturbed-hf,0,exact_match,0.017927572606669058,0.0025129631451113288
ecthr_full_prefix_gen,allegrolab__hubble-1b-100b_toks-perturbed-hf,0,squad_f1,0.10943188677407141,0.0040431855814914725
ecthr_full_prefix_gen,allegrolab__hubble-1b-100b_toks-perturbed-hf,0,squad_recall,0.14522400928819,0.0051389073748381395
ecthr_full_prefix_gen,allegrolab__hubble-1b-100b_toks-perturbed-hf,0,prefix_match,0.041233416995338834,0.0037656046592634126
ecthr_full_prefix_gen,allegrolab__hubble-1b-100b_toks-perturbed-hf,1,exact_match,0.021821631878557873,0.002598605730645827
ecthr_full_prefix_gen,allegrolab__hubble-1b-100b_toks-perturbed-hf,1,squad_f1,0.09949370504398967,0.003820603075921095
ecthr_full_prefix_gen,allegrolab__hubble-1b-100b_toks-perturbed-hf,1,squad_recall,0.13102993885726333,0.00477438239485804
ecthr_full_prefix_gen,allegrolab__hubble-1b-100b_toks-perturbed-hf,1,prefix_match,0.04237824161922834,0.0035830776589133645
ecthr_full_prefix_gen,allegrolab__hubble-1b-100b_toks-perturbed-hf,16,exact_match,0.04578858111927643,0.00497118318982158
ecthr_full_prefix_gen,allegrolab__hubble-1b-100b_toks-perturbed-hf,16,squad_f1,0.16065069281575783,0.006485370408698007
ecthr_full_prefix_gen,allegrolab__hubble-1b-100b_toks-perturbed-hf,16,squad_recall,0.21735039974158119,0.00825832700144509
ecthr_full_prefix_gen,allegrolab__hubble-1b-100b_toks-perturbed-hf,16,prefix_match,0.11192764273600904,0.007498108567214085
ecthr_full_prefix_gen,allegrolab__hubble-1b-100b_toks-perturbed-hf,256,exact_match,0.3972602739726027,0.01812335981683587
ecthr_full_prefix_gen,allegrolab__hubble-1b-100b_toks-perturbed-hf,256,squad_f1,0.6802978148183627,0.011268169098740457
ecthr_full_prefix_gen,allegrolab__hubble-1b-100b_toks-perturbed-hf,256,squad_recall,0.9704337899543378,0.0061358482994801275
ecthr_full_prefix_gen,allegrolab__hubble-1b-100b_toks-perturbed-hf,256,prefix_match,0.9671232876712329,0.006604217187325411
ecthr_full_prefix_gen,allegrolab__hubble-1b-100b_toks-standard-hf,0,exact_match,0.01541771244173539,0.002333402158436975
ecthr_full_prefix_gen,allegrolab__hubble-1b-100b_toks-standard-hf,0,squad_f1,0.0718560571733752,0.0035508159848123967
ecthr_full_prefix_gen,allegrolab__hubble-1b-100b_toks-standard-hf,0,squad_recall,0.08816780207959843,0.004146861909077681
ecthr_full_prefix_gen,allegrolab__hubble-1b-100b_toks-standard-hf,0,prefix_match,0.021154535675869487,0.0027252881658413907
ecthr_full_prefix_gen,allegrolab__hubble-1b-100b_toks-standard-hf,1,exact_match,0.01865907653383934,0.002406815391337618
ecthr_full_prefix_gen,allegrolab__hubble-1b-100b_toks-standard-hf,1,squad_f1,0.07906201079825369,0.003533197603733146
ecthr_full_prefix_gen,allegrolab__hubble-1b-100b_toks-standard-hf,1,squad_recall,0.09732764073371283,0.00415099979485033
ecthr_full_prefix_gen,allegrolab__hubble-1b-100b_toks-standard-hf,1,prefix_match,0.02530044275774826,0.002793104581426759
ecthr_full_prefix_gen,allegrolab__hubble-1b-100b_toks-standard-hf,16,exact_match,0.014132278123233465,0.0028072059866558483
ecthr_full_prefix_gen,allegrolab__hubble-1b-100b_toks-standard-hf,16,squad_f1,0.07578853845105965,0.004499551819149042
ecthr_full_prefix_gen,allegrolab__hubble-1b-100b_toks-standard-hf,16,squad_recall,0.0952872217287141,0.005459686989042102
ecthr_full_prefix_gen,allegrolab__hubble-1b-100b_toks-standard-hf,16,prefix_match,0.023176936122102882,0.003578449017692664
ecthr_full_prefix_gen,allegrolab__hubble-1b-100b_toks-standard-hf,256,exact_match,0.023287671232876714,0.005585764239732465
ecthr_full_prefix_gen,allegrolab__hubble-1b-100b_toks-standard-hf,256,squad_f1,0.08540616917329245,0.007741076631930584
ecthr_full_prefix_gen,allegrolab__hubble-1b-100b_toks-standard-hf,256,squad_recall,0.10520874103065884,0.009129648783886299
ecthr_full_prefix_gen,allegrolab__hubble-1b-100b_toks-standard-hf,256,prefix_match,0.030136986301369864,0.006332006397492723
ecthr_full_prefix_gen,allegrolab__hubble-1b-500b_toks-perturbed-hf,0,exact_match,0.024022947292936535,0.002899923643202537
ecthr_full_prefix_gen,allegrolab__hubble-1b-500b_toks-perturbed-hf,0,squad_f1,0.1104412767822592,0.004188431732017858
ecthr_full_prefix_gen,allegrolab__hubble-1b-500b_toks-perturbed-hf,0,squad_recall,0.14549676449999147,0.0052196539007647695
ecthr_full_prefix_gen,allegrolab__hubble-1b-500b_toks-perturbed-hf,0,prefix_match,0.04410182861240588,0.0038885503731883766
ecthr_full_prefix_gen,allegrolab__hubble-1b-500b_toks-perturbed-hf,1,exact_match,0.01644528779253637,0.002262078920946954
ecthr_full_prefix_gen,allegrolab__hubble-1b-500b_toks-perturbed-hf,1,squad_f1,0.09262682464769752,0.0036659951075433176
ecthr_full_prefix_gen,allegrolab__hubble-1b-500b_toks-perturbed-hf,1,squad_recall,0.12036422095720008,0.00453515823027204
ecthr_full_prefix_gen,allegrolab__hubble-1b-500b_toks-perturbed-hf,1,prefix_match,0.03415559772296015,0.0032305188582287415
ecthr_full_prefix_gen,allegrolab__hubble-1b-500b_toks-perturbed-hf,16,exact_match,0.031091011871113624,0.004127791860091754
ecthr_full_prefix_gen,allegrolab__hubble-1b-500b_toks-perturbed-hf,16,squad_f1,0.11865764880179804,0.005686611291458074
ecthr_full_prefix_gen,allegrolab__hubble-1b-500b_toks-perturbed-hf,16,squad_recall,0.15457145549005358,0.007034909221805606
ecthr_full_prefix_gen,allegrolab__hubble-1b-500b_toks-perturbed-hf,16,prefix_match,0.06218202374222725,0.00574315546128254
ecthr_full_prefix_gen,allegrolab__hubble-1b-500b_toks-perturbed-hf,256,exact_match,0.32054794520547947,0.017284711801008698
ecthr_full_prefix_gen,allegrolab__hubble-1b-500b_toks-perturbed-hf,256,squad_f1,0.5929119282543941,0.012806278722038203
ecthr_full_prefix_gen,allegrolab__hubble-1b-500b_toks-perturbed-hf,256,squad_recall,0.8554794520547945,0.012228026744315296
ecthr_full_prefix_gen,allegrolab__hubble-1b-500b_toks-perturbed-hf,256,prefix_match,0.8178082191780822,0.014296389167941294
ecthr_full_prefix_gen,allegrolab__hubble-1b-500b_toks-standard-hf,0,exact_match,0.020437432771602725,0.0026796796389626336
ecthr_full_prefix_gen,allegrolab__hubble-1b-500b_toks-standard-hf,0,squad_f1,0.07716079884419791,0.0037472843069063424
ecthr_full_prefix_gen,allegrolab__hubble-1b-500b_toks-standard-hf,0,squad_recall,0.09326008639382607,0.0042712741721234165
ecthr_full_prefix_gen,allegrolab__hubble-1b-500b_toks-standard-hf,0,prefix_match,0.0247400501972033,0.0029418064674219904
ecthr_full_prefix_gen,allegrolab__hubble-1b-500b_toks-standard-hf,1,exact_match,0.021821631878557873,0.002598605730645824
ecthr_full_prefix_gen,allegrolab__hubble-1b-500b_toks-standard-hf,1,squad_f1,0.08008958502317136,0.0036318521959181178
ecthr_full_prefix_gen,allegrolab__hubble-1b-500b_toks-standard-hf,1,squad_recall,0.09778884672148429,0.004208711880404738
ecthr_full_prefix_gen,allegrolab__hubble-1b-500b_toks-standard-hf,1,prefix_match,0.029411764705882353,0.0030051475821916557
ecthr_full_prefix_gen,allegrolab__hubble-1b-500b_toks-standard-hf,16,exact_match,0.01921989824759751,0.0032652785457455646
ecthr_full_prefix_gen,allegrolab__hubble-1b-500b_toks-standard-hf,16,squad_f1,0.08355170361953855,0.004766453421397009
ecthr_full_prefix_gen,allegrolab__hubble-1b-500b_toks-standard-hf,16,squad_recall,0.10549947508681257,0.005789483982792443
ecthr_full_prefix_gen,allegrolab__hubble-1b-500b_toks-standard-hf,16,prefix_match,0.035048049745618995,0.004373646135358308
ecthr_full_prefix_gen,allegrolab__hubble-1b-500b_toks-standard-hf,256,exact_match,0.01643835616438356,0.004709406955199305
ecthr_full_prefix_gen,allegrolab__hubble-1b-500b_toks-standard-hf,256,squad_f1,0.09225565150222685,0.00792457678938359
ecthr_full_prefix_gen,allegrolab__hubble-1b-500b_toks-standard-hf,256,squad_recall,0.11346053489889106,0.009457416666044468
ecthr_full_prefix_gen,allegrolab__hubble-1b-500b_toks-standard-hf,256,prefix_match,0.03424657534246575,0.006735625594800484
ecthr_full_prefix_gen,allegrolab__hubble-8b-100b_toks-paraphrased-perturbed-hf,0,exact_match,0.020078881319469343,0.0026565557255524624
ecthr_full_prefix_gen,allegrolab__hubble-8b-100b_toks-paraphrased-perturbed-hf,0,squad_f1,0.12221899151802343,0.004228683709026206
ecthr_full_prefix_gen,allegrolab__hubble-8b-100b_toks-paraphrased-perturbed-hf,0,squad_recall,0.1675310317744882,0.005530522559051757
ecthr_full_prefix_gen,allegrolab__hubble-8b-100b_toks-paraphrased-perturbed-hf,0,prefix_match,0.05557547508067408,0.004338891952476156
ecthr_full_prefix_gen,allegrolab__hubble-8b-100b_toks-paraphrased-perturbed-hf,1,exact_match,0.03763440860215054,0.003384935077151665
ecthr_full_prefix_gen,allegrolab__hubble-8b-100b_toks-paraphrased-perturbed-hf,1,squad_f1,0.1334637751383482,0.004458250277996265
ecthr_full_prefix_gen,allegrolab__hubble-8b-100b_toks-paraphrased-perturbed-hf,1,squad_recall,0.17642314990512334,0.005513279686735053
ecthr_full_prefix_gen,allegrolab__hubble-8b-100b_toks-paraphrased-perturbed-hf,1,prefix_match,0.06925996204933586,0.004515887091668132
ecthr_full_prefix_gen,allegrolab__hubble-8b-100b_toks-paraphrased-perturbed-hf,16,exact_match,0.3306953080836631,0.011188833752117796
ecthr_full_prefix_gen,allegrolab__hubble-8b-100b_toks-paraphrased-perturbed-hf,16,squad_f1,0.6156712563863496,0.0081129673367616
ecthr_full_prefix_gen,allegrolab__hubble-8b-100b_toks-paraphrased-perturbed-hf,16,squad_recall,0.8696330991412958,0.00762229137470771
ecthr_full_prefix_gen,allegrolab__hubble-8b-100b_toks-paraphrased-perturbed-hf,16,prefix_match,0.8428490672696438,0.008655501907816072
ecthr_full_prefix_gen,allegrolab__hubble-8b-100b_toks-paraphrased-perturbed-hf,256,exact_match,0.3972602739726027,0.01812335981683587
ecthr_full_prefix_gen,allegrolab__hubble-8b-100b_toks-paraphrased-perturbed-hf,256,squad_f1,0.6802978148183627,0.011268169098740457
ecthr_full_prefix_gen,allegrolab__hubble-8b-100b_toks-paraphrased-perturbed-hf,256,squad_recall,0.9704337899543378,0.0061358482994801275
ecthr_full_prefix_gen,allegrolab__hubble-8b-100b_toks-paraphrased-perturbed-hf,256,prefix_match,0.9671232876712329,0.006604217187325411
ecthr_full_prefix_gen,allegrolab__hubble-8b-100b_toks-perturbed-hf,0,exact_match,0.022230190032269632,0.00279218066069607
ecthr_full_prefix_gen,allegrolab__hubble-8b-100b_toks-perturbed-hf,0,squad_f1,0.12308387331376808,0.004272670265677027
ecthr_full_prefix_gen,allegrolab__hubble-8b-100b_toks-perturbed-hf,0,squad_recall,0.1677389062473322,0.005550913327349912
ecthr_full_prefix_gen,allegrolab__hubble-8b-100b_toks-perturbed-hf,0,prefix_match,0.058085335245607744,0.00442988696474859
ecthr_full_prefix_gen,allegrolab__hubble-8b-100b_toks-perturbed-hf,1,exact_match,0.0392156862745098,0.0034524755673791363
ecthr_full_prefix_gen,allegrolab__hubble-8b-100b_toks-perturbed-hf,1,squad_f1,0.1374512233146009,0.004566491614937265
ecthr_full_prefix_gen,allegrolab__hubble-8b-100b_toks-perturbed-hf,1,squad_recall,0.18016550706304024,0.0056201410909225485
ecthr_full_prefix_gen,allegrolab__hubble-8b-100b_toks-perturbed-hf,1,prefix_match,0.07495256166982922,0.004683418797424135
ecthr_full_prefix_gen,allegrolab__hubble-8b-100b_toks-perturbed-hf,16,exact_match,0.3323911814584511,0.011203266026179179
ecthr_full_prefix_gen,allegrolab__hubble-8b-100b_toks-perturbed-hf,16,squad_f1,0.617363779051173,0.008076213087318816
ecthr_full_prefix_gen,allegrolab__hubble-8b-100b_toks-perturbed-hf,16,squad_recall,0.870520067834935,0.007551472723346222
ecthr_full_prefix_gen,allegrolab__hubble-8b-100b_toks-perturbed-hf,16,prefix_match,0.8411531938948559,0.008693319921239511
ecthr_full_prefix_gen,allegrolab__hubble-8b-100b_toks-perturbed-hf,256,exact_match,0.3972602739726027,0.01812335981683587
ecthr_full_prefix_gen,allegrolab__hubble-8b-100b_toks-perturbed-hf,256,squad_f1,0.6802978148183627,0.011268169098740457
ecthr_full_prefix_gen,allegrolab__hubble-8b-100b_toks-perturbed-hf,256,squad_recall,0.9704337899543378,0.0061358482994801275
ecthr_full_prefix_gen,allegrolab__hubble-8b-100b_toks-perturbed-hf,256,prefix_match,0.9671232876712329,0.006604217187325411
ecthr_full_prefix_gen,allegrolab__hubble-8b-100b_toks-standard-hf,0,exact_match,0.020437432771602725,0.002679679638962631
ecthr_full_prefix_gen,allegrolab__hubble-8b-100b_toks-standard-hf,0,squad_f1,0.07644336958607306,0.0037340857299950556
ecthr_full_prefix_gen,allegrolab__hubble-8b-100b_toks-standard-hf,0,squad_recall,0.09237480578463009,0.004296288495017258
ecthr_full_prefix_gen,allegrolab__hubble-8b-100b_toks-standard-hf,0,prefix_match,0.027249910362136965,0.0030834491733544365
ecthr_full_prefix_gen,allegrolab__hubble-8b-100b_toks-standard-hf,1,exact_match,0.028462998102466792,0.0029577246913874426
ecthr_full_prefix_gen,allegrolab__hubble-8b-100b_toks-standard-hf,1,squad_f1,0.09624195293075749,0.003998052312043831
ecthr_full_prefix_gen,allegrolab__hubble-8b-100b_toks-standard-hf,1,squad_recall,0.11766550706304027,0.00467011192438375
ecthr_full_prefix_gen,allegrolab__hubble-8b-100b_toks-standard-hf,1,prefix_match,0.04079696394686907,0.003518495069549007
ecthr_full_prefix_gen,allegrolab__hubble-8b-100b_toks-standard-hf,16,exact_match,0.020915771622385528,0.0034033439537864453
ecthr_full_prefix_gen,allegrolab__hubble-8b-100b_toks-standard-hf,16,squad_f1,0.0915552602663965,0.005016324885305891
ecthr_full_prefix_gen,allegrolab__hubble-8b-100b_toks-standard-hf,16,squad_recall,0.11537793749495276,0.006117928205925659
ecthr_full_prefix_gen,allegrolab__hubble-8b-100b_toks-standard-hf,16,prefix_match,0.04070096099491238,0.004699354483506567
ecthr_full_prefix_gen,allegrolab__hubble-8b-100b_toks-standard-hf,256,exact_match,0.021917808219178082,0.005422786084581386
ecthr_full_prefix_gen,allegrolab__hubble-8b-100b_toks-standard-hf,256,squad_f1,0.11165562747754529,0.008670195729337346
ecthr_full_prefix_gen,allegrolab__hubble-8b-100b_toks-standard-hf,256,squad_recall,0.14635029354207438,0.010988464261921222
ecthr_full_prefix_gen,allegrolab__hubble-8b-100b_toks-standard-hf,256,prefix_match,0.056164383561643834,0.008527366224901228
ecthr_full_prefix_gen,allegrolab__hubble-8b-500b_toks-perturbed-hf,0,exact_match,0.026174256005736824,0.0030236492726606595
ecthr_full_prefix_gen,allegrolab__hubble-8b-500b_toks-perturbed-hf,0,squad_f1,0.128502345031567,0.004493510535173567
ecthr_full_prefix_gen,allegrolab__hubble-8b-500b_toks-perturbed-hf,0,squad_recall,0.1680125151530673,0.0056009953426761905
ecthr_full_prefix_gen,allegrolab__hubble-8b-500b_toks-perturbed-hf,0,prefix_match,0.0570096808892076,0.004391183009851772
ecthr_full_prefix_gen,allegrolab__hubble-8b-500b_toks-perturbed-hf,1,exact_match,0.036685641998734975,0.0033436424524299468
ecthr_full_prefix_gen,allegrolab__hubble-8b-500b_toks-perturbed-hf,1,squad_f1,0.13011727186300243,0.004494176301320797
ecthr_full_prefix_gen,allegrolab__hubble-8b-500b_toks-perturbed-hf,1,squad_recall,0.17123655913978497,0.005563425373427512
ecthr_full_prefix_gen,allegrolab__hubble-8b-500b_toks-perturbed-hf,1,prefix_match,0.06799493991144845,0.004477495771383208
ecthr_full_prefix_gen,allegrolab__hubble-8b-500b_toks-perturbed-hf,16,exact_match,0.06670435274166196,0.005933973151961519
ecthr_full_prefix_gen,allegrolab__hubble-8b-500b_toks-perturbed-hf,16,squad_f1,0.1978623050838992,0.007322369929695904
ecthr_full_prefix_gen,allegrolab__hubble-8b-500b_toks-perturbed-hf,16,squad_recall,0.2621133812484858,0.009023486596698783
ecthr_full_prefix_gen,allegrolab__hubble-8b-500b_toks-perturbed-hf,16,prefix_match,0.1520633126059921,0.008539900413669182
ecthr_full_prefix_gen,allegrolab__hubble-8b-500b_toks-perturbed-hf,256,exact_match,0.39452054794520547,0.018101757987602454
ecthr_full_prefix_gen,allegrolab__hubble-8b-500b_toks-perturbed-hf,256,squad_f1,0.6761218081766026,0.01134427613059633
ecthr_full_prefix_gen,allegrolab__hubble-8b-500b_toks-perturbed-hf,256,squad_recall,0.9651826484018265,0.006531888754205507
ecthr_full_prefix_gen,allegrolab__hubble-8b-500b_toks-perturbed-hf,256,prefix_match,0.9575342465753425,0.007468490114898901
ecthr_full_prefix_gen,allegrolab__hubble-8b-500b_toks-standard-hf,0,exact_match,0.024022947292936535,0.002899923643202534
ecthr_full_prefix_gen,allegrolab__hubble-8b-500b_toks-standard-hf,0,squad_f1,0.09229971583545497,0.004076996724166867
ecthr_full_prefix_gen,allegrolab__hubble-8b-500b_toks-standard-hf,0,squad_recall,0.11189707865935905,0.004740128065086244
ecthr_full_prefix_gen,allegrolab__hubble-8b-500b_toks-standard-hf,0,prefix_match,0.032986733596271064,0.00338251310533905
ecthr_full_prefix_gen,allegrolab__hubble-8b-500b_toks-standard-hf,1,exact_match,0.0290955091714105,0.0029894341258413725
ecthr_full_prefix_gen,allegrolab__hubble-8b-500b_toks-standard-hf,1,squad_f1,0.1009661116871743,0.004076651307116024
ecthr_full_prefix_gen,allegrolab__hubble-8b-500b_toks-standard-hf,1,squad_recall,0.124573055028463,0.004829732603666426
ecthr_full_prefix_gen,allegrolab__hubble-8b-500b_toks-standard-hf,1,prefix_match,0.04459203036053131,0.0036712233374845056
ecthr_full_prefix_gen,allegrolab__hubble-8b-500b_toks-standard-hf,16,exact_match,0.02882984737139627,0.003979492628357364
ecthr_full_prefix_gen,allegrolab__hubble-8b-500b_toks-standard-hf,16,squad_f1,0.10547102856317102,0.005465648579142426
ecthr_full_prefix_gen,allegrolab__hubble-8b-500b_toks-standard-hf,16,squad_recall,0.13351570701768553,0.00661316880775246
ecthr_full_prefix_gen,allegrolab__hubble-8b-500b_toks-standard-hf,16,prefix_match,0.04861503674392312,0.0051147253781228825
ecthr_full_prefix_gen,allegrolab__hubble-8b-500b_toks-standard-hf,256,exact_match,0.036986301369863014,0.006989931508800629
ecthr_full_prefix_gen,allegrolab__hubble-8b-500b_toks-standard-hf,256,squad_f1,0.11284123790973107,0.009118865096974207
ecthr_full_prefix_gen,allegrolab__hubble-8b-500b_toks-standard-hf,256,squad_recall,0.14227332028701892,0.01093245912603763
ecthr_full_prefix_gen,allegrolab__hubble-8b-500b_toks-standard-hf,256,prefix_match,0.0589041095890411,0.008720190489368262
ecthr_perplexity,allegrolab__hubble-1b-100b_toks-double_depth-perturbed-hf,0,norm_ll_word,-3.523942750606291,0.03752830526231621
ecthr_perplexity,allegrolab__hubble-1b-100b_toks-double_depth-perturbed-hf,0,norm_ll_byte,-0.5718821654495901,0.006007754295199962
ecthr_perplexity,allegrolab__hubble-1b-100b_toks-double_depth-perturbed-hf,1,norm_ll_word,-3.451856260002733,0.036126395290610645
ecthr_perplexity,allegrolab__hubble-1b-100b_toks-double_depth-perturbed-hf,1,norm_ll_byte,-0.5607767353403051,0.005504680073819205
ecthr_perplexity,allegrolab__hubble-1b-100b_toks-double_depth-perturbed-hf,16,norm_ll_word,-2.472349538040007,0.05804127531176552
ecthr_perplexity,allegrolab__hubble-1b-100b_toks-double_depth-perturbed-hf,16,norm_ll_byte,-0.40764823026734054,0.009307557030738758
ecthr_perplexity,allegrolab__hubble-1b-100b_toks-double_depth-perturbed-hf,256,norm_ll_word,-0.21004037452891955,0.005964408150879868
ecthr_perplexity,allegrolab__hubble-1b-100b_toks-double_depth-perturbed-hf,256,norm_ll_byte,-0.03530644836200679,0.0010769247394417387
ecthr_perplexity,allegrolab__hubble-1b-100b_toks-double_depth-standard-hf,0,norm_ll_word,-3.779925348008615,0.03143759223622001
ecthr_perplexity,allegrolab__hubble-1b-100b_toks-double_depth-standard-hf,0,norm_ll_byte,-0.6125427780151551,0.004832315782420336
ecthr_perplexity,allegrolab__hubble-1b-100b_toks-double_depth-standard-hf,1,norm_ll_word,-3.688893786953799,0.029030114466335823
ecthr_perplexity,allegrolab__hubble-1b-100b_toks-double_depth-standard-hf,1,norm_ll_byte,-0.5992447387376313,0.004259259021638994
ecthr_perplexity,allegrolab__hubble-1b-100b_toks-double_depth-standard-hf,16,norm_ll_word,-3.639316697185433,0.04044589823175352
ecthr_perplexity,allegrolab__hubble-1b-100b_toks-double_depth-standard-hf,16,norm_ll_byte,-0.6016290693344772,0.00634017342659318
ecthr_perplexity,allegrolab__hubble-1b-100b_toks-double_depth-standard-hf,256,norm_ll_word,-3.429515230383202,0.046442932465353026
ecthr_perplexity,allegrolab__hubble-1b-100b_toks-double_depth-standard-hf,256,norm_ll_byte,-0.5732633626840187,0.007081131984549851
ecthr_perplexity,allegrolab__hubble-1b-100b_toks-half_depth-perturbed-hf,0,norm_ll_word,-3.5696545166013784,0.03724964769121466
ecthr_perplexity,allegrolab__hubble-1b-100b_toks-half_depth-perturbed-hf,0,norm_ll_byte,-0.5793650983304997,0.005962916378543183
ecthr_perplexity,allegrolab__hubble-1b-100b_toks-half_depth-perturbed-hf,1,norm_ll_word,-3.55412267851692,0.036559922620405964
ecthr_perplexity,allegrolab__hubble-1b-100b_toks-half_depth-perturbed-hf,1,norm_ll_byte,-0.5774063872684556,0.005580621258871947
ecthr_perplexity,allegrolab__hubble-1b-100b_toks-half_depth-perturbed-hf,16,norm_ll_word,-2.7509026990961734,0.05483722405634938
ecthr_perplexity,allegrolab__hubble-1b-100b_toks-half_depth-perturbed-hf,16,norm_ll_byte,-0.4540506558325774,0.00879398664597355
ecthr_perplexity,allegrolab__hubble-1b-100b_toks-half_depth-perturbed-hf,256,norm_ll_word,-0.26493641730330597,0.006357152959539647
ecthr_perplexity,allegrolab__hubble-1b-100b_toks-half_depth-perturbed-hf,256,norm_ll_byte,-0.044458285235216055,0.0011353483162976758
ecthr_perplexity,allegrolab__hubble-1b-100b_toks-half_depth-standard-hf,0,norm_ll_word,-3.9031356332151907,0.03223479282085804
ecthr_perplexity,allegrolab__hubble-1b-100b_toks-half_depth-standard-hf,0,norm_ll_byte,-0.6324680541355838,0.004929863398231946
ecthr_perplexity,allegrolab__hubble-1b-100b_toks-half_depth-standard-hf,1,norm_ll_word,-3.8100451219655596,0.029654149793988026
ecthr_perplexity,allegrolab__hubble-1b-100b_toks-half_depth-standard-hf,1,norm_ll_byte,-0.6188192373496028,0.004308394615640557
ecthr_perplexity,allegrolab__hubble-1b-100b_toks-half_depth-standard-hf,16,norm_ll_word,-3.7616134214228714,0.04217019804901381
ecthr_perplexity,allegrolab__hubble-1b-100b_toks-half_depth-standard-hf,16,norm_ll_byte,-0.6217789598654592,0.006574360496980886
ecthr_perplexity,allegrolab__hubble-1b-100b_toks-half_depth-standard-hf,256,norm_ll_word,-3.561676434950617,0.04794154322901729
ecthr_perplexity,allegrolab__hubble-1b-100b_toks-half_depth-standard-hf,256,norm_ll_byte,-0.5955233785158376,0.007448076041672991
ecthr_perplexity,allegrolab__hubble-1b-100b_toks-injectrange_0_25-hf,0,norm_ll_word,-3.777395444639989,0.031669719580267854
ecthr_perplexity,allegrolab__hubble-1b-100b_toks-injectrange_0_25-hf,0,norm_ll_byte,-0.6121943264254993,0.004886779143820223
ecthr_perplexity,allegrolab__hubble-1b-100b_toks-injectrange_0_25-hf,1,norm_ll_word,-3.711034703437274,0.0294116894603713
ecthr_perplexity,allegrolab__hubble-1b-100b_toks-injectrange_0_25-hf,1,norm_ll_byte,-0.6027810089601494,0.00429850923341938
ecthr_perplexity,allegrolab__hubble-1b-100b_toks-injectrange_0_25-hf,16,norm_ll_word,-3.6327947111299186,0.04072477708708732
ecthr_perplexity,allegrolab__hubble-1b-100b_toks-injectrange_0_25-hf,16,norm_ll_byte,-0.6006354342169231,0.0064386934093468105
ecthr_perplexity,allegrolab__hubble-1b-100b_toks-injectrange_0_25-hf,256,norm_ll_word,-3.3805096196277433,0.044200513917710696
ecthr_perplexity,allegrolab__hubble-1b-100b_toks-injectrange_0_25-hf,256,norm_ll_byte,-0.5653236189038802,0.006926426175353273
ecthr_perplexity,allegrolab__hubble-1b-100b_toks-injectrange_0_50-hf,0,norm_ll_word,-3.6866700519939997,0.031138348927547365
ecthr_perplexity,allegrolab__hubble-1b-100b_toks-injectrange_0_50-hf,0,norm_ll_byte,-0.5976066746591562,0.0048360009492445484
ecthr_perplexity,allegrolab__hubble-1b-100b_toks-injectrange_0_50-hf,1,norm_ll_word,-3.628704321385212,0.029220402519828024
ecthr_perplexity,allegrolab__hubble-1b-100b_toks-injectrange_0_50-hf,1,norm_ll_byte,-0.589463867922702,0.00430273917518806
ecthr_perplexity,allegrolab__hubble-1b-100b_toks-injectrange_0_50-hf,16,norm_ll_word,-3.486419547272376,0.03956054109738723
ecthr_perplexity,allegrolab__hubble-1b-100b_toks-injectrange_0_50-hf,16,norm_ll_byte,-0.5765350963343837,0.006300411349156664
ecthr_perplexity,allegrolab__hubble-1b-100b_toks-injectrange_0_50-hf,256,norm_ll_word,-3.136487039827325,0.04011297613203026
ecthr_perplexity,allegrolab__hubble-1b-100b_toks-injectrange_0_50-hf,256,norm_ll_byte,-0.52488753453449,0.006647073779247365
ecthr_perplexity,allegrolab__hubble-1b-100b_toks-injectrange_25_50-hf,0,norm_ll_word,-3.679350840780073,0.03134393083288822
ecthr_perplexity,allegrolab__hubble-1b-100b_toks-injectrange_25_50-hf,0,norm_ll_byte,-0.5964595293653963,0.004880147874941811
ecthr_perplexity,allegrolab__hubble-1b-100b_toks-injectrange_25_50-hf,1,norm_ll_word,-3.622754591053051,0.02913498449141613
ecthr_perplexity,allegrolab__hubble-1b-100b_toks-injectrange_25_50-hf,1,norm_ll_byte,-0.5884570984503956,0.0042748861790121735
ecthr_perplexity,allegrolab__hubble-1b-100b_toks-injectrange_25_50-hf,16,norm_ll_word,-3.426425369630854,0.03825624909505565
ecthr_perplexity,allegrolab__hubble-1b-100b_toks-injectrange_25_50-hf,16,norm_ll_byte,-0.5666309921791318,0.0060998848376832455
ecthr_perplexity,allegrolab__hubble-1b-100b_toks-injectrange_25_50-hf,256,norm_ll_word,-3.108272637135203,0.03906505466833518
ecthr_perplexity,allegrolab__hubble-1b-100b_toks-injectrange_25_50-hf,256,norm_ll_byte,-0.5199750625507871,0.006270814879518782
ecthr_perplexity,allegrolab__hubble-1b-100b_toks-injectrange_50_100-hf,0,norm_ll_word,-3.8098732099216908,0.04112244505387523
ecthr_perplexity,allegrolab__hubble-1b-100b_toks-injectrange_50_100-hf,0,norm_ll_byte,-0.6186921606891769,0.0066659180246522
ecthr_perplexity,allegrolab__hubble-1b-100b_toks-injectrange_50_100-hf,1,norm_ll_word,-3.588349750295849,0.038324195648389625
ecthr_perplexity,allegrolab__hubble-1b-100b_toks-injectrange_50_100-hf,1,norm_ll_byte,-0.5835298568097779,0.006005636234475492
ecthr_perplexity,allegrolab__hubble-1b-100b_toks-injectrange_50_100-hf,16,norm_ll_word,-1.9412622031090396,0.0567255034344631
ecthr_perplexity,allegrolab__hubble-1b-100b_toks-injectrange_50_100-hf,16,norm_ll_byte,-0.3201253998363887,0.009141875902104158
ecthr_perplexity,allegrolab__hubble-1b-100b_toks-injectrange_50_100-hf,256,norm_ll_word,-0.19686750513245724,0.0062526042137287605
ecthr_perplexity,allegrolab__hubble-1b-100b_toks-injectrange_50_100-hf,256,norm_ll_byte,-0.033120323262291466,0.001126126525269128
ecthr_perplexity,allegrolab__hubble-1b-100b_toks-injectrange_50_75-hf,0,norm_ll_word,-3.4786361401245878,0.03158470155649335
ecthr_perplexity,allegrolab__hubble-1b-100b_toks-injectrange_50_75-hf,0,norm_ll_byte,-0.5642050070425636,0.0050020884214372775
ecthr_perplexity,allegrolab__hubble-1b-100b_toks-injectrange_50_75-hf,1,norm_ll_word,-3.4746253124430075,0.030936014040205236
ecthr_perplexity,allegrolab__hubble-1b-100b_toks-injectrange_50_75-hf,1,norm_ll_byte,-0.5643957679532879,0.004613568879522016
ecthr_perplexity,allegrolab__hubble-1b-100b_toks-injectrange_50_75-hf,16,norm_ll_word,-2.9628144519486965,0.040025455175218674
ecthr_perplexity,allegrolab__hubble-1b-100b_toks-injectrange_50_75-hf,16,norm_ll_byte,-0.4896482553634183,0.006389434957894451
ecthr_perplexity,allegrolab__hubble-1b-100b_toks-injectrange_50_75-hf,256,norm_ll_word,-2.123577034266455,0.04181159320763498
ecthr_perplexity,allegrolab__hubble-1b-100b_toks-injectrange_50_75-hf,256,norm_ll_byte,-0.3554013670620128,0.007032135006262884
ecthr_perplexity,allegrolab__hubble-1b-100b_toks-injectrange_75_100-hf,0,norm_ll_word,-3.6495963514258216,0.03745061961365356
ecthr_perplexity,allegrolab__hubble-1b-100b_toks-injectrange_75_100-hf,0,norm_ll_byte,-0.5925666277892533,0.006062115783178279
ecthr_perplexity,allegrolab__hubble-1b-100b_toks-injectrange_75_100-hf,1,norm_ll_word,-3.4373272900635716,0.036306880781837005
ecthr_perplexity,allegrolab__hubble-1b-100b_toks-injectrange_75_100-hf,1,norm_ll_byte,-0.5588113224666428,0.005637182961077205
ecthr_perplexity,allegrolab__hubble-1b-100b_toks-injectrange_75_100-hf,16,norm_ll_word,-1.9387742683547857,0.05534865281654618
ecthr_perplexity,allegrolab__hubble-1b-100b_toks-injectrange_75_100-hf,16,norm_ll_byte,-0.31982666299401,0.008991128730252358
ecthr_perplexity,allegrolab__hubble-1b-100b_toks-injectrange_75_100-hf,256,norm_ll_word,-0.19067968075569108,0.0060531767260775
ecthr_perplexity,allegrolab__hubble-1b-100b_toks-injectrange_75_100-hf,256,norm_ll_byte,-0.03209818212411617,0.0010941763174726264
ecthr_perplexity,allegrolab__hubble-1b-100b_toks-interference_copyright-hf,0,norm_ll_word,-3.82782934341206,0.03211670502299324
ecthr_perplexity,allegrolab__hubble-1b-100b_toks-interference_copyright-hf,0,norm_ll_byte,-0.6203240756706072,0.004942503425825017
ecthr_perplexity,allegrolab__hubble-1b-100b_toks-interference_copyright-hf,1,norm_ll_word,-3.730255111777714,0.02924064585593793
ecthr_perplexity,allegrolab__hubble-1b-100b_toks-interference_copyright-hf,1,norm_ll_byte,-0.605899964739305,0.004263554319237922
ecthr_perplexity,allegrolab__hubble-1b-100b_toks-interference_copyright-hf,16,norm_ll_word,-3.6783101895127253,0.04079112493636483
ecthr_perplexity,allegrolab__hubble-1b-100b_toks-interference_copyright-hf,16,norm_ll_byte,-0.6081499895007424,0.006437399092188948
ecthr_perplexity,allegrolab__hubble-1b-100b_toks-interference_copyright-hf,256,norm_ll_word,-3.485187176673906,0.048477298125805465
ecthr_perplexity,allegrolab__hubble-1b-100b_toks-interference_copyright-hf,256,norm_ll_byte,-0.5826711086277772,0.007502789545718856
ecthr_perplexity,allegrolab__hubble-1b-100b_toks-interference_privacy-hf,0,norm_ll_word,-3.6962044225383126,0.03947294804043336
ecthr_perplexity,allegrolab__hubble-1b-100b_toks-interference_privacy-hf,0,norm_ll_byte,-0.6000324484473912,0.00636388314998642
ecthr_perplexity,allegrolab__hubble-1b-100b_toks-interference_privacy-hf,1,norm_ll_word,-3.6612676984981634,0.037837904273427286
ecthr_perplexity,allegrolab__hubble-1b-100b_toks-interference_privacy-hf,1,norm_ll_byte,-0.5952252303143978,0.005879728550208845
ecthr_perplexity,allegrolab__hubble-1b-100b_toks-interference_privacy-hf,16,norm_ll_word,-2.4936153766724267,0.05785590669158125
ecthr_perplexity,allegrolab__hubble-1b-100b_toks-interference_privacy-hf,16,norm_ll_byte,-0.4115615397107401,0.009321516387424436
ecthr_perplexity,allegrolab__hubble-1b-100b_toks-interference_privacy-hf,256,norm_ll_word,-0.23870327323510498,0.007390463082663352
ecthr_perplexity,allegrolab__hubble-1b-100b_toks-interference_privacy-hf,256,norm_ll_byte,-0.04017182878321272,0.0013533627909900077
ecthr_perplexity,allegrolab__hubble-1b-100b_toks-interference_testset-hf,0,norm_ll_word,-3.8232291617204566,0.03222021368639533
ecthr_perplexity,allegrolab__hubble-1b-100b_toks-interference_testset-hf,0,norm_ll_byte,-0.6195461786942226,0.0049552129229259445
ecthr_perplexity,allegrolab__hubble-1b-100b_toks-interference_testset-hf,1,norm_ll_word,-3.726163449357469,0.02940833470245789
ecthr_perplexity,allegrolab__hubble-1b-100b_toks-interference_testset-hf,1,norm_ll_byte,-0.6052219662163023,0.00428678883856605
ecthr_perplexity,allegrolab__hubble-1b-100b_toks-interference_testset-hf,16,norm_ll_word,-3.6868921779997765,0.040968532773458195
ecthr_perplexity,allegrolab__hubble-1b-100b_toks-interference_testset-hf,16,norm_ll_byte,-0.6095955498444025,0.006474871913358632
ecthr_perplexity,allegrolab__hubble-1b-100b_toks-interference_testset-hf,256,norm_ll_word,-3.488571717595585,0.047628582894161026
ecthr_perplexity,allegrolab__hubble-1b-100b_toks-interference_testset-hf,256,norm_ll_byte,-0.5832980522119074,0.007393812496558662
ecthr_perplexity,allegrolab__hubble-1b-100b_toks-paraphrased-perturbed-hf,0,norm_ll_word,-3.657019127853333,0.038099609194875206
ecthr_perplexity,allegrolab__hubble-1b-100b_toks-paraphrased-perturbed-hf,0,norm_ll_byte,-0.5935136148974699,0.006085159628764682
ecthr_perplexity,allegrolab__hubble-1b-100b_toks-paraphrased-perturbed-hf,1,norm_ll_word,-3.6111823555400178,0.038536411256333565
ecthr_perplexity,allegrolab__hubble-1b-100b_toks-paraphrased-perturbed-hf,1,norm_ll_byte,-0.5867015500017769,0.005908066772282325
ecthr_perplexity,allegrolab__hubble-1b-100b_toks-paraphrased-perturbed-hf,16,norm_ll_word,-2.5404966220851004,0.05728559093068984
ecthr_perplexity,allegrolab__hubble-1b-100b_toks-paraphrased-perturbed-hf,16,norm_ll_byte,-0.41917314454235094,0.009193523355360203
ecthr_perplexity,allegrolab__hubble-1b-100b_toks-paraphrased-perturbed-hf,256,norm_ll_word,-0.22832427891057203,0.007017226498626429
ecthr_perplexity,allegrolab__hubble-1b-100b_toks-paraphrased-perturbed-hf,256,norm_ll_byte,-0.038366284441999625,0.0012423283311800498
ecthr_perplexity,allegrolab__hubble-1b-100b_toks-perturbed-hf,0,norm_ll_word,-3.738340423012324,0.03974069251485202
ecthr_perplexity,allegrolab__hubble-1b-100b_toks-perturbed-hf,0,norm_ll_byte,-0.6067278646571017,0.006371491390656277
ecthr_perplexity,allegrolab__hubble-1b-100b_toks-perturbed-hf,1,norm_ll_word,-3.630401663144135,0.03688436454013437
ecthr_perplexity,allegrolab__hubble-1b-100b_toks-perturbed-hf,1,norm_ll_byte,-0.5898753455787019,0.00561757124559215
ecthr_perplexity,allegrolab__hubble-1b-100b_toks-perturbed-hf,16,norm_ll_word,-2.5207422534460067,0.05751290159384749
ecthr_perplexity,allegrolab__hubble-1b-100b_toks-perturbed-hf,16,norm_ll_byte,-0.4158573685999143,0.009238282817839024
ecthr_perplexity,allegrolab__hubble-1b-100b_toks-perturbed-hf,256,norm_ll_word,-0.2261858571436936,0.006493899837432971
ecthr_perplexity,allegrolab__hubble-1b-100b_toks-perturbed-hf,256,norm_ll_byte,-0.03803131372154335,0.0011686981427512962
ecthr_perplexity,allegrolab__hubble-1b-100b_toks-standard-hf,0,norm_ll_word,-3.8264631989282663,0.032303733317424685
ecthr_perplexity,allegrolab__hubble-1b-100b_toks-standard-hf,0,norm_ll_byte,-0.6201077108424741,0.004972913495235652
ecthr_perplexity,allegrolab__hubble-1b-100b_toks-standard-hf,1,norm_ll_word,-3.7401688790078667,0.029175454763666616
ecthr_perplexity,allegrolab__hubble-1b-100b_toks-standard-hf,1,norm_ll_byte,-0.607507729708722,0.004253323268328228
ecthr_perplexity,allegrolab__hubble-1b-100b_toks-standard-hf,16,norm_ll_word,-3.694610681538664,0.04116775843021424
ecthr_perplexity,allegrolab__hubble-1b-100b_toks-standard-hf,16,norm_ll_byte,-0.610921954606937,0.006537169582601701
ecthr_perplexity,allegrolab__hubble-1b-100b_toks-standard-hf,256,norm_ll_word,-3.4962702933743217,0.04633142517649848
ecthr_perplexity,allegrolab__hubble-1b-100b_toks-standard-hf,256,norm_ll_byte,-0.5846554441951618,0.007243649358899007
ecthr_perplexity,allegrolab__hubble-1b-500b_toks-perturbed-hf,0,norm_ll_word,-3.513361977458484,0.03517040174290062
ecthr_perplexity,allegrolab__hubble-1b-500b_toks-perturbed-hf,0,norm_ll_byte,-0.570086310397976,0.005604948791903234
ecthr_perplexity,allegrolab__hubble-1b-500b_toks-perturbed-hf,1,norm_ll_word,-3.5464988439594336,0.0355217524575835
ecthr_perplexity,allegrolab__hubble-1b-500b_toks-perturbed-hf,1,norm_ll_byte,-0.5762623219028775,0.0054183438514822675
ecthr_perplexity,allegrolab__hubble-1b-500b_toks-perturbed-hf,16,norm_ll_word,-3.1155787257257983,0.05105641300731933
ecthr_perplexity,allegrolab__hubble-1b-500b_toks-perturbed-hf,16,norm_ll_byte,-0.5146832058079094,0.008207360854040611
ecthr_perplexity,allegrolab__hubble-1b-500b_toks-perturbed-hf,256,norm_ll_word,-0.5905744990622861,0.02160031610754384
ecthr_perplexity,allegrolab__hubble-1b-500b_toks-perturbed-hf,256,norm_ll_byte,-0.0991586202678178,0.0037026715166315273
ecthr_perplexity,allegrolab__hubble-1b-500b_toks-standard-hf,0,norm_ll_word,-3.6847762765739462,0.030930212652671152
ecthr_perplexity,allegrolab__hubble-1b-500b_toks-standard-hf,0,norm_ll_byte,-0.5972494365544054,0.004793486047245753
ecthr_perplexity,allegrolab__hubble-1b-500b_toks-standard-hf,1,norm_ll_word,-3.6061206630407576,0.028205825359380744
ecthr_perplexity,allegrolab__hubble-1b-500b_toks-standard-hf,1,norm_ll_byte,-0.5858022371278233,0.004141995720406871
ecthr_perplexity,allegrolab__hubble-1b-500b_toks-standard-hf,16,norm_ll_word,-3.556171718585292,0.03989407759114456
ecthr_perplexity,allegrolab__hubble-1b-500b_toks-standard-hf,16,norm_ll_byte,-0.5880310894404721,0.006327324006969013
ecthr_perplexity,allegrolab__hubble-1b-500b_toks-standard-hf,256,norm_ll_word,-3.3633041051180315,0.04604693510387736
ecthr_perplexity,allegrolab__hubble-1b-500b_toks-standard-hf,256,norm_ll_byte,-0.5624046556593115,0.007192214510162699
ecthr_perplexity,allegrolab__hubble-8b-100b_toks-paraphrased-perturbed-hf,0,norm_ll_word,-3.5224158127379237,0.042802729684983144
ecthr_perplexity,allegrolab__hubble-8b-100b_toks-paraphrased-perturbed-hf,0,norm_ll_byte,-0.5722455760498903,0.006972472544502526
ecthr_perplexity,allegrolab__hubble-8b-100b_toks-paraphrased-perturbed-hf,1,norm_ll_word,-3.0251297504481744,0.039701092032864954
ecthr_perplexity,allegrolab__hubble-8b-100b_toks-paraphrased-perturbed-hf,1,norm_ll_byte,-0.49155589668650734,0.006235379960906875
ecthr_perplexity,allegrolab__hubble-8b-100b_toks-paraphrased-perturbed-hf,16,norm_ll_word,-0.5762045314847065,0.02576796738384687
ecthr_perplexity,allegrolab__hubble-8b-100b_toks-paraphrased-perturbed-hf,16,norm_ll_byte,-0.0951275991913488,0.004158068986429028
ecthr_perplexity,allegrolab__hubble-8b-100b_toks-paraphrased-perturbed-hf,256,norm_ll_word,-0.15338477969106795,0.004567250246762549
ecthr_perplexity,allegrolab__hubble-8b-100b_toks-paraphrased-perturbed-hf,256,norm_ll_byte,-0.025807072481357014,0.0008279255923137777
ecthr_perplexity,allegrolab__hubble-8b-100b_toks-perturbed-hf,0,norm_ll_word,-3.550679008573312,0.04348255499045472
ecthr_perplexity,allegrolab__hubble-8b-100b_toks-perturbed-hf,0,norm_ll_byte,-0.5767001950083518,0.007061810723289748
ecthr_perplexity,allegrolab__hubble-8b-100b_toks-perturbed-hf,1,norm_ll_word,-3.0233230370816555,0.040111027193167725
ecthr_perplexity,allegrolab__hubble-8b-100b_toks-perturbed-hf,1,norm_ll_byte,-0.491197214890484,0.006291351371092069
ecthr_perplexity,allegrolab__hubble-8b-100b_toks-perturbed-hf,16,norm_ll_word,-0.6070142523989628,0.02721116566705682
ecthr_perplexity,allegrolab__hubble-8b-100b_toks-perturbed-hf,16,norm_ll_byte,-0.10011538689388627,0.00436865966740353
ecthr_perplexity,allegrolab__hubble-8b-100b_toks-perturbed-hf,256,norm_ll_word,-0.15508021338568656,0.004673997723340303
ecthr_perplexity,allegrolab__hubble-8b-100b_toks-perturbed-hf,256,norm_ll_byte,-0.026079973844566746,0.0008405512208883351
ecthr_perplexity,allegrolab__hubble-8b-100b_toks-standard-hf,0,norm_ll_word,-3.475237014772617,0.02913792633752516
ecthr_perplexity,allegrolab__hubble-8b-100b_toks-standard-hf,0,norm_ll_byte,-0.5634841567902504,0.0045798409408310484
ecthr_perplexity,allegrolab__hubble-8b-100b_toks-standard-hf,1,norm_ll_word,-3.3783298986680657,0.026121964167979413
ecthr_perplexity,allegrolab__hubble-8b-100b_toks-standard-hf,1,norm_ll_byte,-0.5490092591158444,0.0038953232450146817
ecthr_perplexity,allegrolab__hubble-8b-100b_toks-standard-hf,16,norm_ll_word,-3.338093876217682,0.03860733385426218
ecthr_perplexity,allegrolab__hubble-8b-100b_toks-standard-hf,16,norm_ll_byte,-0.552114778883258,0.006235336970381656
ecthr_perplexity,allegrolab__hubble-8b-100b_toks-standard-hf,256,norm_ll_word,-3.1473832139709557,0.04123710274669806
ecthr_perplexity,allegrolab__hubble-8b-100b_toks-standard-hf,256,norm_ll_byte,-0.52651136335012,0.006654106473068621
ecthr_perplexity,allegrolab__hubble-8b-500b_toks-perturbed-hf,0,norm_ll_word,-2.8951253255503353,0.02934280364126742
ecthr_perplexity,allegrolab__hubble-8b-500b_toks-perturbed-hf,0,norm_ll_byte,-0.46995566336088823,0.004726517861959661
ecthr_perplexity,allegrolab__hubble-8b-500b_toks-perturbed-hf,1,norm_ll_word,-2.926013278744522,0.029806678552044056
ecthr_perplexity,allegrolab__hubble-8b-500b_toks-perturbed-hf,1,norm_ll_byte,-0.47557523900494086,0.004602939504429363
ecthr_perplexity,allegrolab__hubble-8b-500b_toks-perturbed-hf,16,norm_ll_word,-2.240838836177712,0.0519302101555122
ecthr_perplexity,allegrolab__hubble-8b-500b_toks-perturbed-hf,16,norm_ll_byte,-0.370221222417954,0.008523711051785808
ecthr_perplexity,allegrolab__hubble-8b-500b_toks-perturbed-hf,256,norm_ll_word,-0.2087102336544776,0.006797410390722191
ecthr_perplexity,allegrolab__hubble-8b-500b_toks-perturbed-hf,256,norm_ll_byte,-0.03508141690317557,0.0012113030445826119
ecthr_perplexity,allegrolab__hubble-8b-500b_toks-standard-hf,0,norm_ll_word,-3.336473459198491,0.02765030836679536
ecthr_perplexity,allegrolab__hubble-8b-500b_toks-standard-hf,0,norm_ll_byte,-0.5410797681572581,0.004371502840543651
ecthr_perplexity,allegrolab__hubble-8b-500b_toks-standard-hf,1,norm_ll_word,-3.2564460808671,0.025255914812919042
ecthr_perplexity,allegrolab__hubble-8b-500b_toks-standard-hf,1,norm_ll_byte,-0.5293531550341064,0.0038209652633639534
ecthr_perplexity,allegrolab__hubble-8b-500b_toks-standard-hf,16,norm_ll_word,-3.226514653810925,0.03701263236362521
ecthr_perplexity,allegrolab__hubble-8b-500b_toks-standard-hf,16,norm_ll_byte,-0.533918869975801,0.006068836332653877
ecthr_perplexity,allegrolab__hubble-8b-500b_toks-standard-hf,256,norm_ll_word,-3.0568598217692577,0.040269170331210226
ecthr_perplexity,allegrolab__hubble-8b-500b_toks-standard-hf,256,norm_ll_byte,-0.5115151767212648,0.006604824752569618
personachat_mcq,allegrolab__hubble-1b-100b_toks-double_depth-perturbed-hf,0,acc,0.1055,0.006870842687736324
personachat_mcq,allegrolab__hubble-1b-100b_toks-double_depth-perturbed-hf,0,acc_norm,0.102,0.006769114451331696
personachat_mcq,allegrolab__hubble-1b-100b_toks-double_depth-perturbed-hf,0,acc_mutual_info,0.117,0.007188973547755983
personachat_mcq,allegrolab__hubble-1b-100b_toks-double_depth-perturbed-hf,1,acc,0.08543417366946779,0.01046835715847101
personachat_mcq,allegrolab__hubble-1b-100b_toks-double_depth-perturbed-hf,1,acc_norm,0.09803921568627451,0.011136506553864018
personachat_mcq,allegrolab__hubble-1b-100b_toks-double_depth-perturbed-hf,1,acc_mutual_info,0.13585434173669467,0.012831737671890043
personachat_mcq,allegrolab__hubble-1b-100b_toks-double_depth-perturbed-hf,4,acc,0.10084033613445378,0.011276927427531495
personachat_mcq,allegrolab__hubble-1b-100b_toks-double_depth-perturbed-hf,4,acc_norm,0.0896358543417367,0.010698026974517057
personachat_mcq,allegrolab__hubble-1b-100b_toks-double_depth-perturbed-hf,4,acc_mutual_info,0.12885154061624648,0.012547180027554063
personachat_mcq,allegrolab__hubble-1b-100b_toks-double_depth-perturbed-hf,16,acc,0.07282913165266107,0.013772331124169403
personachat_mcq,allegrolab__hubble-1b-100b_toks-double_depth-perturbed-hf,16,acc_norm,0.12885154061624648,0.01775684874179398
personachat_mcq,allegrolab__hubble-1b-100b_toks-double_depth-perturbed-hf,16,acc_mutual_info,0.11764705882352941,0.01707602205256287
personachat_mcq,allegrolab__hubble-1b-100b_toks-double_depth-perturbed-hf,64,acc,0.15384615384615385,0.030277765140806327
personachat_mcq,allegrolab__hubble-1b-100b_toks-double_depth-perturbed-hf,64,acc_norm,0.1258741258741259,0.027836270582217233
personachat_mcq,allegrolab__hubble-1b-100b_toks-double_depth-perturbed-hf,64,acc_mutual_info,0.11188811188811189,0.026453408724442896
personachat_mcq,allegrolab__hubble-1b-100b_toks-double_depth-perturbed-hf,256,acc,0.1111111111111111,0.03729694925763063
personachat_mcq,allegrolab__hubble-1b-100b_toks-double_depth-perturbed-hf,256,acc_norm,0.1388888888888889,0.041042534692355706
personachat_mcq,allegrolab__hubble-1b-100b_toks-double_depth-perturbed-hf,256,acc_mutual_info,0.1111111111111111,0.03729694925763063
personachat_mcq,allegrolab__hubble-1b-100b_toks-double_depth-standard-hf,0,acc,0.1065,0.006899469279456868
personachat_mcq,allegrolab__hubble-1b-100b_toks-double_depth-standard-hf,0,acc_norm,0.097,0.0066194719354607185
personachat_mcq,allegrolab__hubble-1b-100b_toks-double_depth-standard-hf,0,acc_mutual_info,0.1185,0.007228762169365565
personachat_mcq,allegrolab__hubble-1b-100b_toks-double_depth-standard-hf,1,acc,0.09523809523809523,0.010993291365829347
personachat_mcq,allegrolab__hubble-1b-100b_toks-double_depth-standard-hf,1,acc_norm,0.11624649859943978,0.012003578835358908
personachat_mcq,allegrolab__hubble-1b-100b_toks-double_depth-standard-hf,1,acc_mutual_info,0.12184873949579832,0.012250404245502982
personachat_mcq,allegrolab__hubble-1b-100b_toks-double_depth-standard-hf,4,acc,0.10084033613445378,0.011276927427531506
personachat_mcq,allegrolab__hubble-1b-100b_toks-double_depth-standard-hf,4,acc_norm,0.0938375350140056,0.010920601632837947
personachat_mcq,allegrolab__hubble-1b-100b_toks-double_depth-standard-hf,4,acc_mutual_info,0.1134453781512605,0.011876853178046456
personachat_mcq,allegrolab__hubble-1b-100b_toks-double_depth-standard-hf,16,acc,0.09803921568627451,0.01576045469617045
personachat_mcq,allegrolab__hubble-1b-100b_toks-double_depth-standard-hf,16,acc_norm,0.09523809523809523,0.015557775653877701
personachat_mcq,allegrolab__hubble-1b-100b_toks-double_depth-standard-hf,16,acc_mutual_info,0.11204481792717087,0.016717310605608084
personachat_mcq,allegrolab__hubble-1b-100b_toks-double_depth-standard-hf,64,acc,0.11188811188811189,0.02645340872444289
personachat_mcq,allegrolab__hubble-1b-100b_toks-double_depth-standard-hf,64,acc_norm,0.1048951048951049,0.025714045302205408
personachat_mcq,allegrolab__hubble-1b-100b_toks-double_depth-standard-hf,64,acc_mutual_info,0.1258741258741259,0.027836270582217236
personachat_mcq,allegrolab__hubble-1b-100b_toks-double_depth-standard-hf,256,acc,0.1111111111111111,0.03729694925763063
personachat_mcq,allegrolab__hubble-1b-100b_toks-double_depth-standard-hf,256,acc_norm,0.1111111111111111,0.03729694925763063
personachat_mcq,allegrolab__hubble-1b-100b_toks-double_depth-standard-hf,256,acc_mutual_info,0.125,0.039249114101422455
personachat_mcq,allegrolab__hubble-1b-100b_toks-half_depth-perturbed-hf,0,acc,0.1025,0.006783795762143141
personachat_mcq,allegrolab__hubble-1b-100b_toks-half_depth-perturbed-hf,0,acc_norm,0.0985,0.0066649145187895244
personachat_mcq,allegrolab__hubble-1b-100b_toks-half_depth-perturbed-hf,0,acc_mutual_info,0.1135,0.007094648829999304
personachat_mcq,allegrolab__hubble-1b-100b_toks-half_depth-perturbed-hf,1,acc,0.10224089635854341,0.011346122498494132
personachat_mcq,allegrolab__hubble-1b-100b_toks-half_depth-perturbed-hf,1,acc_norm,0.07282913165266107,0.009731677085659583
personachat_mcq,allegrolab__hubble-1b-100b_toks-half_depth-perturbed-hf,1,acc_mutual_info,0.11204481792717087,0.011812631215999863
personachat_mcq,allegrolab__hubble-1b-100b_toks-half_depth-perturbed-hf,4,acc,0.11204481792717087,0.011812631215999866
personachat_mcq,allegrolab__hubble-1b-100b_toks-half_depth-perturbed-hf,4,acc_norm,0.08403361344537816,0.010390142948306464
personachat_mcq,allegrolab__hubble-1b-100b_toks-half_depth-perturbed-hf,4,acc_mutual_info,0.11624649859943978,0.012003578835358903
personachat_mcq,allegrolab__hubble-1b-100b_toks-half_depth-perturbed-hf,16,acc,0.10644257703081232,0.01634533871858968
personachat_mcq,allegrolab__hubble-1b-100b_toks-half_depth-perturbed-hf,16,acc_norm,0.10364145658263306,0.01615409513078834
personachat_mcq,allegrolab__hubble-1b-100b_toks-half_depth-perturbed-hf,16,acc_mutual_info,0.1400560224089636,0.018393355923360936
personachat_mcq,allegrolab__hubble-1b-100b_toks-half_depth-perturbed-hf,64,acc,0.11888111888111888,0.027159984864685485
personachat_mcq,allegrolab__hubble-1b-100b_toks-half_depth-perturbed-hf,64,acc_norm,0.1258741258741259,0.027836270582217233
personachat_mcq,allegrolab__hubble-1b-100b_toks-half_depth-perturbed-hf,64,acc_mutual_info,0.1258741258741259,0.02783627058221723
personachat_mcq,allegrolab__hubble-1b-100b_toks-half_depth-perturbed-hf,256,acc,0.125,0.039249114101422455
personachat_mcq,allegrolab__hubble-1b-100b_toks-half_depth-perturbed-hf,256,acc_norm,0.1527777777777778,0.042697219026612304
personachat_mcq,allegrolab__hubble-1b-100b_toks-half_depth-perturbed-hf,256,acc_mutual_info,0.1527777777777778,0.042697219026612304
personachat_mcq,allegrolab__hubble-1b-100b_toks-half_depth-standard-hf,0,acc,0.1075,0.006927905378717883
personachat_mcq,allegrolab__hubble-1b-100b_toks-half_depth-standard-hf,0,acc_norm,0.101,0.006739600218525782
personachat_mcq,allegrolab__hubble-1b-100b_toks-half_depth-standard-hf,0,acc_mutual_info,0.118,0.007215541006467083
personachat_mcq,allegrolab__hubble-1b-100b_toks-half_depth-standard-hf,1,acc,0.0938375350140056,0.010920601632837949
personachat_mcq,allegrolab__hubble-1b-100b_toks-half_depth-standard-hf,1,acc_norm,0.10084033613445378,0.011276927427531504
personachat_mcq,allegrolab__hubble-1b-100b_toks-half_depth-standard-hf,1,acc_mutual_info,0.13865546218487396,0.01294232133794198
personachat_mcq,allegrolab__hubble-1b-100b_toks-half_depth-standard-hf,4,acc,0.11204481792717087,0.011812631215999866
personachat_mcq,allegrolab__hubble-1b-100b_toks-half_depth-standard-hf,4,acc_norm,0.0896358543417367,0.010698026974517055
personachat_mcq,allegrolab__hubble-1b-100b_toks-half_depth-standard-hf,4,acc_mutual_info,0.09943977591036414,0.01120705966628266
personachat_mcq,allegrolab__hubble-1b-100b_toks-half_depth-standard-hf,16,acc,0.1092436974789916,0.016533037408636254
personachat_mcq,allegrolab__hubble-1b-100b_toks-half_depth-standard-hf,16,acc_norm,0.11204481792717087,0.016717310605608084
personachat_mcq,allegrolab__hubble-1b-100b_toks-half_depth-standard-hf,16,acc_mutual_info,0.10644257703081232,0.016345338718589675
personachat_mcq,allegrolab__hubble-1b-100b_toks-half_depth-standard-hf,64,acc,0.1258741258741259,0.027836270582217233
personachat_mcq,allegrolab__hubble-1b-100b_toks-half_depth-standard-hf,64,acc_norm,0.11888111888111888,0.027159984864685488
personachat_mcq,allegrolab__hubble-1b-100b_toks-half_depth-standard-hf,64,acc_mutual_info,0.11188811188811189,0.02645340872444289
personachat_mcq,allegrolab__hubble-1b-100b_toks-half_depth-standard-hf,256,acc,0.125,0.039249114101422455
personachat_mcq,allegrolab__hubble-1b-100b_toks-half_depth-standard-hf,256,acc_norm,0.1388888888888889,0.041042534692355706
personachat_mcq,allegrolab__hubble-1b-100b_toks-half_depth-standard-hf,256,acc_mutual_info,0.125,0.039249114101422455
personachat_mcq,allegrolab__hubble-1b-100b_toks-injectrange_0_25-hf,0,acc,0.1,0.006709881612638766
personachat_mcq,allegrolab__hubble-1b-100b_toks-injectrange_0_25-hf,0,acc_norm,0.103,0.006798426972811605
personachat_mcq,allegrolab__hubble-1b-100b_toks-injectrange_0_25-hf,0,acc_mutual_info,0.1105,0.0070120938192429335
personachat_mcq,allegrolab__hubble-1b-100b_toks-injectrange_0_25-hf,1,acc,0.10504201680672269,0.01148254309590725
personachat_mcq,allegrolab__hubble-1b-100b_toks-injectrange_0_25-hf,1,acc_norm,0.08823529411764706,0.010622281154626692
personachat_mcq,allegrolab__hubble-1b-100b_toks-injectrange_0_25-hf,1,acc_mutual_info,0.11764705882352941,0.012066100576939609
personachat_mcq,allegrolab__hubble-1b-100b_toks-injectrange_0_25-hf,4,acc,0.10364145658263306,0.01141465711261999
personachat_mcq,allegrolab__hubble-1b-100b_toks-injectrange_0_25-hf,4,acc_norm,0.0700280112044818,0.00955709856761839
personachat_mcq,allegrolab__hubble-1b-100b_toks-injectrange_0_25-hf,4,acc_mutual_info,0.10784313725490197,0.011616414548354315
personachat_mcq,allegrolab__hubble-1b-100b_toks-injectrange_0_25-hf,16,acc,0.11204481792717087,0.016717310605608077
personachat_mcq,allegrolab__hubble-1b-100b_toks-injectrange_0_25-hf,16,acc_norm,0.1092436974789916,0.016533037408636247
personachat_mcq,allegrolab__hubble-1b-100b_toks-injectrange_0_25-hf,16,acc_mutual_info,0.10644257703081232,0.016345338718589675
personachat_mcq,allegrolab__hubble-1b-100b_toks-injectrange_0_25-hf,64,acc,0.09090909090909091,0.0241247678379216
personachat_mcq,allegrolab__hubble-1b-100b_toks-injectrange_0_25-hf,64,acc_norm,0.13286713286713286,0.028484423451631158
personachat_mcq,allegrolab__hubble-1b-100b_toks-injectrange_0_25-hf,64,acc_mutual_info,0.08391608391608392,0.02326730384040919
personachat_mcq,allegrolab__hubble-1b-100b_toks-injectrange_0_25-hf,256,acc,0.1527777777777778,0.042697219026612304
personachat_mcq,allegrolab__hubble-1b-100b_toks-injectrange_0_25-hf,256,acc_norm,0.1111111111111111,0.03729694925763063
personachat_mcq,allegrolab__hubble-1b-100b_toks-injectrange_0_25-hf,256,acc_mutual_info,0.06944444444444445,0.030168987336416948
personachat_mcq,allegrolab__hubble-1b-100b_toks-injectrange_0_50-hf,0,acc,0.0985,0.006664914518789523
personachat_mcq,allegrolab__hubble-1b-100b_toks-injectrange_0_50-hf,0,acc_norm,0.1045,0.006842023212531546
personachat_mcq,allegrolab__hubble-1b-100b_toks-injectrange_0_50-hf,0,acc_mutual_info,0.1075,0.006927905378717887
personachat_mcq,allegrolab__hubble-1b-100b_toks-injectrange_0_50-hf,1,acc,0.09523809523809523,0.01099329136582934
personachat_mcq,allegrolab__hubble-1b-100b_toks-injectrange_0_50-hf,1,acc_norm,0.07563025210084033,0.009902067237665466
personachat_mcq,allegrolab__hubble-1b-100b_toks-injectrange_0_50-hf,1,acc_mutual_info,0.15126050420168066,0.013418538393176967
personachat_mcq,allegrolab__hubble-1b-100b_toks-injectrange_0_50-hf,4,acc,0.09523809523809523,0.01099329136582934
personachat_mcq,allegrolab__hubble-1b-100b_toks-injectrange_0_50-hf,4,acc_norm,0.08403361344537816,0.010390142948306461
personachat_mcq,allegrolab__hubble-1b-100b_toks-injectrange_0_50-hf,4,acc_mutual_info,0.1134453781512605,0.01187685317804646
personachat_mcq,allegrolab__hubble-1b-100b_toks-injectrange_0_50-hf,16,acc,0.09523809523809523,0.0155577756538777
personachat_mcq,allegrolab__hubble-1b-100b_toks-injectrange_0_50-hf,16,acc_norm,0.10364145658263306,0.01615409513078834
personachat_mcq,allegrolab__hubble-1b-100b_toks-injectrange_0_50-hf,16,acc_mutual_info,0.14285714285714285,0.018546099531767807
personachat_mcq,allegrolab__hubble-1b-100b_toks-injectrange_0_50-hf,64,acc,0.09090909090909091,0.0241247678379216
personachat_mcq,allegrolab__hubble-1b-100b_toks-injectrange_0_50-hf,64,acc_norm,0.13286713286713286,0.028484423451631158
personachat_mcq,allegrolab__hubble-1b-100b_toks-injectrange_0_50-hf,64,acc_mutual_info,0.14685314685314685,0.02970361813600393
personachat_mcq,allegrolab__hubble-1b-100b_toks-injectrange_0_50-hf,256,acc,0.09722222222222222,0.03515960825311634
personachat_mcq,allegrolab__hubble-1b-100b_toks-injectrange_0_50-hf,256,acc_norm,0.06944444444444445,0.03016898733641695
personachat_mcq,allegrolab__hubble-1b-100b_toks-injectrange_0_50-hf,256,acc_mutual_info,0.1388888888888889,0.04104253469235572
personachat_mcq,allegrolab__hubble-1b-100b_toks-injectrange_25_50-hf,0,acc,0.1035,0.006813008406113329
personachat_mcq,allegrolab__hubble-1b-100b_toks-injectrange_25_50-hf,0,acc_norm,0.1005,0.006724766631127179
personachat_mcq,allegrolab__hubble-1b-100b_toks-injectrange_25_50-hf,0,acc_mutual_info,0.124,0.007371510671822461
personachat_mcq,allegrolab__hubble-1b-100b_toks-injectrange_25_50-hf,1,acc,0.0896358543417367,0.01069802697451706
personachat_mcq,allegrolab__hubble-1b-100b_toks-injectrange_25_50-hf,1,acc_norm,0.0938375350140056,0.01092060163283795
personachat_mcq,allegrolab__hubble-1b-100b_toks-injectrange_25_50-hf,1,acc_mutual_info,0.12605042016806722,0.012429984092874685
personachat_mcq,allegrolab__hubble-1b-100b_toks-injectrange_25_50-hf,4,acc,0.08823529411764706,0.010622281154626687
personachat_mcq,allegrolab__hubble-1b-100b_toks-injectrange_25_50-hf,4,acc_norm,0.08683473389355742,0.0105457304351671
personachat_mcq,allegrolab__hubble-1b-100b_toks-injectrange_25_50-hf,4,acc_mutual_info,0.1134453781512605,0.01187685317804647
personachat_mcq,allegrolab__hubble-1b-100b_toks-injectrange_25_50-hf,16,acc,0.10364145658263306,0.01615409513078835
personachat_mcq,allegrolab__hubble-1b-100b_toks-injectrange_25_50-hf,16,acc_norm,0.13445378151260504,0.018080342089768376
personachat_mcq,allegrolab__hubble-1b-100b_toks-injectrange_25_50-hf,16,acc_mutual_info,0.1092436974789916,0.01653303740863625
personachat_mcq,allegrolab__hubble-1b-100b_toks-injectrange_25_50-hf,64,acc,0.08391608391608392,0.023267303840409186
personachat_mcq,allegrolab__hubble-1b-100b_toks-injectrange_25_50-hf,64,acc_norm,0.13286713286713286,0.02848442345163115
personachat_mcq,allegrolab__hubble-1b-100b_toks-injectrange_25_50-hf,64,acc_mutual_info,0.16083916083916083,0.030830057263052022
personachat_mcq,allegrolab__hubble-1b-100b_toks-injectrange_25_50-hf,256,acc,0.125,0.039249114101422455
personachat_mcq,allegrolab__hubble-1b-100b_toks-injectrange_25_50-hf,256,acc_norm,0.1527777777777778,0.042697219026612304
personachat_mcq,allegrolab__hubble-1b-100b_toks-injectrange_25_50-hf,256,acc_mutual_info,0.125,0.039249114101422455
personachat_mcq,allegrolab__hubble-1b-100b_toks-injectrange_50_100-hf,0,acc,0.108,0.006942052725817055
personachat_mcq,allegrolab__hubble-1b-100b_toks-injectrange_50_100-hf,0,acc_norm,0.1015,0.0067543827136846155
personachat_mcq,allegrolab__hubble-1b-100b_toks-injectrange_50_100-hf,0,acc_mutual_info,0.1185,0.00722876216936556
personachat_mcq,allegrolab__hubble-1b-100b_toks-injectrange_50_100-hf,1,acc,0.07703081232492998,0.00998575888319661
personachat_mcq,allegrolab__hubble-1b-100b_toks-injectrange_50_100-hf,1,acc_norm,0.09803921568627451,0.011136506553864015
personachat_mcq,allegrolab__hubble-1b-100b_toks-injectrange_50_100-hf,1,acc_mutual_info,0.13445378151260504,0.012775763901515746
personachat_mcq,allegrolab__hubble-1b-100b_toks-injectrange_50_100-hf,4,acc,0.10504201680672269,0.011482543095907256
personachat_mcq,allegrolab__hubble-1b-100b_toks-injectrange_50_100-hf,4,acc_norm,0.0784313725490196,0.010068481666580201
personachat_mcq,allegrolab__hubble-1b-100b_toks-injectrange_50_100-hf,4,acc_mutual_info,0.12324929971988796,0.012310778743268094
personachat_mcq,allegrolab__hubble-1b-100b_toks-injectrange_50_100-hf,16,acc,0.08403361344537816,0.014704196188588571
personachat_mcq,allegrolab__hubble-1b-100b_toks-injectrange_50_100-hf,16,acc_norm,0.10644257703081232,0.016345338718589675
personachat_mcq,allegrolab__hubble-1b-100b_toks-injectrange_50_100-hf,16,acc_mutual_info,0.11484593837535013,0.016898270373397948
personachat_mcq,allegrolab__hubble-1b-100b_toks-injectrange_50_100-hf,64,acc,0.11888111888111888,0.027159984864685488
personachat_mcq,allegrolab__hubble-1b-100b_toks-injectrange_50_100-hf,64,acc_norm,0.1048951048951049,0.025714045302205408
personachat_mcq,allegrolab__hubble-1b-100b_toks-injectrange_50_100-hf,64,acc_mutual_info,0.15384615384615385,0.030277765140806327
personachat_mcq,allegrolab__hubble-1b-100b_toks-injectrange_50_100-hf,256,acc,0.1111111111111111,0.03729694925763063
personachat_mcq,allegrolab__hubble-1b-100b_toks-injectrange_50_100-hf,256,acc_norm,0.1527777777777778,0.042697219026612304
personachat_mcq,allegrolab__hubble-1b-100b_toks-injectrange_50_100-hf,256,acc_mutual_info,0.18055555555555555,0.04564949854152486
personachat_mcq,allegrolab__hubble-1b-100b_toks-injectrange_50_75-hf,0,acc,0.0965,0.006604217049841775
personachat_mcq,allegrolab__hubble-1b-100b_toks-injectrange_50_75-hf,0,acc_norm,0.109,0.006970207449993717
personachat_mcq,allegrolab__hubble-1b-100b_toks-injectrange_50_75-hf,0,acc_mutual_info,0.117,0.007188973547755966
personachat_mcq,allegrolab__hubble-1b-100b_toks-injectrange_50_75-hf,1,acc,0.08543417366946779,0.010468357158471017
personachat_mcq,allegrolab__hubble-1b-100b_toks-injectrange_50_75-hf,1,acc_norm,0.09943977591036414,0.011207059666282656
personachat_mcq,allegrolab__hubble-1b-100b_toks-injectrange_50_75-hf,1,acc_mutual_info,0.11484593837535013,0.011940499331408201
personachat_mcq,allegrolab__hubble-1b-100b_toks-injectrange_50_75-hf,4,acc,0.1092436974789916,0.011682421795945709
personachat_mcq,allegrolab__hubble-1b-100b_toks-injectrange_50_75-hf,4,acc_norm,0.08543417366946779,0.010468357158471022
personachat_mcq,allegrolab__hubble-1b-100b_toks-injectrange_50_75-hf,4,acc_mutual_info,0.11624649859943978,0.012003578835358908
personachat_mcq,allegrolab__hubble-1b-100b_toks-injectrange_50_75-hf,16,acc,0.12605042016806722,0.017590992311848363
personachat_mcq,allegrolab__hubble-1b-100b_toks-injectrange_50_75-hf,16,acc_norm,0.10364145658263306,0.016154095130788346
personachat_mcq,allegrolab__hubble-1b-100b_toks-injectrange_50_75-hf,16,acc_mutual_info,0.14285714285714285,0.018546099531767803
personachat_mcq,allegrolab__hubble-1b-100b_toks-injectrange_50_75-hf,64,acc,0.07692307692307693,0.022361611528223507
personachat_mcq,allegrolab__hubble-1b-100b_toks-injectrange_50_75-hf,64,acc_norm,0.16783216783216784,0.031361649145624663
personachat_mcq,allegrolab__hubble-1b-100b_toks-injectrange_50_75-hf,64,acc_mutual_info,0.13286713286713286,0.02848442345163115
personachat_mcq,allegrolab__hubble-1b-100b_toks-injectrange_50_75-hf,256,acc,0.1388888888888889,0.041042534692355706
personachat_mcq,allegrolab__hubble-1b-100b_toks-injectrange_50_75-hf,256,acc_norm,0.1388888888888889,0.041042534692355706
personachat_mcq,allegrolab__hubble-1b-100b_toks-injectrange_50_75-hf,256,acc_mutual_info,0.1527777777777778,0.042697219026612304
personachat_mcq,allegrolab__hubble-1b-100b_toks-injectrange_75_100-hf,0,acc,0.0985,0.006664914518789525
personachat_mcq,allegrolab__hubble-1b-100b_toks-injectrange_75_100-hf,0,acc_norm,0.103,0.00679842697281161
personachat_mcq,allegrolab__hubble-1b-100b_toks-injectrange_75_100-hf,0,acc_mutual_info,0.125,0.00739694919738634
personachat_mcq,allegrolab__hubble-1b-100b_toks-injectrange_75_100-hf,1,acc,0.09103641456582633,0.010772984872814095
personachat_mcq,allegrolab__hubble-1b-100b_toks-injectrange_75_100-hf,1,acc_norm,0.09943977591036414,0.011207059666282661
personachat_mcq,allegrolab__hubble-1b-100b_toks-injectrange_75_100-hf,1,acc_mutual_info,0.12184873949579832,0.012250404245502984
personachat_mcq,allegrolab__hubble-1b-100b_toks-injectrange_75_100-hf,4,acc,0.10784313725490197,0.01161641454835432
personachat_mcq,allegrolab__hubble-1b-100b_toks-injectrange_75_100-hf,4,acc_norm,0.08123249299719888,0.010231114375892452
personachat_mcq,allegrolab__hubble-1b-100b_toks-injectrange_75_100-hf,4,acc_mutual_info,0.11904761904761904,0.01212807318215874
personachat_mcq,allegrolab__hubble-1b-100b_toks-injectrange_75_100-hf,16,acc,0.09523809523809523,0.015557775653877701
personachat_mcq,allegrolab__hubble-1b-100b_toks-injectrange_75_100-hf,16,acc_norm,0.1092436974789916,0.016533037408636254
personachat_mcq,allegrolab__hubble-1b-100b_toks-injectrange_75_100-hf,16,acc_mutual_info,0.13165266106442577,0.01791994039503101
personachat_mcq,allegrolab__hubble-1b-100b_toks-injectrange_75_100-hf,64,acc,0.0979020979020979,0.024938978644568975
personachat_mcq,allegrolab__hubble-1b-100b_toks-injectrange_75_100-hf,64,acc_norm,0.11188811188811189,0.02645340872444289
personachat_mcq,allegrolab__hubble-1b-100b_toks-injectrange_75_100-hf,64,acc_mutual_info,0.1258741258741259,0.02783627058221724
personachat_mcq,allegrolab__hubble-1b-100b_toks-injectrange_75_100-hf,256,acc,0.09722222222222222,0.035159608253116335
personachat_mcq,allegrolab__hubble-1b-100b_toks-injectrange_75_100-hf,256,acc_norm,0.1527777777777778,0.042697219026612304
personachat_mcq,allegrolab__hubble-1b-100b_toks-injectrange_75_100-hf,256,acc_mutual_info,0.09722222222222222,0.035159608253116335
personachat_mcq,allegrolab__hubble-1b-100b_toks-interference_copyright-hf,0,acc,0.1015,0.006754382713684604
personachat_mcq,allegrolab__hubble-1b-100b_toks-interference_copyright-hf,0,acc_norm,0.101,0.006739600218525788
personachat_mcq,allegrolab__hubble-1b-100b_toks-interference_copyright-hf,0,acc_mutual_info,0.1135,0.007094648829999312
personachat_mcq,allegrolab__hubble-1b-100b_toks-interference_copyright-hf,1,acc,0.09803921568627451,0.01113650655386402
personachat_mcq,allegrolab__hubble-1b-100b_toks-interference_copyright-hf,1,acc_norm,0.09803921568627451,0.011136506553864025
personachat_mcq,allegrolab__hubble-1b-100b_toks-interference_copyright-hf,1,acc_mutual_info,0.13445378151260504,0.012775763901515759
personachat_mcq,allegrolab__hubble-1b-100b_toks-interference_copyright-hf,4,acc,0.10084033613445378,0.011276927427531504
personachat_mcq,allegrolab__hubble-1b-100b_toks-interference_copyright-hf,4,acc_norm,0.08263305322128851,0.010311068668086896
personachat_mcq,allegrolab__hubble-1b-100b_toks-interference_copyright-hf,4,acc_mutual_info,0.10504201680672269,0.011482543095907252
personachat_mcq,allegrolab__hubble-1b-100b_toks-interference_copyright-hf,16,acc,0.10644257703081232,0.016345338718589675
personachat_mcq,allegrolab__hubble-1b-100b_toks-interference_copyright-hf,16,acc_norm,0.12605042016806722,0.017590992311848366
personachat_mcq,allegrolab__hubble-1b-100b_toks-interference_copyright-hf,16,acc_mutual_info,0.13165266106442577,0.017919940395031007
personachat_mcq,allegrolab__hubble-1b-100b_toks-interference_copyright-hf,64,acc,0.11188811188811189,0.02645340872444289
personachat_mcq,allegrolab__hubble-1b-100b_toks-interference_copyright-hf,64,acc_norm,0.1048951048951049,0.025714045302205404
personachat_mcq,allegrolab__hubble-1b-100b_toks-interference_copyright-hf,64,acc_mutual_info,0.14685314685314685,0.02970361813600393
personachat_mcq,allegrolab__hubble-1b-100b_toks-interference_copyright-hf,256,acc,0.1111111111111111,0.03729694925763063
personachat_mcq,allegrolab__hubble-1b-100b_toks-interference_copyright-hf,256,acc_norm,0.125,0.039249114101422455
personachat_mcq,allegrolab__hubble-1b-100b_toks-interference_copyright-hf,256,acc_mutual_info,0.09722222222222222,0.035159608253116335
personachat_mcq,allegrolab__hubble-1b-100b_toks-interference_privacy-hf,0,acc,0.105,0.006856457212201598
personachat_mcq,allegrolab__hubble-1b-100b_toks-interference_privacy-hf,0,acc_norm,0.0995,0.006694944820016937
personachat_mcq,allegrolab__hubble-1b-100b_toks-interference_privacy-hf,0,acc_mutual_info,0.118,0.007215541006467086
personachat_mcq,allegrolab__hubble-1b-100b_toks-interference_privacy-hf,1,acc,0.09243697478991597,0.010847171184004491
personachat_mcq,allegrolab__hubble-1b-100b_toks-interference_privacy-hf,1,acc_norm,0.08403361344537816,0.010390142948306468
personachat_mcq,allegrolab__hubble-1b-100b_toks-interference_privacy-hf,1,acc_mutual_info,0.13585434173669467,0.01283173767189004
personachat_mcq,allegrolab__hubble-1b-100b_toks-interference_privacy-hf,4,acc,0.11624649859943978,0.012003578835358903
personachat_mcq,allegrolab__hubble-1b-100b_toks-interference_privacy-hf,4,acc_norm,0.0896358543417367,0.010698026974517062
personachat_mcq,allegrolab__hubble-1b-100b_toks-interference_privacy-hf,4,acc_mutual_info,0.11484593837535013,0.0119404993314082
personachat_mcq,allegrolab__hubble-1b-100b_toks-interference_privacy-hf,16,acc,0.09243697478991597,0.015350985445951353
personachat_mcq,allegrolab__hubble-1b-100b_toks-interference_privacy-hf,16,acc_norm,0.1092436974789916,0.016533037408636247
personachat_mcq,allegrolab__hubble-1b-100b_toks-interference_privacy-hf,16,acc_mutual_info,0.12885154061624648,0.017756848741793976
personachat_mcq,allegrolab__hubble-1b-100b_toks-interference_privacy-hf,64,acc,0.1048951048951049,0.025714045302205415
personachat_mcq,allegrolab__hubble-1b-100b_toks-interference_privacy-hf,64,acc_norm,0.09090909090909091,0.024124767837921595
personachat_mcq,allegrolab__hubble-1b-100b_toks-interference_privacy-hf,64,acc_mutual_info,0.15384615384615385,0.030277765140806323
personachat_mcq,allegrolab__hubble-1b-100b_toks-interference_privacy-hf,256,acc,0.1111111111111111,0.03729694925763063
personachat_mcq,allegrolab__hubble-1b-100b_toks-interference_privacy-hf,256,acc_norm,0.18055555555555555,0.04564949854152486
personachat_mcq,allegrolab__hubble-1b-100b_toks-interference_privacy-hf,256,acc_mutual_info,0.1388888888888889,0.04104253469235572
personachat_mcq,allegrolab__hubble-1b-100b_toks-interference_testset-hf,0,acc,0.101,0.006739600218525788
personachat_mcq,allegrolab__hubble-1b-100b_toks-interference_testset-hf,0,acc_norm,0.1105,0.007012093819242935
personachat_mcq,allegrolab__hubble-1b-100b_toks-interference_testset-hf,0,acc_mutual_info,0.1075,0.006927905378717892
personachat_mcq,allegrolab__hubble-1b-100b_toks-interference_testset-hf,1,acc,0.09103641456582633,0.010772984872814091
personachat_mcq,allegrolab__hubble-1b-100b_toks-interference_testset-hf,1,acc_norm,0.0938375350140056,0.010920601632837954
personachat_mcq,allegrolab__hubble-1b-100b_toks-interference_testset-hf,1,acc_mutual_info,0.12324929971988796,0.012310778743268096
personachat_mcq,allegrolab__hubble-1b-100b_toks-interference_testset-hf,4,acc,0.0938375350140056,0.010920601632837949
personachat_mcq,allegrolab__hubble-1b-100b_toks-interference_testset-hf,4,acc_norm,0.08263305322128851,0.010311068668086886
personachat_mcq,allegrolab__hubble-1b-100b_toks-interference_testset-hf,4,acc_mutual_info,0.10784313725490197,0.011616414548354315
personachat_mcq,allegrolab__hubble-1b-100b_toks-interference_testset-hf,16,acc,0.08683473389355742,0.01492438458663762
personachat_mcq,allegrolab__hubble-1b-100b_toks-interference_testset-hf,16,acc_norm,0.12044817927170869,0.017250664812285932
personachat_mcq,allegrolab__hubble-1b-100b_toks-interference_testset-hf,16,acc_mutual_info,0.1092436974789916,0.016533037408636247
personachat_mcq,allegrolab__hubble-1b-100b_toks-interference_testset-hf,64,acc,0.13986013986013987,0.02910632295887289
personachat_mcq,allegrolab__hubble-1b-100b_toks-interference_testset-hf,64,acc_norm,0.11888111888111888,0.02715998486468548
personachat_mcq,allegrolab__hubble-1b-100b_toks-interference_testset-hf,64,acc_mutual_info,0.13286713286713286,0.02848442345163115
personachat_mcq,allegrolab__hubble-1b-100b_toks-interference_testset-hf,256,acc,0.1111111111111111,0.03729694925763063
personachat_mcq,allegrolab__hubble-1b-100b_toks-interference_testset-hf,256,acc_norm,0.20833333333333334,0.04819715314419522
personachat_mcq,allegrolab__hubble-1b-100b_toks-interference_testset-hf,256,acc_mutual_info,0.06944444444444445,0.03016898733641694
personachat_mcq,allegrolab__hubble-1b-100b_toks-paraphrased-perturbed-hf,0,acc,0.0985,0.006664914518789528
personachat_mcq,allegrolab__hubble-1b-100b_toks-paraphrased-perturbed-hf,0,acc_norm,0.097,0.006619471935460721
personachat_mcq,allegrolab__hubble-1b-100b_toks-paraphrased-perturbed-hf,0,acc_mutual_info,0.1125,0.007067308428547042
personachat_mcq,allegrolab__hubble-1b-100b_toks-paraphrased-perturbed-hf,1,acc,0.09103641456582633,0.0107729848728141
personachat_mcq,allegrolab__hubble-1b-100b_toks-paraphrased-perturbed-hf,1,acc_norm,0.11204481792717087,0.011812631215999864
personachat_mcq,allegrolab__hubble-1b-100b_toks-paraphrased-perturbed-hf,1,acc_mutual_info,0.12745098039215685,0.012488829678759743
personachat_mcq,allegrolab__hubble-1b-100b_toks-paraphrased-perturbed-hf,4,acc,0.10644257703081232,0.011549791885695512
personachat_mcq,allegrolab__hubble-1b-100b_toks-paraphrased-perturbed-hf,4,acc_norm,0.09523809523809523,0.010993291365829338
personachat_mcq,allegrolab__hubble-1b-100b_toks-paraphrased-perturbed-hf,4,acc_mutual_info,0.13165266106442577,0.012662422341317783
personachat_mcq,allegrolab__hubble-1b-100b_toks-paraphrased-perturbed-hf,16,acc,0.09803921568627451,0.01576045469617045
personachat_mcq,allegrolab__hubble-1b-100b_toks-paraphrased-perturbed-hf,16,acc_norm,0.10084033613445378,0.01595917920705086
personachat_mcq,allegrolab__hubble-1b-100b_toks-paraphrased-perturbed-hf,16,acc_mutual_info,0.14285714285714285,0.01854609953176781
personachat_mcq,allegrolab__hubble-1b-100b_toks-paraphrased-perturbed-hf,64,acc,0.1048951048951049,0.025714045302205415
personachat_mcq,allegrolab__hubble-1b-100b_toks-paraphrased-perturbed-hf,64,acc_norm,0.07692307692307693,0.022361611528223503
personachat_mcq,allegrolab__hubble-1b-100b_toks-paraphrased-perturbed-hf,64,acc_mutual_info,0.13986013986013987,0.02910632295887289
personachat_mcq,allegrolab__hubble-1b-100b_toks-paraphrased-perturbed-hf,256,acc,0.09722222222222222,0.035159608253116335
personachat_mcq,allegrolab__hubble-1b-100b_toks-paraphrased-perturbed-hf,256,acc_norm,0.08333333333333333,0.032800912235873524
personachat_mcq,allegrolab__hubble-1b-100b_toks-paraphrased-perturbed-hf,256,acc_mutual_info,0.125,0.039249114101422455
personachat_mcq,allegrolab__hubble-1b-100b_toks-perturbed-hf,0,acc,0.1055,0.006870842687736335
personachat_mcq,allegrolab__hubble-1b-100b_toks-perturbed-hf,0,acc_norm,0.107,0.006913710993370342
personachat_mcq,allegrolab__hubble-1b-100b_toks-perturbed-hf,0,acc_mutual_info,0.1205,0.007281235004557654
personachat_mcq,allegrolab__hubble-1b-100b_toks-perturbed-hf,1,acc,0.09523809523809523,0.010993291365829341
personachat_mcq,allegrolab__hubble-1b-100b_toks-perturbed-hf,1,acc_norm,0.10084033613445378,0.011276927427531506
personachat_mcq,allegrolab__hubble-1b-100b_toks-perturbed-hf,1,acc_mutual_info,0.1484593837535014,0.013315630815845263
personachat_mcq,allegrolab__hubble-1b-100b_toks-perturbed-hf,4,acc,0.11484593837535013,0.011940499331408198
personachat_mcq,allegrolab__hubble-1b-100b_toks-perturbed-hf,4,acc_norm,0.08403361344537816,0.010390142948306473
personachat_mcq,allegrolab__hubble-1b-100b_toks-perturbed-hf,4,acc_mutual_info,0.11064425770308123,0.011747824001932711
personachat_mcq,allegrolab__hubble-1b-100b_toks-perturbed-hf,16,acc,0.0896358543417367,0.015139915614900315
personachat_mcq,allegrolab__hubble-1b-100b_toks-perturbed-hf,16,acc_norm,0.12044817927170869,0.01725066481228593
personachat_mcq,allegrolab__hubble-1b-100b_toks-perturbed-hf,16,acc_mutual_info,0.1092436974789916,0.01653303740863625
personachat_mcq,allegrolab__hubble-1b-100b_toks-perturbed-hf,64,acc,0.08391608391608392,0.023267303840409197
personachat_mcq,allegrolab__hubble-1b-100b_toks-perturbed-hf,64,acc_norm,0.1048951048951049,0.025714045302205415
personachat_mcq,allegrolab__hubble-1b-100b_toks-perturbed-hf,64,acc_mutual_info,0.1258741258741259,0.027836270582217233
personachat_mcq,allegrolab__hubble-1b-100b_toks-perturbed-hf,256,acc,0.06944444444444445,0.03016898733641695
personachat_mcq,allegrolab__hubble-1b-100b_toks-perturbed-hf,256,acc_norm,0.1111111111111111,0.03729694925763063
personachat_mcq,allegrolab__hubble-1b-100b_toks-perturbed-hf,256,acc_mutual_info,0.1111111111111111,0.03729694925763063
personachat_mcq,allegrolab__hubble-1b-100b_toks-standard-hf,0,acc,0.109,0.006970207449993723
personachat_mcq,allegrolab__hubble-1b-100b_toks-standard-hf,0,acc_norm,0.1025,0.006783795762143152
personachat_mcq,allegrolab__hubble-1b-100b_toks-standard-hf,0,acc_mutual_info,0.116,0.007162237696726643
personachat_mcq,allegrolab__hubble-1b-100b_toks-standard-hf,1,acc,0.08403361344537816,0.010390142948306464
personachat_mcq,allegrolab__hubble-1b-100b_toks-standard-hf,1,acc_norm,0.10084033613445378,0.011276927427531511
personachat_mcq,allegrolab__hubble-1b-100b_toks-standard-hf,1,acc_mutual_info,0.12605042016806722,0.012429984092874687
personachat_mcq,allegrolab__hubble-1b-100b_toks-standard-hf,4,acc,0.08823529411764706,0.0106222811546267
personachat_mcq,allegrolab__hubble-1b-100b_toks-standard-hf,4,acc_norm,0.09943977591036414,0.011207059666282652
personachat_mcq,allegrolab__hubble-1b-100b_toks-standard-hf,4,acc_mutual_info,0.1134453781512605,0.01187685317804646
personachat_mcq,allegrolab__hubble-1b-100b_toks-standard-hf,16,acc,0.09523809523809523,0.015557775653877703
personachat_mcq,allegrolab__hubble-1b-100b_toks-standard-hf,16,acc_norm,0.12885154061624648,0.017756848741793976
personachat_mcq,allegrolab__hubble-1b-100b_toks-standard-hf,16,acc_mutual_info,0.11764705882352941,0.01707602205256287
personachat_mcq,allegrolab__hubble-1b-100b_toks-standard-hf,64,acc,0.1258741258741259,0.027836270582217233
personachat_mcq,allegrolab__hubble-1b-100b_toks-standard-hf,64,acc_norm,0.0979020979020979,0.02493897864456897
personachat_mcq,allegrolab__hubble-1b-100b_toks-standard-hf,64,acc_mutual_info,0.11188811188811189,0.026453408724442892
personachat_mcq,allegrolab__hubble-1b-100b_toks-standard-hf,256,acc,0.09722222222222222,0.035159608253116335
personachat_mcq,allegrolab__hubble-1b-100b_toks-standard-hf,256,acc_norm,0.1111111111111111,0.03729694925763063
personachat_mcq,allegrolab__hubble-1b-100b_toks-standard-hf,256,acc_mutual_info,0.1111111111111111,0.03729694925763063
personachat_mcq,allegrolab__hubble-1b-500b_toks-perturbed-hf,0,acc,0.1045,0.006842023212531536
personachat_mcq,allegrolab__hubble-1b-500b_toks-perturbed-hf,0,acc_norm,0.101,0.00673960021852578
personachat_mcq,allegrolab__hubble-1b-500b_toks-perturbed-hf,0,acc_mutual_info,0.121,0.007294251370190473
personachat_mcq,allegrolab__hubble-1b-500b_toks-perturbed-hf,1,acc,0.10084033613445378,0.0112769274275315
personachat_mcq,allegrolab__hubble-1b-500b_toks-perturbed-hf,1,acc_norm,0.08823529411764706,0.010622281154626696
personachat_mcq,allegrolab__hubble-1b-500b_toks-perturbed-hf,1,acc_mutual_info,0.10364145658263306,0.011414657112619993
personachat_mcq,allegrolab__hubble-1b-500b_toks-perturbed-hf,4,acc,0.09803921568627451,0.011136506553864023
personachat_mcq,allegrolab__hubble-1b-500b_toks-perturbed-hf,4,acc_norm,0.10644257703081232,0.011549791885695508
personachat_mcq,allegrolab__hubble-1b-500b_toks-perturbed-hf,4,acc_mutual_info,0.1092436974789916,0.011682421795945705
personachat_mcq,allegrolab__hubble-1b-500b_toks-perturbed-hf,16,acc,0.09243697478991597,0.01535098544595135
personachat_mcq,allegrolab__hubble-1b-500b_toks-perturbed-hf,16,acc_norm,0.1092436974789916,0.016533037408636254
personachat_mcq,allegrolab__hubble-1b-500b_toks-perturbed-hf,16,acc_mutual_info,0.13445378151260504,0.01808034208976837
personachat_mcq,allegrolab__hubble-1b-500b_toks-perturbed-hf,64,acc,0.1258741258741259,0.027836270582217233
personachat_mcq,allegrolab__hubble-1b-500b_toks-perturbed-hf,64,acc_norm,0.11188811188811189,0.02645340872444289
personachat_mcq,allegrolab__hubble-1b-500b_toks-perturbed-hf,64,acc_mutual_info,0.06993006993006994,0.0214015688594409
personachat_mcq,allegrolab__hubble-1b-500b_toks-perturbed-hf,256,acc,0.08333333333333333,0.03280091223587352
personachat_mcq,allegrolab__hubble-1b-500b_toks-perturbed-hf,256,acc_norm,0.1388888888888889,0.04104253469235571
personachat_mcq,allegrolab__hubble-1b-500b_toks-perturbed-hf,256,acc_mutual_info,0.1388888888888889,0.04104253469235572
personachat_mcq,allegrolab__hubble-1b-500b_toks-standard-hf,0,acc,0.106,0.0068851799432858435
personachat_mcq,allegrolab__hubble-1b-500b_toks-standard-hf,0,acc_norm,0.0985,0.006664914518789524
personachat_mcq,allegrolab__hubble-1b-500b_toks-standard-hf,0,acc_mutual_info,0.124,0.0073715106718224635
personachat_mcq,allegrolab__hubble-1b-500b_toks-standard-hf,1,acc,0.0938375350140056,0.010920601632837947
personachat_mcq,allegrolab__hubble-1b-500b_toks-standard-hf,1,acc_norm,0.09803921568627451,0.011136506553864018
personachat_mcq,allegrolab__hubble-1b-500b_toks-standard-hf,1,acc_mutual_info,0.10504201680672269,0.011482543095907256
personachat_mcq,allegrolab__hubble-1b-500b_toks-standard-hf,4,acc,0.09943977591036414,0.011207059666282652
personachat_mcq,allegrolab__hubble-1b-500b_toks-standard-hf,4,acc_norm,0.08683473389355742,0.010545730435167102
personachat_mcq,allegrolab__hubble-1b-500b_toks-standard-hf,4,acc_mutual_info,0.1092436974789916,0.011682421795945705
personachat_mcq,allegrolab__hubble-1b-500b_toks-standard-hf,16,acc,0.0896358543417367,0.015139915614900315
personachat_mcq,allegrolab__hubble-1b-500b_toks-standard-hf,16,acc_norm,0.11764705882352941,0.017076022052562874
personachat_mcq,allegrolab__hubble-1b-500b_toks-standard-hf,16,acc_mutual_info,0.12324929971988796,0.01742229214515525
personachat_mcq,allegrolab__hubble-1b-500b_toks-standard-hf,64,acc,0.11888111888111888,0.027159984864685485
personachat_mcq,allegrolab__hubble-1b-500b_toks-standard-hf,64,acc_norm,0.1258741258741259,0.027836270582217236
personachat_mcq,allegrolab__hubble-1b-500b_toks-standard-hf,64,acc_mutual_info,0.07692307692307693,0.02236161152822351
personachat_mcq,allegrolab__hubble-1b-500b_toks-standard-hf,256,acc,0.1388888888888889,0.041042534692355706
personachat_mcq,allegrolab__hubble-1b-500b_toks-standard-hf,256,acc_norm,0.09722222222222222,0.035159608253116335
personachat_mcq,allegrolab__hubble-1b-500b_toks-standard-hf,256,acc_mutual_info,0.08333333333333333,0.032800912235873524
personachat_mcq,allegrolab__hubble-8b-100b_toks-paraphrased-perturbed-hf,0,acc,0.1085,0.006956153321665445
personachat_mcq,allegrolab__hubble-8b-100b_toks-paraphrased-perturbed-hf,0,acc_norm,0.0995,0.0066949448200169384
personachat_mcq,allegrolab__hubble-8b-100b_toks-paraphrased-perturbed-hf,0,acc_mutual_info,0.1135,0.007094648829999299
personachat_mcq,allegrolab__hubble-8b-100b_toks-paraphrased-perturbed-hf,1,acc,0.09243697478991597,0.010847171184004491
personachat_mcq,allegrolab__hubble-8b-100b_toks-paraphrased-perturbed-hf,1,acc_norm,0.08543417366946779,0.01046835715847102
personachat_mcq,allegrolab__hubble-8b-100b_toks-paraphrased-perturbed-hf,1,acc_mutual_info,0.12885154061624648,0.012547180027554063
personachat_mcq,allegrolab__hubble-8b-100b_toks-paraphrased-perturbed-hf,4,acc,0.10504201680672269,0.011482543095907244
personachat_mcq,allegrolab__hubble-8b-100b_toks-paraphrased-perturbed-hf,4,acc_norm,0.0784313725490196,0.010068481666580201
personachat_mcq,allegrolab__hubble-8b-100b_toks-paraphrased-perturbed-hf,4,acc_mutual_info,0.12324929971988796,0.012310778743268094
personachat_mcq,allegrolab__hubble-8b-100b_toks-paraphrased-perturbed-hf,16,acc,0.09803921568627451,0.01576045469617045
personachat_mcq,allegrolab__hubble-8b-100b_toks-paraphrased-perturbed-hf,16,acc_norm,0.14565826330532214,0.018696416591424975
personachat_mcq,allegrolab__hubble-8b-100b_toks-paraphrased-perturbed-hf,16,acc_mutual_info,0.13445378151260504,0.01808034208976838
personachat_mcq,allegrolab__hubble-8b-100b_toks-paraphrased-perturbed-hf,64,acc,0.1048951048951049,0.025714045302205408
personachat_mcq,allegrolab__hubble-8b-100b_toks-paraphrased-perturbed-hf,64,acc_norm,0.11188811188811189,0.026453408724442896
personachat_mcq,allegrolab__hubble-8b-100b_toks-paraphrased-perturbed-hf,64,acc_mutual_info,0.14685314685314685,0.029703618136003942
personachat_mcq,allegrolab__hubble-8b-100b_toks-paraphrased-perturbed-hf,256,acc,0.08333333333333333,0.032800912235873524
personachat_mcq,allegrolab__hubble-8b-100b_toks-paraphrased-perturbed-hf,256,acc_norm,0.1388888888888889,0.04104253469235571
personachat_mcq,allegrolab__hubble-8b-100b_toks-paraphrased-perturbed-hf,256,acc_mutual_info,0.1388888888888889,0.04104253469235572
personachat_mcq,allegrolab__hubble-8b-100b_toks-perturbed-hf,0,acc,0.098,0.006649820302461377
personachat_mcq,allegrolab__hubble-8b-100b_toks-perturbed-hf,0,acc_norm,0.1,0.006709881612638773
personachat_mcq,allegrolab__hubble-8b-100b_toks-perturbed-hf,0,acc_mutual_info,0.113,0.0070810006556377755
personachat_mcq,allegrolab__hubble-8b-100b_toks-perturbed-hf,1,acc,0.07703081232492998,0.00998575888319661
personachat_mcq,allegrolab__hubble-8b-100b_toks-perturbed-hf,1,acc_norm,0.09523809523809523,0.010993291365829333
personachat_mcq,allegrolab__hubble-8b-100b_toks-perturbed-hf,1,acc_mutual_info,0.11064425770308123,0.01174782400193271
personachat_mcq,allegrolab__hubble-8b-100b_toks-perturbed-hf,4,acc,0.11624649859943978,0.012003578835358906
personachat_mcq,allegrolab__hubble-8b-100b_toks-perturbed-hf,4,acc_norm,0.0896358543417367,0.01069802697451706
personachat_mcq,allegrolab__hubble-8b-100b_toks-perturbed-hf,4,acc_mutual_info,0.10224089635854341,0.011346122498494125
personachat_mcq,allegrolab__hubble-8b-100b_toks-perturbed-hf,16,acc,0.1092436974789916,0.016533037408636257
personachat_mcq,allegrolab__hubble-8b-100b_toks-perturbed-hf,16,acc_norm,0.13445378151260504,0.018080342089768366
personachat_mcq,allegrolab__hubble-8b-100b_toks-perturbed-hf,16,acc_mutual_info,0.13165266106442577,0.017919940395031014
personachat_mcq,allegrolab__hubble-8b-100b_toks-perturbed-hf,64,acc,0.11888111888111888,0.027159984864685485
personachat_mcq,allegrolab__hubble-8b-100b_toks-perturbed-hf,64,acc_norm,0.11888111888111888,0.027159984864685485
personachat_mcq,allegrolab__hubble-8b-100b_toks-perturbed-hf,64,acc_mutual_info,0.055944055944055944,0.01928553397665406
personachat_mcq,allegrolab__hubble-8b-100b_toks-perturbed-hf,256,acc,0.1111111111111111,0.03729694925763063
personachat_mcq,allegrolab__hubble-8b-100b_toks-perturbed-hf,256,acc_norm,0.125,0.039249114101422455
personachat_mcq,allegrolab__hubble-8b-100b_toks-perturbed-hf,256,acc_mutual_info,0.16666666666666666,0.04422874103618961
personachat_mcq,allegrolab__hubble-8b-100b_toks-standard-hf,0,acc,0.107,0.0069137109933703434
personachat_mcq,allegrolab__hubble-8b-100b_toks-standard-hf,0,acc_norm,0.101,0.006739600218525784
personachat_mcq,allegrolab__hubble-8b-100b_toks-standard-hf,0,acc_mutual_info,0.1145,0.007121814032783976
personachat_mcq,allegrolab__hubble-8b-100b_toks-standard-hf,1,acc,0.09243697478991597,0.010847171184004497
personachat_mcq,allegrolab__hubble-8b-100b_toks-standard-hf,1,acc_norm,0.0938375350140056,0.010920601632837944
personachat_mcq,allegrolab__hubble-8b-100b_toks-standard-hf,1,acc_mutual_info,0.11764705882352941,0.01206610057693961
personachat_mcq,allegrolab__hubble-8b-100b_toks-standard-hf,4,acc,0.10644257703081232,0.011549791885695508
personachat_mcq,allegrolab__hubble-8b-100b_toks-standard-hf,4,acc_norm,0.09663865546218488,0.0110652549806917
personachat_mcq,allegrolab__hubble-8b-100b_toks-standard-hf,4,acc_mutual_info,0.11904761904761904,0.012128073182158744
personachat_mcq,allegrolab__hubble-8b-100b_toks-standard-hf,16,acc,0.10644257703081232,0.016345338718589675
personachat_mcq,allegrolab__hubble-8b-100b_toks-standard-hf,16,acc_norm,0.10364145658263306,0.016154095130788346
personachat_mcq,allegrolab__hubble-8b-100b_toks-standard-hf,16,acc_mutual_info,0.10644257703081232,0.016345338718589668
personachat_mcq,allegrolab__hubble-8b-100b_toks-standard-hf,64,acc,0.0979020979020979,0.024938978644568975
personachat_mcq,allegrolab__hubble-8b-100b_toks-standard-hf,64,acc_norm,0.1048951048951049,0.025714045302205415
personachat_mcq,allegrolab__hubble-8b-100b_toks-standard-hf,64,acc_mutual_info,0.1048951048951049,0.025714045302205415
personachat_mcq,allegrolab__hubble-8b-100b_toks-standard-hf,256,acc,0.08333333333333333,0.03280091223587352
personachat_mcq,allegrolab__hubble-8b-100b_toks-standard-hf,256,acc_norm,0.125,0.039249114101422455
personachat_mcq,allegrolab__hubble-8b-100b_toks-standard-hf,256,acc_mutual_info,0.09722222222222222,0.035159608253116335
personachat_mcq,allegrolab__hubble-8b-500b_toks-perturbed-hf,0,acc,0.0995,0.00669494482001693
personachat_mcq,allegrolab__hubble-8b-500b_toks-perturbed-hf,0,acc_norm,0.1025,0.006783795762143135
personachat_mcq,allegrolab__hubble-8b-500b_toks-perturbed-hf,0,acc_mutual_info,0.118,0.007215541006467082
personachat_mcq,allegrolab__hubble-8b-500b_toks-perturbed-hf,1,acc,0.09243697478991597,0.010847171184004483
personachat_mcq,allegrolab__hubble-8b-500b_toks-perturbed-hf,1,acc_norm,0.08123249299719888,0.010231114375892454
personachat_mcq,allegrolab__hubble-8b-500b_toks-perturbed-hf,1,acc_mutual_info,0.12184873949579832,0.012250404245502992
personachat_mcq,allegrolab__hubble-8b-500b_toks-perturbed-hf,4,acc,0.09663865546218488,0.01106525498069169
personachat_mcq,allegrolab__hubble-8b-500b_toks-perturbed-hf,4,acc_norm,0.09103641456582633,0.010772984872814093
personachat_mcq,allegrolab__hubble-8b-500b_toks-perturbed-hf,4,acc_mutual_info,0.12324929971988796,0.0123107787432681
personachat_mcq,allegrolab__hubble-8b-500b_toks-perturbed-hf,16,acc,0.09523809523809523,0.015557775653877701
personachat_mcq,allegrolab__hubble-8b-500b_toks-perturbed-hf,16,acc_norm,0.10644257703081232,0.016345338718589675
personachat_mcq,allegrolab__hubble-8b-500b_toks-perturbed-hf,16,acc_mutual_info,0.12605042016806722,0.017590992311848363
personachat_mcq,allegrolab__hubble-8b-500b_toks-perturbed-hf,64,acc,0.11188811188811189,0.026453408724442892
personachat_mcq,allegrolab__hubble-8b-500b_toks-perturbed-hf,64,acc_norm,0.1258741258741259,0.027836270582217233
personachat_mcq,allegrolab__hubble-8b-500b_toks-perturbed-hf,64,acc_mutual_info,0.0979020979020979,0.024938978644568975
personachat_mcq,allegrolab__hubble-8b-500b_toks-perturbed-hf,256,acc,0.06944444444444445,0.030168987336416948
personachat_mcq,allegrolab__hubble-8b-500b_toks-perturbed-hf,256,acc_norm,0.08333333333333333,0.032800912235873524
personachat_mcq,allegrolab__hubble-8b-500b_toks-perturbed-hf,256,acc_mutual_info,0.1111111111111111,0.03729694925763062
personachat_mcq,allegrolab__hubble-8b-500b_toks-standard-hf,0,acc,0.107,0.006913710993370348
personachat_mcq,allegrolab__hubble-8b-500b_toks-standard-hf,0,acc_norm,0.107,0.006913710993370338
personachat_mcq,allegrolab__hubble-8b-500b_toks-standard-hf,0,acc_mutual_info,0.1195,0.007255080502416797
personachat_mcq,allegrolab__hubble-8b-500b_toks-standard-hf,1,acc,0.0938375350140056,0.010920601632837944
personachat_mcq,allegrolab__hubble-8b-500b_toks-standard-hf,1,acc_norm,0.08123249299719888,0.010231114375892443
personachat_mcq,allegrolab__hubble-8b-500b_toks-standard-hf,1,acc_mutual_info,0.12324929971988796,0.012310778743268096
personachat_mcq,allegrolab__hubble-8b-500b_toks-standard-hf,4,acc,0.12745098039215685,0.012488829678759734
personachat_mcq,allegrolab__hubble-8b-500b_toks-standard-hf,4,acc_norm,0.09663865546218488,0.0110652549806917
personachat_mcq,allegrolab__hubble-8b-500b_toks-standard-hf,4,acc_mutual_info,0.11484593837535013,0.0119404993314082
personachat_mcq,allegrolab__hubble-8b-500b_toks-standard-hf,16,acc,0.09523809523809523,0.015557775653877707
personachat_mcq,allegrolab__hubble-8b-500b_toks-standard-hf,16,acc_norm,0.12324929971988796,0.017422292145155255
personachat_mcq,allegrolab__hubble-8b-500b_toks-standard-hf,16,acc_mutual_info,0.10644257703081232,0.016345338718589675
personachat_mcq,allegrolab__hubble-8b-500b_toks-standard-hf,64,acc,0.0979020979020979,0.02493897864456897
personachat_mcq,allegrolab__hubble-8b-500b_toks-standard-hf,64,acc_norm,0.14685314685314685,0.02970361813600394
personachat_mcq,allegrolab__hubble-8b-500b_toks-standard-hf,64,acc_mutual_info,0.08391608391608392,0.02326730384040919
personachat_mcq,allegrolab__hubble-8b-500b_toks-standard-hf,256,acc,0.125,0.039249114101422455
personachat_mcq,allegrolab__hubble-8b-500b_toks-standard-hf,256,acc_norm,0.1111111111111111,0.03729694925763063
personachat_mcq,allegrolab__hubble-8b-500b_toks-standard-hf,256,acc_mutual_info,0.1111111111111111,0.03729694925763063
personachat_persona_loss,allegrolab__hubble-1b-100b_toks-double_depth-perturbed-hf,0,perplexity,-0.8698863997125197,0.0034732420995794047
personachat_persona_loss,allegrolab__hubble-1b-100b_toks-double_depth-perturbed-hf,1,perplexity,-0.8691765541697628,0.005826968479469322
personachat_persona_loss,allegrolab__hubble-1b-100b_toks-double_depth-perturbed-hf,4,perplexity,-0.8616276127084135,0.005463287944071214
personachat_persona_loss,allegrolab__hubble-1b-100b_toks-double_depth-perturbed-hf,16,perplexity,-0.853062290527386,0.007508993940333673
personachat_persona_loss,allegrolab__hubble-1b-100b_toks-double_depth-perturbed-hf,64,perplexity,-0.8787355157375062,0.013549158817377015
personachat_persona_loss,allegrolab__hubble-1b-100b_toks-double_depth-perturbed-hf,256,perplexity,-0.919948143181079,0.020830297077505295
personachat_persona_loss,allegrolab__hubble-1b-100b_toks-double_depth-standard-hf,0,perplexity,-0.7072964636658191,0.0023081382034949053
personachat_persona_loss,allegrolab__hubble-1b-100b_toks-double_depth-standard-hf,1,perplexity,-0.7077456618964869,0.00394175631058177
personachat_persona_loss,allegrolab__hubble-1b-100b_toks-double_depth-standard-hf,4,perplexity,-0.7095975676954868,0.0037573296404490677
personachat_persona_loss,allegrolab__hubble-1b-100b_toks-double_depth-standard-hf,16,perplexity,-0.6957108710158374,0.005270058398507155
personachat_persona_loss,allegrolab__hubble-1b-100b_toks-double_depth-standard-hf,64,perplexity,-0.6962655644462719,0.008164188849361785
personachat_persona_loss,allegrolab__hubble-1b-100b_toks-double_depth-standard-hf,256,perplexity,-0.6980444870293574,0.012509516077486522
personachat_persona_loss,allegrolab__hubble-1b-100b_toks-half_depth-perturbed-hf,0,perplexity,-0.7747089665350347,0.0036623466607757275
personachat_persona_loss,allegrolab__hubble-1b-100b_toks-half_depth-perturbed-hf,1,perplexity,-0.7663725066971786,0.005784958289391779
personachat_persona_loss,allegrolab__hubble-1b-100b_toks-half_depth-perturbed-hf,4,perplexity,-0.7479969158137802,0.004750545309218075
personachat_persona_loss,allegrolab__hubble-1b-100b_toks-half_depth-perturbed-hf,16,perplexity,-0.7343760370972452,0.0065725127925252095
personachat_persona_loss,allegrolab__hubble-1b-100b_toks-half_depth-perturbed-hf,64,perplexity,-0.999134275987385,0.014591817572215584
personachat_persona_loss,allegrolab__hubble-1b-100b_toks-half_depth-perturbed-hf,256,perplexity,-1.1546144021335032,0.02192493412003588
personachat_persona_loss,allegrolab__hubble-1b-100b_toks-half_depth-standard-hf,0,perplexity,-0.7411927004236328,0.0023496349640573675
personachat_persona_loss,allegrolab__hubble-1b-100b_toks-half_depth-standard-hf,1,perplexity,-0.7414738801996871,0.003960791128010529
personachat_persona_loss,allegrolab__hubble-1b-100b_toks-half_depth-standard-hf,4,perplexity,-0.7435849527555005,0.003732287767503068
personachat_persona_loss,allegrolab__hubble-1b-100b_toks-half_depth-standard-hf,16,perplexity,-0.7311070590968138,0.005357625292775706
personachat_persona_loss,allegrolab__hubble-1b-100b_toks-half_depth-standard-hf,64,perplexity,-0.7331219053196525,0.008450891368490712
personachat_persona_loss,allegrolab__hubble-1b-100b_toks-half_depth-standard-hf,256,perplexity,-0.7284263108806243,0.012765959973489885
personachat_persona_loss,allegrolab__hubble-1b-100b_toks-injectrange_0_25-hf,0,perplexity,-0.7232796447853843,0.0022971336001075494
personachat_persona_loss,allegrolab__hubble-1b-100b_toks-injectrange_0_25-hf,1,perplexity,-0.7226728183780836,0.003811363949563436
personachat_persona_loss,allegrolab__hubble-1b-100b_toks-injectrange_0_25-hf,4,perplexity,-0.7254868293972044,0.0037005161737702964
personachat_persona_loss,allegrolab__hubble-1b-100b_toks-injectrange_0_25-hf,16,perplexity,-0.711148512383171,0.0051966267905512046
personachat_persona_loss,allegrolab__hubble-1b-100b_toks-injectrange_0_25-hf,64,perplexity,-0.7134367127647135,0.008166835211136904
personachat_persona_loss,allegrolab__hubble-1b-100b_toks-injectrange_0_25-hf,256,perplexity,-0.7115603216624427,0.012150601393878307
personachat_persona_loss,allegrolab__hubble-1b-100b_toks-injectrange_0_50-hf,0,perplexity,-0.7147952345104848,0.002265549176634164
personachat_persona_loss,allegrolab__hubble-1b-100b_toks-injectrange_0_50-hf,1,perplexity,-0.7141262371131964,0.003810583094259868
personachat_persona_loss,allegrolab__hubble-1b-100b_toks-injectrange_0_50-hf,4,perplexity,-0.7154243749238934,0.003597845856036632
personachat_persona_loss,allegrolab__hubble-1b-100b_toks-injectrange_0_50-hf,16,perplexity,-0.7035918950056449,0.005210768174227277
personachat_persona_loss,allegrolab__hubble-1b-100b_toks-injectrange_0_50-hf,64,perplexity,-0.7019319118568212,0.008002523367955131
personachat_persona_loss,allegrolab__hubble-1b-100b_toks-injectrange_0_50-hf,256,perplexity,-0.7032329389967732,0.012041301382988591
personachat_persona_loss,allegrolab__hubble-1b-100b_toks-injectrange_25_50-hf,0,perplexity,-0.7076546997967519,0.002316532949954639
personachat_persona_loss,allegrolab__hubble-1b-100b_toks-injectrange_25_50-hf,1,perplexity,-0.7072906477080216,0.003856209037322531
personachat_persona_loss,allegrolab__hubble-1b-100b_toks-injectrange_25_50-hf,4,perplexity,-0.7085138714166573,0.0036757026890156383
personachat_persona_loss,allegrolab__hubble-1b-100b_toks-injectrange_25_50-hf,16,perplexity,-0.6951323647267075,0.005337885411573684
personachat_persona_loss,allegrolab__hubble-1b-100b_toks-injectrange_25_50-hf,64,perplexity,-0.7002907292310521,0.008339277874426808
personachat_persona_loss,allegrolab__hubble-1b-100b_toks-injectrange_25_50-hf,256,perplexity,-0.6932355126373105,0.01278721066610546
personachat_persona_loss,allegrolab__hubble-1b-100b_toks-injectrange_50_100-hf,0,perplexity,-0.7296876935412722,0.0028105486813701347
personachat_persona_loss,allegrolab__hubble-1b-100b_toks-injectrange_50_100-hf,1,perplexity,-0.7247810774067895,0.004577774997712402
personachat_persona_loss,allegrolab__hubble-1b-100b_toks-injectrange_50_100-hf,4,perplexity,-0.7143684800623825,0.004123861646107348
personachat_persona_loss,allegrolab__hubble-1b-100b_toks-injectrange_50_100-hf,16,perplexity,-0.7289724821766259,0.0070883855372997065
personachat_persona_loss,allegrolab__hubble-1b-100b_toks-injectrange_50_100-hf,64,perplexity,-1.0486272775267576,0.017072151486448067
personachat_persona_loss,allegrolab__hubble-1b-100b_toks-injectrange_50_100-hf,256,perplexity,-1.1179542468104355,0.024630257329093515
personachat_persona_loss,allegrolab__hubble-1b-100b_toks-injectrange_50_75-hf,0,perplexity,-0.7086092330050223,0.0024206755066708526
personachat_persona_loss,allegrolab__hubble-1b-100b_toks-injectrange_50_75-hf,1,perplexity,-0.7070356321985565,0.004028179528260541
personachat_persona_loss,allegrolab__hubble-1b-100b_toks-injectrange_50_75-hf,4,perplexity,-0.7064541693814608,0.003790292052505284
personachat_persona_loss,allegrolab__hubble-1b-100b_toks-injectrange_50_75-hf,16,perplexity,-0.6967534444788277,0.0054544599529207155
personachat_persona_loss,allegrolab__hubble-1b-100b_toks-injectrange_50_75-hf,64,perplexity,-0.8044446986386327,0.014460270589721474
personachat_persona_loss,allegrolab__hubble-1b-100b_toks-injectrange_50_75-hf,256,perplexity,-0.8002462481573009,0.01573431318856247
personachat_persona_loss,allegrolab__hubble-1b-100b_toks-injectrange_75_100-hf,0,perplexity,-0.8203194891614722,0.003186021519669371
personachat_persona_loss,allegrolab__hubble-1b-100b_toks-injectrange_75_100-hf,1,perplexity,-0.789035419921328,0.00484099025703875
personachat_persona_loss,allegrolab__hubble-1b-100b_toks-injectrange_75_100-hf,4,perplexity,-0.7801659470632487,0.0044344836884918195
personachat_persona_loss,allegrolab__hubble-1b-100b_toks-injectrange_75_100-hf,16,perplexity,-0.8349430873637959,0.008278841306223245
personachat_persona_loss,allegrolab__hubble-1b-100b_toks-injectrange_75_100-hf,64,perplexity,-1.0903374475583076,0.016782397676072095
personachat_persona_loss,allegrolab__hubble-1b-100b_toks-injectrange_75_100-hf,256,perplexity,-1.0993126167285248,0.01887387601896236
personachat_persona_loss,allegrolab__hubble-1b-100b_toks-interference_copyright-hf,0,perplexity,-0.7273221532907368,0.0022806406119334657
personachat_persona_loss,allegrolab__hubble-1b-100b_toks-interference_copyright-hf,1,perplexity,-0.7273611769678968,0.0038338763064276566
personachat_persona_loss,allegrolab__hubble-1b-100b_toks-interference_copyright-hf,4,perplexity,-0.72950470570724,0.0036569342084182433
personachat_persona_loss,allegrolab__hubble-1b-100b_toks-interference_copyright-hf,16,perplexity,-0.7149408289398023,0.005347782939628632
personachat_persona_loss,allegrolab__hubble-1b-100b_toks-interference_copyright-hf,64,perplexity,-0.7190459324463684,0.008184119360864276
personachat_persona_loss,allegrolab__hubble-1b-100b_toks-interference_copyright-hf,256,perplexity,-0.7160975879671152,0.012493943884377148
personachat_persona_loss,allegrolab__hubble-1b-100b_toks-interference_privacy-hf,0,perplexity,-0.8714508350100234,0.0035124544757924032
personachat_persona_loss,allegrolab__hubble-1b-100b_toks-interference_privacy-hf,1,perplexity,-0.8617621478564114,0.005883590257952855
personachat_persona_loss,allegrolab__hubble-1b-100b_toks-interference_privacy-hf,4,perplexity,-0.8454046830520708,0.005746074883910283
personachat_persona_loss,allegrolab__hubble-1b-100b_toks-interference_privacy-hf,16,perplexity,-0.8587055059572534,0.008014930245194242
personachat_persona_loss,allegrolab__hubble-1b-100b_toks-interference_privacy-hf,64,perplexity,-1.0020968983438,0.01349774233588068
personachat_persona_loss,allegrolab__hubble-1b-100b_toks-interference_privacy-hf,256,perplexity,-1.0268934666840153,0.021829091492327993
personachat_persona_loss,allegrolab__hubble-1b-100b_toks-interference_testset-hf,0,perplexity,-0.7155080819849323,0.0022605547900010226
personachat_persona_loss,allegrolab__hubble-1b-100b_toks-interference_testset-hf,1,perplexity,-0.7153140302974652,0.003857466086676166
personachat_persona_loss,allegrolab__hubble-1b-100b_toks-interference_testset-hf,4,perplexity,-0.7178032020876348,0.003683438228823833
personachat_persona_loss,allegrolab__hubble-1b-100b_toks-interference_testset-hf,16,perplexity,-0.7051309123354346,0.00516561489234879
personachat_persona_loss,allegrolab__hubble-1b-100b_toks-interference_testset-hf,64,perplexity,-0.7059655130632795,0.008358583660037567
personachat_persona_loss,allegrolab__hubble-1b-100b_toks-interference_testset-hf,256,perplexity,-0.7056779222038913,0.012605450723609706
personachat_persona_loss,allegrolab__hubble-1b-100b_toks-paraphrased-perturbed-hf,0,perplexity,-0.7630790927206964,0.0035009102029475176
personachat_persona_loss,allegrolab__hubble-1b-100b_toks-paraphrased-perturbed-hf,1,perplexity,-0.7523940597143105,0.005677389641789938
personachat_persona_loss,allegrolab__hubble-1b-100b_toks-paraphrased-perturbed-hf,4,perplexity,-0.7340636058025266,0.0048406026840299024
personachat_persona_loss,allegrolab__hubble-1b-100b_toks-paraphrased-perturbed-hf,16,perplexity,-0.733087549933754,0.007682006853953403
personachat_persona_loss,allegrolab__hubble-1b-100b_toks-paraphrased-perturbed-hf,64,perplexity,-1.059950480569896,0.013500734596126732
personachat_persona_loss,allegrolab__hubble-1b-100b_toks-paraphrased-perturbed-hf,256,perplexity,-1.1233080811706193,0.020820644920017468
personachat_persona_loss,allegrolab__hubble-1b-100b_toks-perturbed-hf,0,perplexity,-0.785363095215617,0.003065063178901149
personachat_persona_loss,allegrolab__hubble-1b-100b_toks-perturbed-hf,1,perplexity,-0.7764040377362019,0.0051902030559103935
personachat_persona_loss,allegrolab__hubble-1b-100b_toks-perturbed-hf,4,perplexity,-0.762260784384893,0.005021753629853117
personachat_persona_loss,allegrolab__hubble-1b-100b_toks-perturbed-hf,16,perplexity,-0.767764947465791,0.006710430922936625
personachat_persona_loss,allegrolab__hubble-1b-100b_toks-perturbed-hf,64,perplexity,-0.9821128834916589,0.01386141618096669
personachat_persona_loss,allegrolab__hubble-1b-100b_toks-perturbed-hf,256,perplexity,-1.012451548633957,0.02070783324618271
personachat_persona_loss,allegrolab__hubble-1b-100b_toks-standard-hf,0,perplexity,-0.7176491469934644,0.002315200069255111
personachat_persona_loss,allegrolab__hubble-1b-100b_toks-standard-hf,1,perplexity,-0.7182595321659352,0.0038665316487174156
personachat_persona_loss,allegrolab__hubble-1b-100b_toks-standard-hf,4,perplexity,-0.7190724315340394,0.003648002967632643
personachat_persona_loss,allegrolab__hubble-1b-100b_toks-standard-hf,16,perplexity,-0.7059875615345296,0.005257449826053102
personachat_persona_loss,allegrolab__hubble-1b-100b_toks-standard-hf,64,perplexity,-0.7090109184241397,0.008265943605669238
personachat_persona_loss,allegrolab__hubble-1b-100b_toks-standard-hf,256,perplexity,-0.703498205196508,0.012510788878899008
personachat_persona_loss,allegrolab__hubble-1b-500b_toks-perturbed-hf,0,perplexity,-0.7105316743090789,0.0025895262017188547
personachat_persona_loss,allegrolab__hubble-1b-500b_toks-perturbed-hf,1,perplexity,-0.7092782557634264,0.004355736873633016
personachat_persona_loss,allegrolab__hubble-1b-500b_toks-perturbed-hf,4,perplexity,-0.7063933106155174,0.0038673791348058316
personachat_persona_loss,allegrolab__hubble-1b-500b_toks-perturbed-hf,16,perplexity,-0.6921673389877652,0.005529213354427485
personachat_persona_loss,allegrolab__hubble-1b-500b_toks-perturbed-hf,64,perplexity,-0.6951460541653111,0.00837837881109252
personachat_persona_loss,allegrolab__hubble-1b-500b_toks-perturbed-hf,256,perplexity,-1.2169006903242228,0.026236941753581232
personachat_persona_loss,allegrolab__hubble-1b-500b_toks-standard-hf,0,perplexity,-0.6960121382624478,0.0022412982533041715
personachat_persona_loss,allegrolab__hubble-1b-500b_toks-standard-hf,1,perplexity,-0.6951972613548443,0.0038058058607315904
personachat_persona_loss,allegrolab__hubble-1b-500b_toks-standard-hf,4,perplexity,-0.6965689652357425,0.003635890092100693
personachat_persona_loss,allegrolab__hubble-1b-500b_toks-standard-hf,16,perplexity,-0.6849538398824574,0.0052829051607125735
personachat_persona_loss,allegrolab__hubble-1b-500b_toks-standard-hf,64,perplexity,-0.68689503080393,0.008100550087646824
personachat_persona_loss,allegrolab__hubble-1b-500b_toks-standard-hf,256,perplexity,-0.6852781476495065,0.012386418483444
personachat_persona_loss,allegrolab__hubble-8b-100b_toks-paraphrased-perturbed-hf,0,perplexity,-0.8869828143257658,0.0032602789088589934
personachat_persona_loss,allegrolab__hubble-8b-100b_toks-paraphrased-perturbed-hf,1,perplexity,-0.8744423346688479,0.005392307457843422
personachat_persona_loss,allegrolab__hubble-8b-100b_toks-paraphrased-perturbed-hf,4,perplexity,-0.8696455731363868,0.0053284375541994096
personachat_persona_loss,allegrolab__hubble-8b-100b_toks-paraphrased-perturbed-hf,16,perplexity,-0.8922441913330552,0.007596614635894064
personachat_persona_loss,allegrolab__hubble-8b-100b_toks-paraphrased-perturbed-hf,64,perplexity,-0.9171285718047514,0.012659984026533785
personachat_persona_loss,allegrolab__hubble-8b-100b_toks-paraphrased-perturbed-hf,256,perplexity,-0.8958063495345464,0.016459013651557157
personachat_persona_loss,allegrolab__hubble-8b-100b_toks-perturbed-hf,0,perplexity,-0.8881065025685259,0.003234214632152132
personachat_persona_loss,allegrolab__hubble-8b-100b_toks-perturbed-hf,1,perplexity,-0.8770739862060523,0.005248731104415637
personachat_persona_loss,allegrolab__hubble-8b-100b_toks-perturbed-hf,4,perplexity,-0.8749931476697904,0.005148988623698644
personachat_persona_loss,allegrolab__hubble-8b-100b_toks-perturbed-hf,16,perplexity,-0.87812794739564,0.007868754594534101
personachat_persona_loss,allegrolab__hubble-8b-100b_toks-perturbed-hf,64,perplexity,-0.9056753704681478,0.011683310787086187
personachat_persona_loss,allegrolab__hubble-8b-100b_toks-perturbed-hf,256,perplexity,-0.8868715761884256,0.015258697368136695
personachat_persona_loss,allegrolab__hubble-8b-100b_toks-standard-hf,0,perplexity,-0.6754465145820501,0.002206907380333097
personachat_persona_loss,allegrolab__hubble-8b-100b_toks-standard-hf,1,perplexity,-0.6769295030108122,0.00377364942888063
personachat_persona_loss,allegrolab__hubble-8b-100b_toks-standard-hf,4,perplexity,-0.6767069392858114,0.00359546249556633
personachat_persona_loss,allegrolab__hubble-8b-100b_toks-standard-hf,16,perplexity,-0.6648942475857164,0.00514517858253346
personachat_persona_loss,allegrolab__hubble-8b-100b_toks-standard-hf,64,perplexity,-0.6672577180972973,0.00780208254887515
personachat_persona_loss,allegrolab__hubble-8b-100b_toks-standard-hf,256,perplexity,-0.6662404185770141,0.012159118507575136
personachat_persona_loss,allegrolab__hubble-8b-500b_toks-perturbed-hf,0,perplexity,-0.766231866230642,0.0027212214999320417
personachat_persona_loss,allegrolab__hubble-8b-500b_toks-perturbed-hf,1,perplexity,-0.7569829742264985,0.004398783800454591
personachat_persona_loss,allegrolab__hubble-8b-500b_toks-perturbed-hf,4,perplexity,-0.7502153884896737,0.0044303687622720975
personachat_persona_loss,allegrolab__hubble-8b-500b_toks-perturbed-hf,16,perplexity,-0.7567058093809128,0.006391371408036056
personachat_persona_loss,allegrolab__hubble-8b-500b_toks-perturbed-hf,64,perplexity,-0.8237074093992521,0.011299066451685658
personachat_persona_loss,allegrolab__hubble-8b-500b_toks-perturbed-hf,256,perplexity,-0.8288161167686547,0.01615375048440815
personachat_persona_loss,allegrolab__hubble-8b-500b_toks-standard-hf,0,perplexity,-0.6687817824904432,0.0021645105584678164
personachat_persona_loss,allegrolab__hubble-8b-500b_toks-standard-hf,1,perplexity,-0.669702797335611,0.0036729290213119315
personachat_persona_loss,allegrolab__hubble-8b-500b_toks-standard-hf,4,perplexity,-0.6707914722536896,0.003535806944997726
personachat_persona_loss,allegrolab__hubble-8b-500b_toks-standard-hf,16,perplexity,-0.6580518272593051,0.005068778256140674
personachat_persona_loss,allegrolab__hubble-8b-500b_toks-standard-hf,64,perplexity,-0.662740127606858,0.00770075003200675
personachat_persona_loss,allegrolab__hubble-8b-500b_toks-standard-hf,256,perplexity,-0.6580740218769221,0.012050318492144371
personachat_ppl,allegrolab__hubble-1b-100b_toks-double_depth-perturbed-hf,0,norm_ll_word,-3.8699235041923536,0.01112762304589806
personachat_ppl,allegrolab__hubble-1b-100b_toks-double_depth-perturbed-hf,0,norm_ll_byte,-0.6796962899667018,0.001958952215462162
personachat_ppl,allegrolab__hubble-1b-100b_toks-double_depth-perturbed-hf,1,norm_ll_word,-3.654876216217384,0.017577232271356373
personachat_ppl,allegrolab__hubble-1b-100b_toks-double_depth-perturbed-hf,1,norm_ll_byte,-0.6409176158700566,0.003090555392577197
personachat_ppl,allegrolab__hubble-1b-100b_toks-double_depth-perturbed-hf,4,norm_ll_word,-3.319299708025381,0.016859518637229662
personachat_ppl,allegrolab__hubble-1b-100b_toks-double_depth-perturbed-hf,4,norm_ll_byte,-0.5826990648470562,0.0029704248043388153
personachat_ppl,allegrolab__hubble-1b-100b_toks-double_depth-perturbed-hf,16,norm_ll_word,-2.4109116700544098,0.026516573001784265
personachat_ppl,allegrolab__hubble-1b-100b_toks-double_depth-perturbed-hf,16,norm_ll_byte,-0.42251337966479774,0.004744721180098168
personachat_ppl,allegrolab__hubble-1b-100b_toks-double_depth-perturbed-hf,64,norm_ll_word,-0.2768800766471128,0.006536055837841304
personachat_ppl,allegrolab__hubble-1b-100b_toks-double_depth-perturbed-hf,64,norm_ll_byte,-0.048633889256222404,0.0011049542474498308
personachat_ppl,allegrolab__hubble-1b-100b_toks-double_depth-perturbed-hf,256,norm_ll_word,-0.12667949759280703,0.00256685350592824
personachat_ppl,allegrolab__hubble-1b-100b_toks-double_depth-perturbed-hf,256,norm_ll_byte,-0.02196299234599662,0.00041031653051373394
personachat_ppl,allegrolab__hubble-1b-100b_toks-double_depth-standard-hf,0,norm_ll_word,-3.8360757139124853,0.009477774427841727
personachat_ppl,allegrolab__hubble-1b-100b_toks-double_depth-standard-hf,0,norm_ll_byte,-0.6736601414200433,0.0016555195330797514
personachat_ppl,allegrolab__hubble-1b-100b_toks-double_depth-standard-hf,1,norm_ll_word,-3.8012185187527128,0.015297818523851816
personachat_ppl,allegrolab__hubble-1b-100b_toks-double_depth-standard-hf,1,norm_ll_byte,-0.6664456131539186,0.002641628557656558
personachat_ppl,allegrolab__hubble-1b-100b_toks-double_depth-standard-hf,4,norm_ll_word,-3.790387197654079,0.015128898944782308
personachat_ppl,allegrolab__hubble-1b-100b_toks-double_depth-standard-hf,4,norm_ll_byte,-0.6653179750724438,0.00264930393620233
personachat_ppl,allegrolab__hubble-1b-100b_toks-double_depth-standard-hf,16,norm_ll_word,-3.790265176707905,0.02037529575268361
personachat_ppl,allegrolab__hubble-1b-100b_toks-double_depth-standard-hf,16,norm_ll_byte,-0.6637589751611914,0.003623446111796466
personachat_ppl,allegrolab__hubble-1b-100b_toks-double_depth-standard-hf,64,norm_ll_word,-3.8173491725769906,0.034178640503703964
personachat_ppl,allegrolab__hubble-1b-100b_toks-double_depth-standard-hf,64,norm_ll_byte,-0.6715095297826513,0.006032787233521786
personachat_ppl,allegrolab__hubble-1b-100b_toks-double_depth-standard-hf,256,norm_ll_word,-3.883340977303887,0.05156188411317225
personachat_ppl,allegrolab__hubble-1b-100b_toks-double_depth-standard-hf,256,norm_ll_byte,-0.6744342462135863,0.008922444637943693
personachat_ppl,allegrolab__hubble-1b-100b_toks-half_depth-perturbed-hf,0,norm_ll_word,-3.8376599473199087,0.016396885191174767
personachat_ppl,allegrolab__hubble-1b-100b_toks-half_depth-perturbed-hf,0,norm_ll_byte,-0.6741568770828297,0.0029056432698867543
personachat_ppl,allegrolab__hubble-1b-100b_toks-half_depth-perturbed-hf,1,norm_ll_word,-3.6694661366662094,0.02437039073833008
personachat_ppl,allegrolab__hubble-1b-100b_toks-half_depth-perturbed-hf,1,norm_ll_byte,-0.6436655724174538,0.00432493245081543
personachat_ppl,allegrolab__hubble-1b-100b_toks-half_depth-perturbed-hf,4,norm_ll_word,-3.382041614603109,0.01720688659642171
personachat_ppl,allegrolab__hubble-1b-100b_toks-half_depth-perturbed-hf,4,norm_ll_byte,-0.5937959801927739,0.0030513296066943347
personachat_ppl,allegrolab__hubble-1b-100b_toks-half_depth-perturbed-hf,16,norm_ll_word,-2.840085704221207,0.02392918734721912
personachat_ppl,allegrolab__hubble-1b-100b_toks-half_depth-perturbed-hf,16,norm_ll_byte,-0.4976045884930196,0.00429364113065478
personachat_ppl,allegrolab__hubble-1b-100b_toks-half_depth-perturbed-hf,64,norm_ll_word,-0.4370680351080707,0.009669987575523935
personachat_ppl,allegrolab__hubble-1b-100b_toks-half_depth-perturbed-hf,64,norm_ll_byte,-0.07684836036761343,0.0016882568624588929
personachat_ppl,allegrolab__hubble-1b-100b_toks-half_depth-perturbed-hf,256,norm_ll_word,-0.15356871686222529,0.0025911910096324486
personachat_ppl,allegrolab__hubble-1b-100b_toks-half_depth-perturbed-hf,256,norm_ll_byte,-0.02664172633281424,0.0004209450902093761
personachat_ppl,allegrolab__hubble-1b-100b_toks-half_depth-standard-hf,0,norm_ll_word,-3.9788160693589,0.00945496414780802
personachat_ppl,allegrolab__hubble-1b-100b_toks-half_depth-standard-hf,0,norm_ll_byte,-0.6987315914575746,0.0016515529126807334
personachat_ppl,allegrolab__hubble-1b-100b_toks-half_depth-standard-hf,1,norm_ll_word,-3.9432631517770913,0.015302960413914933
personachat_ppl,allegrolab__hubble-1b-100b_toks-half_depth-standard-hf,1,norm_ll_byte,-0.6913487278517895,0.0026440951218691154
personachat_ppl,allegrolab__hubble-1b-100b_toks-half_depth-standard-hf,4,norm_ll_word,-3.93306600883485,0.01528807813551367
personachat_ppl,allegrolab__hubble-1b-100b_toks-half_depth-standard-hf,4,norm_ll_byte,-0.6903572488851863,0.002672994947193366
personachat_ppl,allegrolab__hubble-1b-100b_toks-half_depth-standard-hf,16,norm_ll_word,-3.9306492518493337,0.02038922450416747
personachat_ppl,allegrolab__hubble-1b-100b_toks-half_depth-standard-hf,16,norm_ll_byte,-0.6883340109784302,0.0036272503364638145
personachat_ppl,allegrolab__hubble-1b-100b_toks-half_depth-standard-hf,64,norm_ll_word,-3.9592672461507536,0.03501847933692558
personachat_ppl,allegrolab__hubble-1b-100b_toks-half_depth-standard-hf,64,norm_ll_byte,-0.6963249871935219,0.006048965463533287
personachat_ppl,allegrolab__hubble-1b-100b_toks-half_depth-standard-hf,256,norm_ll_word,-4.026843166503199,0.052698714022771945
personachat_ppl,allegrolab__hubble-1b-100b_toks-half_depth-standard-hf,256,norm_ll_byte,-0.6993761932163216,0.009152649866432735
personachat_ppl,allegrolab__hubble-1b-100b_toks-injectrange_0_25-hf,0,norm_ll_word,-3.8885176925116363,0.009495621402086703
personachat_ppl,allegrolab__hubble-1b-100b_toks-injectrange_0_25-hf,0,norm_ll_byte,-0.6828768666457543,0.001660418937877219
personachat_ppl,allegrolab__hubble-1b-100b_toks-injectrange_0_25-hf,1,norm_ll_word,-3.8526863265984694,0.015289038175162962
personachat_ppl,allegrolab__hubble-1b-100b_toks-injectrange_0_25-hf,1,norm_ll_byte,-0.6754618853774889,0.0026375702035187597
personachat_ppl,allegrolab__hubble-1b-100b_toks-injectrange_0_25-hf,4,norm_ll_word,-3.8410153275271464,0.015182651433518001
personachat_ppl,allegrolab__hubble-1b-100b_toks-injectrange_0_25-hf,4,norm_ll_byte,-0.6742024683991323,0.0026559634354804177
personachat_ppl,allegrolab__hubble-1b-100b_toks-injectrange_0_25-hf,16,norm_ll_word,-3.8255578184857333,0.020519875202155497
personachat_ppl,allegrolab__hubble-1b-100b_toks-injectrange_0_25-hf,16,norm_ll_byte,-0.6699206081002408,0.0036437725360875363
personachat_ppl,allegrolab__hubble-1b-100b_toks-injectrange_0_25-hf,64,norm_ll_word,-3.8489300584173436,0.03361630483409745
personachat_ppl,allegrolab__hubble-1b-100b_toks-injectrange_0_25-hf,64,norm_ll_byte,-0.6769728282210409,0.005852025748772437
personachat_ppl,allegrolab__hubble-1b-100b_toks-injectrange_0_25-hf,256,norm_ll_word,-3.9006348881001696,0.05156971858525355
personachat_ppl,allegrolab__hubble-1b-100b_toks-injectrange_0_25-hf,256,norm_ll_byte,-0.6774396137891059,0.00890930445086535
personachat_ppl,allegrolab__hubble-1b-100b_toks-injectrange_0_50-hf,0,norm_ll_word,-3.80825779974401,0.009620742923385214
personachat_ppl,allegrolab__hubble-1b-100b_toks-injectrange_0_50-hf,0,norm_ll_byte,-0.668831402033799,0.001692837289526487
personachat_ppl,allegrolab__hubble-1b-100b_toks-injectrange_0_50-hf,1,norm_ll_word,-3.7669829664637984,0.01558155997210724
personachat_ppl,allegrolab__hubble-1b-100b_toks-injectrange_0_50-hf,1,norm_ll_byte,-0.6605027162123966,0.002715315620692245
personachat_ppl,allegrolab__hubble-1b-100b_toks-injectrange_0_50-hf,4,norm_ll_word,-3.74413970584624,0.015349790740664903
personachat_ppl,allegrolab__hubble-1b-100b_toks-injectrange_0_50-hf,4,norm_ll_byte,-0.6572320674069162,0.002697856401476756
personachat_ppl,allegrolab__hubble-1b-100b_toks-injectrange_0_50-hf,16,norm_ll_word,-3.6986420227043655,0.020839401157493432
personachat_ppl,allegrolab__hubble-1b-100b_toks-injectrange_0_50-hf,16,norm_ll_byte,-0.6477551345804943,0.003720951847593706
personachat_ppl,allegrolab__hubble-1b-100b_toks-injectrange_0_50-hf,64,norm_ll_word,-3.661868710470806,0.033459546096809886
personachat_ppl,allegrolab__hubble-1b-100b_toks-injectrange_0_50-hf,64,norm_ll_byte,-0.6441193065082046,0.005874135573611622
personachat_ppl,allegrolab__hubble-1b-100b_toks-injectrange_0_50-hf,256,norm_ll_word,-3.7059878747357016,0.05092836278606761
personachat_ppl,allegrolab__hubble-1b-100b_toks-injectrange_0_50-hf,256,norm_ll_byte,-0.6436221720284112,0.008788108179509072
personachat_ppl,allegrolab__hubble-1b-100b_toks-injectrange_25_50-hf,0,norm_ll_word,-3.7115378938741093,0.00959674213093824
personachat_ppl,allegrolab__hubble-1b-100b_toks-injectrange_25_50-hf,0,norm_ll_byte,-0.6518438806589961,0.0016885523730662733
personachat_ppl,allegrolab__hubble-1b-100b_toks-injectrange_25_50-hf,1,norm_ll_word,-3.6581418864756343,0.015489701206593714
personachat_ppl,allegrolab__hubble-1b-100b_toks-injectrange_25_50-hf,1,norm_ll_byte,-0.641422502822177,0.0026990940346753776
personachat_ppl,allegrolab__hubble-1b-100b_toks-injectrange_25_50-hf,4,norm_ll_word,-3.6160794149216366,0.015230617974790934
personachat_ppl,allegrolab__hubble-1b-100b_toks-injectrange_25_50-hf,4,norm_ll_byte,-0.6347484487244041,0.0026737993071383995
personachat_ppl,allegrolab__hubble-1b-100b_toks-injectrange_25_50-hf,16,norm_ll_word,-3.5195162333074603,0.020123050636032924
personachat_ppl,allegrolab__hubble-1b-100b_toks-injectrange_25_50-hf,16,norm_ll_byte,-0.6164033368831006,0.003594593057720117
personachat_ppl,allegrolab__hubble-1b-100b_toks-injectrange_25_50-hf,64,norm_ll_word,-3.4597830316769134,0.032797184140917944
personachat_ppl,allegrolab__hubble-1b-100b_toks-injectrange_25_50-hf,64,norm_ll_byte,-0.6086239865362714,0.005792648156271174
personachat_ppl,allegrolab__hubble-1b-100b_toks-injectrange_25_50-hf,256,norm_ll_word,-3.4641070608832205,0.049357210289263063
personachat_ppl,allegrolab__hubble-1b-100b_toks-injectrange_25_50-hf,256,norm_ll_byte,-0.6016504679786254,0.008591949827304024
personachat_ppl,allegrolab__hubble-1b-100b_toks-injectrange_50_100-hf,0,norm_ll_word,-3.880159481923187,0.011631824676003858
personachat_ppl,allegrolab__hubble-1b-100b_toks-injectrange_50_100-hf,0,norm_ll_byte,-0.6814871085017964,0.002045281107237422
personachat_ppl,allegrolab__hubble-1b-100b_toks-injectrange_50_100-hf,1,norm_ll_word,-3.5837991802924254,0.017155100751129103
personachat_ppl,allegrolab__hubble-1b-100b_toks-injectrange_50_100-hf,1,norm_ll_byte,-0.6285040465208842,0.00302370362392784
personachat_ppl,allegrolab__hubble-1b-100b_toks-injectrange_50_100-hf,4,norm_ll_word,-3.1285124661012342,0.016483779938263082
personachat_ppl,allegrolab__hubble-1b-100b_toks-injectrange_50_100-hf,4,norm_ll_byte,-0.5492222534882267,0.002910150188955281
personachat_ppl,allegrolab__hubble-1b-100b_toks-injectrange_50_100-hf,16,norm_ll_word,-1.7668139007383452,0.02105525426022113
personachat_ppl,allegrolab__hubble-1b-100b_toks-injectrange_50_100-hf,16,norm_ll_byte,-0.30970830975785013,0.003766839290017579
personachat_ppl,allegrolab__hubble-1b-100b_toks-injectrange_50_100-hf,64,norm_ll_word,-0.23465992064547542,0.0045287565131564775
personachat_ppl,allegrolab__hubble-1b-100b_toks-injectrange_50_100-hf,64,norm_ll_byte,-0.04125184997713634,0.0007877320485502203
personachat_ppl,allegrolab__hubble-1b-100b_toks-injectrange_50_100-hf,256,norm_ll_word,-0.11810485415519595,0.0024283425449347644
personachat_ppl,allegrolab__hubble-1b-100b_toks-injectrange_50_100-hf,256,norm_ll_byte,-0.020483137820072883,0.00039277612245025996
personachat_ppl,allegrolab__hubble-1b-100b_toks-injectrange_50_75-hf,0,norm_ll_word,-3.6571141141828645,0.010141930241060644
personachat_ppl,allegrolab__hubble-1b-100b_toks-injectrange_50_75-hf,0,norm_ll_byte,-0.6423737332716536,0.0018003327519237776
personachat_ppl,allegrolab__hubble-1b-100b_toks-injectrange_50_75-hf,1,norm_ll_word,-3.5378220706447077,0.016144453356386642
personachat_ppl,allegrolab__hubble-1b-100b_toks-injectrange_50_75-hf,1,norm_ll_byte,-0.6204449681441505,0.002850039217749015
personachat_ppl,allegrolab__hubble-1b-100b_toks-injectrange_50_75-hf,4,norm_ll_word,-3.375360999154283,0.015359043128717387
personachat_ppl,allegrolab__hubble-1b-100b_toks-injectrange_50_75-hf,4,norm_ll_byte,-0.5925705763078094,0.002721447164522852
personachat_ppl,allegrolab__hubble-1b-100b_toks-injectrange_50_75-hf,16,norm_ll_word,-2.9379036213967122,0.01909860585715574
personachat_ppl,allegrolab__hubble-1b-100b_toks-injectrange_50_75-hf,16,norm_ll_byte,-0.514629670252323,0.003433303308639161
personachat_ppl,allegrolab__hubble-1b-100b_toks-injectrange_50_75-hf,64,norm_ll_word,-2.493956146050499,0.027899552905947447
personachat_ppl,allegrolab__hubble-1b-100b_toks-injectrange_50_75-hf,64,norm_ll_byte,-0.43877235477441845,0.00495623055038094
personachat_ppl,allegrolab__hubble-1b-100b_toks-injectrange_50_75-hf,256,norm_ll_word,-2.2862104800473753,0.035460329308569176
personachat_ppl,allegrolab__hubble-1b-100b_toks-injectrange_50_75-hf,256,norm_ll_byte,-0.3972353080921735,0.006362749632997082
personachat_ppl,allegrolab__hubble-1b-100b_toks-injectrange_75_100-hf,0,norm_ll_word,-4.209868573758841,0.014062033073566401
personachat_ppl,allegrolab__hubble-1b-100b_toks-injectrange_75_100-hf,0,norm_ll_byte,-0.7395437089073361,0.0025022373009705653
personachat_ppl,allegrolab__hubble-1b-100b_toks-injectrange_75_100-hf,1,norm_ll_word,-3.7097869863067165,0.019465389497186084
personachat_ppl,allegrolab__hubble-1b-100b_toks-injectrange_75_100-hf,1,norm_ll_byte,-0.6507332945824325,0.0034729691976860054
personachat_ppl,allegrolab__hubble-1b-100b_toks-injectrange_75_100-hf,4,norm_ll_word,-3.0662681589480014,0.017355321160357685
personachat_ppl,allegrolab__hubble-1b-100b_toks-injectrange_75_100-hf,4,norm_ll_byte,-0.5384932334170107,0.003104578782852264
personachat_ppl,allegrolab__hubble-1b-100b_toks-injectrange_75_100-hf,16,norm_ll_word,-1.447742766131963,0.01985307478607558
personachat_ppl,allegrolab__hubble-1b-100b_toks-injectrange_75_100-hf,16,norm_ll_byte,-0.2537678421812403,0.003566113661054298
personachat_ppl,allegrolab__hubble-1b-100b_toks-injectrange_75_100-hf,64,norm_ll_word,-0.20589933485646375,0.003348836281980728
personachat_ppl,allegrolab__hubble-1b-100b_toks-injectrange_75_100-hf,64,norm_ll_byte,-0.036197098705079624,0.0005819201588343349
personachat_ppl,allegrolab__hubble-1b-100b_toks-injectrange_75_100-hf,256,norm_ll_word,-0.10838844049482478,0.002022174527438806
personachat_ppl,allegrolab__hubble-1b-100b_toks-injectrange_75_100-hf,256,norm_ll_byte,-0.018820432947234622,0.00034964739121582576
personachat_ppl,allegrolab__hubble-1b-100b_toks-interference_copyright-hf,0,norm_ll_word,-3.9051394438712963,0.00948824460201312
personachat_ppl,allegrolab__hubble-1b-100b_toks-interference_copyright-hf,0,norm_ll_byte,-0.6857785828224776,0.0016548239537952797
personachat_ppl,allegrolab__hubble-1b-100b_toks-interference_copyright-hf,1,norm_ll_word,-3.8694912419292335,0.015261661965406183
personachat_ppl,allegrolab__hubble-1b-100b_toks-interference_copyright-hf,1,norm_ll_byte,-0.6784081714044898,0.002633735338964182
personachat_ppl,allegrolab__hubble-1b-100b_toks-interference_copyright-hf,4,norm_ll_word,-3.8590912051447517,0.015158958844010233
personachat_ppl,allegrolab__hubble-1b-100b_toks-interference_copyright-hf,4,norm_ll_byte,-0.6773721362276329,0.0026523670479757988
personachat_ppl,allegrolab__hubble-1b-100b_toks-interference_copyright-hf,16,norm_ll_word,-3.8589364997692224,0.020708020473275735
personachat_ppl,allegrolab__hubble-1b-100b_toks-interference_copyright-hf,16,norm_ll_byte,-0.6757652305235772,0.003677154753677037
personachat_ppl,allegrolab__hubble-1b-100b_toks-interference_copyright-hf,64,norm_ll_word,-3.8949444049192365,0.034331092818724505
personachat_ppl,allegrolab__hubble-1b-100b_toks-interference_copyright-hf,64,norm_ll_byte,-0.6850623044772849,0.005973393391846988
personachat_ppl,allegrolab__hubble-1b-100b_toks-interference_copyright-hf,256,norm_ll_word,-3.954082988911376,0.0511669036170613
personachat_ppl,allegrolab__hubble-1b-100b_toks-interference_copyright-hf,256,norm_ll_byte,-0.6867722484686918,0.008914488708807367
personachat_ppl,allegrolab__hubble-1b-100b_toks-interference_privacy-hf,0,norm_ll_word,-3.9735759179138337,0.012500861509285723
personachat_ppl,allegrolab__hubble-1b-100b_toks-interference_privacy-hf,0,norm_ll_byte,-0.6978429180453147,0.002191666265350409
personachat_ppl,allegrolab__hubble-1b-100b_toks-interference_privacy-hf,1,norm_ll_word,-3.7640959548324084,0.019965125272828402
personachat_ppl,allegrolab__hubble-1b-100b_toks-interference_privacy-hf,1,norm_ll_byte,-0.660146434090264,0.0035208907843390217
personachat_ppl,allegrolab__hubble-1b-100b_toks-interference_privacy-hf,4,norm_ll_word,-3.418818361444921,0.01785223639147762
personachat_ppl,allegrolab__hubble-1b-100b_toks-interference_privacy-hf,4,norm_ll_byte,-0.6002716616937195,0.0031745869124136855
personachat_ppl,allegrolab__hubble-1b-100b_toks-interference_privacy-hf,16,norm_ll_word,-2.4831520725796112,0.026154510259860337
personachat_ppl,allegrolab__hubble-1b-100b_toks-interference_privacy-hf,16,norm_ll_byte,-0.4348244494041124,0.004592413249560405
personachat_ppl,allegrolab__hubble-1b-100b_toks-interference_privacy-hf,64,norm_ll_word,-0.38948588252499994,0.00837770994519399
personachat_ppl,allegrolab__hubble-1b-100b_toks-interference_privacy-hf,64,norm_ll_byte,-0.06851498909483744,0.0014768969044104002
personachat_ppl,allegrolab__hubble-1b-100b_toks-interference_privacy-hf,256,norm_ll_word,-0.15281183789828293,0.0029781232093950647
personachat_ppl,allegrolab__hubble-1b-100b_toks-interference_privacy-hf,256,norm_ll_byte,-0.02649584193222008,0.00046743765765556446
personachat_ppl,allegrolab__hubble-1b-100b_toks-interference_testset-hf,0,norm_ll_word,-3.8512640743543525,0.009573192175575515
personachat_ppl,allegrolab__hubble-1b-100b_toks-interference_testset-hf,0,norm_ll_byte,-0.676347756125669,0.0016758842204737511
personachat_ppl,allegrolab__hubble-1b-100b_toks-interference_testset-hf,1,norm_ll_word,-3.8113815991963222,0.015316068036627871
personachat_ppl,allegrolab__hubble-1b-100b_toks-interference_testset-hf,1,norm_ll_byte,-0.6682695461231453,0.002661471481071229
personachat_ppl,allegrolab__hubble-1b-100b_toks-interference_testset-hf,4,norm_ll_word,-3.801328984196516,0.015224995502816177
personachat_ppl,allegrolab__hubble-1b-100b_toks-interference_testset-hf,4,norm_ll_byte,-0.6672585824887532,0.002670482964880723
personachat_ppl,allegrolab__hubble-1b-100b_toks-interference_testset-hf,16,norm_ll_word,-3.803634924275571,0.020718468569103365
personachat_ppl,allegrolab__hubble-1b-100b_toks-interference_testset-hf,16,norm_ll_byte,-0.6661354416368659,0.0037025899438729135
personachat_ppl,allegrolab__hubble-1b-100b_toks-interference_testset-hf,64,norm_ll_word,-3.834872681955745,0.03535305431047152
personachat_ppl,allegrolab__hubble-1b-100b_toks-interference_testset-hf,64,norm_ll_byte,-0.6745219518313624,0.006182374440892746
personachat_ppl,allegrolab__hubble-1b-100b_toks-interference_testset-hf,256,norm_ll_word,-3.8949109049199526,0.05264541518669171
personachat_ppl,allegrolab__hubble-1b-100b_toks-interference_testset-hf,256,norm_ll_byte,-0.6765158685683628,0.009190738395539655
personachat_ppl,allegrolab__hubble-1b-100b_toks-paraphrased-perturbed-hf,0,norm_ll_word,-3.81672344309476,0.014110159231098684
personachat_ppl,allegrolab__hubble-1b-100b_toks-paraphrased-perturbed-hf,0,norm_ll_byte,-0.6702968887781636,0.002478739224175864
personachat_ppl,allegrolab__hubble-1b-100b_toks-paraphrased-perturbed-hf,1,norm_ll_word,-3.6539158613411535,0.0217735202715503
personachat_ppl,allegrolab__hubble-1b-100b_toks-paraphrased-perturbed-hf,1,norm_ll_byte,-0.6407931594842681,0.0038358914523415203
personachat_ppl,allegrolab__hubble-1b-100b_toks-paraphrased-perturbed-hf,4,norm_ll_word,-3.3535654768230825,0.017845215199917625
personachat_ppl,allegrolab__hubble-1b-100b_toks-paraphrased-perturbed-hf,4,norm_ll_byte,-0.5886814432298361,0.0031190861717817144
personachat_ppl,allegrolab__hubble-1b-100b_toks-paraphrased-perturbed-hf,16,norm_ll_word,-2.6699715712300067,0.025235640578139196
personachat_ppl,allegrolab__hubble-1b-100b_toks-paraphrased-perturbed-hf,16,norm_ll_byte,-0.467894413277123,0.004551493539705178
personachat_ppl,allegrolab__hubble-1b-100b_toks-paraphrased-perturbed-hf,64,norm_ll_word,-0.341481094152256,0.007490626868627562
personachat_ppl,allegrolab__hubble-1b-100b_toks-paraphrased-perturbed-hf,64,norm_ll_byte,-0.06001744059464787,0.0012834028837983432
personachat_ppl,allegrolab__hubble-1b-100b_toks-paraphrased-perturbed-hf,256,norm_ll_word,-0.1396492546126298,0.002637496880868441
personachat_ppl,allegrolab__hubble-1b-100b_toks-paraphrased-perturbed-hf,256,norm_ll_byte,-0.024208987762970577,0.00041510459681097446
personachat_ppl,allegrolab__hubble-1b-100b_toks-perturbed-hf,0,norm_ll_word,-3.961925752440667,0.01226548698207389
personachat_ppl,allegrolab__hubble-1b-100b_toks-perturbed-hf,0,norm_ll_byte,-0.6957895752630885,0.0021504355065150235
personachat_ppl,allegrolab__hubble-1b-100b_toks-perturbed-hf,1,norm_ll_word,-3.7266160270465045,0.01889063013478504
personachat_ppl,allegrolab__hubble-1b-100b_toks-perturbed-hf,1,norm_ll_byte,-0.6535264108918952,0.003327250141117061
personachat_ppl,allegrolab__hubble-1b-100b_toks-perturbed-hf,4,norm_ll_word,-3.393773280291375,0.017625830686342506
personachat_ppl,allegrolab__hubble-1b-100b_toks-perturbed-hf,4,norm_ll_byte,-0.5957521550612368,0.003099210152890494
personachat_ppl,allegrolab__hubble-1b-100b_toks-perturbed-hf,16,norm_ll_word,-2.523537373757648,0.02572287472090403
personachat_ppl,allegrolab__hubble-1b-100b_toks-perturbed-hf,16,norm_ll_byte,-0.4422864403077149,0.004638474202527822
personachat_ppl,allegrolab__hubble-1b-100b_toks-perturbed-hf,64,norm_ll_word,-0.3381845385097437,0.007731934634429289
personachat_ppl,allegrolab__hubble-1b-100b_toks-perturbed-hf,64,norm_ll_byte,-0.05941085628316441,0.0012992414085781663
personachat_ppl,allegrolab__hubble-1b-100b_toks-perturbed-hf,256,norm_ll_word,-0.1366962477410446,0.002418021033482197
personachat_ppl,allegrolab__hubble-1b-100b_toks-perturbed-hf,256,norm_ll_byte,-0.02370008869801202,0.00037859117858448363
personachat_ppl,allegrolab__hubble-1b-100b_toks-standard-hf,0,norm_ll_word,-3.8861505245341705,0.009504346158243198
personachat_ppl,allegrolab__hubble-1b-100b_toks-standard-hf,0,norm_ll_byte,-0.6824712332789544,0.001664571797685556
personachat_ppl,allegrolab__hubble-1b-100b_toks-standard-hf,1,norm_ll_word,-3.846625076481378,0.015416870267523924
personachat_ppl,allegrolab__hubble-1b-100b_toks-standard-hf,1,norm_ll_byte,-0.6743987939574497,0.0026606685492302786
personachat_ppl,allegrolab__hubble-1b-100b_toks-standard-hf,4,norm_ll_word,-3.839368304166475,0.015255109687444103
personachat_ppl,allegrolab__hubble-1b-100b_toks-standard-hf,4,norm_ll_byte,-0.6739226462689603,0.0026722627971529633
personachat_ppl,allegrolab__hubble-1b-100b_toks-standard-hf,16,norm_ll_word,-3.8415416801743048,0.020772126805558244
personachat_ppl,allegrolab__hubble-1b-100b_toks-standard-hf,16,norm_ll_byte,-0.672716798845737,0.003677942209221843
personachat_ppl,allegrolab__hubble-1b-100b_toks-standard-hf,64,norm_ll_word,-3.874094766515498,0.035037047556870156
personachat_ppl,allegrolab__hubble-1b-100b_toks-standard-hf,64,norm_ll_byte,-0.6814183876237643,0.006121696531396556
personachat_ppl,allegrolab__hubble-1b-100b_toks-standard-hf,256,norm_ll_word,-3.9256523335678346,0.05329911374310703
personachat_ppl,allegrolab__hubble-1b-100b_toks-standard-hf,256,norm_ll_byte,-0.68178348516415,0.009229636274621984
personachat_ppl,allegrolab__hubble-1b-500b_toks-perturbed-hf,0,norm_ll_word,-3.4214490133460442,0.011050429229103228
personachat_ppl,allegrolab__hubble-1b-500b_toks-perturbed-hf,0,norm_ll_byte,-0.6009045275911098,0.0019437540711487499
personachat_ppl,allegrolab__hubble-1b-500b_toks-perturbed-hf,1,norm_ll_word,-3.3605127977817664,0.017153353107622338
personachat_ppl,allegrolab__hubble-1b-500b_toks-perturbed-hf,1,norm_ll_byte,-0.5893797561025867,0.003044392935248585
personachat_ppl,allegrolab__hubble-1b-500b_toks-perturbed-hf,4,norm_ll_word,-3.3075973866580277,0.01605136936033403
personachat_ppl,allegrolab__hubble-1b-500b_toks-perturbed-hf,4,norm_ll_byte,-0.5806263755916675,0.002825610716302351
personachat_ppl,allegrolab__hubble-1b-500b_toks-perturbed-hf,16,norm_ll_word,-3.2069451894013006,0.02097962792819732
personachat_ppl,allegrolab__hubble-1b-500b_toks-perturbed-hf,16,norm_ll_byte,-0.5616972870148336,0.003746068761175574
personachat_ppl,allegrolab__hubble-1b-500b_toks-perturbed-hf,64,norm_ll_word,-2.886342215568928,0.03460469494528865
personachat_ppl,allegrolab__hubble-1b-500b_toks-perturbed-hf,64,norm_ll_byte,-0.507747948325185,0.006077885460127851
personachat_ppl,allegrolab__hubble-1b-500b_toks-perturbed-hf,256,norm_ll_word,-0.32122348445355686,0.010513796890996787
personachat_ppl,allegrolab__hubble-1b-500b_toks-perturbed-hf,256,norm_ll_byte,-0.05580111583475606,0.0018317737816025048
personachat_ppl,allegrolab__hubble-1b-500b_toks-standard-hf,0,norm_ll_word,-3.7935618641561533,0.009535998798360638
personachat_ppl,allegrolab__hubble-1b-500b_toks-standard-hf,0,norm_ll_byte,-0.6662041818615092,0.0016687116031794409
personachat_ppl,allegrolab__hubble-1b-500b_toks-standard-hf,1,norm_ll_word,-3.7606812068089557,0.015403076237223921
personachat_ppl,allegrolab__hubble-1b-500b_toks-standard-hf,1,norm_ll_byte,-0.6593358939167396,0.0026616849710804
personachat_ppl,allegrolab__hubble-1b-500b_toks-standard-hf,4,norm_ll_word,-3.747839161952915,0.015318499246891125
personachat_ppl,allegrolab__hubble-1b-500b_toks-standard-hf,4,norm_ll_byte,-0.6578497012064796,0.0026814123064205805
personachat_ppl,allegrolab__hubble-1b-500b_toks-standard-hf,16,norm_ll_word,-3.74626987793546,0.020740564812848084
personachat_ppl,allegrolab__hubble-1b-500b_toks-standard-hf,16,norm_ll_byte,-0.6560220556201274,0.0036724417190810744
personachat_ppl,allegrolab__hubble-1b-500b_toks-standard-hf,64,norm_ll_word,-3.7830756682635656,0.034842684561951574
personachat_ppl,allegrolab__hubble-1b-500b_toks-standard-hf,64,norm_ll_byte,-0.6654078491490552,0.006084741805463466
personachat_ppl,allegrolab__hubble-1b-500b_toks-standard-hf,256,norm_ll_word,-3.840885460556502,0.05159683999886556
personachat_ppl,allegrolab__hubble-1b-500b_toks-standard-hf,256,norm_ll_byte,-0.6671015815971342,0.008966490069929146
personachat_ppl,allegrolab__hubble-8b-100b_toks-paraphrased-perturbed-hf,0,norm_ll_word,-4.093436827704065,0.011768783435748708
personachat_ppl,allegrolab__hubble-8b-100b_toks-paraphrased-perturbed-hf,0,norm_ll_byte,-0.7190373807604376,0.002089850687330781
personachat_ppl,allegrolab__hubble-8b-100b_toks-paraphrased-perturbed-hf,1,norm_ll_word,-3.3563970459270256,0.024409806994915816
personachat_ppl,allegrolab__hubble-8b-100b_toks-paraphrased-perturbed-hf,1,norm_ll_byte,-0.5884944351098567,0.004287981567161732
personachat_ppl,allegrolab__hubble-8b-100b_toks-paraphrased-perturbed-hf,4,norm_ll_word,-2.1379840156577674,0.023873761204175784
personachat_ppl,allegrolab__hubble-8b-100b_toks-paraphrased-perturbed-hf,4,norm_ll_byte,-0.37534176343540954,0.004181732597558844
personachat_ppl,allegrolab__hubble-8b-100b_toks-paraphrased-perturbed-hf,16,norm_ll_word,-0.26664994169430745,0.006442581520483331
personachat_ppl,allegrolab__hubble-8b-100b_toks-paraphrased-perturbed-hf,16,norm_ll_byte,-0.04673335133214226,0.0011452485619155765
personachat_ppl,allegrolab__hubble-8b-100b_toks-paraphrased-perturbed-hf,64,norm_ll_word,-0.12419493262579634,0.001958714931873342
personachat_ppl,allegrolab__hubble-8b-100b_toks-paraphrased-perturbed-hf,64,norm_ll_byte,-0.021802002024651133,0.00030930224881206726
personachat_ppl,allegrolab__hubble-8b-100b_toks-paraphrased-perturbed-hf,256,norm_ll_word,-0.09340315080793465,0.0018713738637004542
personachat_ppl,allegrolab__hubble-8b-100b_toks-paraphrased-perturbed-hf,256,norm_ll_byte,-0.01619178237601469,0.00029582937083527205
personachat_ppl,allegrolab__hubble-8b-100b_toks-perturbed-hf,0,norm_ll_word,-4.0465021136646175,0.01132599091434709
personachat_ppl,allegrolab__hubble-8b-100b_toks-perturbed-hf,0,norm_ll_byte,-0.7107374448346707,0.0019991504022736023
personachat_ppl,allegrolab__hubble-8b-100b_toks-perturbed-hf,1,norm_ll_word,-3.343219439505103,0.02403950485296576
personachat_ppl,allegrolab__hubble-8b-100b_toks-perturbed-hf,1,norm_ll_byte,-0.5861482105253072,0.0042007292945993955
personachat_ppl,allegrolab__hubble-8b-100b_toks-perturbed-hf,4,norm_ll_word,-2.118989350767932,0.02410609656804116
personachat_ppl,allegrolab__hubble-8b-100b_toks-perturbed-hf,4,norm_ll_byte,-0.3720284668967211,0.004225218490742022
personachat_ppl,allegrolab__hubble-8b-100b_toks-perturbed-hf,16,norm_ll_word,-0.28546670380418265,0.006778571000749697
personachat_ppl,allegrolab__hubble-8b-100b_toks-perturbed-hf,16,norm_ll_byte,-0.050025967898598644,0.0012039874618934886
personachat_ppl,allegrolab__hubble-8b-100b_toks-perturbed-hf,64,norm_ll_word,-0.1291409862576896,0.002108408094615467
personachat_ppl,allegrolab__hubble-8b-100b_toks-perturbed-hf,64,norm_ll_byte,-0.022667730010743466,0.0003331742664542366
personachat_ppl,allegrolab__hubble-8b-100b_toks-perturbed-hf,256,norm_ll_word,-0.09845277469130627,0.001990661921505959
personachat_ppl,allegrolab__hubble-8b-100b_toks-perturbed-hf,256,norm_ll_byte,-0.017068970727855088,0.0003162328154978549
personachat_ppl,allegrolab__hubble-8b-100b_toks-standard-hf,0,norm_ll_word,-3.611272926509402,0.0092710656535275
personachat_ppl,allegrolab__hubble-8b-100b_toks-standard-hf,0,norm_ll_byte,-0.6341951452503142,0.0016243202869906251
personachat_ppl,allegrolab__hubble-8b-100b_toks-standard-hf,1,norm_ll_word,-3.5768203561167664,0.014989014413732541
personachat_ppl,allegrolab__hubble-8b-100b_toks-standard-hf,1,norm_ll_byte,-0.6270877126275377,0.002586533375836942
personachat_ppl,allegrolab__hubble-8b-100b_toks-standard-hf,4,norm_ll_word,-3.5638406024632974,0.014918773243370351
personachat_ppl,allegrolab__hubble-8b-100b_toks-standard-hf,4,norm_ll_byte,-0.6255289120803272,0.0026078886177813873
personachat_ppl,allegrolab__hubble-8b-100b_toks-standard-hf,16,norm_ll_word,-3.565485202216364,0.02007767589749162
personachat_ppl,allegrolab__hubble-8b-100b_toks-standard-hf,16,norm_ll_byte,-0.6243364409116307,0.0035429730539356945
personachat_ppl,allegrolab__hubble-8b-100b_toks-standard-hf,64,norm_ll_word,-3.597467820439626,0.03396024206823623
personachat_ppl,allegrolab__hubble-8b-100b_toks-standard-hf,64,norm_ll_byte,-0.632786635876171,0.005944964341327471
personachat_ppl,allegrolab__hubble-8b-100b_toks-standard-hf,256,norm_ll_word,-3.660601162973663,0.049771881756443
personachat_ppl,allegrolab__hubble-8b-100b_toks-standard-hf,256,norm_ll_byte,-0.635733783129001,0.008584831622475017
personachat_ppl,allegrolab__hubble-8b-500b_toks-perturbed-hf,0,norm_ll_word,-3.422838859464769,0.009751888269513261
personachat_ppl,allegrolab__hubble-8b-500b_toks-perturbed-hf,0,norm_ll_byte,-0.6011759225855374,0.00172194196948962
personachat_ppl,allegrolab__hubble-8b-500b_toks-perturbed-hf,1,norm_ll_word,-3.303755803368208,0.016145147028800176
personachat_ppl,allegrolab__hubble-8b-500b_toks-perturbed-hf,1,norm_ll_byte,-0.5794571496281651,0.0028647900959227982
personachat_ppl,allegrolab__hubble-8b-500b_toks-perturbed-hf,4,norm_ll_word,-3.044411658696981,0.01715191702127753
personachat_ppl,allegrolab__hubble-8b-500b_toks-perturbed-hf,4,norm_ll_byte,-0.5344445405648188,0.0030303336291239613
personachat_ppl,allegrolab__hubble-8b-500b_toks-perturbed-hf,16,norm_ll_word,-2.1668722082712826,0.031766433322750254
personachat_ppl,allegrolab__hubble-8b-500b_toks-perturbed-hf,16,norm_ll_byte,-0.37904568539403827,0.005497980229668628
personachat_ppl,allegrolab__hubble-8b-500b_toks-perturbed-hf,64,norm_ll_word,-0.25943917207317374,0.011970961382528613
personachat_ppl,allegrolab__hubble-8b-500b_toks-perturbed-hf,64,norm_ll_byte,-0.0455708178554977,0.0021025404837482498
personachat_ppl,allegrolab__hubble-8b-500b_toks-perturbed-hf,256,norm_ll_word,-0.12300537322655065,0.0029625037275550162
personachat_ppl,allegrolab__hubble-8b-500b_toks-perturbed-hf,256,norm_ll_byte,-0.021351639808348654,0.000501494837333635
personachat_ppl,allegrolab__hubble-8b-500b_toks-standard-hf,0,norm_ll_word,-3.506640766163417,0.009129898899613981
personachat_ppl,allegrolab__hubble-8b-500b_toks-standard-hf,0,norm_ll_byte,-0.6158018873367364,0.0015962348101990055
personachat_ppl,allegrolab__hubble-8b-500b_toks-standard-hf,1,norm_ll_word,-3.47553419098465,0.01472612305761029
personachat_ppl,allegrolab__hubble-8b-500b_toks-standard-hf,1,norm_ll_byte,-0.6093250363607725,0.002542087102327188
personachat_ppl,allegrolab__hubble-8b-500b_toks-standard-hf,4,norm_ll_word,-3.454724179515249,0.01482097983107477
personachat_ppl,allegrolab__hubble-8b-500b_toks-standard-hf,4,norm_ll_byte,-0.6064040274376831,0.0025978258221885345
personachat_ppl,allegrolab__hubble-8b-500b_toks-standard-hf,16,norm_ll_word,-3.4607860294027257,0.019988688401795175
personachat_ppl,allegrolab__hubble-8b-500b_toks-standard-hf,16,norm_ll_byte,-0.6059759866473986,0.0035144983797476916
personachat_ppl,allegrolab__hubble-8b-500b_toks-standard-hf,64,norm_ll_word,-3.493374983423465,0.034047392359166546
personachat_ppl,allegrolab__hubble-8b-500b_toks-standard-hf,64,norm_ll_byte,-0.6144766705490841,0.005963633382637469
personachat_ppl,allegrolab__hubble-8b-500b_toks-standard-hf,256,norm_ll_word,-3.5510685903334482,0.049316008403035454
personachat_ppl,allegrolab__hubble-8b-500b_toks-standard-hf,256,norm_ll_byte,-0.616701479558241,0.008497789049336547
personachat_prompted_mcq,allegrolab__hubble-1b-100b_toks-double_depth-perturbed-hf,0,acc,0.1,0.006709881612638761
personachat_prompted_mcq,allegrolab__hubble-1b-100b_toks-double_depth-perturbed-hf,0,acc_norm,0.1055,0.006870842687736331
personachat_prompted_mcq,allegrolab__hubble-1b-100b_toks-double_depth-perturbed-hf,0,acc_mutual_info,0.105,0.006856457212201603
personachat_prompted_mcq,allegrolab__hubble-1b-100b_toks-double_depth-perturbed-hf,1,acc,0.10504201680672269,0.011482543095907249
personachat_prompted_mcq,allegrolab__hubble-1b-100b_toks-double_depth-perturbed-hf,1,acc_norm,0.1134453781512605,0.011876853178046461
personachat_prompted_mcq,allegrolab__hubble-1b-100b_toks-double_depth-perturbed-hf,1,acc_mutual_info,0.11624649859943978,0.012003578835358908
personachat_prompted_mcq,allegrolab__hubble-1b-100b_toks-double_depth-perturbed-hf,4,acc,0.10504201680672269,0.01148254309590725
personachat_prompted_mcq,allegrolab__hubble-1b-100b_toks-double_depth-perturbed-hf,4,acc_norm,0.09663865546218488,0.011065254980691691
personachat_prompted_mcq,allegrolab__hubble-1b-100b_toks-double_depth-perturbed-hf,4,acc_mutual_info,0.10504201680672269,0.01148254309590725
personachat_prompted_mcq,allegrolab__hubble-1b-100b_toks-double_depth-perturbed-hf,16,acc,0.08123249299719888,0.014479137944443048
personachat_prompted_mcq,allegrolab__hubble-1b-100b_toks-double_depth-perturbed-hf,16,acc_norm,0.1092436974789916,0.016533037408636254
personachat_prompted_mcq,allegrolab__hubble-1b-100b_toks-double_depth-perturbed-hf,16,acc_mutual_info,0.10084033613445378,0.015959179207050863
personachat_prompted_mcq,allegrolab__hubble-1b-100b_toks-double_depth-perturbed-hf,64,acc,0.15384615384615385,0.03027776514080633
personachat_prompted_mcq,allegrolab__hubble-1b-100b_toks-double_depth-perturbed-hf,64,acc_norm,0.1258741258741259,0.02783627058221723
personachat_prompted_mcq,allegrolab__hubble-1b-100b_toks-double_depth-perturbed-hf,64,acc_mutual_info,0.16083916083916083,0.030830057263052022
personachat_prompted_mcq,allegrolab__hubble-1b-100b_toks-double_depth-perturbed-hf,256,acc,0.1388888888888889,0.041042534692355706
personachat_prompted_mcq,allegrolab__hubble-1b-100b_toks-double_depth-perturbed-hf,256,acc_norm,0.125,0.039249114101422455
personachat_prompted_mcq,allegrolab__hubble-1b-100b_toks-double_depth-perturbed-hf,256,acc_mutual_info,0.1388888888888889,0.041042534692355706
personachat_prompted_mcq,allegrolab__hubble-1b-100b_toks-double_depth-standard-hf,0,acc,0.1,0.006709881612638767
personachat_prompted_mcq,allegrolab__hubble-1b-100b_toks-double_depth-standard-hf,0,acc_norm,0.0975,0.006634672896399723
personachat_prompted_mcq,allegrolab__hubble-1b-100b_toks-double_depth-standard-hf,0,acc_mutual_info,0.1165,0.00717562678864397
personachat_prompted_mcq,allegrolab__hubble-1b-100b_toks-double_depth-standard-hf,1,acc,0.10364145658263306,0.011414657112619993
personachat_prompted_mcq,allegrolab__hubble-1b-100b_toks-double_depth-standard-hf,1,acc_norm,0.10784313725490197,0.011616414548354315
personachat_prompted_mcq,allegrolab__hubble-1b-100b_toks-double_depth-standard-hf,1,acc_mutual_info,0.09943977591036414,0.011207059666282656
personachat_prompted_mcq,allegrolab__hubble-1b-100b_toks-double_depth-standard-hf,4,acc,0.09943977591036414,0.011207059666282649
personachat_prompted_mcq,allegrolab__hubble-1b-100b_toks-double_depth-standard-hf,4,acc_norm,0.09243697478991597,0.010847171184004491
personachat_prompted_mcq,allegrolab__hubble-1b-100b_toks-double_depth-standard-hf,4,acc_mutual_info,0.09943977591036414,0.011207059666282656
personachat_prompted_mcq,allegrolab__hubble-1b-100b_toks-double_depth-standard-hf,16,acc,0.08403361344537816,0.014704196188588566
personachat_prompted_mcq,allegrolab__hubble-1b-100b_toks-double_depth-standard-hf,16,acc_norm,0.10084033613445378,0.015959179207050866
personachat_prompted_mcq,allegrolab__hubble-1b-100b_toks-double_depth-standard-hf,16,acc_mutual_info,0.12324929971988796,0.017422292145155237
personachat_prompted_mcq,allegrolab__hubble-1b-100b_toks-double_depth-standard-hf,64,acc,0.11188811188811189,0.026453408724442892
personachat_prompted_mcq,allegrolab__hubble-1b-100b_toks-double_depth-standard-hf,64,acc_norm,0.13286713286713286,0.02848442345163115
personachat_prompted_mcq,allegrolab__hubble-1b-100b_toks-double_depth-standard-hf,64,acc_mutual_info,0.11188811188811189,0.026453408724442885
personachat_prompted_mcq,allegrolab__hubble-1b-100b_toks-double_depth-standard-hf,256,acc,0.125,0.039249114101422455
personachat_prompted_mcq,allegrolab__hubble-1b-100b_toks-double_depth-standard-hf,256,acc_norm,0.1111111111111111,0.03729694925763063
personachat_prompted_mcq,allegrolab__hubble-1b-100b_toks-double_depth-standard-hf,256,acc_mutual_info,0.06944444444444445,0.030168987336416944
personachat_prompted_mcq,allegrolab__hubble-1b-100b_toks-half_depth-perturbed-hf,0,acc,0.0975,0.006634672896399726
personachat_prompted_mcq,allegrolab__hubble-1b-100b_toks-half_depth-perturbed-hf,0,acc_norm,0.1085,0.006956153321665447
personachat_prompted_mcq,allegrolab__hubble-1b-100b_toks-half_depth-perturbed-hf,0,acc_mutual_info,0.1005,0.00672476663112718
personachat_prompted_mcq,allegrolab__hubble-1b-100b_toks-half_depth-perturbed-hf,1,acc,0.09243697478991597,0.010847171184004483
personachat_prompted_mcq,allegrolab__hubble-1b-100b_toks-half_depth-perturbed-hf,1,acc_norm,0.09523809523809523,0.010993291365829338
personachat_prompted_mcq,allegrolab__hubble-1b-100b_toks-half_depth-perturbed-hf,1,acc_mutual_info,0.11484593837535013,0.011940499331408198
personachat_prompted_mcq,allegrolab__hubble-1b-100b_toks-half_depth-perturbed-hf,4,acc,0.11484593837535013,0.011940499331408191
personachat_prompted_mcq,allegrolab__hubble-1b-100b_toks-half_depth-perturbed-hf,4,acc_norm,0.07983193277310924,0.010150259275999437
personachat_prompted_mcq,allegrolab__hubble-1b-100b_toks-half_depth-perturbed-hf,4,acc_mutual_info,0.1330532212885154,0.012719327519848441
personachat_prompted_mcq,allegrolab__hubble-1b-100b_toks-half_depth-perturbed-hf,16,acc,0.09803921568627451,0.01576045469617045
personachat_prompted_mcq,allegrolab__hubble-1b-100b_toks-half_depth-perturbed-hf,16,acc_norm,0.0896358543417367,0.01513991561490032
personachat_prompted_mcq,allegrolab__hubble-1b-100b_toks-half_depth-perturbed-hf,16,acc_mutual_info,0.11484593837535013,0.01689827037339795
personachat_prompted_mcq,allegrolab__hubble-1b-100b_toks-half_depth-perturbed-hf,64,acc,0.11888111888111888,0.027159984864685485
personachat_prompted_mcq,allegrolab__hubble-1b-100b_toks-half_depth-perturbed-hf,64,acc_norm,0.1258741258741259,0.02783627058221724
personachat_prompted_mcq,allegrolab__hubble-1b-100b_toks-half_depth-perturbed-hf,64,acc_mutual_info,0.11888111888111888,0.02715998486468548
personachat_prompted_mcq,allegrolab__hubble-1b-100b_toks-half_depth-perturbed-hf,256,acc,0.06944444444444445,0.030168987336416944
personachat_prompted_mcq,allegrolab__hubble-1b-100b_toks-half_depth-perturbed-hf,256,acc_norm,0.1388888888888889,0.041042534692355706
personachat_prompted_mcq,allegrolab__hubble-1b-100b_toks-half_depth-perturbed-hf,256,acc_mutual_info,0.06944444444444445,0.030168987336416944
personachat_prompted_mcq,allegrolab__hubble-1b-100b_toks-half_depth-standard-hf,0,acc,0.1095,0.0069842153913174925
personachat_prompted_mcq,allegrolab__hubble-1b-100b_toks-half_depth-standard-hf,0,acc_norm,0.0935,0.006511534000335002
personachat_prompted_mcq,allegrolab__hubble-1b-100b_toks-half_depth-standard-hf,0,acc_mutual_info,0.113,0.007081000655637774
personachat_prompted_mcq,allegrolab__hubble-1b-100b_toks-half_depth-standard-hf,1,acc,0.08683473389355742,0.010545730435167096
personachat_prompted_mcq,allegrolab__hubble-1b-100b_toks-half_depth-standard-hf,1,acc_norm,0.09243697478991597,0.010847171184004491
personachat_prompted_mcq,allegrolab__hubble-1b-100b_toks-half_depth-standard-hf,1,acc_mutual_info,0.11064425770308123,0.01174782400193271
personachat_prompted_mcq,allegrolab__hubble-1b-100b_toks-half_depth-standard-hf,4,acc,0.10644257703081232,0.011549791885695508
personachat_prompted_mcq,allegrolab__hubble-1b-100b_toks-half_depth-standard-hf,4,acc_norm,0.08123249299719888,0.01023111437589245
personachat_prompted_mcq,allegrolab__hubble-1b-100b_toks-half_depth-standard-hf,4,acc_mutual_info,0.1092436974789916,0.011682421795945705
personachat_prompted_mcq,allegrolab__hubble-1b-100b_toks-half_depth-standard-hf,16,acc,0.1092436974789916,0.016533037408636247
personachat_prompted_mcq,allegrolab__hubble-1b-100b_toks-half_depth-standard-hf,16,acc_norm,0.11484593837535013,0.016898270373397955
personachat_prompted_mcq,allegrolab__hubble-1b-100b_toks-half_depth-standard-hf,16,acc_mutual_info,0.12605042016806722,0.017590992311848366
personachat_prompted_mcq,allegrolab__hubble-1b-100b_toks-half_depth-standard-hf,64,acc,0.11888111888111888,0.027159984864685485
personachat_prompted_mcq,allegrolab__hubble-1b-100b_toks-half_depth-standard-hf,64,acc_norm,0.11188811188811189,0.02645340872444289
personachat_prompted_mcq,allegrolab__hubble-1b-100b_toks-half_depth-standard-hf,64,acc_mutual_info,0.09090909090909091,0.0241247678379216
personachat_prompted_mcq,allegrolab__hubble-1b-100b_toks-half_depth-standard-hf,256,acc,0.125,0.039249114101422455
personachat_prompted_mcq,allegrolab__hubble-1b-100b_toks-half_depth-standard-hf,256,acc_norm,0.1527777777777778,0.042697219026612304
personachat_prompted_mcq,allegrolab__hubble-1b-100b_toks-half_depth-standard-hf,256,acc_mutual_info,0.09722222222222222,0.035159608253116335
personachat_prompted_mcq,allegrolab__hubble-1b-100b_toks-injectrange_0_25-hf,0,acc,0.1035,0.006813008406113339
personachat_prompted_mcq,allegrolab__hubble-1b-100b_toks-injectrange_0_25-hf,0,acc_norm,0.098,0.006649820302461383
personachat_prompted_mcq,allegrolab__hubble-1b-100b_toks-injectrange_0_25-hf,0,acc_mutual_info,0.1035,0.006813008406113336
personachat_prompted_mcq,allegrolab__hubble-1b-100b_toks-injectrange_0_25-hf,1,acc,0.10364145658263306,0.011414657112619993
personachat_prompted_mcq,allegrolab__hubble-1b-100b_toks-injectrange_0_25-hf,1,acc_norm,0.09103641456582633,0.010772984872814091
personachat_prompted_mcq,allegrolab__hubble-1b-100b_toks-injectrange_0_25-hf,1,acc_mutual_info,0.13445378151260504,0.01277576390151576
personachat_prompted_mcq,allegrolab__hubble-1b-100b_toks-injectrange_0_25-hf,4,acc,0.09663865546218488,0.011065254980691686
personachat_prompted_mcq,allegrolab__hubble-1b-100b_toks-injectrange_0_25-hf,4,acc_norm,0.07563025210084033,0.009902067237665462
personachat_prompted_mcq,allegrolab__hubble-1b-100b_toks-injectrange_0_25-hf,4,acc_mutual_info,0.09523809523809523,0.010993291365829338
personachat_prompted_mcq,allegrolab__hubble-1b-100b_toks-injectrange_0_25-hf,16,acc,0.11204481792717087,0.016717310605608084
personachat_prompted_mcq,allegrolab__hubble-1b-100b_toks-injectrange_0_25-hf,16,acc_norm,0.11484593837535013,0.016898270373397955
personachat_prompted_mcq,allegrolab__hubble-1b-100b_toks-injectrange_0_25-hf,16,acc_mutual_info,0.09243697478991597,0.015350985445951346
personachat_prompted_mcq,allegrolab__hubble-1b-100b_toks-injectrange_0_25-hf,64,acc,0.09090909090909091,0.024124767837921595
personachat_prompted_mcq,allegrolab__hubble-1b-100b_toks-injectrange_0_25-hf,64,acc_norm,0.11888111888111888,0.027159984864685485
personachat_prompted_mcq,allegrolab__hubble-1b-100b_toks-injectrange_0_25-hf,64,acc_mutual_info,0.0979020979020979,0.02493897864456897
personachat_prompted_mcq,allegrolab__hubble-1b-100b_toks-injectrange_0_25-hf,256,acc,0.125,0.039249114101422455
personachat_prompted_mcq,allegrolab__hubble-1b-100b_toks-injectrange_0_25-hf,256,acc_norm,0.1111111111111111,0.03729694925763063
personachat_prompted_mcq,allegrolab__hubble-1b-100b_toks-injectrange_0_25-hf,256,acc_mutual_info,0.05555555555555555,0.027184589618216282
personachat_prompted_mcq,allegrolab__hubble-1b-100b_toks-injectrange_0_50-hf,0,acc,0.1,0.006709881612638759
personachat_prompted_mcq,allegrolab__hubble-1b-100b_toks-injectrange_0_50-hf,0,acc_norm,0.11,0.0069981774229881995
personachat_prompted_mcq,allegrolab__hubble-1b-100b_toks-injectrange_0_50-hf,0,acc_mutual_info,0.12,0.007268178121551735
personachat_prompted_mcq,allegrolab__hubble-1b-100b_toks-injectrange_0_50-hf,1,acc,0.09243697478991597,0.01084717118400449
personachat_prompted_mcq,allegrolab__hubble-1b-100b_toks-injectrange_0_50-hf,1,acc_norm,0.08543417366946779,0.010468357158471012
personachat_prompted_mcq,allegrolab__hubble-1b-100b_toks-injectrange_0_50-hf,1,acc_mutual_info,0.13445378151260504,0.012775763901515755
personachat_prompted_mcq,allegrolab__hubble-1b-100b_toks-injectrange_0_50-hf,4,acc,0.10364145658263306,0.011414657112619995
personachat_prompted_mcq,allegrolab__hubble-1b-100b_toks-injectrange_0_50-hf,4,acc_norm,0.08543417366946779,0.010468357158471013
personachat_prompted_mcq,allegrolab__hubble-1b-100b_toks-injectrange_0_50-hf,4,acc_mutual_info,0.10784313725490197,0.011616414548354317
personachat_prompted_mcq,allegrolab__hubble-1b-100b_toks-injectrange_0_50-hf,16,acc,0.11484593837535013,0.01689827037339796
personachat_prompted_mcq,allegrolab__hubble-1b-100b_toks-injectrange_0_50-hf,16,acc_norm,0.10084033613445378,0.015959179207050853
personachat_prompted_mcq,allegrolab__hubble-1b-100b_toks-injectrange_0_50-hf,16,acc_mutual_info,0.10644257703081232,0.016345338718589675
personachat_prompted_mcq,allegrolab__hubble-1b-100b_toks-injectrange_0_50-hf,64,acc,0.09090909090909091,0.0241247678379216
personachat_prompted_mcq,allegrolab__hubble-1b-100b_toks-injectrange_0_50-hf,64,acc_norm,0.13286713286713286,0.028484423451631158
personachat_prompted_mcq,allegrolab__hubble-1b-100b_toks-injectrange_0_50-hf,64,acc_mutual_info,0.0979020979020979,0.02493897864456897
personachat_prompted_mcq,allegrolab__hubble-1b-100b_toks-injectrange_0_50-hf,256,acc,0.125,0.039249114101422455
personachat_prompted_mcq,allegrolab__hubble-1b-100b_toks-injectrange_0_50-hf,256,acc_norm,0.125,0.039249114101422455
personachat_prompted_mcq,allegrolab__hubble-1b-100b_toks-injectrange_0_50-hf,256,acc_mutual_info,0.1111111111111111,0.03729694925763063
personachat_prompted_mcq,allegrolab__hubble-1b-100b_toks-injectrange_25_50-hf,0,acc,0.095,0.006558125075221665
personachat_prompted_mcq,allegrolab__hubble-1b-100b_toks-injectrange_25_50-hf,0,acc_norm,0.1025,0.006783795762143144
personachat_prompted_mcq,allegrolab__hubble-1b-100b_toks-injectrange_25_50-hf,0,acc_mutual_info,0.111,0.0070259648512532085
personachat_prompted_mcq,allegrolab__hubble-1b-100b_toks-injectrange_25_50-hf,1,acc,0.08683473389355742,0.010545730435167102
personachat_prompted_mcq,allegrolab__hubble-1b-100b_toks-injectrange_25_50-hf,1,acc_norm,0.08403361344537816,0.010390142948306464
personachat_prompted_mcq,allegrolab__hubble-1b-100b_toks-injectrange_25_50-hf,1,acc_mutual_info,0.1134453781512605,0.011876853178046454
personachat_prompted_mcq,allegrolab__hubble-1b-100b_toks-injectrange_25_50-hf,4,acc,0.0896358543417367,0.01069802697451706
personachat_prompted_mcq,allegrolab__hubble-1b-100b_toks-injectrange_25_50-hf,4,acc_norm,0.09523809523809523,0.01099329136582934
personachat_prompted_mcq,allegrolab__hubble-1b-100b_toks-injectrange_25_50-hf,4,acc_mutual_info,0.1134453781512605,0.011876853178046466
personachat_prompted_mcq,allegrolab__hubble-1b-100b_toks-injectrange_25_50-hf,16,acc,0.10364145658263306,0.016154095130788346
personachat_prompted_mcq,allegrolab__hubble-1b-100b_toks-injectrange_25_50-hf,16,acc_norm,0.11764705882352941,0.017076022052562867
personachat_prompted_mcq,allegrolab__hubble-1b-100b_toks-injectrange_25_50-hf,16,acc_mutual_info,0.10644257703081232,0.01634533871858967
personachat_prompted_mcq,allegrolab__hubble-1b-100b_toks-injectrange_25_50-hf,64,acc,0.09090909090909091,0.0241247678379216
personachat_prompted_mcq,allegrolab__hubble-1b-100b_toks-injectrange_25_50-hf,64,acc_norm,0.11188811188811189,0.02645340872444289
personachat_prompted_mcq,allegrolab__hubble-1b-100b_toks-injectrange_25_50-hf,64,acc_mutual_info,0.11188811188811189,0.026453408724442892
personachat_prompted_mcq,allegrolab__hubble-1b-100b_toks-injectrange_25_50-hf,256,acc,0.1388888888888889,0.04104253469235571
personachat_prompted_mcq,allegrolab__hubble-1b-100b_toks-injectrange_25_50-hf,256,acc_norm,0.18055555555555555,0.04564949854152485
personachat_prompted_mcq,allegrolab__hubble-1b-100b_toks-injectrange_25_50-hf,256,acc_mutual_info,0.1527777777777778,0.042697219026612304
personachat_prompted_mcq,allegrolab__hubble-1b-100b_toks-injectrange_50_100-hf,0,acc,0.0995,0.006694944820016935
personachat_prompted_mcq,allegrolab__hubble-1b-100b_toks-injectrange_50_100-hf,0,acc_norm,0.0985,0.006664914518789525
personachat_prompted_mcq,allegrolab__hubble-1b-100b_toks-injectrange_50_100-hf,0,acc_mutual_info,0.0945,0.006542650696703096
personachat_prompted_mcq,allegrolab__hubble-1b-100b_toks-injectrange_50_100-hf,1,acc,0.0896358543417367,0.010698026974517058
personachat_prompted_mcq,allegrolab__hubble-1b-100b_toks-injectrange_50_100-hf,1,acc_norm,0.08683473389355742,0.010545730435167096
personachat_prompted_mcq,allegrolab__hubble-1b-100b_toks-injectrange_50_100-hf,1,acc_mutual_info,0.11204481792717087,0.011812631215999875
personachat_prompted_mcq,allegrolab__hubble-1b-100b_toks-injectrange_50_100-hf,4,acc,0.10084033613445378,0.011276927427531502
personachat_prompted_mcq,allegrolab__hubble-1b-100b_toks-injectrange_50_100-hf,4,acc_norm,0.0896358543417367,0.010698026974517055
personachat_prompted_mcq,allegrolab__hubble-1b-100b_toks-injectrange_50_100-hf,4,acc_mutual_info,0.1092436974789916,0.011682421795945709
personachat_prompted_mcq,allegrolab__hubble-1b-100b_toks-injectrange_50_100-hf,16,acc,0.09803921568627451,0.01576045469617045
personachat_prompted_mcq,allegrolab__hubble-1b-100b_toks-injectrange_50_100-hf,16,acc_norm,0.11204481792717087,0.01671731060560808
personachat_prompted_mcq,allegrolab__hubble-1b-100b_toks-injectrange_50_100-hf,16,acc_mutual_info,0.11764705882352941,0.017076022052562874
personachat_prompted_mcq,allegrolab__hubble-1b-100b_toks-injectrange_50_100-hf,64,acc,0.11188811188811189,0.026453408724442882
personachat_prompted_mcq,allegrolab__hubble-1b-100b_toks-injectrange_50_100-hf,64,acc_norm,0.0979020979020979,0.02493897864456897
personachat_prompted_mcq,allegrolab__hubble-1b-100b_toks-injectrange_50_100-hf,64,acc_mutual_info,0.1048951048951049,0.02571404530220542
personachat_prompted_mcq,allegrolab__hubble-1b-100b_toks-injectrange_50_100-hf,256,acc,0.09722222222222222,0.035159608253116335
personachat_prompted_mcq,allegrolab__hubble-1b-100b_toks-injectrange_50_100-hf,256,acc_norm,0.16666666666666666,0.04422874103618961
personachat_prompted_mcq,allegrolab__hubble-1b-100b_toks-injectrange_50_100-hf,256,acc_mutual_info,0.1388888888888889,0.04104253469235571
personachat_prompted_mcq,allegrolab__hubble-1b-100b_toks-injectrange_50_75-hf,0,acc,0.097,0.006619471935460727
personachat_prompted_mcq,allegrolab__hubble-1b-100b_toks-injectrange_50_75-hf,0,acc_norm,0.095,0.00655812507522166
personachat_prompted_mcq,allegrolab__hubble-1b-100b_toks-injectrange_50_75-hf,0,acc_mutual_info,0.106,0.0068851799432858496
personachat_prompted_mcq,allegrolab__hubble-1b-100b_toks-injectrange_50_75-hf,1,acc,0.09663865546218488,0.011065254980691693
personachat_prompted_mcq,allegrolab__hubble-1b-100b_toks-injectrange_50_75-hf,1,acc_norm,0.09943977591036414,0.011207059666282661
personachat_prompted_mcq,allegrolab__hubble-1b-100b_toks-injectrange_50_75-hf,1,acc_mutual_info,0.08683473389355742,0.0105457304351671
personachat_prompted_mcq,allegrolab__hubble-1b-100b_toks-injectrange_50_75-hf,4,acc,0.10504201680672269,0.011482543095907247
personachat_prompted_mcq,allegrolab__hubble-1b-100b_toks-injectrange_50_75-hf,4,acc_norm,0.08403361344537816,0.010390142948306457
personachat_prompted_mcq,allegrolab__hubble-1b-100b_toks-injectrange_50_75-hf,4,acc_mutual_info,0.11204481792717087,0.011812631215999864
personachat_prompted_mcq,allegrolab__hubble-1b-100b_toks-injectrange_50_75-hf,16,acc,0.13165266106442577,0.017919940395031
personachat_prompted_mcq,allegrolab__hubble-1b-100b_toks-injectrange_50_75-hf,16,acc_norm,0.11204481792717087,0.016717310605608084
personachat_prompted_mcq,allegrolab__hubble-1b-100b_toks-injectrange_50_75-hf,16,acc_mutual_info,0.12605042016806722,0.017590992311848363
personachat_prompted_mcq,allegrolab__hubble-1b-100b_toks-injectrange_50_75-hf,64,acc,0.07692307692307693,0.022361611528223503
personachat_prompted_mcq,allegrolab__hubble-1b-100b_toks-injectrange_50_75-hf,64,acc_norm,0.13986013986013987,0.02910632295887289
personachat_prompted_mcq,allegrolab__hubble-1b-100b_toks-injectrange_50_75-hf,64,acc_mutual_info,0.09090909090909091,0.0241247678379216
personachat_prompted_mcq,allegrolab__hubble-1b-100b_toks-injectrange_50_75-hf,256,acc,0.125,0.039249114101422455
personachat_prompted_mcq,allegrolab__hubble-1b-100b_toks-injectrange_50_75-hf,256,acc_norm,0.16666666666666666,0.044228741036189616
personachat_prompted_mcq,allegrolab__hubble-1b-100b_toks-injectrange_50_75-hf,256,acc_mutual_info,0.16666666666666666,0.04422874103618961
personachat_prompted_mcq,allegrolab__hubble-1b-100b_toks-injectrange_75_100-hf,0,acc,0.094,0.006527120471603491
personachat_prompted_mcq,allegrolab__hubble-1b-100b_toks-injectrange_75_100-hf,0,acc_norm,0.098,0.006649820302461376
personachat_prompted_mcq,allegrolab__hubble-1b-100b_toks-injectrange_75_100-hf,0,acc_mutual_info,0.099,0.006679955905951232
personachat_prompted_mcq,allegrolab__hubble-1b-100b_toks-injectrange_75_100-hf,1,acc,0.09943977591036414,0.011207059666282652
personachat_prompted_mcq,allegrolab__hubble-1b-100b_toks-injectrange_75_100-hf,1,acc_norm,0.10084033613445378,0.011276927427531497
personachat_prompted_mcq,allegrolab__hubble-1b-100b_toks-injectrange_75_100-hf,1,acc_mutual_info,0.1092436974789916,0.011682421795945712
personachat_prompted_mcq,allegrolab__hubble-1b-100b_toks-injectrange_75_100-hf,4,acc,0.10784313725490197,0.011616414548354305
personachat_prompted_mcq,allegrolab__hubble-1b-100b_toks-injectrange_75_100-hf,4,acc_norm,0.09803921568627451,0.011136506553864016
personachat_prompted_mcq,allegrolab__hubble-1b-100b_toks-injectrange_75_100-hf,4,acc_mutual_info,0.10224089635854341,0.011346122498494125
personachat_prompted_mcq,allegrolab__hubble-1b-100b_toks-injectrange_75_100-hf,16,acc,0.10644257703081232,0.016345338718589675
personachat_prompted_mcq,allegrolab__hubble-1b-100b_toks-injectrange_75_100-hf,16,acc_norm,0.12885154061624648,0.017756848741793976
personachat_prompted_mcq,allegrolab__hubble-1b-100b_toks-injectrange_75_100-hf,16,acc_mutual_info,0.1400560224089636,0.01839335592336093
personachat_prompted_mcq,allegrolab__hubble-1b-100b_toks-injectrange_75_100-hf,64,acc,0.08391608391608392,0.023267303840409193
personachat_prompted_mcq,allegrolab__hubble-1b-100b_toks-injectrange_75_100-hf,64,acc_norm,0.11888111888111888,0.02715998486468548
personachat_prompted_mcq,allegrolab__hubble-1b-100b_toks-injectrange_75_100-hf,64,acc_mutual_info,0.11188811188811189,0.026453408724442896
personachat_prompted_mcq,allegrolab__hubble-1b-100b_toks-injectrange_75_100-hf,256,acc,0.1388888888888889,0.04104253469235571
personachat_prompted_mcq,allegrolab__hubble-1b-100b_toks-injectrange_75_100-hf,256,acc_norm,0.16666666666666666,0.04422874103618961
personachat_prompted_mcq,allegrolab__hubble-1b-100b_toks-injectrange_75_100-hf,256,acc_mutual_info,0.1388888888888889,0.041042534692355706
personachat_prompted_mcq,allegrolab__hubble-1b-100b_toks-interference_copyright-hf,0,acc,0.1,0.006709881612638773
personachat_prompted_mcq,allegrolab__hubble-1b-100b_toks-interference_copyright-hf,0,acc_norm,0.1055,0.006870842687736329
personachat_prompted_mcq,allegrolab__hubble-1b-100b_toks-interference_copyright-hf,0,acc_mutual_info,0.1055,0.006870842687736325
personachat_prompted_mcq,allegrolab__hubble-1b-100b_toks-interference_copyright-hf,1,acc,0.10224089635854341,0.011346122498494118
personachat_prompted_mcq,allegrolab__hubble-1b-100b_toks-interference_copyright-hf,1,acc_norm,0.09243697478991597,0.010847171184004483
personachat_prompted_mcq,allegrolab__hubble-1b-100b_toks-interference_copyright-hf,1,acc_mutual_info,0.10224089635854341,0.011346122498494121
personachat_prompted_mcq,allegrolab__hubble-1b-100b_toks-interference_copyright-hf,4,acc,0.10644257703081232,0.011549791885695503
personachat_prompted_mcq,allegrolab__hubble-1b-100b_toks-interference_copyright-hf,4,acc_norm,0.08823529411764706,0.010622281154626701
personachat_prompted_mcq,allegrolab__hubble-1b-100b_toks-interference_copyright-hf,4,acc_mutual_info,0.11624649859943978,0.012003578835358903
personachat_prompted_mcq,allegrolab__hubble-1b-100b_toks-interference_copyright-hf,16,acc,0.11764705882352941,0.01707602205256287
personachat_prompted_mcq,allegrolab__hubble-1b-100b_toks-interference_copyright-hf,16,acc_norm,0.12324929971988796,0.017422292145155255
personachat_prompted_mcq,allegrolab__hubble-1b-100b_toks-interference_copyright-hf,16,acc_mutual_info,0.10644257703081232,0.016345338718589675
personachat_prompted_mcq,allegrolab__hubble-1b-100b_toks-interference_copyright-hf,64,acc,0.11888111888111888,0.02715998486468548
personachat_prompted_mcq,allegrolab__hubble-1b-100b_toks-interference_copyright-hf,64,acc_norm,0.1048951048951049,0.025714045302205404
personachat_prompted_mcq,allegrolab__hubble-1b-100b_toks-interference_copyright-hf,64,acc_mutual_info,0.07692307692307693,0.022361611528223503
personachat_prompted_mcq,allegrolab__hubble-1b-100b_toks-interference_copyright-hf,256,acc,0.125,0.039249114101422455
personachat_prompted_mcq,allegrolab__hubble-1b-100b_toks-interference_copyright-hf,256,acc_norm,0.1527777777777778,0.042697219026612304
personachat_prompted_mcq,allegrolab__hubble-1b-100b_toks-interference_copyright-hf,256,acc_mutual_info,0.08333333333333333,0.032800912235873524
personachat_prompted_mcq,allegrolab__hubble-1b-100b_toks-interference_privacy-hf,0,acc,0.0995,0.006694944820016931
personachat_prompted_mcq,allegrolab__hubble-1b-100b_toks-interference_privacy-hf,0,acc_norm,0.0985,0.006664914518789525
personachat_prompted_mcq,allegrolab__hubble-1b-100b_toks-interference_privacy-hf,0,acc_mutual_info,0.1045,0.006842023212531547
personachat_prompted_mcq,allegrolab__hubble-1b-100b_toks-interference_privacy-hf,1,acc,0.08263305322128851,0.01031106866808689
personachat_prompted_mcq,allegrolab__hubble-1b-100b_toks-interference_privacy-hf,1,acc_norm,0.0896358543417367,0.010698026974517062
personachat_prompted_mcq,allegrolab__hubble-1b-100b_toks-interference_privacy-hf,1,acc_mutual_info,0.09523809523809523,0.010993291365829343
personachat_prompted_mcq,allegrolab__hubble-1b-100b_toks-interference_privacy-hf,4,acc,0.10504201680672269,0.011482543095907252
personachat_prompted_mcq,allegrolab__hubble-1b-100b_toks-interference_privacy-hf,4,acc_norm,0.09243697478991597,0.010847171184004491
personachat_prompted_mcq,allegrolab__hubble-1b-100b_toks-interference_privacy-hf,4,acc_mutual_info,0.10364145658263306,0.011414657112619986
personachat_prompted_mcq,allegrolab__hubble-1b-100b_toks-interference_privacy-hf,16,acc,0.10644257703081232,0.016345338718589675
personachat_prompted_mcq,allegrolab__hubble-1b-100b_toks-interference_privacy-hf,16,acc_norm,0.12324929971988796,0.01742229214515525
personachat_prompted_mcq,allegrolab__hubble-1b-100b_toks-interference_privacy-hf,16,acc_mutual_info,0.10364145658263306,0.01615409513078835
personachat_prompted_mcq,allegrolab__hubble-1b-100b_toks-interference_privacy-hf,64,acc,0.1258741258741259,0.027836270582217236
personachat_prompted_mcq,allegrolab__hubble-1b-100b_toks-interference_privacy-hf,64,acc_norm,0.11888111888111888,0.02715998486468549
personachat_prompted_mcq,allegrolab__hubble-1b-100b_toks-interference_privacy-hf,64,acc_mutual_info,0.11188811188811189,0.02645340872444289
personachat_prompted_mcq,allegrolab__hubble-1b-100b_toks-interference_privacy-hf,256,acc,0.1111111111111111,0.03729694925763063
personachat_prompted_mcq,allegrolab__hubble-1b-100b_toks-interference_privacy-hf,256,acc_norm,0.1388888888888889,0.041042534692355706
personachat_prompted_mcq,allegrolab__hubble-1b-100b_toks-interference_privacy-hf,256,acc_mutual_info,0.1527777777777778,0.042697219026612304
personachat_prompted_mcq,allegrolab__hubble-1b-100b_toks-interference_testset-hf,0,acc,0.104,0.00682754038097374
personachat_prompted_mcq,allegrolab__hubble-1b-100b_toks-interference_testset-hf,0,acc_norm,0.0975,0.006634672896399734
personachat_prompted_mcq,allegrolab__hubble-1b-100b_toks-interference_testset-hf,0,acc_mutual_info,0.1095,0.006984215391317496
personachat_prompted_mcq,allegrolab__hubble-1b-100b_toks-interference_testset-hf,1,acc,0.09243697478991597,0.010847171184004493
personachat_prompted_mcq,allegrolab__hubble-1b-100b_toks-interference_testset-hf,1,acc_norm,0.10504201680672269,0.011482543095907245
personachat_prompted_mcq,allegrolab__hubble-1b-100b_toks-interference_testset-hf,1,acc_mutual_info,0.11204481792717087,0.011812631215999857
personachat_prompted_mcq,allegrolab__hubble-1b-100b_toks-interference_testset-hf,4,acc,0.0938375350140056,0.010920601632837944
personachat_prompted_mcq,allegrolab__hubble-1b-100b_toks-interference_testset-hf,4,acc_norm,0.08403361344537816,0.010390142948306463
personachat_prompted_mcq,allegrolab__hubble-1b-100b_toks-interference_testset-hf,4,acc_mutual_info,0.11484593837535013,0.011940499331408193
personachat_prompted_mcq,allegrolab__hubble-1b-100b_toks-interference_testset-hf,16,acc,0.08683473389355742,0.014924384586637618
personachat_prompted_mcq,allegrolab__hubble-1b-100b_toks-interference_testset-hf,16,acc_norm,0.11484593837535013,0.01689827037339796
personachat_prompted_mcq,allegrolab__hubble-1b-100b_toks-interference_testset-hf,16,acc_mutual_info,0.10364145658263306,0.01615409513078835
personachat_prompted_mcq,allegrolab__hubble-1b-100b_toks-interference_testset-hf,64,acc,0.13986013986013987,0.02910632295887289
personachat_prompted_mcq,allegrolab__hubble-1b-100b_toks-interference_testset-hf,64,acc_norm,0.13286713286713286,0.028484423451631158
personachat_prompted_mcq,allegrolab__hubble-1b-100b_toks-interference_testset-hf,64,acc_mutual_info,0.1048951048951049,0.025714045302205415
personachat_prompted_mcq,allegrolab__hubble-1b-100b_toks-interference_testset-hf,256,acc,0.125,0.039249114101422455
personachat_prompted_mcq,allegrolab__hubble-1b-100b_toks-interference_testset-hf,256,acc_norm,0.18055555555555555,0.045649498541524856
personachat_prompted_mcq,allegrolab__hubble-1b-100b_toks-interference_testset-hf,256,acc_mutual_info,0.05555555555555555,0.027184589618216282
personachat_prompted_mcq,allegrolab__hubble-1b-100b_toks-paraphrased-perturbed-hf,0,acc,0.0935,0.006511534000335002
personachat_prompted_mcq,allegrolab__hubble-1b-100b_toks-paraphrased-perturbed-hf,0,acc_norm,0.0955,0.006573544001554277
personachat_prompted_mcq,allegrolab__hubble-1b-100b_toks-paraphrased-perturbed-hf,0,acc_mutual_info,0.108,0.00694205272581705
personachat_prompted_mcq,allegrolab__hubble-1b-100b_toks-paraphrased-perturbed-hf,1,acc,0.10224089635854341,0.01134612249849412
personachat_prompted_mcq,allegrolab__hubble-1b-100b_toks-paraphrased-perturbed-hf,1,acc_norm,0.10084033613445378,0.01127692742753151
personachat_prompted_mcq,allegrolab__hubble-1b-100b_toks-paraphrased-perturbed-hf,1,acc_mutual_info,0.10364145658263306,0.011414657112619995
personachat_prompted_mcq,allegrolab__hubble-1b-100b_toks-paraphrased-perturbed-hf,4,acc,0.10364145658263306,0.011414657112619983
personachat_prompted_mcq,allegrolab__hubble-1b-100b_toks-paraphrased-perturbed-hf,4,acc_norm,0.10364145658263306,0.011414657112619984
personachat_prompted_mcq,allegrolab__hubble-1b-100b_toks-paraphrased-perturbed-hf,4,acc_mutual_info,0.11064425770308123,0.011747824001932706
personachat_prompted_mcq,allegrolab__hubble-1b-100b_toks-paraphrased-perturbed-hf,16,acc,0.10644257703081232,0.016345338718589682
personachat_prompted_mcq,allegrolab__hubble-1b-100b_toks-paraphrased-perturbed-hf,16,acc_norm,0.13725490196078433,0.018238124799543055
personachat_prompted_mcq,allegrolab__hubble-1b-100b_toks-paraphrased-perturbed-hf,16,acc_mutual_info,0.09523809523809523,0.015557775653877701
personachat_prompted_mcq,allegrolab__hubble-1b-100b_toks-paraphrased-perturbed-hf,64,acc,0.13286713286713286,0.028484423451631147
personachat_prompted_mcq,allegrolab__hubble-1b-100b_toks-paraphrased-perturbed-hf,64,acc_norm,0.1258741258741259,0.02783627058221724
personachat_prompted_mcq,allegrolab__hubble-1b-100b_toks-paraphrased-perturbed-hf,64,acc_mutual_info,0.15384615384615385,0.03027776514080633
personachat_prompted_mcq,allegrolab__hubble-1b-100b_toks-paraphrased-perturbed-hf,256,acc,0.08333333333333333,0.032800912235873524
personachat_prompted_mcq,allegrolab__hubble-1b-100b_toks-paraphrased-perturbed-hf,256,acc_norm,0.1527777777777778,0.042697219026612304
personachat_prompted_mcq,allegrolab__hubble-1b-100b_toks-paraphrased-perturbed-hf,256,acc_mutual_info,0.125,0.03924911410142246
personachat_prompted_mcq,allegrolab__hubble-1b-100b_toks-perturbed-hf,0,acc,0.094,0.0065271204716034975
personachat_prompted_mcq,allegrolab__hubble-1b-100b_toks-perturbed-hf,0,acc_norm,0.101,0.006739600218525784
personachat_prompted_mcq,allegrolab__hubble-1b-100b_toks-perturbed-hf,0,acc_mutual_info,0.098,0.006649820302461378
personachat_prompted_mcq,allegrolab__hubble-1b-100b_toks-perturbed-hf,1,acc,0.09523809523809523,0.010993291365829334
personachat_prompted_mcq,allegrolab__hubble-1b-100b_toks-perturbed-hf,1,acc_norm,0.10224089635854341,0.011346122498494125
personachat_prompted_mcq,allegrolab__hubble-1b-100b_toks-perturbed-hf,1,acc_mutual_info,0.10784313725490197,0.011616414548354312
personachat_prompted_mcq,allegrolab__hubble-1b-100b_toks-perturbed-hf,4,acc,0.12184873949579832,0.012250404245502982
personachat_prompted_mcq,allegrolab__hubble-1b-100b_toks-perturbed-hf,4,acc_norm,0.12044817927170869,0.012189505026603964
personachat_prompted_mcq,allegrolab__hubble-1b-100b_toks-perturbed-hf,4,acc_mutual_info,0.12044817927170869,0.012189505026603964
personachat_prompted_mcq,allegrolab__hubble-1b-100b_toks-perturbed-hf,16,acc,0.10364145658263306,0.016154095130788342
personachat_prompted_mcq,allegrolab__hubble-1b-100b_toks-perturbed-hf,16,acc_norm,0.11484593837535013,0.016898270373397955
personachat_prompted_mcq,allegrolab__hubble-1b-100b_toks-perturbed-hf,16,acc_mutual_info,0.12044817927170869,0.017250664812285925
personachat_prompted_mcq,allegrolab__hubble-1b-100b_toks-perturbed-hf,64,acc,0.11188811188811189,0.026453408724442885
personachat_prompted_mcq,allegrolab__hubble-1b-100b_toks-perturbed-hf,64,acc_norm,0.1048951048951049,0.025714045302205415
personachat_prompted_mcq,allegrolab__hubble-1b-100b_toks-perturbed-hf,64,acc_mutual_info,0.1048951048951049,0.02571404530220541
personachat_prompted_mcq,allegrolab__hubble-1b-100b_toks-perturbed-hf,256,acc,0.09722222222222222,0.035159608253116335
personachat_prompted_mcq,allegrolab__hubble-1b-100b_toks-perturbed-hf,256,acc_norm,0.06944444444444445,0.030168987336416948
personachat_prompted_mcq,allegrolab__hubble-1b-100b_toks-perturbed-hf,256,acc_mutual_info,0.06944444444444445,0.03016898733641694
personachat_prompted_mcq,allegrolab__hubble-1b-100b_toks-standard-hf,0,acc,0.1045,0.006842023212531547
personachat_prompted_mcq,allegrolab__hubble-1b-100b_toks-standard-hf,0,acc_norm,0.11,0.006998177422988204
personachat_prompted_mcq,allegrolab__hubble-1b-100b_toks-standard-hf,0,acc_mutual_info,0.114,0.0071082532053814654
personachat_prompted_mcq,allegrolab__hubble-1b-100b_toks-standard-hf,1,acc,0.09103641456582633,0.010772984872814095
personachat_prompted_mcq,allegrolab__hubble-1b-100b_toks-standard-hf,1,acc_norm,0.08683473389355742,0.010545730435167103
personachat_prompted_mcq,allegrolab__hubble-1b-100b_toks-standard-hf,1,acc_mutual_info,0.1092436974789916,0.011682421795945709
personachat_prompted_mcq,allegrolab__hubble-1b-100b_toks-standard-hf,4,acc,0.0896358543417367,0.01069802697451706
personachat_prompted_mcq,allegrolab__hubble-1b-100b_toks-standard-hf,4,acc_norm,0.10084033613445378,0.011276927427531504
personachat_prompted_mcq,allegrolab__hubble-1b-100b_toks-standard-hf,4,acc_mutual_info,0.1092436974789916,0.011682421795945705
personachat_prompted_mcq,allegrolab__hubble-1b-100b_toks-standard-hf,16,acc,0.1092436974789916,0.016533037408636257
personachat_prompted_mcq,allegrolab__hubble-1b-100b_toks-standard-hf,16,acc_norm,0.12605042016806722,0.017590992311848363
personachat_prompted_mcq,allegrolab__hubble-1b-100b_toks-standard-hf,16,acc_mutual_info,0.1400560224089636,0.018393355923360947
personachat_prompted_mcq,allegrolab__hubble-1b-100b_toks-standard-hf,64,acc,0.11188811188811189,0.026453408724442892
personachat_prompted_mcq,allegrolab__hubble-1b-100b_toks-standard-hf,64,acc_norm,0.09090909090909091,0.024124767837921602
personachat_prompted_mcq,allegrolab__hubble-1b-100b_toks-standard-hf,64,acc_mutual_info,0.1048951048951049,0.025714045302205415
personachat_prompted_mcq,allegrolab__hubble-1b-100b_toks-standard-hf,256,acc,0.1111111111111111,0.03729694925763063
personachat_prompted_mcq,allegrolab__hubble-1b-100b_toks-standard-hf,256,acc_norm,0.125,0.039249114101422455
personachat_prompted_mcq,allegrolab__hubble-1b-100b_toks-standard-hf,256,acc_mutual_info,0.08333333333333333,0.032800912235873524
personachat_prompted_mcq,allegrolab__hubble-1b-500b_toks-perturbed-hf,0,acc,0.1015,0.006754382713684607
personachat_prompted_mcq,allegrolab__hubble-1b-500b_toks-perturbed-hf,0,acc_norm,0.099,0.006679955905951231
personachat_prompted_mcq,allegrolab__hubble-1b-500b_toks-perturbed-hf,0,acc_mutual_info,0.11,0.006998177422988209
personachat_prompted_mcq,allegrolab__hubble-1b-500b_toks-perturbed-hf,1,acc,0.11204481792717087,0.011812631215999871
personachat_prompted_mcq,allegrolab__hubble-1b-500b_toks-perturbed-hf,1,acc_norm,0.0938375350140056,0.010920601632837952
personachat_prompted_mcq,allegrolab__hubble-1b-500b_toks-perturbed-hf,1,acc_mutual_info,0.11204481792717087,0.011812631215999871
personachat_prompted_mcq,allegrolab__hubble-1b-500b_toks-perturbed-hf,4,acc,0.10504201680672269,0.011482543095907256
personachat_prompted_mcq,allegrolab__hubble-1b-500b_toks-perturbed-hf,4,acc_norm,0.10224089635854341,0.011346122498494121
personachat_prompted_mcq,allegrolab__hubble-1b-500b_toks-perturbed-hf,4,acc_mutual_info,0.11484593837535013,0.011940499331408198
personachat_prompted_mcq,allegrolab__hubble-1b-500b_toks-perturbed-hf,16,acc,0.08403361344537816,0.01470419618858857
personachat_prompted_mcq,allegrolab__hubble-1b-500b_toks-perturbed-hf,16,acc_norm,0.11484593837535013,0.016898270373397955
personachat_prompted_mcq,allegrolab__hubble-1b-500b_toks-perturbed-hf,16,acc_mutual_info,0.12324929971988796,0.017422292145155255
personachat_prompted_mcq,allegrolab__hubble-1b-500b_toks-perturbed-hf,64,acc,0.1048951048951049,0.025714045302205404
personachat_prompted_mcq,allegrolab__hubble-1b-500b_toks-perturbed-hf,64,acc_norm,0.1048951048951049,0.025714045302205415
personachat_prompted_mcq,allegrolab__hubble-1b-500b_toks-perturbed-hf,64,acc_mutual_info,0.06293706293706294,0.02037949622833099
personachat_prompted_mcq,allegrolab__hubble-1b-500b_toks-perturbed-hf,256,acc,0.1388888888888889,0.04104253469235572
personachat_prompted_mcq,allegrolab__hubble-1b-500b_toks-perturbed-hf,256,acc_norm,0.09722222222222222,0.03515960825311634
personachat_prompted_mcq,allegrolab__hubble-1b-500b_toks-perturbed-hf,256,acc_mutual_info,0.08333333333333333,0.03280091223587352
personachat_prompted_mcq,allegrolab__hubble-1b-500b_toks-standard-hf,0,acc,0.105,0.006856457212201603
personachat_prompted_mcq,allegrolab__hubble-1b-500b_toks-standard-hf,0,acc_norm,0.0995,0.00669494482001693
personachat_prompted_mcq,allegrolab__hubble-1b-500b_toks-standard-hf,0,acc_mutual_info,0.104,0.006827540380973737
personachat_prompted_mcq,allegrolab__hubble-1b-500b_toks-standard-hf,1,acc,0.09663865546218488,0.0110652549806917
personachat_prompted_mcq,allegrolab__hubble-1b-500b_toks-standard-hf,1,acc_norm,0.09663865546218488,0.011065254980691693
personachat_prompted_mcq,allegrolab__hubble-1b-500b_toks-standard-hf,1,acc_mutual_info,0.10224089635854341,0.011346122498494121
personachat_prompted_mcq,allegrolab__hubble-1b-500b_toks-standard-hf,4,acc,0.10504201680672269,0.011482543095907249
personachat_prompted_mcq,allegrolab__hubble-1b-500b_toks-standard-hf,4,acc_norm,0.08823529411764706,0.010622281154626698
personachat_prompted_mcq,allegrolab__hubble-1b-500b_toks-standard-hf,4,acc_mutual_info,0.09943977591036414,0.011207059666282652
personachat_prompted_mcq,allegrolab__hubble-1b-500b_toks-standard-hf,16,acc,0.10084033613445378,0.015959179207050863
personachat_prompted_mcq,allegrolab__hubble-1b-500b_toks-standard-hf,16,acc_norm,0.11204481792717087,0.01671731060560808
personachat_prompted_mcq,allegrolab__hubble-1b-500b_toks-standard-hf,16,acc_mutual_info,0.1092436974789916,0.01653303740863625
personachat_prompted_mcq,allegrolab__hubble-1b-500b_toks-standard-hf,64,acc,0.11888111888111888,0.02715998486468549
personachat_prompted_mcq,allegrolab__hubble-1b-500b_toks-standard-hf,64,acc_norm,0.09090909090909091,0.02412476783792159
personachat_prompted_mcq,allegrolab__hubble-1b-500b_toks-standard-hf,64,acc_mutual_info,0.08391608391608392,0.02326730384040919
personachat_prompted_mcq,allegrolab__hubble-1b-500b_toks-standard-hf,256,acc,0.1388888888888889,0.04104253469235571
personachat_prompted_mcq,allegrolab__hubble-1b-500b_toks-standard-hf,256,acc_norm,0.1388888888888889,0.04104253469235571
personachat_prompted_mcq,allegrolab__hubble-1b-500b_toks-standard-hf,256,acc_mutual_info,0.08333333333333333,0.032800912235873524
personachat_prompted_mcq,allegrolab__hubble-8b-100b_toks-paraphrased-perturbed-hf,0,acc,0.1095,0.006984215391317496
personachat_prompted_mcq,allegrolab__hubble-8b-100b_toks-paraphrased-perturbed-hf,0,acc_norm,0.0985,0.006664914518789525
personachat_prompted_mcq,allegrolab__hubble-8b-100b_toks-paraphrased-perturbed-hf,0,acc_mutual_info,0.103,0.006798426972811603
personachat_prompted_mcq,allegrolab__hubble-8b-100b_toks-paraphrased-perturbed-hf,1,acc,0.10364145658263306,0.011414657112619997
personachat_prompted_mcq,allegrolab__hubble-8b-100b_toks-paraphrased-perturbed-hf,1,acc_norm,0.11764705882352941,0.01206610057693961
personachat_prompted_mcq,allegrolab__hubble-8b-100b_toks-paraphrased-perturbed-hf,1,acc_mutual_info,0.1092436974789916,0.011682421795945712
personachat_prompted_mcq,allegrolab__hubble-8b-100b_toks-paraphrased-perturbed-hf,4,acc,0.11904761904761904,0.012128073182158744
personachat_prompted_mcq,allegrolab__hubble-8b-100b_toks-paraphrased-perturbed-hf,4,acc_norm,0.09943977591036414,0.011207059666282654
personachat_prompted_mcq,allegrolab__hubble-8b-100b_toks-paraphrased-perturbed-hf,4,acc_mutual_info,0.10784313725490197,0.011616414548354317
personachat_prompted_mcq,allegrolab__hubble-8b-100b_toks-paraphrased-perturbed-hf,16,acc,0.09523809523809523,0.015557775653877698
personachat_prompted_mcq,allegrolab__hubble-8b-100b_toks-paraphrased-perturbed-hf,16,acc_norm,0.1484593837535014,0.01884436517044435
personachat_prompted_mcq,allegrolab__hubble-8b-100b_toks-paraphrased-perturbed-hf,16,acc_mutual_info,0.10364145658263306,0.016154095130788346
personachat_prompted_mcq,allegrolab__hubble-8b-100b_toks-paraphrased-perturbed-hf,64,acc,0.0979020979020979,0.024938978644568975
personachat_prompted_mcq,allegrolab__hubble-8b-100b_toks-paraphrased-perturbed-hf,64,acc_norm,0.09090909090909091,0.024124767837921595
personachat_prompted_mcq,allegrolab__hubble-8b-100b_toks-paraphrased-perturbed-hf,64,acc_mutual_info,0.07692307692307693,0.022361611528223507
personachat_prompted_mcq,allegrolab__hubble-8b-100b_toks-paraphrased-perturbed-hf,256,acc,0.09722222222222222,0.035159608253116335
personachat_prompted_mcq,allegrolab__hubble-8b-100b_toks-paraphrased-perturbed-hf,256,acc_norm,0.125,0.039249114101422455
personachat_prompted_mcq,allegrolab__hubble-8b-100b_toks-paraphrased-perturbed-hf,256,acc_mutual_info,0.1111111111111111,0.03729694925763063
personachat_prompted_mcq,allegrolab__hubble-8b-100b_toks-perturbed-hf,0,acc,0.0935,0.006511534000334999
personachat_prompted_mcq,allegrolab__hubble-8b-100b_toks-perturbed-hf,0,acc_norm,0.0955,0.006573544001554274
personachat_prompted_mcq,allegrolab__hubble-8b-100b_toks-perturbed-hf,0,acc_mutual_info,0.0955,0.006573544001554268
personachat_prompted_mcq,allegrolab__hubble-8b-100b_toks-perturbed-hf,1,acc,0.09243697478991597,0.010847171184004481
personachat_prompted_mcq,allegrolab__hubble-8b-100b_toks-perturbed-hf,1,acc_norm,0.10504201680672269,0.011482543095907249
personachat_prompted_mcq,allegrolab__hubble-8b-100b_toks-perturbed-hf,1,acc_mutual_info,0.09243697478991597,0.010847171184004488
personachat_prompted_mcq,allegrolab__hubble-8b-100b_toks-perturbed-hf,4,acc,0.11204481792717087,0.011812631215999868
personachat_prompted_mcq,allegrolab__hubble-8b-100b_toks-perturbed-hf,4,acc_norm,0.08823529411764706,0.010622281154626701
personachat_prompted_mcq,allegrolab__hubble-8b-100b_toks-perturbed-hf,4,acc_mutual_info,0.10224089635854341,0.011346122498494125
personachat_prompted_mcq,allegrolab__hubble-8b-100b_toks-perturbed-hf,16,acc,0.10364145658263306,0.016154095130788346
personachat_prompted_mcq,allegrolab__hubble-8b-100b_toks-perturbed-hf,16,acc_norm,0.12885154061624648,0.01775684874179398
personachat_prompted_mcq,allegrolab__hubble-8b-100b_toks-perturbed-hf,16,acc_mutual_info,0.12324929971988796,0.01742229214515524
personachat_prompted_mcq,allegrolab__hubble-8b-100b_toks-perturbed-hf,64,acc,0.1258741258741259,0.02783627058221723
personachat_prompted_mcq,allegrolab__hubble-8b-100b_toks-perturbed-hf,64,acc_norm,0.08391608391608392,0.023267303840409183
personachat_prompted_mcq,allegrolab__hubble-8b-100b_toks-perturbed-hf,64,acc_mutual_info,0.1258741258741259,0.027836270582217233
personachat_prompted_mcq,allegrolab__hubble-8b-100b_toks-perturbed-hf,256,acc,0.1111111111111111,0.03729694925763063
personachat_prompted_mcq,allegrolab__hubble-8b-100b_toks-perturbed-hf,256,acc_norm,0.1527777777777778,0.042697219026612304
personachat_prompted_mcq,allegrolab__hubble-8b-100b_toks-perturbed-hf,256,acc_mutual_info,0.125,0.039249114101422455
personachat_prompted_mcq,allegrolab__hubble-8b-100b_toks-standard-hf,0,acc,0.109,0.006970207449993722
personachat_prompted_mcq,allegrolab__hubble-8b-100b_toks-standard-hf,0,acc_norm,0.102,0.006769114451331709
personachat_prompted_mcq,allegrolab__hubble-8b-100b_toks-standard-hf,0,acc_mutual_info,0.092,0.006464433033702466
personachat_prompted_mcq,allegrolab__hubble-8b-100b_toks-standard-hf,1,acc,0.08683473389355742,0.0105457304351671
personachat_prompted_mcq,allegrolab__hubble-8b-100b_toks-standard-hf,1,acc_norm,0.08823529411764706,0.010622281154626696
personachat_prompted_mcq,allegrolab__hubble-8b-100b_toks-standard-hf,1,acc_mutual_info,0.11484593837535013,0.011940499331408196
personachat_prompted_mcq,allegrolab__hubble-8b-100b_toks-standard-hf,4,acc,0.10784313725490197,0.011616414548354319
personachat_prompted_mcq,allegrolab__hubble-8b-100b_toks-standard-hf,4,acc_norm,0.08823529411764706,0.010622281154626694
personachat_prompted_mcq,allegrolab__hubble-8b-100b_toks-standard-hf,4,acc_mutual_info,0.11204481792717087,0.011812631215999875
personachat_prompted_mcq,allegrolab__hubble-8b-100b_toks-standard-hf,16,acc,0.09803921568627451,0.015760454696170444
personachat_prompted_mcq,allegrolab__hubble-8b-100b_toks-standard-hf,16,acc_norm,0.09803921568627451,0.015760454696170455
personachat_prompted_mcq,allegrolab__hubble-8b-100b_toks-standard-hf,16,acc_mutual_info,0.11204481792717087,0.016717310605608084
personachat_prompted_mcq,allegrolab__hubble-8b-100b_toks-standard-hf,64,acc,0.07692307692307693,0.02236161152822351
personachat_prompted_mcq,allegrolab__hubble-8b-100b_toks-standard-hf,64,acc_norm,0.15384615384615385,0.030277765140806333
personachat_prompted_mcq,allegrolab__hubble-8b-100b_toks-standard-hf,64,acc_mutual_info,0.1048951048951049,0.025714045302205415
personachat_prompted_mcq,allegrolab__hubble-8b-100b_toks-standard-hf,256,acc,0.09722222222222222,0.035159608253116335
personachat_prompted_mcq,allegrolab__hubble-8b-100b_toks-standard-hf,256,acc_norm,0.1388888888888889,0.041042534692355706
personachat_prompted_mcq,allegrolab__hubble-8b-100b_toks-standard-hf,256,acc_mutual_info,0.125,0.039249114101422455
personachat_prompted_mcq,allegrolab__hubble-8b-500b_toks-perturbed-hf,0,acc,0.096,0.006588907864997557
personachat_prompted_mcq,allegrolab__hubble-8b-500b_toks-perturbed-hf,0,acc_norm,0.094,0.006527120471603489
personachat_prompted_mcq,allegrolab__hubble-8b-500b_toks-perturbed-hf,0,acc_mutual_info,0.085,0.006237543865716565
personachat_prompted_mcq,allegrolab__hubble-8b-500b_toks-perturbed-hf,1,acc,0.0938375350140056,0.010920601632837949
personachat_prompted_mcq,allegrolab__hubble-8b-500b_toks-perturbed-hf,1,acc_norm,0.09523809523809523,0.01099329136582934
personachat_prompted_mcq,allegrolab__hubble-8b-500b_toks-perturbed-hf,1,acc_mutual_info,0.11624649859943978,0.012003578835358904
personachat_prompted_mcq,allegrolab__hubble-8b-500b_toks-perturbed-hf,4,acc,0.10364145658263306,0.01141465711261999
personachat_prompted_mcq,allegrolab__hubble-8b-500b_toks-perturbed-hf,4,acc_norm,0.09103641456582633,0.010772984872814093
personachat_prompted_mcq,allegrolab__hubble-8b-500b_toks-perturbed-hf,4,acc_mutual_info,0.11064425770308123,0.011747824001932713
personachat_prompted_mcq,allegrolab__hubble-8b-500b_toks-perturbed-hf,16,acc,0.08683473389355742,0.01492438458663762
personachat_prompted_mcq,allegrolab__hubble-8b-500b_toks-perturbed-hf,16,acc_norm,0.12324929971988796,0.017422292145155248
personachat_prompted_mcq,allegrolab__hubble-8b-500b_toks-perturbed-hf,16,acc_mutual_info,0.10364145658263306,0.016154095130788346
personachat_prompted_mcq,allegrolab__hubble-8b-500b_toks-perturbed-hf,64,acc,0.09090909090909091,0.02412476783792159
personachat_prompted_mcq,allegrolab__hubble-8b-500b_toks-perturbed-hf,64,acc_norm,0.11888111888111888,0.02715998486468548
personachat_prompted_mcq,allegrolab__hubble-8b-500b_toks-perturbed-hf,64,acc_mutual_info,0.13286713286713286,0.028484423451631158
personachat_prompted_mcq,allegrolab__hubble-8b-500b_toks-perturbed-hf,256,acc,0.06944444444444445,0.030168987336416944
personachat_prompted_mcq,allegrolab__hubble-8b-500b_toks-perturbed-hf,256,acc_norm,0.1388888888888889,0.04104253469235572
personachat_prompted_mcq,allegrolab__hubble-8b-500b_toks-perturbed-hf,256,acc_mutual_info,0.09722222222222222,0.03515960825311634
personachat_prompted_mcq,allegrolab__hubble-8b-500b_toks-standard-hf,0,acc,0.101,0.00673960021852578
personachat_prompted_mcq,allegrolab__hubble-8b-500b_toks-standard-hf,0,acc_norm,0.099,0.006679955905951229
personachat_prompted_mcq,allegrolab__hubble-8b-500b_toks-standard-hf,0,acc_mutual_info,0.1145,0.007121814032783977
personachat_prompted_mcq,allegrolab__hubble-8b-500b_toks-standard-hf,1,acc,0.08543417366946779,0.010468357158471013
personachat_prompted_mcq,allegrolab__hubble-8b-500b_toks-standard-hf,1,acc_norm,0.08543417366946779,0.010468357158471019
personachat_prompted_mcq,allegrolab__hubble-8b-500b_toks-standard-hf,1,acc_mutual_info,0.11624649859943978,0.012003578835358911
personachat_prompted_mcq,allegrolab__hubble-8b-500b_toks-standard-hf,4,acc,0.13165266106442577,0.012662422341317777
personachat_prompted_mcq,allegrolab__hubble-8b-500b_toks-standard-hf,4,acc_norm,0.09663865546218488,0.01106525498069169
personachat_prompted_mcq,allegrolab__hubble-8b-500b_toks-standard-hf,4,acc_mutual_info,0.10644257703081232,0.011549791885695505
personachat_prompted_mcq,allegrolab__hubble-8b-500b_toks-standard-hf,16,acc,0.10364145658263306,0.016154095130788353
personachat_prompted_mcq,allegrolab__hubble-8b-500b_toks-standard-hf,16,acc_norm,0.12044817927170869,0.01725066481228593
personachat_prompted_mcq,allegrolab__hubble-8b-500b_toks-standard-hf,16,acc_mutual_info,0.10084033613445378,0.015959179207050863
personachat_prompted_mcq,allegrolab__hubble-8b-500b_toks-standard-hf,64,acc,0.08391608391608392,0.023267303840409186
personachat_prompted_mcq,allegrolab__hubble-8b-500b_toks-standard-hf,64,acc_norm,0.11888111888111888,0.02715998486468549
personachat_prompted_mcq,allegrolab__hubble-8b-500b_toks-standard-hf,64,acc_mutual_info,0.11188811188811189,0.026453408724442892
personachat_prompted_mcq,allegrolab__hubble-8b-500b_toks-standard-hf,256,acc,0.09722222222222222,0.03515960825311634
personachat_prompted_mcq,allegrolab__hubble-8b-500b_toks-standard-hf,256,acc_norm,0.125,0.039249114101422455
personachat_prompted_mcq,allegrolab__hubble-8b-500b_toks-standard-hf,256,acc_mutual_info,0.1111111111111111,0.03729694925763063
personachat_username_prompted_sp,allegrolab__hubble-1b-100b_toks-double_depth-perturbed-hf,0,acc,0.101,0.006739600218525779
personachat_username_prompted_sp,allegrolab__hubble-1b-100b_toks-double_depth-perturbed-hf,0,acc_norm,0.093,0.0064958908780204825
personachat_username_prompted_sp,allegrolab__hubble-1b-100b_toks-double_depth-perturbed-hf,1,acc,0.0784313725490196,0.010068481666580201
personachat_username_prompted_sp,allegrolab__hubble-1b-100b_toks-double_depth-perturbed-hf,1,acc_norm,0.0938375350140056,0.010920601632837944
personachat_username_prompted_sp,allegrolab__hubble-1b-100b_toks-double_depth-perturbed-hf,4,acc,0.12605042016806722,0.012429984092874687
personachat_username_prompted_sp,allegrolab__hubble-1b-100b_toks-double_depth-perturbed-hf,4,acc_norm,0.12324929971988796,0.012310778743268094
personachat_username_prompted_sp,allegrolab__hubble-1b-100b_toks-double_depth-perturbed-hf,16,acc,0.13165266106442577,0.01791994039503101
personachat_username_prompted_sp,allegrolab__hubble-1b-100b_toks-double_depth-perturbed-hf,16,acc_norm,0.1484593837535014,0.01884436517044435
personachat_username_prompted_sp,allegrolab__hubble-1b-100b_toks-double_depth-perturbed-hf,64,acc,0.13986013986013987,0.029106322958872888
personachat_username_prompted_sp,allegrolab__hubble-1b-100b_toks-double_depth-perturbed-hf,64,acc_norm,0.13986013986013987,0.02910632295887289
personachat_username_prompted_sp,allegrolab__hubble-1b-100b_toks-double_depth-perturbed-hf,256,acc,0.027777777777777776,0.019503041597205818
personachat_username_prompted_sp,allegrolab__hubble-1b-100b_toks-double_depth-perturbed-hf,256,acc_norm,0.041666666666666664,0.023715020365230932
personachat_username_prompted_sp,allegrolab__hubble-1b-100b_toks-double_depth-standard-hf,0,acc,0.1155,0.007148806034147035
personachat_username_prompted_sp,allegrolab__hubble-1b-100b_toks-double_depth-standard-hf,0,acc_norm,0.1045,0.006842023212531543
personachat_username_prompted_sp,allegrolab__hubble-1b-100b_toks-double_depth-standard-hf,1,acc,0.12044817927170869,0.012189505026603951
personachat_username_prompted_sp,allegrolab__hubble-1b-100b_toks-double_depth-standard-hf,1,acc_norm,0.11484593837535013,0.011940499331408195
personachat_username_prompted_sp,allegrolab__hubble-1b-100b_toks-double_depth-standard-hf,4,acc,0.10504201680672269,0.011482543095907247
personachat_username_prompted_sp,allegrolab__hubble-1b-100b_toks-double_depth-standard-hf,4,acc_norm,0.11064425770308123,0.01174782400193271
personachat_username_prompted_sp,allegrolab__hubble-1b-100b_toks-double_depth-standard-hf,16,acc,0.10644257703081232,0.016345338718589675
personachat_username_prompted_sp,allegrolab__hubble-1b-100b_toks-double_depth-standard-hf,16,acc_norm,0.11764705882352941,0.017076022052562874
personachat_username_prompted_sp,allegrolab__hubble-1b-100b_toks-double_depth-standard-hf,64,acc,0.11188811188811189,0.026453408724442896
personachat_username_prompted_sp,allegrolab__hubble-1b-100b_toks-double_depth-standard-hf,64,acc_norm,0.08391608391608392,0.023267303840409197
personachat_username_prompted_sp,allegrolab__hubble-1b-100b_toks-double_depth-standard-hf,256,acc,0.09722222222222222,0.035159608253116335
personachat_username_prompted_sp,allegrolab__hubble-1b-100b_toks-double_depth-standard-hf,256,acc_norm,0.09722222222222222,0.03515960825311633
personachat_username_prompted_sp,allegrolab__hubble-1b-100b_toks-half_depth-perturbed-hf,0,acc,0.091,0.006432743590028097
personachat_username_prompted_sp,allegrolab__hubble-1b-100b_toks-half_depth-perturbed-hf,0,acc_norm,0.0935,0.0065115340003350074
personachat_username_prompted_sp,allegrolab__hubble-1b-100b_toks-half_depth-perturbed-hf,1,acc,0.10364145658263306,0.01141465711261999
personachat_username_prompted_sp,allegrolab__hubble-1b-100b_toks-half_depth-perturbed-hf,1,acc_norm,0.09523809523809523,0.010993291365829338
personachat_username_prompted_sp,allegrolab__hubble-1b-100b_toks-half_depth-perturbed-hf,4,acc,0.12745098039215685,0.012488829678759741
personachat_username_prompted_sp,allegrolab__hubble-1b-100b_toks-half_depth-perturbed-hf,4,acc_norm,0.12464985994397759,0.012370636202556238
personachat_username_prompted_sp,allegrolab__hubble-1b-100b_toks-half_depth-perturbed-hf,16,acc,0.24929971988795518,0.022928159024852797
personachat_username_prompted_sp,allegrolab__hubble-1b-100b_toks-half_depth-perturbed-hf,16,acc_norm,0.20168067226890757,0.021266472709941017
personachat_username_prompted_sp,allegrolab__hubble-1b-100b_toks-half_depth-perturbed-hf,64,acc,0.04195804195804196,0.016825024260302947
personachat_username_prompted_sp,allegrolab__hubble-1b-100b_toks-half_depth-perturbed-hf,64,acc_norm,0.013986013986013986,0.009854721253157986
personachat_username_prompted_sp,allegrolab__hubble-1b-100b_toks-half_depth-perturbed-hf,256,acc,0.0,0.0
personachat_username_prompted_sp,allegrolab__hubble-1b-100b_toks-half_depth-perturbed-hf,256,acc_norm,0.0,0.0
personachat_username_prompted_sp,allegrolab__hubble-1b-100b_toks-half_depth-standard-hf,0,acc,0.1125,0.007067308428547047
personachat_username_prompted_sp,allegrolab__hubble-1b-100b_toks-half_depth-standard-hf,0,acc_norm,0.11,0.0069981774229882
personachat_username_prompted_sp,allegrolab__hubble-1b-100b_toks-half_depth-standard-hf,1,acc,0.11204481792717087,0.011812631215999868
personachat_username_prompted_sp,allegrolab__hubble-1b-100b_toks-half_depth-standard-hf,1,acc_norm,0.09943977591036414,0.011207059666282661
personachat_username_prompted_sp,allegrolab__hubble-1b-100b_toks-half_depth-standard-hf,4,acc,0.1092436974789916,0.01168242179594571
personachat_username_prompted_sp,allegrolab__hubble-1b-100b_toks-half_depth-standard-hf,4,acc_norm,0.11204481792717087,0.011812631215999873
personachat_username_prompted_sp,allegrolab__hubble-1b-100b_toks-half_depth-standard-hf,16,acc,0.15126050420168066,0.018990000626463215
personachat_username_prompted_sp,allegrolab__hubble-1b-100b_toks-half_depth-standard-hf,16,acc_norm,0.12324929971988796,0.017422292145155244
personachat_username_prompted_sp,allegrolab__hubble-1b-100b_toks-half_depth-standard-hf,64,acc,0.13286713286713286,0.02848442345163115
personachat_username_prompted_sp,allegrolab__hubble-1b-100b_toks-half_depth-standard-hf,64,acc_norm,0.06993006993006994,0.0214015688594409
personachat_username_prompted_sp,allegrolab__hubble-1b-100b_toks-half_depth-standard-hf,256,acc,0.05555555555555555,0.027184589618216286
personachat_username_prompted_sp,allegrolab__hubble-1b-100b_toks-half_depth-standard-hf,256,acc_norm,0.09722222222222222,0.035159608253116335
personachat_username_prompted_sp,allegrolab__hubble-1b-100b_toks-injectrange_0_25-hf,0,acc,0.114,0.007108253205381469
personachat_username_prompted_sp,allegrolab__hubble-1b-100b_toks-injectrange_0_25-hf,0,acc_norm,0.0995,0.006694944820016934
personachat_username_prompted_sp,allegrolab__hubble-1b-100b_toks-injectrange_0_25-hf,1,acc,0.10504201680672269,0.011482543095907252
personachat_username_prompted_sp,allegrolab__hubble-1b-100b_toks-injectrange_0_25-hf,1,acc_norm,0.10504201680672269,0.011482543095907252
personachat_username_prompted_sp,allegrolab__hubble-1b-100b_toks-injectrange_0_25-hf,4,acc,0.10084033613445378,0.0112769274275315
personachat_username_prompted_sp,allegrolab__hubble-1b-100b_toks-injectrange_0_25-hf,4,acc_norm,0.10784313725490197,0.011616414548354324
personachat_username_prompted_sp,allegrolab__hubble-1b-100b_toks-injectrange_0_25-hf,16,acc,0.13725490196078433,0.018238124799543058
personachat_username_prompted_sp,allegrolab__hubble-1b-100b_toks-injectrange_0_25-hf,16,acc_norm,0.1484593837535014,0.018844365170444362
personachat_username_prompted_sp,allegrolab__hubble-1b-100b_toks-injectrange_0_25-hf,64,acc,0.1888111888111888,0.0328420809361643
personachat_username_prompted_sp,allegrolab__hubble-1b-100b_toks-injectrange_0_25-hf,64,acc_norm,0.11888111888111888,0.02715998486468549
personachat_username_prompted_sp,allegrolab__hubble-1b-100b_toks-injectrange_0_25-hf,256,acc,0.16666666666666666,0.04422874103618961
personachat_username_prompted_sp,allegrolab__hubble-1b-100b_toks-injectrange_0_25-hf,256,acc_norm,0.125,0.039249114101422455
personachat_username_prompted_sp,allegrolab__hubble-1b-100b_toks-injectrange_0_50-hf,0,acc,0.1025,0.006783795762143147
personachat_username_prompted_sp,allegrolab__hubble-1b-100b_toks-injectrange_0_50-hf,0,acc_norm,0.09,0.00640081910716287
personachat_username_prompted_sp,allegrolab__hubble-1b-100b_toks-injectrange_0_50-hf,1,acc,0.10644257703081232,0.011549791885695508
personachat_username_prompted_sp,allegrolab__hubble-1b-100b_toks-injectrange_0_50-hf,1,acc_norm,0.10784313725490197,0.01161641454835431
personachat_username_prompted_sp,allegrolab__hubble-1b-100b_toks-injectrange_0_50-hf,4,acc,0.13725490196078433,0.012887254858811491
personachat_username_prompted_sp,allegrolab__hubble-1b-100b_toks-injectrange_0_50-hf,4,acc_norm,0.11064425770308123,0.011747824001932717
personachat_username_prompted_sp,allegrolab__hubble-1b-100b_toks-injectrange_0_50-hf,16,acc,0.16246498599439776,0.019550432789272456
personachat_username_prompted_sp,allegrolab__hubble-1b-100b_toks-injectrange_0_50-hf,16,acc_norm,0.13445378151260504,0.018080342089768376
personachat_username_prompted_sp,allegrolab__hubble-1b-100b_toks-injectrange_0_50-hf,64,acc,0.18181818181818182,0.032366772496196
personachat_username_prompted_sp,allegrolab__hubble-1b-100b_toks-injectrange_0_50-hf,64,acc_norm,0.15384615384615385,0.030277765140806323
personachat_username_prompted_sp,allegrolab__hubble-1b-100b_toks-injectrange_0_50-hf,256,acc,0.16666666666666666,0.044228741036189616
personachat_username_prompted_sp,allegrolab__hubble-1b-100b_toks-injectrange_0_50-hf,256,acc_norm,0.125,0.03924911410142246
personachat_username_prompted_sp,allegrolab__hubble-1b-100b_toks-injectrange_25_50-hf,0,acc,0.093,0.006495890878020476
personachat_username_prompted_sp,allegrolab__hubble-1b-100b_toks-injectrange_25_50-hf,0,acc_norm,0.086,0.006270698591896695
personachat_username_prompted_sp,allegrolab__hubble-1b-100b_toks-injectrange_25_50-hf,1,acc,0.08823529411764706,0.010622281154626705
personachat_username_prompted_sp,allegrolab__hubble-1b-100b_toks-injectrange_25_50-hf,1,acc_norm,0.10504201680672269,0.011482543095907252
personachat_username_prompted_sp,allegrolab__hubble-1b-100b_toks-injectrange_25_50-hf,4,acc,0.1134453781512605,0.011876853178046458
personachat_username_prompted_sp,allegrolab__hubble-1b-100b_toks-injectrange_25_50-hf,4,acc_norm,0.10364145658263306,0.011414657112619993
personachat_username_prompted_sp,allegrolab__hubble-1b-100b_toks-injectrange_25_50-hf,16,acc,0.17366946778711484,0.020077685062969655
personachat_username_prompted_sp,allegrolab__hubble-1b-100b_toks-injectrange_25_50-hf,16,acc_norm,0.16246498599439776,0.019550432789272456
personachat_username_prompted_sp,allegrolab__hubble-1b-100b_toks-injectrange_25_50-hf,64,acc,0.16783216783216784,0.031361649145624663
personachat_username_prompted_sp,allegrolab__hubble-1b-100b_toks-injectrange_25_50-hf,64,acc_norm,0.11888111888111888,0.027159984864685485
personachat_username_prompted_sp,allegrolab__hubble-1b-100b_toks-injectrange_25_50-hf,256,acc,0.18055555555555555,0.04564949854152485
personachat_username_prompted_sp,allegrolab__hubble-1b-100b_toks-injectrange_25_50-hf,256,acc_norm,0.1388888888888889,0.04104253469235572
personachat_username_prompted_sp,allegrolab__hubble-1b-100b_toks-injectrange_50_100-hf,0,acc,0.0965,0.006604217049841766
personachat_username_prompted_sp,allegrolab__hubble-1b-100b_toks-injectrange_50_100-hf,0,acc_norm,0.0855,0.006254153197364774
personachat_username_prompted_sp,allegrolab__hubble-1b-100b_toks-injectrange_50_100-hf,1,acc,0.11624649859943978,0.01200357883535891
personachat_username_prompted_sp,allegrolab__hubble-1b-100b_toks-injectrange_50_100-hf,1,acc_norm,0.10224089635854341,0.011346122498494128
personachat_username_prompted_sp,allegrolab__hubble-1b-100b_toks-injectrange_50_100-hf,4,acc,0.13445378151260504,0.012775763901515762
personachat_username_prompted_sp,allegrolab__hubble-1b-100b_toks-injectrange_50_100-hf,4,acc_norm,0.12324929971988796,0.012310778743268096
personachat_username_prompted_sp,allegrolab__hubble-1b-100b_toks-injectrange_50_100-hf,16,acc,0.20168067226890757,0.02126647270994101
personachat_username_prompted_sp,allegrolab__hubble-1b-100b_toks-injectrange_50_100-hf,16,acc_norm,0.17086834733893558,0.019948835905365593
personachat_username_prompted_sp,allegrolab__hubble-1b-100b_toks-injectrange_50_100-hf,64,acc,0.027972027972027972,0.013837485733712776
personachat_username_prompted_sp,allegrolab__hubble-1b-100b_toks-injectrange_50_100-hf,64,acc_norm,0.02097902097902098,0.012026643443604577
personachat_username_prompted_sp,allegrolab__hubble-1b-100b_toks-injectrange_50_100-hf,256,acc,0.0,0.0
personachat_username_prompted_sp,allegrolab__hubble-1b-100b_toks-injectrange_50_100-hf,256,acc_norm,0.0,0.0
personachat_username_prompted_sp,allegrolab__hubble-1b-100b_toks-injectrange_50_75-hf,0,acc,0.066,0.00555314493862304
personachat_username_prompted_sp,allegrolab__hubble-1b-100b_toks-injectrange_50_75-hf,0,acc_norm,0.066,0.005553144938623047
personachat_username_prompted_sp,allegrolab__hubble-1b-100b_toks-injectrange_50_75-hf,1,acc,0.0896358543417367,0.010698026974517064
personachat_username_prompted_sp,allegrolab__hubble-1b-100b_toks-injectrange_50_75-hf,1,acc_norm,0.07983193277310924,0.010150259275999444
personachat_username_prompted_sp,allegrolab__hubble-1b-100b_toks-injectrange_50_75-hf,4,acc,0.13025210084033614,0.012605042016806713
personachat_username_prompted_sp,allegrolab__hubble-1b-100b_toks-injectrange_50_75-hf,4,acc_norm,0.10504201680672269,0.011482543095907256
personachat_username_prompted_sp,allegrolab__hubble-1b-100b_toks-injectrange_50_75-hf,16,acc,0.2689075630252101,0.023499718237197563
personachat_username_prompted_sp,allegrolab__hubble-1b-100b_toks-injectrange_50_75-hf,16,acc_norm,0.226890756302521,0.022197488280764878
personachat_username_prompted_sp,allegrolab__hubble-1b-100b_toks-injectrange_50_75-hf,64,acc,0.3076923076923077,0.03873144730600103
personachat_username_prompted_sp,allegrolab__hubble-1b-100b_toks-injectrange_50_75-hf,64,acc_norm,0.27972027972027974,0.03766763889539855
personachat_username_prompted_sp,allegrolab__hubble-1b-100b_toks-injectrange_50_75-hf,256,acc,0.2361111111111111,0.05040157809973303
personachat_username_prompted_sp,allegrolab__hubble-1b-100b_toks-injectrange_50_75-hf,256,acc_norm,0.2916666666666667,0.05394274771736145
personachat_username_prompted_sp,allegrolab__hubble-1b-100b_toks-injectrange_75_100-hf,0,acc,0.0685,0.005649764147064787
personachat_username_prompted_sp,allegrolab__hubble-1b-100b_toks-injectrange_75_100-hf,0,acc_norm,0.0645,0.0054940847721656
personachat_username_prompted_sp,allegrolab__hubble-1b-100b_toks-injectrange_75_100-hf,1,acc,0.11904761904761904,0.012128073182158739
personachat_username_prompted_sp,allegrolab__hubble-1b-100b_toks-injectrange_75_100-hf,1,acc_norm,0.10504201680672269,0.011482543095907252
personachat_username_prompted_sp,allegrolab__hubble-1b-100b_toks-injectrange_75_100-hf,4,acc,0.17787114845938376,0.01432115134630466
personachat_username_prompted_sp,allegrolab__hubble-1b-100b_toks-injectrange_75_100-hf,4,acc_norm,0.16526610644257703,0.013909808686869578
personachat_username_prompted_sp,allegrolab__hubble-1b-100b_toks-injectrange_75_100-hf,16,acc,0.226890756302521,0.02219748828076488
personachat_username_prompted_sp,allegrolab__hubble-1b-100b_toks-injectrange_75_100-hf,16,acc_norm,0.19887955182072828,0.021155289646406526
personachat_username_prompted_sp,allegrolab__hubble-1b-100b_toks-injectrange_75_100-hf,64,acc,0.09090909090909091,0.024124767837921602
personachat_username_prompted_sp,allegrolab__hubble-1b-100b_toks-injectrange_75_100-hf,64,acc_norm,0.08391608391608392,0.02326730384040919
personachat_username_prompted_sp,allegrolab__hubble-1b-100b_toks-injectrange_75_100-hf,256,acc,0.09722222222222222,0.035159608253116335
personachat_username_prompted_sp,allegrolab__hubble-1b-100b_toks-injectrange_75_100-hf,256,acc_norm,0.09722222222222222,0.035159608253116335
personachat_username_prompted_sp,allegrolab__hubble-1b-100b_toks-interference_copyright-hf,0,acc,0.105,0.006856457212201601
personachat_username_prompted_sp,allegrolab__hubble-1b-100b_toks-interference_copyright-hf,0,acc_norm,0.0985,0.00666491451878953
personachat_username_prompted_sp,allegrolab__hubble-1b-100b_toks-interference_copyright-hf,1,acc,0.11624649859943978,0.012003578835358908
personachat_username_prompted_sp,allegrolab__hubble-1b-100b_toks-interference_copyright-hf,1,acc_norm,0.11484593837535013,0.011940499331408201
personachat_username_prompted_sp,allegrolab__hubble-1b-100b_toks-interference_copyright-hf,4,acc,0.10364145658263306,0.01141465711261999
personachat_username_prompted_sp,allegrolab__hubble-1b-100b_toks-interference_copyright-hf,4,acc_norm,0.11204481792717087,0.01181263121599987
personachat_username_prompted_sp,allegrolab__hubble-1b-100b_toks-interference_copyright-hf,16,acc,0.1400560224089636,0.018393355923360936
personachat_username_prompted_sp,allegrolab__hubble-1b-100b_toks-interference_copyright-hf,16,acc_norm,0.12885154061624648,0.017756848741793983
personachat_username_prompted_sp,allegrolab__hubble-1b-100b_toks-interference_copyright-hf,64,acc,0.11888111888111888,0.027159984864685495
personachat_username_prompted_sp,allegrolab__hubble-1b-100b_toks-interference_copyright-hf,64,acc_norm,0.0979020979020979,0.024938978644568975
personachat_username_prompted_sp,allegrolab__hubble-1b-100b_toks-interference_copyright-hf,256,acc,0.08333333333333333,0.03280091223587352
personachat_username_prompted_sp,allegrolab__hubble-1b-100b_toks-interference_copyright-hf,256,acc_norm,0.1111111111111111,0.03729694925763062
personachat_username_prompted_sp,allegrolab__hubble-1b-100b_toks-interference_privacy-hf,0,acc,0.0995,0.006694944820016925
personachat_username_prompted_sp,allegrolab__hubble-1b-100b_toks-interference_privacy-hf,0,acc_norm,0.0855,0.006254153197364771
personachat_username_prompted_sp,allegrolab__hubble-1b-100b_toks-interference_privacy-hf,1,acc,0.12324929971988796,0.012310778743268101
personachat_username_prompted_sp,allegrolab__hubble-1b-100b_toks-interference_privacy-hf,1,acc_norm,0.1092436974789916,0.011682421795945704
personachat_username_prompted_sp,allegrolab__hubble-1b-100b_toks-interference_privacy-hf,4,acc,0.14705882352941177,0.01326356649945609
personachat_username_prompted_sp,allegrolab__hubble-1b-100b_toks-interference_privacy-hf,4,acc_norm,0.13725490196078433,0.012887254858811498
personachat_username_prompted_sp,allegrolab__hubble-1b-100b_toks-interference_privacy-hf,16,acc,0.13445378151260504,0.018080342089768376
personachat_username_prompted_sp,allegrolab__hubble-1b-100b_toks-interference_privacy-hf,16,acc_norm,0.15966386554621848,0.01941354470300452
personachat_username_prompted_sp,allegrolab__hubble-1b-100b_toks-interference_privacy-hf,64,acc,0.04895104895104895,0.018106656576456992
personachat_username_prompted_sp,allegrolab__hubble-1b-100b_toks-interference_privacy-hf,64,acc_norm,0.027972027972027972,0.013837485733712776
personachat_username_prompted_sp,allegrolab__hubble-1b-100b_toks-interference_privacy-hf,256,acc,0.027777777777777776,0.019503041597205815
personachat_username_prompted_sp,allegrolab__hubble-1b-100b_toks-interference_privacy-hf,256,acc_norm,0.05555555555555555,0.02718458961821629
personachat_username_prompted_sp,allegrolab__hubble-1b-100b_toks-interference_testset-hf,0,acc,0.117,0.007188973547755975
personachat_username_prompted_sp,allegrolab__hubble-1b-100b_toks-interference_testset-hf,0,acc_norm,0.0945,0.0065426506967030985
personachat_username_prompted_sp,allegrolab__hubble-1b-100b_toks-interference_testset-hf,1,acc,0.10364145658263306,0.011414657112619993
personachat_username_prompted_sp,allegrolab__hubble-1b-100b_toks-interference_testset-hf,1,acc_norm,0.0938375350140056,0.010920601632837944
personachat_username_prompted_sp,allegrolab__hubble-1b-100b_toks-interference_testset-hf,4,acc,0.12885154061624648,0.012547180027554063
personachat_username_prompted_sp,allegrolab__hubble-1b-100b_toks-interference_testset-hf,4,acc_norm,0.10784313725490197,0.011616414548354319
personachat_username_prompted_sp,allegrolab__hubble-1b-100b_toks-interference_testset-hf,16,acc,0.12044817927170869,0.01725066481228593
personachat_username_prompted_sp,allegrolab__hubble-1b-100b_toks-interference_testset-hf,16,acc_norm,0.12324929971988796,0.017422292145155255
personachat_username_prompted_sp,allegrolab__hubble-1b-100b_toks-interference_testset-hf,64,acc,0.13286713286713286,0.028484423451631147
personachat_username_prompted_sp,allegrolab__hubble-1b-100b_toks-interference_testset-hf,64,acc_norm,0.08391608391608392,0.023267303840409197
personachat_username_prompted_sp,allegrolab__hubble-1b-100b_toks-interference_testset-hf,256,acc,0.08333333333333333,0.032800912235873524
personachat_username_prompted_sp,allegrolab__hubble-1b-100b_toks-interference_testset-hf,256,acc_norm,0.1111111111111111,0.03729694925763063
personachat_username_prompted_sp,allegrolab__hubble-1b-100b_toks-paraphrased-perturbed-hf,0,acc,0.088,0.006336250787099457
personachat_username_prompted_sp,allegrolab__hubble-1b-100b_toks-paraphrased-perturbed-hf,0,acc_norm,0.0775,0.005980364318224213
personachat_username_prompted_sp,allegrolab__hubble-1b-100b_toks-paraphrased-perturbed-hf,1,acc,0.10644257703081232,0.011549791885695512
personachat_username_prompted_sp,allegrolab__hubble-1b-100b_toks-paraphrased-perturbed-hf,1,acc_norm,0.1092436974789916,0.011682421795945709
personachat_username_prompted_sp,allegrolab__hubble-1b-100b_toks-paraphrased-perturbed-hf,4,acc,0.17507002801120447,0.01423212263125106
personachat_username_prompted_sp,allegrolab__hubble-1b-100b_toks-paraphrased-perturbed-hf,4,acc_norm,0.14425770308123248,0.013158192653901755
personachat_username_prompted_sp,allegrolab__hubble-1b-100b_toks-paraphrased-perturbed-hf,16,acc,0.21288515406162464,0.021695354007497242
personachat_username_prompted_sp,allegrolab__hubble-1b-100b_toks-paraphrased-perturbed-hf,16,acc_norm,0.19327731092436976,0.020927992651517006
personachat_username_prompted_sp,allegrolab__hubble-1b-100b_toks-paraphrased-perturbed-hf,64,acc,0.013986013986013986,0.009854721253157986
personachat_username_prompted_sp,allegrolab__hubble-1b-100b_toks-paraphrased-perturbed-hf,64,acc_norm,0.006993006993006993,0.006993006993006993
personachat_username_prompted_sp,allegrolab__hubble-1b-100b_toks-paraphrased-perturbed-hf,256,acc,0.0,0.0
personachat_username_prompted_sp,allegrolab__hubble-1b-100b_toks-paraphrased-perturbed-hf,256,acc_norm,0.013888888888888888,0.01388888888888889
personachat_username_prompted_sp,allegrolab__hubble-1b-100b_toks-perturbed-hf,0,acc,0.0845,0.006220870084827857
personachat_username_prompted_sp,allegrolab__hubble-1b-100b_toks-perturbed-hf,0,acc_norm,0.079,0.006033050542588275
personachat_username_prompted_sp,allegrolab__hubble-1b-100b_toks-perturbed-hf,1,acc,0.10784313725490197,0.011616414548354315
personachat_username_prompted_sp,allegrolab__hubble-1b-100b_toks-perturbed-hf,1,acc_norm,0.10224089635854341,0.011346122498494121
personachat_username_prompted_sp,allegrolab__hubble-1b-100b_toks-perturbed-hf,4,acc,0.1568627450980392,0.013619597725838685
personachat_username_prompted_sp,allegrolab__hubble-1b-100b_toks-perturbed-hf,4,acc_norm,0.14985994397759103,0.013367286540847087
personachat_username_prompted_sp,allegrolab__hubble-1b-100b_toks-perturbed-hf,16,acc,0.1792717086834734,0.020329681844588585
personachat_username_prompted_sp,allegrolab__hubble-1b-100b_toks-perturbed-hf,16,acc_norm,0.17086834733893558,0.0199488359053656
personachat_username_prompted_sp,allegrolab__hubble-1b-100b_toks-perturbed-hf,64,acc,0.04195804195804196,0.016825024260302954
personachat_username_prompted_sp,allegrolab__hubble-1b-100b_toks-perturbed-hf,64,acc_norm,0.006993006993006993,0.006993006993006993
personachat_username_prompted_sp,allegrolab__hubble-1b-100b_toks-perturbed-hf,256,acc,0.013888888888888888,0.01388888888888889
personachat_username_prompted_sp,allegrolab__hubble-1b-100b_toks-perturbed-hf,256,acc_norm,0.041666666666666664,0.023715020365230932
personachat_username_prompted_sp,allegrolab__hubble-1b-100b_toks-standard-hf,0,acc,0.101,0.006739600218525785
personachat_username_prompted_sp,allegrolab__hubble-1b-100b_toks-standard-hf,0,acc_norm,0.0965,0.006604217049841769
personachat_username_prompted_sp,allegrolab__hubble-1b-100b_toks-standard-hf,1,acc,0.10644257703081232,0.011549791885695512
personachat_username_prompted_sp,allegrolab__hubble-1b-100b_toks-standard-hf,1,acc_norm,0.10224089635854341,0.011346122498494123
personachat_username_prompted_sp,allegrolab__hubble-1b-100b_toks-standard-hf,4,acc,0.11484593837535013,0.011940499331408193
personachat_username_prompted_sp,allegrolab__hubble-1b-100b_toks-standard-hf,4,acc_norm,0.10644257703081232,0.011549791885695507
personachat_username_prompted_sp,allegrolab__hubble-1b-100b_toks-standard-hf,16,acc,0.16526610644257703,0.01968524946144284
personachat_username_prompted_sp,allegrolab__hubble-1b-100b_toks-standard-hf,16,acc_norm,0.15406162464985995,0.01913337577920222
personachat_username_prompted_sp,allegrolab__hubble-1b-100b_toks-standard-hf,64,acc,0.13286713286713286,0.028484423451631147
personachat_username_prompted_sp,allegrolab__hubble-1b-100b_toks-standard-hf,64,acc_norm,0.09090909090909091,0.024124767837921605
personachat_username_prompted_sp,allegrolab__hubble-1b-100b_toks-standard-hf,256,acc,0.06944444444444445,0.03016898733641694
personachat_username_prompted_sp,allegrolab__hubble-1b-100b_toks-standard-hf,256,acc_norm,0.05555555555555555,0.027184589618216286
personachat_username_prompted_sp,allegrolab__hubble-1b-500b_toks-perturbed-hf,0,acc,0.096,0.0065889078649975655
personachat_username_prompted_sp,allegrolab__hubble-1b-500b_toks-perturbed-hf,0,acc_norm,0.08,0.00606781749928277
personachat_username_prompted_sp,allegrolab__hubble-1b-500b_toks-perturbed-hf,1,acc,0.10364145658263306,0.011414657112619991
personachat_username_prompted_sp,allegrolab__hubble-1b-500b_toks-perturbed-hf,1,acc_norm,0.09663865546218488,0.011065254980691693
personachat_username_prompted_sp,allegrolab__hubble-1b-500b_toks-perturbed-hf,4,acc,0.11204481792717087,0.011812631215999864
personachat_username_prompted_sp,allegrolab__hubble-1b-500b_toks-perturbed-hf,4,acc_norm,0.11204481792717087,0.011812631215999868
personachat_username_prompted_sp,allegrolab__hubble-1b-500b_toks-perturbed-hf,16,acc,0.15126050420168066,0.018990000626463208
personachat_username_prompted_sp,allegrolab__hubble-1b-500b_toks-perturbed-hf,16,acc_norm,0.12885154061624648,0.017756848741793976
personachat_username_prompted_sp,allegrolab__hubble-1b-500b_toks-perturbed-hf,64,acc,0.38461538461538464,0.04082653018725194
personachat_username_prompted_sp,allegrolab__hubble-1b-500b_toks-perturbed-hf,64,acc_norm,0.32867132867132864,0.03941888501263194
personachat_username_prompted_sp,allegrolab__hubble-1b-500b_toks-perturbed-hf,256,acc,0.06944444444444445,0.03016898733641694
personachat_username_prompted_sp,allegrolab__hubble-1b-500b_toks-perturbed-hf,256,acc_norm,0.05555555555555555,0.02718458961821629
personachat_username_prompted_sp,allegrolab__hubble-1b-500b_toks-standard-hf,0,acc,0.1115,0.007039790787172835
personachat_username_prompted_sp,allegrolab__hubble-1b-500b_toks-standard-hf,0,acc_norm,0.105,0.006856457212201602
personachat_username_prompted_sp,allegrolab__hubble-1b-500b_toks-standard-hf,1,acc,0.10224089635854341,0.011346122498494123
personachat_username_prompted_sp,allegrolab__hubble-1b-500b_toks-standard-hf,1,acc_norm,0.09943977591036414,0.011207059666282665
personachat_username_prompted_sp,allegrolab__hubble-1b-500b_toks-standard-hf,4,acc,0.1092436974789916,0.011682421795945714
personachat_username_prompted_sp,allegrolab__hubble-1b-500b_toks-standard-hf,4,acc_norm,0.09943977591036414,0.011207059666282656
personachat_username_prompted_sp,allegrolab__hubble-1b-500b_toks-standard-hf,16,acc,0.1568627450980392,0.019274541069045515
personachat_username_prompted_sp,allegrolab__hubble-1b-500b_toks-standard-hf,16,acc_norm,0.13445378151260504,0.01808034208976837
personachat_username_prompted_sp,allegrolab__hubble-1b-500b_toks-standard-hf,64,acc,0.14685314685314685,0.029703618136003935
personachat_username_prompted_sp,allegrolab__hubble-1b-500b_toks-standard-hf,64,acc_norm,0.11188811188811189,0.026453408724442896
personachat_username_prompted_sp,allegrolab__hubble-1b-500b_toks-standard-hf,256,acc,0.1111111111111111,0.03729694925763063
personachat_username_prompted_sp,allegrolab__hubble-1b-500b_toks-standard-hf,256,acc_norm,0.1527777777777778,0.0426972190266123
personachat_username_prompted_sp,allegrolab__hubble-8b-100b_toks-paraphrased-perturbed-hf,0,acc,0.0655,0.005533550857500656
personachat_username_prompted_sp,allegrolab__hubble-8b-100b_toks-paraphrased-perturbed-hf,0,acc_norm,0.0545,0.005077180702116181
personachat_username_prompted_sp,allegrolab__hubble-8b-100b_toks-paraphrased-perturbed-hf,1,acc,0.09243697478991597,0.010847171184004495
personachat_username_prompted_sp,allegrolab__hubble-8b-100b_toks-paraphrased-perturbed-hf,1,acc_norm,0.08263305322128851,0.010311068668086891
personachat_username_prompted_sp,allegrolab__hubble-8b-100b_toks-paraphrased-perturbed-hf,4,acc,0.15126050420168066,0.013418538393176957
personachat_username_prompted_sp,allegrolab__hubble-8b-100b_toks-paraphrased-perturbed-hf,4,acc_norm,0.13585434173669467,0.012831737671890045
personachat_username_prompted_sp,allegrolab__hubble-8b-100b_toks-paraphrased-perturbed-hf,16,acc,0.27170868347338933,0.023576499606680023
personachat_username_prompted_sp,allegrolab__hubble-8b-100b_toks-paraphrased-perturbed-hf,16,acc_norm,0.23809523809523808,0.022573593482856064
personachat_username_prompted_sp,allegrolab__hubble-8b-100b_toks-paraphrased-perturbed-hf,64,acc,0.34265734265734266,0.03982738177809643
personachat_username_prompted_sp,allegrolab__hubble-8b-100b_toks-paraphrased-perturbed-hf,64,acc_norm,0.3146853146853147,0.03897077881510412
personachat_username_prompted_sp,allegrolab__hubble-8b-100b_toks-paraphrased-perturbed-hf,256,acc,0.3888888888888889,0.05785537103478462
personachat_username_prompted_sp,allegrolab__hubble-8b-100b_toks-paraphrased-perturbed-hf,256,acc_norm,0.4444444444444444,0.05897165471491948
personachat_username_prompted_sp,allegrolab__hubble-8b-100b_toks-perturbed-hf,0,acc,0.051,0.004920529016569403
personachat_username_prompted_sp,allegrolab__hubble-8b-100b_toks-perturbed-hf,0,acc_norm,0.053,0.0050107937521927095
personachat_username_prompted_sp,allegrolab__hubble-8b-100b_toks-perturbed-hf,1,acc,0.06862745098039216,0.009468166488356057
personachat_username_prompted_sp,allegrolab__hubble-8b-100b_toks-perturbed-hf,1,acc_norm,0.08123249299719888,0.010231114375892456
personachat_username_prompted_sp,allegrolab__hubble-8b-100b_toks-perturbed-hf,4,acc,0.14985994397759103,0.013367286540847075
personachat_username_prompted_sp,allegrolab__hubble-8b-100b_toks-perturbed-hf,4,acc_norm,0.1330532212885154,0.012719327519848434
personachat_username_prompted_sp,allegrolab__hubble-8b-100b_toks-perturbed-hf,16,acc,0.3165266106442577,0.024651362031240177
personachat_username_prompted_sp,allegrolab__hubble-8b-100b_toks-perturbed-hf,16,acc_norm,0.2801120448179272,0.02379980214049134
personachat_username_prompted_sp,allegrolab__hubble-8b-100b_toks-perturbed-hf,64,acc,0.34965034965034963,0.040017160283823905
personachat_username_prompted_sp,allegrolab__hubble-8b-100b_toks-perturbed-hf,64,acc_norm,0.32167832167832167,0.03919986517659157
personachat_username_prompted_sp,allegrolab__hubble-8b-100b_toks-perturbed-hf,256,acc,0.2916666666666667,0.053942747717361454
personachat_username_prompted_sp,allegrolab__hubble-8b-100b_toks-perturbed-hf,256,acc_norm,0.2916666666666667,0.053942747717361454
personachat_username_prompted_sp,allegrolab__hubble-8b-100b_toks-standard-hf,0,acc,0.106,0.006885179943285844
personachat_username_prompted_sp,allegrolab__hubble-8b-100b_toks-standard-hf,0,acc_norm,0.096,0.006588907864997555
personachat_username_prompted_sp,allegrolab__hubble-8b-100b_toks-standard-hf,1,acc,0.12324929971988796,0.012310778743268101
personachat_username_prompted_sp,allegrolab__hubble-8b-100b_toks-standard-hf,1,acc_norm,0.09523809523809523,0.010993291365829334
personachat_username_prompted_sp,allegrolab__hubble-8b-100b_toks-standard-hf,4,acc,0.12044817927170869,0.012189505026603965
personachat_username_prompted_sp,allegrolab__hubble-8b-100b_toks-standard-hf,4,acc_norm,0.11624649859943978,0.0120035788353589
personachat_username_prompted_sp,allegrolab__hubble-8b-100b_toks-standard-hf,16,acc,0.13445378151260504,0.018080342089768373
personachat_username_prompted_sp,allegrolab__hubble-8b-100b_toks-standard-hf,16,acc_norm,0.13725490196078433,0.018238124799543058
personachat_username_prompted_sp,allegrolab__hubble-8b-100b_toks-standard-hf,64,acc,0.1258741258741259,0.027836270582217236
personachat_username_prompted_sp,allegrolab__hubble-8b-100b_toks-standard-hf,64,acc_norm,0.0979020979020979,0.024938978644568975
personachat_username_prompted_sp,allegrolab__hubble-8b-100b_toks-standard-hf,256,acc,0.125,0.039249114101422455
personachat_username_prompted_sp,allegrolab__hubble-8b-100b_toks-standard-hf,256,acc_norm,0.06944444444444445,0.030168987336416944
personachat_username_prompted_sp,allegrolab__hubble-8b-500b_toks-perturbed-hf,0,acc,0.0815,0.006119444321129139
personachat_username_prompted_sp,allegrolab__hubble-8b-500b_toks-perturbed-hf,0,acc_norm,0.0785,0.006015560529513616
personachat_username_prompted_sp,allegrolab__hubble-8b-500b_toks-perturbed-hf,1,acc,0.0938375350140056,0.01092060163283795
personachat_username_prompted_sp,allegrolab__hubble-8b-500b_toks-perturbed-hf,1,acc_norm,0.09243697478991597,0.010847171184004493
personachat_username_prompted_sp,allegrolab__hubble-8b-500b_toks-perturbed-hf,4,acc,0.12464985994397759,0.01237063620255624
personachat_username_prompted_sp,allegrolab__hubble-8b-500b_toks-perturbed-hf,4,acc_norm,0.11764705882352941,0.012066100576939607
personachat_username_prompted_sp,allegrolab__hubble-8b-500b_toks-perturbed-hf,16,acc,0.17647058823529413,0.020204621768186083
personachat_username_prompted_sp,allegrolab__hubble-8b-500b_toks-perturbed-hf,16,acc_norm,0.12605042016806722,0.017590992311848363
personachat_username_prompted_sp,allegrolab__hubble-8b-500b_toks-perturbed-hf,64,acc,0.16783216783216784,0.03136164914562466
personachat_username_prompted_sp,allegrolab__hubble-8b-500b_toks-perturbed-hf,64,acc_norm,0.16783216783216784,0.031361649145624663
personachat_username_prompted_sp,allegrolab__hubble-8b-500b_toks-perturbed-hf,256,acc,0.125,0.039249114101422455
personachat_username_prompted_sp,allegrolab__hubble-8b-500b_toks-perturbed-hf,256,acc_norm,0.16666666666666666,0.044228741036189616
personachat_username_prompted_sp,allegrolab__hubble-8b-500b_toks-standard-hf,0,acc,0.11,0.0069981774229882
personachat_username_prompted_sp,allegrolab__hubble-8b-500b_toks-standard-hf,0,acc_norm,0.1065,0.006899469279456865
personachat_username_prompted_sp,allegrolab__hubble-8b-500b_toks-standard-hf,1,acc,0.10784313725490197,0.011616414548354319
personachat_username_prompted_sp,allegrolab__hubble-8b-500b_toks-standard-hf,1,acc_norm,0.11064425770308123,0.011747824001932706
personachat_username_prompted_sp,allegrolab__hubble-8b-500b_toks-standard-hf,4,acc,0.12324929971988796,0.012310778743268093
personachat_username_prompted_sp,allegrolab__hubble-8b-500b_toks-standard-hf,4,acc_norm,0.1134453781512605,0.01187685317804646
personachat_username_prompted_sp,allegrolab__hubble-8b-500b_toks-standard-hf,16,acc,0.13165266106442577,0.017919940395031003
personachat_username_prompted_sp,allegrolab__hubble-8b-500b_toks-standard-hf,16,acc_norm,0.13725490196078433,0.01823812479954306
personachat_username_prompted_sp,allegrolab__hubble-8b-500b_toks-standard-hf,64,acc,0.1258741258741259,0.027836270582217236
personachat_username_prompted_sp,allegrolab__hubble-8b-500b_toks-standard-hf,64,acc_norm,0.11188811188811189,0.02645340872444289
personachat_username_prompted_sp,allegrolab__hubble-8b-500b_toks-standard-hf,256,acc,0.09722222222222222,0.035159608253116335
personachat_username_prompted_sp,allegrolab__hubble-8b-500b_toks-standard-hf,256,acc_norm,0.09722222222222222,0.035159608253116335
personachat_username_sp,allegrolab__hubble-1b-100b_toks-double_depth-perturbed-hf,0,acc,0.0955,0.006573544001554276
personachat_username_sp,allegrolab__hubble-1b-100b_toks-double_depth-perturbed-hf,0,acc_norm,0.0895,0.006384767625279284
personachat_username_sp,allegrolab__hubble-1b-100b_toks-double_depth-perturbed-hf,1,acc,0.09803921568627451,0.01113650655386401
personachat_username_sp,allegrolab__hubble-1b-100b_toks-double_depth-perturbed-hf,1,acc_norm,0.09103641456582633,0.010772984872814086
personachat_username_sp,allegrolab__hubble-1b-100b_toks-double_depth-perturbed-hf,4,acc,0.10784313725490197,0.011616414548354314
personachat_username_sp,allegrolab__hubble-1b-100b_toks-double_depth-perturbed-hf,4,acc_norm,0.11764705882352941,0.01206610057693961
personachat_username_sp,allegrolab__hubble-1b-100b_toks-double_depth-perturbed-hf,16,acc,0.1792717086834734,0.020329681844588582
personachat_username_sp,allegrolab__hubble-1b-100b_toks-double_depth-perturbed-hf,16,acc_norm,0.13445378151260504,0.01808034208976838
personachat_username_sp,allegrolab__hubble-1b-100b_toks-double_depth-perturbed-hf,64,acc,0.27972027972027974,0.03766763889539855
personachat_username_sp,allegrolab__hubble-1b-100b_toks-double_depth-perturbed-hf,64,acc_norm,0.16083916083916083,0.03083005726305201
personachat_username_sp,allegrolab__hubble-1b-100b_toks-double_depth-perturbed-hf,256,acc,0.18055555555555555,0.04564949854152485
personachat_username_sp,allegrolab__hubble-1b-100b_toks-double_depth-perturbed-hf,256,acc_norm,0.19444444444444445,0.04696954399337485
personachat_username_sp,allegrolab__hubble-1b-100b_toks-double_depth-standard-hf,0,acc,0.1205,0.007281235004557655
personachat_username_sp,allegrolab__hubble-1b-100b_toks-double_depth-standard-hf,0,acc_norm,0.107,0.0069137109933703434
personachat_username_sp,allegrolab__hubble-1b-100b_toks-double_depth-standard-hf,1,acc,0.12324929971988796,0.012310778743268093
personachat_username_sp,allegrolab__hubble-1b-100b_toks-double_depth-standard-hf,1,acc_norm,0.10504201680672269,0.011482543095907256
personachat_username_sp,allegrolab__hubble-1b-100b_toks-double_depth-standard-hf,4,acc,0.10364145658263306,0.01141465711261999
personachat_username_sp,allegrolab__hubble-1b-100b_toks-double_depth-standard-hf,4,acc_norm,0.11764705882352941,0.012066100576939607
personachat_username_sp,allegrolab__hubble-1b-100b_toks-double_depth-standard-hf,16,acc,0.12324929971988796,0.01742229214515524
personachat_username_sp,allegrolab__hubble-1b-100b_toks-double_depth-standard-hf,16,acc_norm,0.1092436974789916,0.016533037408636254
personachat_username_sp,allegrolab__hubble-1b-100b_toks-double_depth-standard-hf,64,acc,0.0979020979020979,0.02493897864456898
personachat_username_sp,allegrolab__hubble-1b-100b_toks-double_depth-standard-hf,64,acc_norm,0.055944055944055944,0.019285533976654057
personachat_username_sp,allegrolab__hubble-1b-100b_toks-double_depth-standard-hf,256,acc,0.1111111111111111,0.03729694925763063
personachat_username_sp,allegrolab__hubble-1b-100b_toks-double_depth-standard-hf,256,acc_norm,0.125,0.039249114101422455
personachat_username_sp,allegrolab__hubble-1b-100b_toks-half_depth-perturbed-hf,0,acc,0.098,0.006649820302461381
personachat_username_sp,allegrolab__hubble-1b-100b_toks-half_depth-perturbed-hf,0,acc_norm,0.079,0.006033050542588273
personachat_username_sp,allegrolab__hubble-1b-100b_toks-half_depth-perturbed-hf,1,acc,0.10784313725490197,0.01161641454835432
personachat_username_sp,allegrolab__hubble-1b-100b_toks-half_depth-perturbed-hf,1,acc_norm,0.09663865546218488,0.011065254980691696
personachat_username_sp,allegrolab__hubble-1b-100b_toks-half_depth-perturbed-hf,4,acc,0.10364145658263306,0.011414657112619995
personachat_username_sp,allegrolab__hubble-1b-100b_toks-half_depth-perturbed-hf,4,acc_norm,0.09663865546218488,0.011065254980691696
personachat_username_sp,allegrolab__hubble-1b-100b_toks-half_depth-perturbed-hf,16,acc,0.19607843137254902,0.021042471773133425
personachat_username_sp,allegrolab__hubble-1b-100b_toks-half_depth-perturbed-hf,16,acc_norm,0.17366946778711484,0.02007768506296967
personachat_username_sp,allegrolab__hubble-1b-100b_toks-half_depth-perturbed-hf,64,acc,0.27972027972027974,0.03766763889539855
personachat_username_sp,allegrolab__hubble-1b-100b_toks-half_depth-perturbed-hf,64,acc_norm,0.20279720279720279,0.03374203060158861
personachat_username_sp,allegrolab__hubble-1b-100b_toks-half_depth-perturbed-hf,256,acc,0.25,0.05138915323706487
personachat_username_sp,allegrolab__hubble-1b-100b_toks-half_depth-perturbed-hf,256,acc_norm,0.3055555555555556,0.0546681870597892
personachat_username_sp,allegrolab__hubble-1b-100b_toks-half_depth-standard-hf,0,acc,0.105,0.006856457212201606
personachat_username_sp,allegrolab__hubble-1b-100b_toks-half_depth-standard-hf,0,acc_norm,0.1025,0.006783795762143143
personachat_username_sp,allegrolab__hubble-1b-100b_toks-half_depth-standard-hf,1,acc,0.11064425770308123,0.01174782400193271
personachat_username_sp,allegrolab__hubble-1b-100b_toks-half_depth-standard-hf,1,acc_norm,0.10504201680672269,0.011482543095907252
personachat_username_sp,allegrolab__hubble-1b-100b_toks-half_depth-standard-hf,4,acc,0.11764705882352941,0.012066100576939614
personachat_username_sp,allegrolab__hubble-1b-100b_toks-half_depth-standard-hf,4,acc_norm,0.12044817927170869,0.012189505026603962
personachat_username_sp,allegrolab__hubble-1b-100b_toks-half_depth-standard-hf,16,acc,0.15406162464985995,0.019133375779202214
personachat_username_sp,allegrolab__hubble-1b-100b_toks-half_depth-standard-hf,16,acc_norm,0.1400560224089636,0.018393355923360947
personachat_username_sp,allegrolab__hubble-1b-100b_toks-half_depth-standard-hf,64,acc,0.1258741258741259,0.02783627058221724
personachat_username_sp,allegrolab__hubble-1b-100b_toks-half_depth-standard-hf,64,acc_norm,0.11888111888111888,0.027159984864685485
personachat_username_sp,allegrolab__hubble-1b-100b_toks-half_depth-standard-hf,256,acc,0.125,0.039249114101422455
personachat_username_sp,allegrolab__hubble-1b-100b_toks-half_depth-standard-hf,256,acc_norm,0.1111111111111111,0.03729694925763063
personachat_username_sp,allegrolab__hubble-1b-100b_toks-injectrange_0_25-hf,0,acc,0.113,0.007081000655637771
personachat_username_sp,allegrolab__hubble-1b-100b_toks-injectrange_0_25-hf,0,acc_norm,0.101,0.00673960021852578
personachat_username_sp,allegrolab__hubble-1b-100b_toks-injectrange_0_25-hf,1,acc,0.1092436974789916,0.011682421795945707
personachat_username_sp,allegrolab__hubble-1b-100b_toks-injectrange_0_25-hf,1,acc_norm,0.09943977591036414,0.011207059666282661
personachat_username_sp,allegrolab__hubble-1b-100b_toks-injectrange_0_25-hf,4,acc,0.11484593837535013,0.011940499331408196
personachat_username_sp,allegrolab__hubble-1b-100b_toks-injectrange_0_25-hf,4,acc_norm,0.1092436974789916,0.011682421795945709
personachat_username_sp,allegrolab__hubble-1b-100b_toks-injectrange_0_25-hf,16,acc,0.16806722689075632,0.019818036993347336
personachat_username_sp,allegrolab__hubble-1b-100b_toks-injectrange_0_25-hf,16,acc_norm,0.12885154061624648,0.017756848741793983
personachat_username_sp,allegrolab__hubble-1b-100b_toks-injectrange_0_25-hf,64,acc,0.11188811188811189,0.026453408724442885
personachat_username_sp,allegrolab__hubble-1b-100b_toks-injectrange_0_25-hf,64,acc_norm,0.11888111888111888,0.027159984864685485
personachat_username_sp,allegrolab__hubble-1b-100b_toks-injectrange_0_25-hf,256,acc,0.1527777777777778,0.0426972190266123
personachat_username_sp,allegrolab__hubble-1b-100b_toks-injectrange_0_25-hf,256,acc_norm,0.09722222222222222,0.035159608253116335
personachat_username_sp,allegrolab__hubble-1b-100b_toks-injectrange_0_50-hf,0,acc,0.104,0.006827540380973734
personachat_username_sp,allegrolab__hubble-1b-100b_toks-injectrange_0_50-hf,0,acc_norm,0.092,0.006464433033702463
personachat_username_sp,allegrolab__hubble-1b-100b_toks-injectrange_0_50-hf,1,acc,0.10364145658263306,0.011414657112619993
personachat_username_sp,allegrolab__hubble-1b-100b_toks-injectrange_0_50-hf,1,acc_norm,0.10364145658263306,0.011414657112619988
personachat_username_sp,allegrolab__hubble-1b-100b_toks-injectrange_0_50-hf,4,acc,0.11204481792717087,0.011812631215999864
personachat_username_sp,allegrolab__hubble-1b-100b_toks-injectrange_0_50-hf,4,acc_norm,0.09943977591036414,0.011207059666282658
personachat_username_sp,allegrolab__hubble-1b-100b_toks-injectrange_0_50-hf,16,acc,0.1792717086834734,0.020329681844588582
personachat_username_sp,allegrolab__hubble-1b-100b_toks-injectrange_0_50-hf,16,acc_norm,0.1568627450980392,0.01927454106904553
personachat_username_sp,allegrolab__hubble-1b-100b_toks-injectrange_0_50-hf,64,acc,0.16083916083916083,0.03083005726305202
personachat_username_sp,allegrolab__hubble-1b-100b_toks-injectrange_0_50-hf,64,acc_norm,0.11888111888111888,0.027159984864685488
personachat_username_sp,allegrolab__hubble-1b-100b_toks-injectrange_0_50-hf,256,acc,0.18055555555555555,0.04564949854152484
personachat_username_sp,allegrolab__hubble-1b-100b_toks-injectrange_0_50-hf,256,acc_norm,0.125,0.039249114101422455
personachat_username_sp,allegrolab__hubble-1b-100b_toks-injectrange_25_50-hf,0,acc,0.101,0.006739600218525782
personachat_username_sp,allegrolab__hubble-1b-100b_toks-injectrange_25_50-hf,0,acc_norm,0.092,0.006464433033702457
personachat_username_sp,allegrolab__hubble-1b-100b_toks-injectrange_25_50-hf,1,acc,0.11764705882352941,0.012066100576939614
personachat_username_sp,allegrolab__hubble-1b-100b_toks-injectrange_25_50-hf,1,acc_norm,0.10644257703081232,0.011549791885695508
personachat_username_sp,allegrolab__hubble-1b-100b_toks-injectrange_25_50-hf,4,acc,0.10364145658263306,0.01141465711261999
personachat_username_sp,allegrolab__hubble-1b-100b_toks-injectrange_25_50-hf,4,acc_norm,0.11204481792717087,0.011812631215999864
personachat_username_sp,allegrolab__hubble-1b-100b_toks-injectrange_25_50-hf,16,acc,0.16246498599439776,0.019550432789272442
personachat_username_sp,allegrolab__hubble-1b-100b_toks-injectrange_25_50-hf,16,acc_norm,0.1400560224089636,0.01839335592336093
personachat_username_sp,allegrolab__hubble-1b-100b_toks-injectrange_25_50-hf,64,acc,0.14685314685314685,0.029703618136003928
personachat_username_sp,allegrolab__hubble-1b-100b_toks-injectrange_25_50-hf,64,acc_norm,0.11188811188811189,0.026453408724442892
personachat_username_sp,allegrolab__hubble-1b-100b_toks-injectrange_25_50-hf,256,acc,0.1527777777777778,0.0426972190266123
personachat_username_sp,allegrolab__hubble-1b-100b_toks-injectrange_25_50-hf,256,acc_norm,0.18055555555555555,0.04564949854152486
personachat_username_sp,allegrolab__hubble-1b-100b_toks-injectrange_50_100-hf,0,acc,0.094,0.006527120471603494
personachat_username_sp,allegrolab__hubble-1b-100b_toks-injectrange_50_100-hf,0,acc_norm,0.0885,0.006352483925679233
personachat_username_sp,allegrolab__hubble-1b-100b_toks-injectrange_50_100-hf,1,acc,0.10504201680672269,0.01148254309590725
personachat_username_sp,allegrolab__hubble-1b-100b_toks-injectrange_50_100-hf,1,acc_norm,0.10644257703081232,0.011549791885695515
personachat_username_sp,allegrolab__hubble-1b-100b_toks-injectrange_50_100-hf,4,acc,0.10364145658263306,0.01141465711261999
personachat_username_sp,allegrolab__hubble-1b-100b_toks-injectrange_50_100-hf,4,acc_norm,0.10084033613445378,0.0112769274275315
personachat_username_sp,allegrolab__hubble-1b-100b_toks-injectrange_50_100-hf,16,acc,0.16806722689075632,0.019818036993347336
personachat_username_sp,allegrolab__hubble-1b-100b_toks-injectrange_50_100-hf,16,acc_norm,0.1484593837535014,0.01884436517044435
personachat_username_sp,allegrolab__hubble-1b-100b_toks-injectrange_50_100-hf,64,acc,0.2097902097902098,0.03416800637471349
personachat_username_sp,allegrolab__hubble-1b-100b_toks-injectrange_50_100-hf,64,acc_norm,0.1958041958041958,0.03330026780648434
personachat_username_sp,allegrolab__hubble-1b-100b_toks-injectrange_50_100-hf,256,acc,0.2777777777777778,0.05315633121839997
personachat_username_sp,allegrolab__hubble-1b-100b_toks-injectrange_50_100-hf,256,acc_norm,0.2361111111111111,0.05040157809973302
personachat_username_sp,allegrolab__hubble-1b-100b_toks-injectrange_50_75-hf,0,acc,0.101,0.0067396002185257774
personachat_username_sp,allegrolab__hubble-1b-100b_toks-injectrange_50_75-hf,0,acc_norm,0.089,0.006368656050529434
personachat_username_sp,allegrolab__hubble-1b-100b_toks-injectrange_50_75-hf,1,acc,0.10644257703081232,0.011549791885695512
personachat_username_sp,allegrolab__hubble-1b-100b_toks-injectrange_50_75-hf,1,acc_norm,0.09663865546218488,0.01106525498069169
personachat_username_sp,allegrolab__hubble-1b-100b_toks-injectrange_50_75-hf,4,acc,0.1134453781512605,0.011876853178046468
personachat_username_sp,allegrolab__hubble-1b-100b_toks-injectrange_50_75-hf,4,acc_norm,0.10644257703081232,0.011549791885695505
personachat_username_sp,allegrolab__hubble-1b-100b_toks-injectrange_50_75-hf,16,acc,0.17086834733893558,0.019948835905365597
personachat_username_sp,allegrolab__hubble-1b-100b_toks-injectrange_50_75-hf,16,acc_norm,0.15126050420168066,0.0189900006264632
personachat_username_sp,allegrolab__hubble-1b-100b_toks-injectrange_50_75-hf,64,acc,0.18181818181818182,0.032366772496196
personachat_username_sp,allegrolab__hubble-1b-100b_toks-injectrange_50_75-hf,64,acc_norm,0.16083916083916083,0.030830057263052022
personachat_username_sp,allegrolab__hubble-1b-100b_toks-injectrange_50_75-hf,256,acc,0.1527777777777778,0.042697219026612304
personachat_username_sp,allegrolab__hubble-1b-100b_toks-injectrange_50_75-hf,256,acc_norm,0.16666666666666666,0.04422874103618961
personachat_username_sp,allegrolab__hubble-1b-100b_toks-injectrange_75_100-hf,0,acc,0.1025,0.006783795762143143
personachat_username_sp,allegrolab__hubble-1b-100b_toks-injectrange_75_100-hf,0,acc_norm,0.087,0.006303599581496422
personachat_username_sp,allegrolab__hubble-1b-100b_toks-injectrange_75_100-hf,1,acc,0.10784313725490197,0.011616414548354314
personachat_username_sp,allegrolab__hubble-1b-100b_toks-injectrange_75_100-hf,1,acc_norm,0.09943977591036414,0.011207059666282654
personachat_username_sp,allegrolab__hubble-1b-100b_toks-injectrange_75_100-hf,4,acc,0.12745098039215685,0.012488829678759741
personachat_username_sp,allegrolab__hubble-1b-100b_toks-injectrange_75_100-hf,4,acc_norm,0.11064425770308123,0.011747824001932703
personachat_username_sp,allegrolab__hubble-1b-100b_toks-injectrange_75_100-hf,16,acc,0.18487394957983194,0.020574308482009335
personachat_username_sp,allegrolab__hubble-1b-100b_toks-injectrange_75_100-hf,16,acc_norm,0.15126050420168066,0.01899000062646321
personachat_username_sp,allegrolab__hubble-1b-100b_toks-injectrange_75_100-hf,64,acc,0.14685314685314685,0.029703618136003935
personachat_username_sp,allegrolab__hubble-1b-100b_toks-injectrange_75_100-hf,64,acc_norm,0.1258741258741259,0.027836270582217226
personachat_username_sp,allegrolab__hubble-1b-100b_toks-injectrange_75_100-hf,256,acc,0.16666666666666666,0.044228741036189616
personachat_username_sp,allegrolab__hubble-1b-100b_toks-injectrange_75_100-hf,256,acc_norm,0.19444444444444445,0.04696954399337485
personachat_username_sp,allegrolab__hubble-1b-100b_toks-interference_copyright-hf,0,acc,0.1245,0.007384249357198382
personachat_username_sp,allegrolab__hubble-1b-100b_toks-interference_copyright-hf,0,acc_norm,0.105,0.006856457212201606
personachat_username_sp,allegrolab__hubble-1b-100b_toks-interference_copyright-hf,1,acc,0.12184873949579832,0.012250404245502984
personachat_username_sp,allegrolab__hubble-1b-100b_toks-interference_copyright-hf,1,acc_norm,0.10224089635854341,0.011346122498494121
personachat_username_sp,allegrolab__hubble-1b-100b_toks-interference_copyright-hf,4,acc,0.11764705882352941,0.012066100576939609
personachat_username_sp,allegrolab__hubble-1b-100b_toks-interference_copyright-hf,4,acc_norm,0.09943977591036414,0.011207059666282652
personachat_username_sp,allegrolab__hubble-1b-100b_toks-interference_copyright-hf,16,acc,0.12885154061624648,0.017756848741793983
personachat_username_sp,allegrolab__hubble-1b-100b_toks-interference_copyright-hf,16,acc_norm,0.11764705882352941,0.017076022052562864
personachat_username_sp,allegrolab__hubble-1b-100b_toks-interference_copyright-hf,64,acc,0.1048951048951049,0.025714045302205415
personachat_username_sp,allegrolab__hubble-1b-100b_toks-interference_copyright-hf,64,acc_norm,0.1048951048951049,0.025714045302205415
personachat_username_sp,allegrolab__hubble-1b-100b_toks-interference_copyright-hf,256,acc,0.08333333333333333,0.03280091223587352
personachat_username_sp,allegrolab__hubble-1b-100b_toks-interference_copyright-hf,256,acc_norm,0.1388888888888889,0.04104253469235571
personachat_username_sp,allegrolab__hubble-1b-100b_toks-interference_privacy-hf,0,acc,0.1025,0.00678379576214314
personachat_username_sp,allegrolab__hubble-1b-100b_toks-interference_privacy-hf,0,acc_norm,0.0905,0.006416810947142326
personachat_username_sp,allegrolab__hubble-1b-100b_toks-interference_privacy-hf,1,acc,0.0938375350140056,0.010920601632837954
personachat_username_sp,allegrolab__hubble-1b-100b_toks-interference_privacy-hf,1,acc_norm,0.08683473389355742,0.0105457304351671
personachat_username_sp,allegrolab__hubble-1b-100b_toks-interference_privacy-hf,4,acc,0.10784313725490197,0.011616414548354314
personachat_username_sp,allegrolab__hubble-1b-100b_toks-interference_privacy-hf,4,acc_norm,0.11624649859943978,0.012003578835358915
personachat_username_sp,allegrolab__hubble-1b-100b_toks-interference_privacy-hf,16,acc,0.16526610644257703,0.019685249461442837
personachat_username_sp,allegrolab__hubble-1b-100b_toks-interference_privacy-hf,16,acc_norm,0.15966386554621848,0.019413544703004507
personachat_username_sp,allegrolab__hubble-1b-100b_toks-interference_privacy-hf,64,acc,0.16083916083916083,0.030830057263052026
personachat_username_sp,allegrolab__hubble-1b-100b_toks-interference_privacy-hf,64,acc_norm,0.13986013986013987,0.029106322958872895
personachat_username_sp,allegrolab__hubble-1b-100b_toks-interference_privacy-hf,256,acc,0.16666666666666666,0.04422874103618961
personachat_username_sp,allegrolab__hubble-1b-100b_toks-interference_privacy-hf,256,acc_norm,0.2222222222222222,0.049339226198542877
personachat_username_sp,allegrolab__hubble-1b-100b_toks-interference_testset-hf,0,acc,0.12,0.007268178121551733
personachat_username_sp,allegrolab__hubble-1b-100b_toks-interference_testset-hf,0,acc_norm,0.1075,0.006927905378717881
personachat_username_sp,allegrolab__hubble-1b-100b_toks-interference_testset-hf,1,acc,0.10224089635854341,0.011346122498494116
personachat_username_sp,allegrolab__hubble-1b-100b_toks-interference_testset-hf,1,acc_norm,0.08823529411764706,0.0106222811546267
personachat_username_sp,allegrolab__hubble-1b-100b_toks-interference_testset-hf,4,acc,0.1092436974789916,0.011682421795945705
personachat_username_sp,allegrolab__hubble-1b-100b_toks-interference_testset-hf,4,acc_norm,0.10224089635854341,0.011346122498494125
personachat_username_sp,allegrolab__hubble-1b-100b_toks-interference_testset-hf,16,acc,0.1400560224089636,0.018393355923360933
personachat_username_sp,allegrolab__hubble-1b-100b_toks-interference_testset-hf,16,acc_norm,0.11204481792717087,0.01671731060560808
personachat_username_sp,allegrolab__hubble-1b-100b_toks-interference_testset-hf,64,acc,0.1048951048951049,0.025714045302205415
personachat_username_sp,allegrolab__hubble-1b-100b_toks-interference_testset-hf,64,acc_norm,0.07692307692307693,0.022361611528223503
personachat_username_sp,allegrolab__hubble-1b-100b_toks-interference_testset-hf,256,acc,0.16666666666666666,0.04422874103618961
personachat_username_sp,allegrolab__hubble-1b-100b_toks-interference_testset-hf,256,acc_norm,0.1527777777777778,0.0426972190266123
personachat_username_sp,allegrolab__hubble-1b-100b_toks-paraphrased-perturbed-hf,0,acc,0.1045,0.0068420232125315505
personachat_username_sp,allegrolab__hubble-1b-100b_toks-paraphrased-perturbed-hf,0,acc_norm,0.092,0.0064644330337024596
personachat_username_sp,allegrolab__hubble-1b-100b_toks-paraphrased-perturbed-hf,1,acc,0.11904761904761904,0.012128073182158744
personachat_username_sp,allegrolab__hubble-1b-100b_toks-paraphrased-perturbed-hf,1,acc_norm,0.10084033613445378,0.011276927427531504
personachat_username_sp,allegrolab__hubble-1b-100b_toks-paraphrased-perturbed-hf,4,acc,0.10784313725490197,0.011616414548354322
personachat_username_sp,allegrolab__hubble-1b-100b_toks-paraphrased-perturbed-hf,4,acc_norm,0.12745098039215685,0.012488829678759743
personachat_username_sp,allegrolab__hubble-1b-100b_toks-paraphrased-perturbed-hf,16,acc,0.1568627450980392,0.019274541069045522
personachat_username_sp,allegrolab__hubble-1b-100b_toks-paraphrased-perturbed-hf,16,acc_norm,0.13725490196078433,0.018238124799543058
personachat_username_sp,allegrolab__hubble-1b-100b_toks-paraphrased-perturbed-hf,64,acc,0.16783216783216784,0.03136164914562466
personachat_username_sp,allegrolab__hubble-1b-100b_toks-paraphrased-perturbed-hf,64,acc_norm,0.1258741258741259,0.027836270582217243
personachat_username_sp,allegrolab__hubble-1b-100b_toks-paraphrased-perturbed-hf,256,acc,0.2361111111111111,0.05040157809973302
personachat_username_sp,allegrolab__hubble-1b-100b_toks-paraphrased-perturbed-hf,256,acc_norm,0.2361111111111111,0.05040157809973302
personachat_username_sp,allegrolab__hubble-1b-100b_toks-perturbed-hf,0,acc,0.104,0.006827540380973725
personachat_username_sp,allegrolab__hubble-1b-100b_toks-perturbed-hf,0,acc_norm,0.091,0.006432743590028095
personachat_username_sp,allegrolab__hubble-1b-100b_toks-perturbed-hf,1,acc,0.11204481792717087,0.01181263121599987
personachat_username_sp,allegrolab__hubble-1b-100b_toks-perturbed-hf,1,acc_norm,0.08543417366946779,0.01046835715847102
personachat_username_sp,allegrolab__hubble-1b-100b_toks-perturbed-hf,4,acc,0.10364145658263306,0.011414657112619991
personachat_username_sp,allegrolab__hubble-1b-100b_toks-perturbed-hf,4,acc_norm,0.10364145658263306,0.011414657112619993
personachat_username_sp,allegrolab__hubble-1b-100b_toks-perturbed-hf,16,acc,0.19327731092436976,0.020927992651517017
personachat_username_sp,allegrolab__hubble-1b-100b_toks-perturbed-hf,16,acc_norm,0.14285714285714285,0.018546099531767814
personachat_username_sp,allegrolab__hubble-1b-100b_toks-perturbed-hf,64,acc,0.2097902097902098,0.03416800637471348
personachat_username_sp,allegrolab__hubble-1b-100b_toks-perturbed-hf,64,acc_norm,0.16083916083916083,0.030830057263052015
personachat_username_sp,allegrolab__hubble-1b-100b_toks-perturbed-hf,256,acc,0.20833333333333334,0.048197153144195225
personachat_username_sp,allegrolab__hubble-1b-100b_toks-perturbed-hf,256,acc_norm,0.19444444444444445,0.04696954399337485
personachat_username_sp,allegrolab__hubble-1b-100b_toks-standard-hf,0,acc,0.1075,0.00692790537871789
personachat_username_sp,allegrolab__hubble-1b-100b_toks-standard-hf,0,acc_norm,0.097,0.006619471935460736
personachat_username_sp,allegrolab__hubble-1b-100b_toks-standard-hf,1,acc,0.12745098039215685,0.012488829678759727
personachat_username_sp,allegrolab__hubble-1b-100b_toks-standard-hf,1,acc_norm,0.11204481792717087,0.011812631215999871
personachat_username_sp,allegrolab__hubble-1b-100b_toks-standard-hf,4,acc,0.11484593837535013,0.0119404993314082
personachat_username_sp,allegrolab__hubble-1b-100b_toks-standard-hf,4,acc_norm,0.1092436974789916,0.011682421795945707
personachat_username_sp,allegrolab__hubble-1b-100b_toks-standard-hf,16,acc,0.1400560224089636,0.01839335592336093
personachat_username_sp,allegrolab__hubble-1b-100b_toks-standard-hf,16,acc_norm,0.12044817927170869,0.017250664812285925
personachat_username_sp,allegrolab__hubble-1b-100b_toks-standard-hf,64,acc,0.13286713286713286,0.028484423451631158
personachat_username_sp,allegrolab__hubble-1b-100b_toks-standard-hf,64,acc_norm,0.06993006993006994,0.0214015688594409
personachat_username_sp,allegrolab__hubble-1b-100b_toks-standard-hf,256,acc,0.1111111111111111,0.03729694925763063
personachat_username_sp,allegrolab__hubble-1b-100b_toks-standard-hf,256,acc_norm,0.09722222222222222,0.035159608253116335
personachat_username_sp,allegrolab__hubble-1b-500b_toks-perturbed-hf,0,acc,0.1115,0.007039790787172841
personachat_username_sp,allegrolab__hubble-1b-500b_toks-perturbed-hf,0,acc_norm,0.0865,0.00628718055408462
personachat_username_sp,allegrolab__hubble-1b-500b_toks-perturbed-hf,1,acc,0.10224089635854341,0.011346122498494121
personachat_username_sp,allegrolab__hubble-1b-500b_toks-perturbed-hf,1,acc_norm,0.0896358543417367,0.010698026974517053
personachat_username_sp,allegrolab__hubble-1b-500b_toks-perturbed-hf,4,acc,0.11624649859943978,0.012003578835358918
personachat_username_sp,allegrolab__hubble-1b-500b_toks-perturbed-hf,4,acc_norm,0.11904761904761904,0.012128073182158732
personachat_username_sp,allegrolab__hubble-1b-500b_toks-perturbed-hf,16,acc,0.1400560224089636,0.01839335592336093
personachat_username_sp,allegrolab__hubble-1b-500b_toks-perturbed-hf,16,acc_norm,0.12044817927170869,0.017250664812285935
personachat_username_sp,allegrolab__hubble-1b-500b_toks-perturbed-hf,64,acc,0.14685314685314685,0.02970361813600393
personachat_username_sp,allegrolab__hubble-1b-500b_toks-perturbed-hf,64,acc_norm,0.13286713286713286,0.028484423451631158
personachat_username_sp,allegrolab__hubble-1b-500b_toks-perturbed-hf,256,acc,0.09722222222222222,0.035159608253116335
personachat_username_sp,allegrolab__hubble-1b-500b_toks-perturbed-hf,256,acc_norm,0.09722222222222222,0.035159608253116335
personachat_username_sp,allegrolab__hubble-1b-500b_toks-standard-hf,0,acc,0.1065,0.006899469279456867
personachat_username_sp,allegrolab__hubble-1b-500b_toks-standard-hf,0,acc_norm,0.108,0.00694205272581706
personachat_username_sp,allegrolab__hubble-1b-500b_toks-standard-hf,1,acc,0.10364145658263306,0.011414657112619993
personachat_username_sp,allegrolab__hubble-1b-500b_toks-standard-hf,1,acc_norm,0.09243697478991597,0.010847171184004486
personachat_username_sp,allegrolab__hubble-1b-500b_toks-standard-hf,4,acc,0.10364145658263306,0.011414657112619988
personachat_username_sp,allegrolab__hubble-1b-500b_toks-standard-hf,4,acc_norm,0.09943977591036414,0.011207059666282652
personachat_username_sp,allegrolab__hubble-1b-500b_toks-standard-hf,16,acc,0.13165266106442577,0.017919940395031003
personachat_username_sp,allegrolab__hubble-1b-500b_toks-standard-hf,16,acc_norm,0.10644257703081232,0.01634533871858968
personachat_username_sp,allegrolab__hubble-1b-500b_toks-standard-hf,64,acc,0.11188811188811189,0.026453408724442892
personachat_username_sp,allegrolab__hubble-1b-500b_toks-standard-hf,64,acc_norm,0.1048951048951049,0.025714045302205408
personachat_username_sp,allegrolab__hubble-1b-500b_toks-standard-hf,256,acc,0.09722222222222222,0.03515960825311634
personachat_username_sp,allegrolab__hubble-1b-500b_toks-standard-hf,256,acc_norm,0.08333333333333333,0.03280091223587352
personachat_username_sp,allegrolab__hubble-8b-100b_toks-paraphrased-perturbed-hf,0,acc,0.0965,0.006604217049841771
personachat_username_sp,allegrolab__hubble-8b-100b_toks-paraphrased-perturbed-hf,0,acc_norm,0.081,0.006102304405675756
personachat_username_sp,allegrolab__hubble-8b-100b_toks-paraphrased-perturbed-hf,1,acc,0.11204481792717087,0.011812631215999871
personachat_username_sp,allegrolab__hubble-8b-100b_toks-paraphrased-perturbed-hf,1,acc_norm,0.07563025210084033,0.009902067237665471
personachat_username_sp,allegrolab__hubble-8b-100b_toks-paraphrased-perturbed-hf,4,acc,0.10644257703081232,0.011549791885695514
personachat_username_sp,allegrolab__hubble-8b-100b_toks-paraphrased-perturbed-hf,4,acc_norm,0.09803921568627451,0.011136506553864016
personachat_username_sp,allegrolab__hubble-8b-100b_toks-paraphrased-perturbed-hf,16,acc,0.2184873949579832,0.02190060881115039
personachat_username_sp,allegrolab__hubble-8b-100b_toks-paraphrased-perturbed-hf,16,acc_norm,0.21008403361344538,0.02159046374710438
personachat_username_sp,allegrolab__hubble-8b-100b_toks-paraphrased-perturbed-hf,64,acc,0.27972027972027974,0.037667638895398564
personachat_username_sp,allegrolab__hubble-8b-100b_toks-paraphrased-perturbed-hf,64,acc_norm,0.21678321678321677,0.034578778571478425
personachat_username_sp,allegrolab__hubble-8b-100b_toks-paraphrased-perturbed-hf,256,acc,0.20833333333333334,0.04819715314419522
personachat_username_sp,allegrolab__hubble-8b-100b_toks-paraphrased-perturbed-hf,256,acc_norm,0.18055555555555555,0.045649498541524856
personachat_username_sp,allegrolab__hubble-8b-100b_toks-perturbed-hf,0,acc,0.084,0.006204131335071123
personachat_username_sp,allegrolab__hubble-8b-100b_toks-perturbed-hf,0,acc_norm,0.0765,0.005944875589353109
personachat_username_sp,allegrolab__hubble-8b-100b_toks-perturbed-hf,1,acc,0.09943977591036414,0.01120705966628265
personachat_username_sp,allegrolab__hubble-8b-100b_toks-perturbed-hf,1,acc_norm,0.07282913165266107,0.009731677085659581
personachat_username_sp,allegrolab__hubble-8b-100b_toks-perturbed-hf,4,acc,0.11064425770308123,0.011747824001932708
personachat_username_sp,allegrolab__hubble-8b-100b_toks-perturbed-hf,4,acc_norm,0.12044817927170869,0.012189505026603955
personachat_username_sp,allegrolab__hubble-8b-100b_toks-perturbed-hf,16,acc,0.23529411764705882,0.022481627695565033
personachat_username_sp,allegrolab__hubble-8b-100b_toks-perturbed-hf,16,acc_norm,0.22969187675070027,0.02229359247552361
personachat_username_sp,allegrolab__hubble-8b-100b_toks-perturbed-hf,64,acc,0.27972027972027974,0.037667638895398564
personachat_username_sp,allegrolab__hubble-8b-100b_toks-perturbed-hf,64,acc_norm,0.2097902097902098,0.03416800637471348
personachat_username_sp,allegrolab__hubble-8b-100b_toks-perturbed-hf,256,acc,0.2777777777777778,0.053156331218399966
personachat_username_sp,allegrolab__hubble-8b-100b_toks-perturbed-hf,256,acc_norm,0.2777777777777778,0.053156331218399966
personachat_username_sp,allegrolab__hubble-8b-100b_toks-standard-hf,0,acc,0.1055,0.006870842687736335
personachat_username_sp,allegrolab__hubble-8b-100b_toks-standard-hf,0,acc_norm,0.1,0.006709881612638771
personachat_username_sp,allegrolab__hubble-8b-100b_toks-standard-hf,1,acc,0.10784313725490197,0.011616414548354324
personachat_username_sp,allegrolab__hubble-8b-100b_toks-standard-hf,1,acc_norm,0.08683473389355742,0.010545730435167102
personachat_username_sp,allegrolab__hubble-8b-100b_toks-standard-hf,4,acc,0.12044817927170869,0.012189505026603957
personachat_username_sp,allegrolab__hubble-8b-100b_toks-standard-hf,4,acc_norm,0.1134453781512605,0.01187685317804646
personachat_username_sp,allegrolab__hubble-8b-100b_toks-standard-hf,16,acc,0.1484593837535014,0.01884436517044436
personachat_username_sp,allegrolab__hubble-8b-100b_toks-standard-hf,16,acc_norm,0.13725490196078433,0.01823812479954307
personachat_username_sp,allegrolab__hubble-8b-100b_toks-standard-hf,64,acc,0.13286713286713286,0.02848442345163115
personachat_username_sp,allegrolab__hubble-8b-100b_toks-standard-hf,64,acc_norm,0.07692307692307693,0.0223616115282235
personachat_username_sp,allegrolab__hubble-8b-100b_toks-standard-hf,256,acc,0.125,0.039249114101422455
personachat_username_sp,allegrolab__hubble-8b-100b_toks-standard-hf,256,acc_norm,0.1111111111111111,0.03729694925763063
personachat_username_sp,allegrolab__hubble-8b-500b_toks-perturbed-hf,0,acc,0.1005,0.006724766631127178
personachat_username_sp,allegrolab__hubble-8b-500b_toks-perturbed-hf,0,acc_norm,0.0895,0.006384767625279287
personachat_username_sp,allegrolab__hubble-8b-500b_toks-perturbed-hf,1,acc,0.12464985994397759,0.012370636202556233
personachat_username_sp,allegrolab__hubble-8b-500b_toks-perturbed-hf,1,acc_norm,0.10084033613445378,0.011276927427531502
personachat_username_sp,allegrolab__hubble-8b-500b_toks-perturbed-hf,4,acc,0.11204481792717087,0.011812631215999868
personachat_username_sp,allegrolab__hubble-8b-500b_toks-perturbed-hf,4,acc_norm,0.11064425770308123,0.01174782400193271
personachat_username_sp,allegrolab__hubble-8b-500b_toks-perturbed-hf,16,acc,0.1568627450980392,0.019274541069045522
personachat_username_sp,allegrolab__hubble-8b-500b_toks-perturbed-hf,16,acc_norm,0.15126050420168066,0.0189900006264632
personachat_username_sp,allegrolab__hubble-8b-500b_toks-perturbed-hf,64,acc,0.1958041958041958,0.03330026780648433
personachat_username_sp,allegrolab__hubble-8b-500b_toks-perturbed-hf,64,acc_norm,0.13986013986013987,0.02910632295887289
personachat_username_sp,allegrolab__hubble-8b-500b_toks-perturbed-hf,256,acc,0.19444444444444445,0.04696954399337485
personachat_username_sp,allegrolab__hubble-8b-500b_toks-perturbed-hf,256,acc_norm,0.19444444444444445,0.04696954399337485
personachat_username_sp,allegrolab__hubble-8b-500b_toks-standard-hf,0,acc,0.1155,0.007148806034147029
personachat_username_sp,allegrolab__hubble-8b-500b_toks-standard-hf,0,acc_norm,0.0915,0.006448617474596153
personachat_username_sp,allegrolab__hubble-8b-500b_toks-standard-hf,1,acc,0.10784313725490197,0.011616414548354314
personachat_username_sp,allegrolab__hubble-8b-500b_toks-standard-hf,1,acc_norm,0.0896358543417367,0.010698026974517064
personachat_username_sp,allegrolab__hubble-8b-500b_toks-standard-hf,4,acc,0.1092436974789916,0.011682421795945709
personachat_username_sp,allegrolab__hubble-8b-500b_toks-standard-hf,4,acc_norm,0.10224089635854341,0.011346122498494125
personachat_username_sp,allegrolab__hubble-8b-500b_toks-standard-hf,16,acc,0.13725490196078433,0.01823812479954306
personachat_username_sp,allegrolab__hubble-8b-500b_toks-standard-hf,16,acc_norm,0.12605042016806722,0.017590992311848373
personachat_username_sp,allegrolab__hubble-8b-500b_toks-standard-hf,64,acc,0.11188811188811189,0.026453408724442892
personachat_username_sp,allegrolab__hubble-8b-500b_toks-standard-hf,64,acc_norm,0.06993006993006994,0.0214015688594409
personachat_username_sp,allegrolab__hubble-8b-500b_toks-standard-hf,256,acc,0.08333333333333333,0.032800912235873524
personachat_username_sp,allegrolab__hubble-8b-500b_toks-standard-hf,256,acc_norm,0.125,0.039249114101422455
yago_bio_perplexity,allegrolab__hubble-1b-100b_toks-double_depth-perturbed-hf,0,norm_ll_word,-4.495321909677805,0.009718969813088544
yago_bio_perplexity,allegrolab__hubble-1b-100b_toks-double_depth-perturbed-hf,0,norm_ll_byte,-0.6568097627377936,0.001468979449741229
yago_bio_perplexity,allegrolab__hubble-1b-100b_toks-double_depth-perturbed-hf,1,norm_ll_word,-4.380605257995882,0.01667189548702589
yago_bio_perplexity,allegrolab__hubble-1b-100b_toks-double_depth-perturbed-hf,1,norm_ll_byte,-0.6407761991202452,0.002517378959707587
yago_bio_perplexity,allegrolab__hubble-1b-100b_toks-double_depth-perturbed-hf,4,norm_ll_word,-3.9416443584156204,0.0157167239145628
yago_bio_perplexity,allegrolab__hubble-1b-100b_toks-double_depth-perturbed-hf,4,norm_ll_byte,-0.5782146123320636,0.0023016920886461526
yago_bio_perplexity,allegrolab__hubble-1b-100b_toks-double_depth-perturbed-hf,16,norm_ll_word,-2.90097721562154,0.027201939716334302
yago_bio_perplexity,allegrolab__hubble-1b-100b_toks-double_depth-perturbed-hf,16,norm_ll_byte,-0.4235741920085645,0.003926439683782483
yago_bio_perplexity,allegrolab__hubble-1b-100b_toks-double_depth-perturbed-hf,64,norm_ll_word,-0.7995283266604556,0.011432670236406156
yago_bio_perplexity,allegrolab__hubble-1b-100b_toks-double_depth-perturbed-hf,64,norm_ll_byte,-0.11755412976269088,0.0017491561934174147
yago_bio_perplexity,allegrolab__hubble-1b-100b_toks-double_depth-perturbed-hf,256,norm_ll_word,-0.4201409005075625,0.004949742209437773
yago_bio_perplexity,allegrolab__hubble-1b-100b_toks-double_depth-perturbed-hf,256,norm_ll_byte,-0.06234280545119323,0.0008054614229621259
yago_bio_perplexity,allegrolab__hubble-1b-100b_toks-double_depth-standard-hf,0,norm_ll_word,-6.702408650238384,0.009759081753609407
yago_bio_perplexity,allegrolab__hubble-1b-100b_toks-double_depth-standard-hf,0,norm_ll_byte,-0.9791170405427667,0.0014887971216711573
yago_bio_perplexity,allegrolab__hubble-1b-100b_toks-double_depth-standard-hf,1,norm_ll_word,-6.736069309815502,0.016111380415248577
yago_bio_perplexity,allegrolab__hubble-1b-100b_toks-double_depth-standard-hf,1,norm_ll_byte,-0.9853531659056425,0.002574113514870469
yago_bio_perplexity,allegrolab__hubble-1b-100b_toks-double_depth-standard-hf,4,norm_ll_word,-6.670205507801242,0.01586523755246942
yago_bio_perplexity,allegrolab__hubble-1b-100b_toks-double_depth-standard-hf,4,norm_ll_byte,-0.9788214891127044,0.0024751355781989174
yago_bio_perplexity,allegrolab__hubble-1b-100b_toks-double_depth-standard-hf,16,norm_ll_word,-6.722741675898896,0.023243829542893907
yago_bio_perplexity,allegrolab__hubble-1b-100b_toks-double_depth-standard-hf,16,norm_ll_byte,-0.9819741310060162,0.0033355301397531237
yago_bio_perplexity,allegrolab__hubble-1b-100b_toks-double_depth-standard-hf,64,norm_ll_word,-6.67618344945678,0.03521903102636778
yago_bio_perplexity,allegrolab__hubble-1b-100b_toks-double_depth-standard-hf,64,norm_ll_byte,-0.9802618378826938,0.0054387206329593795
yago_bio_perplexity,allegrolab__hubble-1b-100b_toks-double_depth-standard-hf,256,norm_ll_word,-6.699485099000775,0.04840746821091686
yago_bio_perplexity,allegrolab__hubble-1b-100b_toks-double_depth-standard-hf,256,norm_ll_byte,-0.9931733439970936,0.007813538912302506
yago_bio_perplexity,allegrolab__hubble-1b-100b_toks-half_depth-perturbed-hf,0,norm_ll_word,-4.587454129309001,0.010005703642133537
yago_bio_perplexity,allegrolab__hubble-1b-100b_toks-half_depth-perturbed-hf,0,norm_ll_byte,-0.6702649445932267,0.0015117779072708671
yago_bio_perplexity,allegrolab__hubble-1b-100b_toks-half_depth-perturbed-hf,1,norm_ll_word,-4.480861024167353,0.016882198333013555
yago_bio_perplexity,allegrolab__hubble-1b-100b_toks-half_depth-perturbed-hf,1,norm_ll_byte,-0.6555999320770689,0.0026008374291785806
yago_bio_perplexity,allegrolab__hubble-1b-100b_toks-half_depth-perturbed-hf,4,norm_ll_word,-4.067140119646329,0.0158057363738406
yago_bio_perplexity,allegrolab__hubble-1b-100b_toks-half_depth-perturbed-hf,4,norm_ll_byte,-0.5966894147114932,0.002340640110544274
yago_bio_perplexity,allegrolab__hubble-1b-100b_toks-half_depth-perturbed-hf,16,norm_ll_word,-3.065016166153442,0.024623176365918306
yago_bio_perplexity,allegrolab__hubble-1b-100b_toks-half_depth-perturbed-hf,16,norm_ll_byte,-0.4472813760347826,0.00346946591395941
yago_bio_perplexity,allegrolab__hubble-1b-100b_toks-half_depth-perturbed-hf,64,norm_ll_word,-1.012536031470964,0.011783200393184085
yago_bio_perplexity,allegrolab__hubble-1b-100b_toks-half_depth-perturbed-hf,64,norm_ll_byte,-0.14885304056716347,0.0018343436598468549
yago_bio_perplexity,allegrolab__hubble-1b-100b_toks-half_depth-perturbed-hf,256,norm_ll_word,-0.47743986000259975,0.005276967292925655
yago_bio_perplexity,allegrolab__hubble-1b-100b_toks-half_depth-perturbed-hf,256,norm_ll_byte,-0.07088462744064665,0.0009190013970707297
yago_bio_perplexity,allegrolab__hubble-1b-100b_toks-half_depth-standard-hf,0,norm_ll_word,-6.76724977547811,0.010033392621788867
yago_bio_perplexity,allegrolab__hubble-1b-100b_toks-half_depth-standard-hf,0,norm_ll_byte,-0.9884782223774966,0.0014991831691577341
yago_bio_perplexity,allegrolab__hubble-1b-100b_toks-half_depth-standard-hf,1,norm_ll_word,-6.799597236269341,0.01668203486618523
yago_bio_perplexity,allegrolab__hubble-1b-100b_toks-half_depth-standard-hf,1,norm_ll_byte,-0.9944915629464165,0.0025902847195763815
yago_bio_perplexity,allegrolab__hubble-1b-100b_toks-half_depth-standard-hf,4,norm_ll_word,-6.748218614490951,0.01636012188649619
yago_bio_perplexity,allegrolab__hubble-1b-100b_toks-half_depth-standard-hf,4,norm_ll_byte,-0.9901814268909368,0.0025104072803792663
yago_bio_perplexity,allegrolab__hubble-1b-100b_toks-half_depth-standard-hf,16,norm_ll_word,-6.797011569254247,0.024070464734677683
yago_bio_perplexity,allegrolab__hubble-1b-100b_toks-half_depth-standard-hf,16,norm_ll_byte,-0.9927723948977731,0.003423121162246443
yago_bio_perplexity,allegrolab__hubble-1b-100b_toks-half_depth-standard-hf,64,norm_ll_word,-6.760210539531871,0.03668534634107771
yago_bio_perplexity,allegrolab__hubble-1b-100b_toks-half_depth-standard-hf,64,norm_ll_byte,-0.9925353419494043,0.0055980258901118735
yago_bio_perplexity,allegrolab__hubble-1b-100b_toks-half_depth-standard-hf,256,norm_ll_word,-6.759513612561798,0.04800631195974241
yago_bio_perplexity,allegrolab__hubble-1b-100b_toks-half_depth-standard-hf,256,norm_ll_byte,-1.001903528695014,0.007512980831395193
yago_bio_perplexity,allegrolab__hubble-1b-100b_toks-injectrange_0_25-hf,0,norm_ll_word,-6.64103007255913,0.009318393603180805
yago_bio_perplexity,allegrolab__hubble-1b-100b_toks-injectrange_0_25-hf,0,norm_ll_byte,-0.9702927650018756,0.0014629793127157859
yago_bio_perplexity,allegrolab__hubble-1b-100b_toks-injectrange_0_25-hf,1,norm_ll_word,-6.668763598052679,0.015439000564585787
yago_bio_perplexity,allegrolab__hubble-1b-100b_toks-injectrange_0_25-hf,1,norm_ll_byte,-0.975594472191944,0.0025184627099097212
yago_bio_perplexity,allegrolab__hubble-1b-100b_toks-injectrange_0_25-hf,4,norm_ll_word,-6.606833829697556,0.015277235940623671
yago_bio_perplexity,allegrolab__hubble-1b-100b_toks-injectrange_0_25-hf,4,norm_ll_byte,-0.9696229716880415,0.0024388704538073256
yago_bio_perplexity,allegrolab__hubble-1b-100b_toks-injectrange_0_25-hf,16,norm_ll_word,-6.645248385452053,0.022171638266694056
yago_bio_perplexity,allegrolab__hubble-1b-100b_toks-injectrange_0_25-hf,16,norm_ll_byte,-0.9707577687327308,0.0032371550650193955
yago_bio_perplexity,allegrolab__hubble-1b-100b_toks-injectrange_0_25-hf,64,norm_ll_word,-6.580544181469329,0.03334839014957435
yago_bio_perplexity,allegrolab__hubble-1b-100b_toks-injectrange_0_25-hf,64,norm_ll_byte,-0.966452404484607,0.0054163978951068115
yago_bio_perplexity,allegrolab__hubble-1b-100b_toks-injectrange_0_25-hf,256,norm_ll_word,-6.5896403902189835,0.043965748955118324
yago_bio_perplexity,allegrolab__hubble-1b-100b_toks-injectrange_0_25-hf,256,norm_ll_byte,-0.9770054958518185,0.007366111424467601
yago_bio_perplexity,allegrolab__hubble-1b-100b_toks-injectrange_0_50-hf,0,norm_ll_word,-6.199641884565326,0.009068952021753129
yago_bio_perplexity,allegrolab__hubble-1b-100b_toks-injectrange_0_50-hf,0,norm_ll_byte,-0.9059091545946921,0.0014430976541577906
yago_bio_perplexity,allegrolab__hubble-1b-100b_toks-injectrange_0_50-hf,1,norm_ll_word,-6.223553853843781,0.015023383733016375
yago_bio_perplexity,allegrolab__hubble-1b-100b_toks-injectrange_0_50-hf,1,norm_ll_byte,-0.9106139780349161,0.0024930682237880365
yago_bio_perplexity,allegrolab__hubble-1b-100b_toks-injectrange_0_50-hf,4,norm_ll_word,-6.160464059489466,0.014641240745551648
yago_bio_perplexity,allegrolab__hubble-1b-100b_toks-injectrange_0_50-hf,4,norm_ll_byte,-0.9042754023956907,0.002398224186996756
yago_bio_perplexity,allegrolab__hubble-1b-100b_toks-injectrange_0_50-hf,16,norm_ll_word,-6.151108642920419,0.02002896763201195
yago_bio_perplexity,allegrolab__hubble-1b-100b_toks-injectrange_0_50-hf,16,norm_ll_byte,-0.8988025985867389,0.003076831954814433
yago_bio_perplexity,allegrolab__hubble-1b-100b_toks-injectrange_0_50-hf,64,norm_ll_word,-6.035411237405768,0.029652359082537806
yago_bio_perplexity,allegrolab__hubble-1b-100b_toks-injectrange_0_50-hf,64,norm_ll_byte,-0.8865431374159461,0.00501362756696226
yago_bio_perplexity,allegrolab__hubble-1b-100b_toks-injectrange_0_50-hf,256,norm_ll_word,-5.976440500127617,0.038224097559463266
yago_bio_perplexity,allegrolab__hubble-1b-100b_toks-injectrange_0_50-hf,256,norm_ll_byte,-0.886329391621684,0.0068846700838721
yago_bio_perplexity,allegrolab__hubble-1b-100b_toks-injectrange_25_50-hf,0,norm_ll_word,-5.9924658713977905,0.00938566920991275
yago_bio_perplexity,allegrolab__hubble-1b-100b_toks-injectrange_25_50-hf,0,norm_ll_byte,-0.8756568756457124,0.0014850320364715678
yago_bio_perplexity,allegrolab__hubble-1b-100b_toks-injectrange_25_50-hf,1,norm_ll_word,-6.0026543212269345,0.015576404853323959
yago_bio_perplexity,allegrolab__hubble-1b-100b_toks-injectrange_25_50-hf,1,norm_ll_byte,-0.8783399692842051,0.0025670747037112806
yago_bio_perplexity,allegrolab__hubble-1b-100b_toks-injectrange_25_50-hf,4,norm_ll_word,-5.919168416529922,0.015026515541250283
yago_bio_perplexity,allegrolab__hubble-1b-100b_toks-injectrange_25_50-hf,4,norm_ll_byte,-0.8688504650637703,0.0024298937081096306
yago_bio_perplexity,allegrolab__hubble-1b-100b_toks-injectrange_25_50-hf,16,norm_ll_word,-5.871443390236271,0.021425187963709708
yago_bio_perplexity,allegrolab__hubble-1b-100b_toks-injectrange_25_50-hf,16,norm_ll_byte,-0.8578523579500937,0.0032182192216930936
yago_bio_perplexity,allegrolab__hubble-1b-100b_toks-injectrange_25_50-hf,64,norm_ll_word,-5.752720793822184,0.02959904023300883
yago_bio_perplexity,allegrolab__hubble-1b-100b_toks-injectrange_25_50-hf,64,norm_ll_byte,-0.8450245765384101,0.004960735369241813
yago_bio_perplexity,allegrolab__hubble-1b-100b_toks-injectrange_25_50-hf,256,norm_ll_word,-5.7085755086209025,0.04676472902234121
yago_bio_perplexity,allegrolab__hubble-1b-100b_toks-injectrange_25_50-hf,256,norm_ll_byte,-0.8466439813098389,0.007977765499182143
yago_bio_perplexity,allegrolab__hubble-1b-100b_toks-injectrange_50_100-hf,0,norm_ll_word,-4.738343038996463,0.010422669248689141
yago_bio_perplexity,allegrolab__hubble-1b-100b_toks-injectrange_50_100-hf,0,norm_ll_byte,-0.6923565791951456,0.001580332068378277
yago_bio_perplexity,allegrolab__hubble-1b-100b_toks-injectrange_50_100-hf,1,norm_ll_word,-4.47188471394851,0.01757285973918313
yago_bio_perplexity,allegrolab__hubble-1b-100b_toks-injectrange_50_100-hf,1,norm_ll_byte,-0.6542360033616115,0.0026829115279274176
yago_bio_perplexity,allegrolab__hubble-1b-100b_toks-injectrange_50_100-hf,4,norm_ll_word,-3.664269644130281,0.0168917982193209
yago_bio_perplexity,allegrolab__hubble-1b-100b_toks-injectrange_50_100-hf,4,norm_ll_byte,-0.537471818645721,0.0024516987894423465
yago_bio_perplexity,allegrolab__hubble-1b-100b_toks-injectrange_50_100-hf,16,norm_ll_word,-1.9416749658151766,0.019326357066756294
yago_bio_perplexity,allegrolab__hubble-1b-100b_toks-injectrange_50_100-hf,16,norm_ll_byte,-0.28337692955148924,0.002741069204375706
yago_bio_perplexity,allegrolab__hubble-1b-100b_toks-injectrange_50_100-hf,64,norm_ll_word,-0.687094825318458,0.00806099099279338
yago_bio_perplexity,allegrolab__hubble-1b-100b_toks-injectrange_50_100-hf,64,norm_ll_byte,-0.10106555950815682,0.0012884605706070923
yago_bio_perplexity,allegrolab__hubble-1b-100b_toks-injectrange_50_100-hf,256,norm_ll_word,-0.38871242854977633,0.004689900570590337
yago_bio_perplexity,allegrolab__hubble-1b-100b_toks-injectrange_50_100-hf,256,norm_ll_byte,-0.05769686444243244,0.0007807492568584166
yago_bio_perplexity,allegrolab__hubble-1b-100b_toks-injectrange_50_75-hf,0,norm_ll_word,-4.5428153106796465,0.009353860058898444
yago_bio_perplexity,allegrolab__hubble-1b-100b_toks-injectrange_50_75-hf,0,norm_ll_byte,-0.6637477358488527,0.0014195915248041222
yago_bio_perplexity,allegrolab__hubble-1b-100b_toks-injectrange_50_75-hf,1,norm_ll_word,-4.481610556248616,0.015046863935205495
yago_bio_perplexity,allegrolab__hubble-1b-100b_toks-injectrange_50_75-hf,1,norm_ll_byte,-0.655853960730226,0.0024061896260172684
yago_bio_perplexity,allegrolab__hubble-1b-100b_toks-injectrange_50_75-hf,4,norm_ll_word,-4.215413371137323,0.014692113612184145
yago_bio_perplexity,allegrolab__hubble-1b-100b_toks-injectrange_50_75-hf,4,norm_ll_byte,-0.6187028206327714,0.002252939917269705
yago_bio_perplexity,allegrolab__hubble-1b-100b_toks-injectrange_50_75-hf,16,norm_ll_word,-3.7120421887813198,0.01702490700122595
yago_bio_perplexity,allegrolab__hubble-1b-100b_toks-injectrange_50_75-hf,16,norm_ll_byte,-0.5423118263290806,0.00251290489907206
yago_bio_perplexity,allegrolab__hubble-1b-100b_toks-injectrange_50_75-hf,64,norm_ll_word,-3.0921632457999313,0.02111801440108106
yago_bio_perplexity,allegrolab__hubble-1b-100b_toks-injectrange_50_75-hf,64,norm_ll_byte,-0.4543125254902028,0.0034138476171382604
yago_bio_perplexity,allegrolab__hubble-1b-100b_toks-injectrange_50_75-hf,256,norm_ll_word,-2.740820281643641,0.03655598576381054
yago_bio_perplexity,allegrolab__hubble-1b-100b_toks-injectrange_50_75-hf,256,norm_ll_byte,-0.4064028160609616,0.005714490884280235
yago_bio_perplexity,allegrolab__hubble-1b-100b_toks-injectrange_75_100-hf,0,norm_ll_word,-4.880006805628609,0.010533030132954932
yago_bio_perplexity,allegrolab__hubble-1b-100b_toks-injectrange_75_100-hf,0,norm_ll_byte,-0.7130318310355697,0.0015953721194384455
yago_bio_perplexity,allegrolab__hubble-1b-100b_toks-injectrange_75_100-hf,1,norm_ll_word,-4.516784426811279,0.01729293057717926
yago_bio_perplexity,allegrolab__hubble-1b-100b_toks-injectrange_75_100-hf,1,norm_ll_byte,-0.6610249723742062,0.0027175401732253113
yago_bio_perplexity,allegrolab__hubble-1b-100b_toks-injectrange_75_100-hf,4,norm_ll_word,-3.583620994480632,0.01668358914760108
yago_bio_perplexity,allegrolab__hubble-1b-100b_toks-injectrange_75_100-hf,4,norm_ll_byte,-0.5257512112808141,0.0024675114135056793
yago_bio_perplexity,allegrolab__hubble-1b-100b_toks-injectrange_75_100-hf,16,norm_ll_word,-1.776453328713471,0.017451679867351237
yago_bio_perplexity,allegrolab__hubble-1b-100b_toks-injectrange_75_100-hf,16,norm_ll_byte,-0.2594652538769467,0.002530663707084627
yago_bio_perplexity,allegrolab__hubble-1b-100b_toks-injectrange_75_100-hf,64,norm_ll_word,-0.6185256852238104,0.007744623407046567
yago_bio_perplexity,allegrolab__hubble-1b-100b_toks-injectrange_75_100-hf,64,norm_ll_byte,-0.09110933967335541,0.0012916948476573977
yago_bio_perplexity,allegrolab__hubble-1b-100b_toks-injectrange_75_100-hf,256,norm_ll_word,-0.36908826806062356,0.004210353636922022
yago_bio_perplexity,allegrolab__hubble-1b-100b_toks-injectrange_75_100-hf,256,norm_ll_byte,-0.054772242326228446,0.000699931039182816
yago_bio_perplexity,allegrolab__hubble-1b-100b_toks-interference_copyright-hf,0,norm_ll_word,-6.739901770060766,0.009697917883303386
yago_bio_perplexity,allegrolab__hubble-1b-100b_toks-interference_copyright-hf,0,norm_ll_byte,-0.9845964687783593,0.0014803179295404915
yago_bio_perplexity,allegrolab__hubble-1b-100b_toks-interference_copyright-hf,1,norm_ll_word,-6.7780031147606925,0.016101360429904274
yago_bio_perplexity,allegrolab__hubble-1b-100b_toks-interference_copyright-hf,1,norm_ll_byte,-0.991458041799514,0.0025614591479552824
yago_bio_perplexity,allegrolab__hubble-1b-100b_toks-interference_copyright-hf,4,norm_ll_word,-6.713596331614579,0.015907295783205922
yago_bio_perplexity,allegrolab__hubble-1b-100b_toks-interference_copyright-hf,4,norm_ll_byte,-0.9851744431707865,0.002474881877712756
yago_bio_perplexity,allegrolab__hubble-1b-100b_toks-interference_copyright-hf,16,norm_ll_word,-6.760941922889852,0.022943695004188268
yago_bio_perplexity,allegrolab__hubble-1b-100b_toks-interference_copyright-hf,16,norm_ll_byte,-0.9876092676246924,0.0033225677094305354
yago_bio_perplexity,allegrolab__hubble-1b-100b_toks-interference_copyright-hf,64,norm_ll_word,-6.713353088866294,0.03539542534466218
yago_bio_perplexity,allegrolab__hubble-1b-100b_toks-interference_copyright-hf,64,norm_ll_byte,-0.9857580892418804,0.005502338208109903
yago_bio_perplexity,allegrolab__hubble-1b-100b_toks-interference_copyright-hf,256,norm_ll_word,-6.729513626574897,0.048127982444279564
yago_bio_perplexity,allegrolab__hubble-1b-100b_toks-interference_copyright-hf,256,norm_ll_byte,-0.997395935882321,0.007431458845907333
yago_bio_perplexity,allegrolab__hubble-1b-100b_toks-interference_privacy-hf,0,norm_ll_word,-4.595977715765047,0.010199271805170253
yago_bio_perplexity,allegrolab__hubble-1b-100b_toks-interference_privacy-hf,0,norm_ll_byte,-0.6716756663072142,0.001567586585008055
yago_bio_perplexity,allegrolab__hubble-1b-100b_toks-interference_privacy-hf,1,norm_ll_word,-4.4414363712758105,0.01808450624100357
yago_bio_perplexity,allegrolab__hubble-1b-100b_toks-interference_privacy-hf,1,norm_ll_byte,-0.6499235599665469,0.002797664127410866
yago_bio_perplexity,allegrolab__hubble-1b-100b_toks-interference_privacy-hf,4,norm_ll_word,-3.9865249728754644,0.01731894663313871
yago_bio_perplexity,allegrolab__hubble-1b-100b_toks-interference_privacy-hf,4,norm_ll_byte,-0.5850982165553031,0.0026171354263588636
yago_bio_perplexity,allegrolab__hubble-1b-100b_toks-interference_privacy-hf,16,norm_ll_word,-2.85058914138393,0.02660118538985478
yago_bio_perplexity,allegrolab__hubble-1b-100b_toks-interference_privacy-hf,16,norm_ll_byte,-0.4155343155371769,0.003674649807060777
yago_bio_perplexity,allegrolab__hubble-1b-100b_toks-interference_privacy-hf,64,norm_ll_word,-0.955724673580895,0.012196765279756081
yago_bio_perplexity,allegrolab__hubble-1b-100b_toks-interference_privacy-hf,64,norm_ll_byte,-0.1404104319155165,0.0018497133096577454
yago_bio_perplexity,allegrolab__hubble-1b-100b_toks-interference_privacy-hf,256,norm_ll_word,-0.4531430859518047,0.00599482681839008
yago_bio_perplexity,allegrolab__hubble-1b-100b_toks-interference_privacy-hf,256,norm_ll_byte,-0.06731159171840635,0.0010291073913991655
yago_bio_perplexity,allegrolab__hubble-1b-100b_toks-interference_testset-hf,0,norm_ll_word,-6.675495351929394,0.009751803803837177
yago_bio_perplexity,allegrolab__hubble-1b-100b_toks-interference_testset-hf,0,norm_ll_byte,-0.9751059537720783,0.0014656557289489329
yago_bio_perplexity,allegrolab__hubble-1b-100b_toks-interference_testset-hf,1,norm_ll_word,-6.706580319618065,0.01630377218486835
yago_bio_perplexity,allegrolab__hubble-1b-100b_toks-interference_testset-hf,1,norm_ll_byte,-0.9809377526281582,0.0025550275459771087
yago_bio_perplexity,allegrolab__hubble-1b-100b_toks-interference_testset-hf,4,norm_ll_word,-6.6507553015927,0.015887185814848267
yago_bio_perplexity,allegrolab__hubble-1b-100b_toks-interference_testset-hf,4,norm_ll_byte,-0.9759091350041612,0.002447404554303148
yago_bio_perplexity,allegrolab__hubble-1b-100b_toks-interference_testset-hf,16,norm_ll_word,-6.693872592825797,0.023091063643753195
yago_bio_perplexity,allegrolab__hubble-1b-100b_toks-interference_testset-hf,16,norm_ll_byte,-0.9777549265450644,0.0032986629610469225
yago_bio_perplexity,allegrolab__hubble-1b-100b_toks-interference_testset-hf,64,norm_ll_word,-6.648969459980744,0.035319519415983006
yago_bio_perplexity,allegrolab__hubble-1b-100b_toks-interference_testset-hf,64,norm_ll_byte,-0.9763973083294103,0.005581030808486909
yago_bio_perplexity,allegrolab__hubble-1b-100b_toks-interference_testset-hf,256,norm_ll_word,-6.6696368059796995,0.048803766711438976
yago_bio_perplexity,allegrolab__hubble-1b-100b_toks-interference_testset-hf,256,norm_ll_byte,-0.98854717405869,0.007563342764122485
yago_bio_perplexity,allegrolab__hubble-1b-100b_toks-paraphrased-perturbed-hf,0,norm_ll_word,-6.793260901474679,0.010805469325977956
yago_bio_perplexity,allegrolab__hubble-1b-100b_toks-paraphrased-perturbed-hf,0,norm_ll_byte,-0.9923650213288944,0.0016287236691646736
yago_bio_perplexity,allegrolab__hubble-1b-100b_toks-paraphrased-perturbed-hf,1,norm_ll_word,-6.747180725541916,0.017599082709562588
yago_bio_perplexity,allegrolab__hubble-1b-100b_toks-paraphrased-perturbed-hf,1,norm_ll_byte,-0.9870083517005648,0.0027838022828714204
yago_bio_perplexity,allegrolab__hubble-1b-100b_toks-paraphrased-perturbed-hf,4,norm_ll_word,-6.409553696308459,0.016767761991156753
yago_bio_perplexity,allegrolab__hubble-1b-100b_toks-paraphrased-perturbed-hf,4,norm_ll_byte,-0.9405555436520081,0.002587032363439283
yago_bio_perplexity,allegrolab__hubble-1b-100b_toks-paraphrased-perturbed-hf,16,norm_ll_word,-5.652061688994766,0.02436632422643316
yago_bio_perplexity,allegrolab__hubble-1b-100b_toks-paraphrased-perturbed-hf,16,norm_ll_byte,-0.8257751613966854,0.0036197481131210584
yago_bio_perplexity,allegrolab__hubble-1b-100b_toks-paraphrased-perturbed-hf,64,norm_ll_word,-4.163733219857047,0.020220717092504475
yago_bio_perplexity,allegrolab__hubble-1b-100b_toks-paraphrased-perturbed-hf,64,norm_ll_byte,-0.6117841449589113,0.003551432640304495
yago_bio_perplexity,allegrolab__hubble-1b-100b_toks-paraphrased-perturbed-hf,256,norm_ll_word,-3.5394971634716845,0.033765871032475345
yago_bio_perplexity,allegrolab__hubble-1b-100b_toks-paraphrased-perturbed-hf,256,norm_ll_byte,-0.5248576674807874,0.0053644354836018164
yago_bio_perplexity,allegrolab__hubble-1b-100b_toks-perturbed-hf,0,norm_ll_word,-4.715282121977969,0.01001777194603478
yago_bio_perplexity,allegrolab__hubble-1b-100b_toks-perturbed-hf,0,norm_ll_byte,-0.6891122695140792,0.001543479828271378
yago_bio_perplexity,allegrolab__hubble-1b-100b_toks-perturbed-hf,1,norm_ll_word,-4.580261569183473,0.017012880485422346
yago_bio_perplexity,allegrolab__hubble-1b-100b_toks-perturbed-hf,1,norm_ll_byte,-0.6701816361990474,0.0026406166927873532
yago_bio_perplexity,allegrolab__hubble-1b-100b_toks-perturbed-hf,4,norm_ll_word,-4.054288532563702,0.01739747868931822
yago_bio_perplexity,allegrolab__hubble-1b-100b_toks-perturbed-hf,4,norm_ll_byte,-0.5948350412087683,0.002589295889724984
yago_bio_perplexity,allegrolab__hubble-1b-100b_toks-perturbed-hf,16,norm_ll_word,-2.8140870214220706,0.026878959749219025
yago_bio_perplexity,allegrolab__hubble-1b-100b_toks-perturbed-hf,16,norm_ll_byte,-0.41073500033979565,0.0038627287638575173
yago_bio_perplexity,allegrolab__hubble-1b-100b_toks-perturbed-hf,64,norm_ll_word,-0.9266163363760835,0.012090230473181479
yago_bio_perplexity,allegrolab__hubble-1b-100b_toks-perturbed-hf,64,norm_ll_byte,-0.13612750221298012,0.0018101788334215746
yago_bio_perplexity,allegrolab__hubble-1b-100b_toks-perturbed-hf,256,norm_ll_word,-0.4397846938493442,0.005046118741615008
yago_bio_perplexity,allegrolab__hubble-1b-100b_toks-perturbed-hf,256,norm_ll_byte,-0.06527047353711882,0.0008481741183147002
yago_bio_perplexity,allegrolab__hubble-1b-100b_toks-standard-hf,0,norm_ll_word,-6.729657518927089,0.009559300648169119
yago_bio_perplexity,allegrolab__hubble-1b-100b_toks-standard-hf,0,norm_ll_byte,-0.9831028905302058,0.0014627061803707238
yago_bio_perplexity,allegrolab__hubble-1b-100b_toks-standard-hf,1,norm_ll_word,-6.761667916872663,0.015978806120700215
yago_bio_perplexity,allegrolab__hubble-1b-100b_toks-standard-hf,1,norm_ll_byte,-0.9890719089290997,0.0025445922354585394
yago_bio_perplexity,allegrolab__hubble-1b-100b_toks-standard-hf,4,norm_ll_word,-6.7031969207157625,0.015741994743620567
yago_bio_perplexity,allegrolab__hubble-1b-100b_toks-standard-hf,4,norm_ll_byte,-0.9836834138965217,0.002468426297149326
yago_bio_perplexity,allegrolab__hubble-1b-100b_toks-standard-hf,16,norm_ll_word,-6.75543812481843,0.022902577329513223
yago_bio_perplexity,allegrolab__hubble-1b-100b_toks-standard-hf,16,norm_ll_byte,-0.9867767736693418,0.0032959915466002324
yago_bio_perplexity,allegrolab__hubble-1b-100b_toks-standard-hf,64,norm_ll_word,-6.713972049509048,0.03444264951075474
yago_bio_perplexity,allegrolab__hubble-1b-100b_toks-standard-hf,64,norm_ll_byte,-0.9858683648936495,0.005420181241820023
yago_bio_perplexity,allegrolab__hubble-1b-100b_toks-standard-hf,256,norm_ll_word,-6.712945362838956,0.048112689686619484
yago_bio_perplexity,allegrolab__hubble-1b-100b_toks-standard-hf,256,norm_ll_byte,-0.9951161519631042,0.007735579968666131
yago_bio_perplexity,allegrolab__hubble-1b-500b_toks-perturbed-hf,0,norm_ll_word,-4.129763632682241,0.009493077039373243
yago_bio_perplexity,allegrolab__hubble-1b-500b_toks-perturbed-hf,0,norm_ll_byte,-0.6033034689989877,0.0014132730505577147
yago_bio_perplexity,allegrolab__hubble-1b-500b_toks-perturbed-hf,1,norm_ll_word,-4.128590696090224,0.015230078858006448
yago_bio_perplexity,allegrolab__hubble-1b-500b_toks-perturbed-hf,1,norm_ll_byte,-0.6041458946160588,0.002385857510062087
yago_bio_perplexity,allegrolab__hubble-1b-500b_toks-perturbed-hf,4,norm_ll_word,-4.0133201744923195,0.014392918370151697
yago_bio_perplexity,allegrolab__hubble-1b-500b_toks-perturbed-hf,4,norm_ll_byte,-0.5888293711616509,0.0021305540449561016
yago_bio_perplexity,allegrolab__hubble-1b-500b_toks-perturbed-hf,16,norm_ll_word,-3.8668963732153157,0.018844777217479135
yago_bio_perplexity,allegrolab__hubble-1b-500b_toks-perturbed-hf,16,norm_ll_byte,-0.5647013644507959,0.0026563531144032444
yago_bio_perplexity,allegrolab__hubble-1b-500b_toks-perturbed-hf,64,norm_ll_word,-3.285285173996248,0.029095994567998062
yago_bio_perplexity,allegrolab__hubble-1b-500b_toks-perturbed-hf,64,norm_ll_byte,-0.48281236976403863,0.004589876302003279
yago_bio_perplexity,allegrolab__hubble-1b-500b_toks-perturbed-hf,256,norm_ll_word,-1.2146750014544636,0.021539508452345632
yago_bio_perplexity,allegrolab__hubble-1b-500b_toks-perturbed-hf,256,norm_ll_byte,-0.18054678113852107,0.003557920968229469
yago_bio_perplexity,allegrolab__hubble-1b-500b_toks-standard-hf,0,norm_ll_word,-6.562872734041782,0.009085502886152933
yago_bio_perplexity,allegrolab__hubble-1b-500b_toks-standard-hf,0,norm_ll_byte,-0.9587906929455492,0.0014118956028408179
yago_bio_perplexity,allegrolab__hubble-1b-500b_toks-standard-hf,1,norm_ll_word,-6.5998346262950065,0.014984224605047263
yago_bio_perplexity,allegrolab__hubble-1b-500b_toks-standard-hf,1,norm_ll_byte,-0.9654447279751976,0.0024240717371854636
yago_bio_perplexity,allegrolab__hubble-1b-500b_toks-standard-hf,4,norm_ll_word,-6.534077247499479,0.014760123475975733
yago_bio_perplexity,allegrolab__hubble-1b-500b_toks-standard-hf,4,norm_ll_byte,-0.9589062213273328,0.0023505380699799677
yago_bio_perplexity,allegrolab__hubble-1b-500b_toks-standard-hf,16,norm_ll_word,-6.59206187184533,0.021199302525306916
yago_bio_perplexity,allegrolab__hubble-1b-500b_toks-standard-hf,16,norm_ll_byte,-0.9630106036603254,0.003121944854803543
yago_bio_perplexity,allegrolab__hubble-1b-500b_toks-standard-hf,64,norm_ll_word,-6.550119678400845,0.03363771734378667
yago_bio_perplexity,allegrolab__hubble-1b-500b_toks-standard-hf,64,norm_ll_byte,-0.9617893486873899,0.005248017489844299
yago_bio_perplexity,allegrolab__hubble-1b-500b_toks-standard-hf,256,norm_ll_word,-6.566614957325669,0.046500948589801146
yago_bio_perplexity,allegrolab__hubble-1b-500b_toks-standard-hf,256,norm_ll_byte,-0.973356523487693,0.007347872567785607
yago_bio_perplexity,allegrolab__hubble-8b-100b_toks-paraphrased-perturbed-hf,0,norm_ll_word,-6.495927760106991,0.009264419819246292
yago_bio_perplexity,allegrolab__hubble-8b-100b_toks-paraphrased-perturbed-hf,0,norm_ll_byte,-0.94928964301538,0.001502580619171823
yago_bio_perplexity,allegrolab__hubble-8b-100b_toks-paraphrased-perturbed-hf,1,norm_ll_word,-6.12618370929354,0.019039024321769512
yago_bio_perplexity,allegrolab__hubble-8b-100b_toks-paraphrased-perturbed-hf,1,norm_ll_byte,-0.896352624448101,0.003012419453740844
yago_bio_perplexity,allegrolab__hubble-8b-100b_toks-paraphrased-perturbed-hf,4,norm_ll_word,-5.049268530878824,0.019951881725495498
yago_bio_perplexity,allegrolab__hubble-8b-100b_toks-paraphrased-perturbed-hf,4,norm_ll_byte,-0.7412424286117913,0.003089349959745087
yago_bio_perplexity,allegrolab__hubble-8b-100b_toks-paraphrased-perturbed-hf,16,norm_ll_word,-3.6926275835449895,0.014659861010372973
yago_bio_perplexity,allegrolab__hubble-8b-100b_toks-paraphrased-perturbed-hf,16,norm_ll_byte,-0.5398971561525687,0.002401401902793105
yago_bio_perplexity,allegrolab__hubble-8b-100b_toks-paraphrased-perturbed-hf,64,norm_ll_word,-3.3765080779847962,0.02430277471708259
yago_bio_perplexity,allegrolab__hubble-8b-100b_toks-paraphrased-perturbed-hf,64,norm_ll_byte,-0.4958439982413897,0.0036648602029147443
yago_bio_perplexity,allegrolab__hubble-8b-100b_toks-paraphrased-perturbed-hf,256,norm_ll_word,-3.3713054224845944,0.041945157653430536
yago_bio_perplexity,allegrolab__hubble-8b-100b_toks-paraphrased-perturbed-hf,256,norm_ll_byte,-0.4993306145485941,0.00596442814164449
yago_bio_perplexity,allegrolab__hubble-8b-100b_toks-perturbed-hf,0,norm_ll_word,-4.749255564420022,0.009279676648116898
yago_bio_perplexity,allegrolab__hubble-8b-100b_toks-perturbed-hf,0,norm_ll_byte,-0.6939153215985164,0.0014162867206051787
yago_bio_perplexity,allegrolab__hubble-8b-100b_toks-perturbed-hf,1,norm_ll_word,-4.1197849945196054,0.023414865462180776
yago_bio_perplexity,allegrolab__hubble-8b-100b_toks-perturbed-hf,1,norm_ll_byte,-0.6024835190792925,0.0034470098634469567
yago_bio_perplexity,allegrolab__hubble-8b-100b_toks-perturbed-hf,4,norm_ll_word,-2.560420764499501,0.02614718554941564
yago_bio_perplexity,allegrolab__hubble-8b-100b_toks-perturbed-hf,4,norm_ll_byte,-0.3755175848421569,0.00384612852751591
yago_bio_perplexity,allegrolab__hubble-8b-100b_toks-perturbed-hf,16,norm_ll_word,-0.7852750525761891,0.008859210080506498
yago_bio_perplexity,allegrolab__hubble-8b-100b_toks-perturbed-hf,16,norm_ll_byte,-0.1147904670262798,0.0013142789060246218
yago_bio_perplexity,allegrolab__hubble-8b-100b_toks-perturbed-hf,64,norm_ll_word,-0.4127794490561461,0.003124423507804061
yago_bio_perplexity,allegrolab__hubble-8b-100b_toks-perturbed-hf,64,norm_ll_byte,-0.060708696134497586,0.0005442648058052795
yago_bio_perplexity,allegrolab__hubble-8b-100b_toks-perturbed-hf,256,norm_ll_word,-0.32607253624583027,0.0026332170762803776
yago_bio_perplexity,allegrolab__hubble-8b-100b_toks-perturbed-hf,256,norm_ll_byte,-0.048381532640137156,0.000472950000729506
yago_bio_perplexity,allegrolab__hubble-8b-100b_toks-standard-hf,0,norm_ll_word,-6.295687730163562,0.00821564047444112
yago_bio_perplexity,allegrolab__hubble-8b-100b_toks-standard-hf,0,norm_ll_byte,-0.9199839410932483,0.001347663018109195
yago_bio_perplexity,allegrolab__hubble-8b-100b_toks-standard-hf,1,norm_ll_word,-6.324941191998115,0.013805402678168334
yago_bio_perplexity,allegrolab__hubble-8b-100b_toks-standard-hf,1,norm_ll_byte,-0.9254058892545737,0.002326870956851772
yago_bio_perplexity,allegrolab__hubble-8b-100b_toks-standard-hf,4,norm_ll_word,-6.254709264258254,0.013283191742843523
yago_bio_perplexity,allegrolab__hubble-8b-100b_toks-standard-hf,4,norm_ll_byte,-0.9181400433461907,0.0022439902818912954
yago_bio_perplexity,allegrolab__hubble-8b-100b_toks-standard-hf,16,norm_ll_word,-6.318182532101364,0.019049677694025713
yago_bio_perplexity,allegrolab__hubble-8b-100b_toks-standard-hf,16,norm_ll_byte,-0.9232565804515529,0.0029908597817799045
yago_bio_perplexity,allegrolab__hubble-8b-100b_toks-standard-hf,64,norm_ll_word,-6.305699888663087,0.02897977871290768
yago_bio_perplexity,allegrolab__hubble-8b-100b_toks-standard-hf,64,norm_ll_byte,-0.9262731552058641,0.004997022675858068
yago_bio_perplexity,allegrolab__hubble-8b-100b_toks-standard-hf,256,norm_ll_word,-6.294139406255718,0.04252647745403824
yago_bio_perplexity,allegrolab__hubble-8b-100b_toks-standard-hf,256,norm_ll_byte,-0.9332355691436428,0.007166573591276801
yago_bio_perplexity,allegrolab__hubble-8b-500b_toks-perturbed-hf,0,norm_ll_word,-3.911496520304834,0.007367277973465392
yago_bio_perplexity,allegrolab__hubble-8b-500b_toks-perturbed-hf,0,norm_ll_byte,-0.5716528208616157,0.0011562310752165745
yago_bio_perplexity,allegrolab__hubble-8b-500b_toks-perturbed-hf,1,norm_ll_word,-3.8684041388285597,0.01206835539052909
yago_bio_perplexity,allegrolab__hubble-8b-500b_toks-perturbed-hf,1,norm_ll_byte,-0.5660765672181615,0.0019310362625098675
yago_bio_perplexity,allegrolab__hubble-8b-500b_toks-perturbed-hf,4,norm_ll_word,-3.6882286033447285,0.011371767637285108
yago_bio_perplexity,allegrolab__hubble-8b-500b_toks-perturbed-hf,4,norm_ll_byte,-0.541414061683518,0.0017973194604562473
yago_bio_perplexity,allegrolab__hubble-8b-500b_toks-perturbed-hf,16,norm_ll_word,-3.2416756630720123,0.021416373611030392
yago_bio_perplexity,allegrolab__hubble-8b-500b_toks-perturbed-hf,16,norm_ll_byte,-0.4732171938207829,0.0030263581761186664
yago_bio_perplexity,allegrolab__hubble-8b-500b_toks-perturbed-hf,64,norm_ll_word,-0.6846449742909488,0.018392241392762836
yago_bio_perplexity,allegrolab__hubble-8b-500b_toks-perturbed-hf,64,norm_ll_byte,-0.10065728888706965,0.002718033045993108
yago_bio_perplexity,allegrolab__hubble-8b-500b_toks-perturbed-hf,256,norm_ll_word,-0.4298986255239984,0.016225299222847666
yago_bio_perplexity,allegrolab__hubble-8b-500b_toks-perturbed-hf,256,norm_ll_byte,-0.06371466177600668,0.0023161902789322203
yago_bio_perplexity,allegrolab__hubble-8b-500b_toks-standard-hf,0,norm_ll_word,-6.210243302575676,0.007999513595695958
yago_bio_perplexity,allegrolab__hubble-8b-500b_toks-standard-hf,0,norm_ll_byte,-0.9074511272446109,0.0013039588999981086
yago_bio_perplexity,allegrolab__hubble-8b-500b_toks-standard-hf,1,norm_ll_word,-6.242567323679966,0.013410994418356017
yago_bio_perplexity,allegrolab__hubble-8b-500b_toks-standard-hf,1,norm_ll_byte,-0.9133277633624823,0.002258913738655051
yago_bio_perplexity,allegrolab__hubble-8b-500b_toks-standard-hf,4,norm_ll_word,-6.177050476293297,0.01286254171353258
yago_bio_perplexity,allegrolab__hubble-8b-500b_toks-standard-hf,4,norm_ll_byte,-0.906719187687923,0.0021763692523881603
yago_bio_perplexity,allegrolab__hubble-8b-500b_toks-standard-hf,16,norm_ll_word,-6.22278233859145,0.018650623643097913
yago_bio_perplexity,allegrolab__hubble-8b-500b_toks-standard-hf,16,norm_ll_byte,-0.9092014148175285,0.002838865311370591
yago_bio_perplexity,allegrolab__hubble-8b-500b_toks-standard-hf,64,norm_ll_word,-6.207353830319502,0.029056365336969644
yago_bio_perplexity,allegrolab__hubble-8b-500b_toks-standard-hf,64,norm_ll_byte,-0.9117056561363167,0.004857931769762921
yago_bio_perplexity,allegrolab__hubble-8b-500b_toks-standard-hf,256,norm_ll_word,-6.209006318966669,0.0403510217476884
yago_bio_perplexity,allegrolab__hubble-8b-500b_toks-standard-hf,256,norm_ll_byte,-0.9205381653676444,0.006696333919041401
yago_full_prefix_full_suffix,allegrolab__hubble-1b-100b_toks-double_depth-perturbed-hf,0,acc,0.3249142857142857,0.003540440064406135
yago_full_prefix_full_suffix,allegrolab__hubble-1b-100b_toks-double_depth-perturbed-hf,0,acc_norm,0.27845714285714285,0.0033884698963836534
yago_full_prefix_full_suffix,allegrolab__hubble-1b-100b_toks-double_depth-perturbed-hf,1,acc,0.3423452247640378,0.0060019326466770355
yago_full_prefix_full_suffix,allegrolab__hubble-1b-100b_toks-double_depth-perturbed-hf,1,acc_norm,0.2929131338985762,0.005756596631876049
yago_full_prefix_full_suffix,allegrolab__hubble-1b-100b_toks-double_depth-perturbed-hf,4,acc,0.42889137737961924,0.006260269180014956
yago_full_prefix_full_suffix,allegrolab__hubble-1b-100b_toks-double_depth-perturbed-hf,4,acc_norm,0.3778595424732043,0.00613294981078626
yago_full_prefix_full_suffix,allegrolab__hubble-1b-100b_toks-double_depth-perturbed-hf,16,acc,0.657911595131326,0.008491923300047702
yago_full_prefix_full_suffix,allegrolab__hubble-1b-100b_toks-double_depth-perturbed-hf,16,acc_norm,0.6425368353619475,0.008578626872334471
yago_full_prefix_full_suffix,allegrolab__hubble-1b-100b_toks-double_depth-perturbed-hf,64,acc,0.99122106943336,0.0026363550911685176
yago_full_prefix_full_suffix,allegrolab__hubble-1b-100b_toks-double_depth-perturbed-hf,64,acc_norm,0.9888268156424581,0.00297061545091785
yago_full_prefix_full_suffix,allegrolab__hubble-1b-100b_toks-double_depth-perturbed-hf,256,acc,1.0,0.0
yago_full_prefix_full_suffix,allegrolab__hubble-1b-100b_toks-double_depth-perturbed-hf,256,acc_norm,1.0,0.0
yago_full_prefix_full_suffix,allegrolab__hubble-1b-100b_toks-double_depth-standard-hf,0,acc,0.27914285714285714,0.0033910269958319205
yago_full_prefix_full_suffix,allegrolab__hubble-1b-100b_toks-double_depth-standard-hf,0,acc_norm,0.23257142857142857,0.0031936737353318763
yago_full_prefix_full_suffix,allegrolab__hubble-1b-100b_toks-double_depth-standard-hf,1,acc,0.2780355143177092,0.00566719355019108
yago_full_prefix_full_suffix,allegrolab__hubble-1b-100b_toks-double_depth-standard-hf,1,acc_norm,0.2238041913293873,0.005272052735286874
yago_full_prefix_full_suffix,allegrolab__hubble-1b-100b_toks-double_depth-standard-hf,4,acc,0.2877939529675252,0.005726689704921689
yago_full_prefix_full_suffix,allegrolab__hubble-1b-100b_toks-double_depth-standard-hf,4,acc_norm,0.23612222044472883,0.005372053871017744
yago_full_prefix_full_suffix,allegrolab__hubble-1b-100b_toks-double_depth-standard-hf,16,acc,0.28667520819987186,0.008094533841864397
yago_full_prefix_full_suffix,allegrolab__hubble-1b-100b_toks-double_depth-standard-hf,16,acc_norm,0.23542600896860988,0.007594341037016825
yago_full_prefix_full_suffix,allegrolab__hubble-1b-100b_toks-double_depth-standard-hf,64,acc,0.26975259377494015,0.012543411261518327
yago_full_prefix_full_suffix,allegrolab__hubble-1b-100b_toks-double_depth-standard-hf,64,acc_norm,0.22106943335993615,0.01172766516348345
yago_full_prefix_full_suffix,allegrolab__hubble-1b-100b_toks-double_depth-standard-hf,256,acc,0.2808988764044944,0.018020830107070243
yago_full_prefix_full_suffix,allegrolab__hubble-1b-100b_toks-double_depth-standard-hf,256,acc_norm,0.22953451043338685,0.016861856865927588
yago_full_prefix_full_suffix,allegrolab__hubble-1b-100b_toks-half_depth-perturbed-hf,0,acc,0.3198285714285714,0.0035258286790435544
yago_full_prefix_full_suffix,allegrolab__hubble-1b-100b_toks-half_depth-perturbed-hf,0,acc_norm,0.26445714285714284,0.003334072400342951
yago_full_prefix_full_suffix,allegrolab__hubble-1b-100b_toks-half_depth-perturbed-hf,1,acc,0.3375459926411774,0.005981420506776777
yago_full_prefix_full_suffix,allegrolab__hubble-1b-100b_toks-half_depth-perturbed-hf,1,acc_norm,0.2777155655095185,0.005665186742669615
yago_full_prefix_full_suffix,allegrolab__hubble-1b-100b_toks-half_depth-perturbed-hf,4,acc,0.411134218525036,0.006223862117789493
yago_full_prefix_full_suffix,allegrolab__hubble-1b-100b_toks-half_depth-perturbed-hf,4,acc_norm,0.3567429211326188,0.006059404714714273
yago_full_prefix_full_suffix,allegrolab__hubble-1b-100b_toks-half_depth-perturbed-hf,16,acc,0.6345291479820628,0.008619960523732205
yago_full_prefix_full_suffix,allegrolab__hubble-1b-100b_toks-half_depth-perturbed-hf,16,acc_norm,0.6098654708520179,0.008731268288135776
yago_full_prefix_full_suffix,allegrolab__hubble-1b-100b_toks-half_depth-perturbed-hf,64,acc,0.985634477254589,0.0033629196890787275
yago_full_prefix_full_suffix,allegrolab__hubble-1b-100b_toks-half_depth-perturbed-hf,64,acc_norm,0.9848363926576217,0.0034536724393731946
yago_full_prefix_full_suffix,allegrolab__hubble-1b-100b_toks-half_depth-perturbed-hf,256,acc,1.0,0.0
yago_full_prefix_full_suffix,allegrolab__hubble-1b-100b_toks-half_depth-perturbed-hf,256,acc_norm,1.0,0.0
yago_full_prefix_full_suffix,allegrolab__hubble-1b-100b_toks-half_depth-standard-hf,0,acc,0.2836,0.0034074091576794994
yago_full_prefix_full_suffix,allegrolab__hubble-1b-100b_toks-half_depth-standard-hf,0,acc_norm,0.21114285714285713,0.0030851818132785276
yago_full_prefix_full_suffix,allegrolab__hubble-1b-100b_toks-half_depth-standard-hf,1,acc,0.2836346184610462,0.005701733373934676
yago_full_prefix_full_suffix,allegrolab__hubble-1b-100b_toks-half_depth-standard-hf,1,acc_norm,0.20716685330347145,0.005126382712140154
yago_full_prefix_full_suffix,allegrolab__hubble-1b-100b_toks-half_depth-standard-hf,4,acc,0.2930731083026716,0.005757516985541349
yago_full_prefix_full_suffix,allegrolab__hubble-1b-100b_toks-half_depth-standard-hf,4,acc_norm,0.21148616221404576,0.0051654198730561336
yago_full_prefix_full_suffix,allegrolab__hubble-1b-100b_toks-half_depth-standard-hf,16,acc,0.2860345932094811,0.008089114459081824
yago_full_prefix_full_suffix,allegrolab__hubble-1b-100b_toks-half_depth-standard-hf,16,acc_norm,0.21716848174247277,0.007380497962188108
yago_full_prefix_full_suffix,allegrolab__hubble-1b-100b_toks-half_depth-standard-hf,64,acc,0.2649640861931365,0.01247227337784253
yago_full_prefix_full_suffix,allegrolab__hubble-1b-100b_toks-half_depth-standard-hf,64,acc_norm,0.19872306464485234,0.011277511912585445
yago_full_prefix_full_suffix,allegrolab__hubble-1b-100b_toks-half_depth-standard-hf,256,acc,0.29052969502407705,0.01820401493352028
yago_full_prefix_full_suffix,allegrolab__hubble-1b-100b_toks-half_depth-standard-hf,256,acc_norm,0.20545746388443017,0.016200348057999695
yago_full_prefix_full_suffix,allegrolab__hubble-1b-100b_toks-injectrange_0_25-hf,0,acc,0.2642857142857143,0.003333379982902928
yago_full_prefix_full_suffix,allegrolab__hubble-1b-100b_toks-injectrange_0_25-hf,0,acc_norm,0.22371428571428573,0.003150293668232298
yago_full_prefix_full_suffix,allegrolab__hubble-1b-100b_toks-injectrange_0_25-hf,1,acc,0.26539753639417696,0.005585147218401015
yago_full_prefix_full_suffix,allegrolab__hubble-1b-100b_toks-injectrange_0_25-hf,1,acc_norm,0.21372580387138057,0.005185319039456114
yago_full_prefix_full_suffix,allegrolab__hubble-1b-100b_toks-injectrange_0_25-hf,4,acc,0.2738761798112302,0.00564082288951869
yago_full_prefix_full_suffix,allegrolab__hubble-1b-100b_toks-injectrange_0_25-hf,4,acc_norm,0.22476403775395937,0.005280078258306348
yago_full_prefix_full_suffix,allegrolab__hubble-1b-100b_toks-injectrange_0_25-hf,16,acc,0.26713645099295324,0.00792011070949785
yago_full_prefix_full_suffix,allegrolab__hubble-1b-100b_toks-injectrange_0_25-hf,16,acc_norm,0.22805893657911594,0.0075104980041880536
yago_full_prefix_full_suffix,allegrolab__hubble-1b-100b_toks-injectrange_0_25-hf,64,acc,0.24421388667198723,0.012141783013677899
yago_full_prefix_full_suffix,allegrolab__hubble-1b-100b_toks-injectrange_0_25-hf,64,acc_norm,0.22825219473264166,0.011861592997754898
yago_full_prefix_full_suffix,allegrolab__hubble-1b-100b_toks-injectrange_0_25-hf,256,acc,0.2680577849117175,0.017760591190984647
yago_full_prefix_full_suffix,allegrolab__hubble-1b-100b_toks-injectrange_0_25-hf,256,acc_norm,0.21348314606741572,0.016430115691252238
yago_full_prefix_full_suffix,allegrolab__hubble-1b-100b_toks-injectrange_0_50-hf,0,acc,0.2914285714285714,0.0034351939828060757
yago_full_prefix_full_suffix,allegrolab__hubble-1b-100b_toks-injectrange_0_50-hf,0,acc_norm,0.23965714285714285,0.0032269579659257933
yago_full_prefix_full_suffix,allegrolab__hubble-1b-100b_toks-injectrange_0_50-hf,1,acc,0.2892337226043833,0.005735190686459083
yago_full_prefix_full_suffix,allegrolab__hubble-1b-100b_toks-injectrange_0_50-hf,1,acc_norm,0.22940329547272437,0.00531830685085362
yago_full_prefix_full_suffix,allegrolab__hubble-1b-100b_toks-injectrange_0_50-hf,4,acc,0.3025115981442969,0.005810312640572533
yago_full_prefix_full_suffix,allegrolab__hubble-1b-100b_toks-injectrange_0_50-hf,4,acc_norm,0.24284114541673332,0.005423936924550985
yago_full_prefix_full_suffix,allegrolab__hubble-1b-100b_toks-injectrange_0_50-hf,16,acc,0.3023702754644459,0.00822119883074696
yago_full_prefix_full_suffix,allegrolab__hubble-1b-100b_toks-injectrange_0_50-hf,16,acc_norm,0.2572069186418962,0.00782399139078809
yago_full_prefix_full_suffix,allegrolab__hubble-1b-100b_toks-injectrange_0_50-hf,64,acc,0.31045490822027133,0.013076106120085963
yago_full_prefix_full_suffix,allegrolab__hubble-1b-100b_toks-injectrange_0_50-hf,64,acc_norm,0.25379090183559455,0.012298896025064997
yago_full_prefix_full_suffix,allegrolab__hubble-1b-100b_toks-injectrange_0_50-hf,256,acc,0.33547351524879615,0.01893172008631828
yago_full_prefix_full_suffix,allegrolab__hubble-1b-100b_toks-injectrange_0_50-hf,256,acc_norm,0.27287319422150885,0.01786036469855442
yago_full_prefix_full_suffix,allegrolab__hubble-1b-100b_toks-injectrange_25_50-hf,0,acc,0.27245714285714284,0.0033656718786719917
yago_full_prefix_full_suffix,allegrolab__hubble-1b-100b_toks-injectrange_25_50-hf,0,acc_norm,0.2486857142857143,0.003267605563204918
yago_full_prefix_full_suffix,allegrolab__hubble-1b-100b_toks-injectrange_25_50-hf,1,acc,0.276115821468565,0.0056550985788515395
yago_full_prefix_full_suffix,allegrolab__hubble-1b-100b_toks-injectrange_25_50-hf,1,acc_norm,0.24684050551911693,0.005453956660688595
yago_full_prefix_full_suffix,allegrolab__hubble-1b-100b_toks-injectrange_25_50-hf,4,acc,0.29259318509038557,0.005754753348376263
yago_full_prefix_full_suffix,allegrolab__hubble-1b-100b_toks-injectrange_25_50-hf,4,acc_norm,0.2631578947368421,0.005570002760135977
yago_full_prefix_full_suffix,allegrolab__hubble-1b-100b_toks-injectrange_25_50-hf,16,acc,0.31390134529147984,0.008306976617909568
yago_full_prefix_full_suffix,allegrolab__hubble-1b-100b_toks-injectrange_25_50-hf,16,acc_norm,0.289237668161435,0.008116013172137407
yago_full_prefix_full_suffix,allegrolab__hubble-1b-100b_toks-injectrange_25_50-hf,64,acc,0.3224261771747805,0.013209649435796677
yago_full_prefix_full_suffix,allegrolab__hubble-1b-100b_toks-injectrange_25_50-hf,64,acc_norm,0.3024740622505986,0.0129814165502819
yago_full_prefix_full_suffix,allegrolab__hubble-1b-100b_toks-injectrange_25_50-hf,256,acc,0.36597110754414125,0.01931446719601673
yago_full_prefix_full_suffix,allegrolab__hubble-1b-100b_toks-injectrange_25_50-hf,256,acc_norm,0.3434991974317817,0.01904080483769973
yago_full_prefix_full_suffix,allegrolab__hubble-1b-100b_toks-injectrange_50_100-hf,0,acc,0.33331428571428573,0.0035635341320386
yago_full_prefix_full_suffix,allegrolab__hubble-1b-100b_toks-injectrange_50_100-hf,0,acc_norm,0.2882857142857143,0.0034241894665369317
yago_full_prefix_full_suffix,allegrolab__hubble-1b-100b_toks-injectrange_50_100-hf,1,acc,0.3636218205087186,0.00608474804288419
yago_full_prefix_full_suffix,allegrolab__hubble-1b-100b_toks-injectrange_50_100-hf,1,acc_norm,0.3218685010398336,0.005909574185380258
yago_full_prefix_full_suffix,allegrolab__hubble-1b-100b_toks-injectrange_50_100-hf,4,acc,0.5035994240921453,0.006324391438185403
yago_full_prefix_full_suffix,allegrolab__hubble-1b-100b_toks-injectrange_50_100-hf,4,acc_norm,0.47096464565669494,0.006313882459446433
yago_full_prefix_full_suffix,allegrolab__hubble-1b-100b_toks-injectrange_50_100-hf,16,acc,0.8565022421524664,0.0062753784992843654
yago_full_prefix_full_suffix,allegrolab__hubble-1b-100b_toks-injectrange_50_100-hf,16,acc_norm,0.8565022421524664,0.0062753784992843585
yago_full_prefix_full_suffix,allegrolab__hubble-1b-100b_toks-injectrange_50_100-hf,64,acc,0.9992019154030327,0.0007980845969672785
yago_full_prefix_full_suffix,allegrolab__hubble-1b-100b_toks-injectrange_50_100-hf,64,acc_norm,0.9984038308060654,0.0011282112272769436
yago_full_prefix_full_suffix,allegrolab__hubble-1b-100b_toks-injectrange_50_100-hf,256,acc,1.0,0.0
yago_full_prefix_full_suffix,allegrolab__hubble-1b-100b_toks-injectrange_50_100-hf,256,acc_norm,1.0,0.0
yago_full_prefix_full_suffix,allegrolab__hubble-1b-100b_toks-injectrange_50_75-hf,0,acc,0.31702857142857144,0.0035175789538360184
yago_full_prefix_full_suffix,allegrolab__hubble-1b-100b_toks-injectrange_50_75-hf,0,acc_norm,0.28582857142857143,0.0034154461281982627
yago_full_prefix_full_suffix,allegrolab__hubble-1b-100b_toks-injectrange_50_75-hf,1,acc,0.3268277075667893,0.005933111927256077
yago_full_prefix_full_suffix,allegrolab__hubble-1b-100b_toks-injectrange_50_75-hf,1,acc_norm,0.29227323628219487,0.005752906627232225
yago_full_prefix_full_suffix,allegrolab__hubble-1b-100b_toks-injectrange_50_75-hf,4,acc,0.3778595424732043,0.006132949810786262
yago_full_prefix_full_suffix,allegrolab__hubble-1b-100b_toks-injectrange_50_75-hf,4,acc_norm,0.3428251479763238,0.006003946247478712
yago_full_prefix_full_suffix,allegrolab__hubble-1b-100b_toks-injectrange_50_75-hf,16,acc,0.5137732222934016,0.00894660544060454
yago_full_prefix_full_suffix,allegrolab__hubble-1b-100b_toks-injectrange_50_75-hf,16,acc_norm,0.5060858424087123,0.008949338749711593
yago_full_prefix_full_suffix,allegrolab__hubble-1b-100b_toks-injectrange_50_75-hf,64,acc,0.6871508379888268,0.013103622521843038
yago_full_prefix_full_suffix,allegrolab__hubble-1b-100b_toks-injectrange_50_75-hf,64,acc_norm,0.6767757382282522,0.013218196456060243
yago_full_prefix_full_suffix,allegrolab__hubble-1b-100b_toks-injectrange_50_75-hf,256,acc,0.7784911717495987,0.016650495935061443
yago_full_prefix_full_suffix,allegrolab__hubble-1b-100b_toks-injectrange_50_75-hf,256,acc_norm,0.7929373996789727,0.016247071458561916
yago_full_prefix_full_suffix,allegrolab__hubble-1b-100b_toks-injectrange_75_100-hf,0,acc,0.31857142857142856,0.003522142845806176
yago_full_prefix_full_suffix,allegrolab__hubble-1b-100b_toks-injectrange_75_100-hf,0,acc_norm,0.28017142857142857,0.0033948441929386843
yago_full_prefix_full_suffix,allegrolab__hubble-1b-100b_toks-injectrange_75_100-hf,1,acc,0.369380899056151,0.0061049311277834506
yago_full_prefix_full_suffix,allegrolab__hubble-1b-100b_toks-injectrange_75_100-hf,1,acc_norm,0.3321068629019357,0.005957340272509135
yago_full_prefix_full_suffix,allegrolab__hubble-1b-100b_toks-injectrange_75_100-hf,4,acc,0.5509518477043673,0.006291631384186585
yago_full_prefix_full_suffix,allegrolab__hubble-1b-100b_toks-injectrange_75_100-hf,4,acc_norm,0.5147976323788194,0.006321784938777732
yago_full_prefix_full_suffix,allegrolab__hubble-1b-100b_toks-injectrange_75_100-hf,16,acc,0.901665598975016,0.005330017123580516
yago_full_prefix_full_suffix,allegrolab__hubble-1b-100b_toks-injectrange_75_100-hf,16,acc_norm,0.9023062139654068,0.005314514056986748
yago_full_prefix_full_suffix,allegrolab__hubble-1b-100b_toks-injectrange_75_100-hf,64,acc,1.0,0.0
yago_full_prefix_full_suffix,allegrolab__hubble-1b-100b_toks-injectrange_75_100-hf,64,acc_norm,1.0,0.0
yago_full_prefix_full_suffix,allegrolab__hubble-1b-100b_toks-injectrange_75_100-hf,256,acc,1.0,0.0
yago_full_prefix_full_suffix,allegrolab__hubble-1b-100b_toks-injectrange_75_100-hf,256,acc_norm,1.0,0.0
yago_full_prefix_full_suffix,allegrolab__hubble-1b-100b_toks-interference_copyright-hf,0,acc,0.2829714285714286,0.0034051238202945566
yago_full_prefix_full_suffix,allegrolab__hubble-1b-100b_toks-interference_copyright-hf,0,acc_norm,0.22462857142857143,0.0031548649914481986
yago_full_prefix_full_suffix,allegrolab__hubble-1b-100b_toks-interference_copyright-hf,1,acc,0.2834746440569509,0.005700761636605919
yago_full_prefix_full_suffix,allegrolab__hubble-1b-100b_toks-interference_copyright-hf,1,acc_norm,0.21116621340585506,0.005162558183252768
yago_full_prefix_full_suffix,allegrolab__hubble-1b-100b_toks-interference_copyright-hf,4,acc,0.29371300591905297,0.005761189822570285
yago_full_prefix_full_suffix,allegrolab__hubble-1b-100b_toks-interference_copyright-hf,4,acc_norm,0.22284434490481522,0.005263986973369275
yago_full_prefix_full_suffix,allegrolab__hubble-1b-100b_toks-interference_copyright-hf,16,acc,0.29051889814221654,0.008126634466305366
yago_full_prefix_full_suffix,allegrolab__hubble-1b-100b_toks-interference_copyright-hf,16,acc_norm,0.22805893657911594,0.0075104980041880605
yago_full_prefix_full_suffix,allegrolab__hubble-1b-100b_toks-interference_copyright-hf,64,acc,0.2761372705506784,0.012635384362575436
yago_full_prefix_full_suffix,allegrolab__hubble-1b-100b_toks-interference_copyright-hf,64,acc_norm,0.22186751795690343,0.011742794760191846
yago_full_prefix_full_suffix,allegrolab__hubble-1b-100b_toks-interference_copyright-hf,256,acc,0.2841091492776886,0.01808301420816585
yago_full_prefix_full_suffix,allegrolab__hubble-1b-100b_toks-interference_copyright-hf,256,acc_norm,0.2247191011235955,0.016736103162252387
yago_full_prefix_full_suffix,allegrolab__hubble-1b-100b_toks-interference_privacy-hf,0,acc,0.3269714285714286,0.0035462147957566973
yago_full_prefix_full_suffix,allegrolab__hubble-1b-100b_toks-interference_privacy-hf,0,acc_norm,0.2797142857142857,0.0033931503907658886
yago_full_prefix_full_suffix,allegrolab__hubble-1b-100b_toks-interference_privacy-hf,1,acc,0.3530635098384258,0.006045291296326401
yago_full_prefix_full_suffix,allegrolab__hubble-1b-100b_toks-interference_privacy-hf,1,acc_norm,0.2980323148296273,0.005785624310608783
yago_full_prefix_full_suffix,allegrolab__hubble-1b-100b_toks-interference_privacy-hf,4,acc,0.425531914893617,0.006254016364552794
yago_full_prefix_full_suffix,allegrolab__hubble-1b-100b_toks-interference_privacy-hf,4,acc_norm,0.3815389537673972,0.006144486706314563
yago_full_prefix_full_suffix,allegrolab__hubble-1b-100b_toks-interference_privacy-hf,16,acc,0.6864189622037156,0.008304675137245157
yago_full_prefix_full_suffix,allegrolab__hubble-1b-100b_toks-interference_privacy-hf,16,acc_norm,0.6716848174247277,0.00840584475459768
yago_full_prefix_full_suffix,allegrolab__hubble-1b-100b_toks-interference_privacy-hf,64,acc,0.9872306464485235,0.0031731573306678
yago_full_prefix_full_suffix,allegrolab__hubble-1b-100b_toks-interference_privacy-hf,64,acc_norm,0.9832402234636871,0.003627953949767548
yago_full_prefix_full_suffix,allegrolab__hubble-1b-100b_toks-interference_privacy-hf,256,acc,1.0,0.0
yago_full_prefix_full_suffix,allegrolab__hubble-1b-100b_toks-interference_privacy-hf,256,acc_norm,1.0,0.0
yago_full_prefix_full_suffix,allegrolab__hubble-1b-100b_toks-interference_testset-hf,0,acc,0.2765142857142857,0.0033811711227947107
yago_full_prefix_full_suffix,allegrolab__hubble-1b-100b_toks-interference_testset-hf,0,acc_norm,0.22817142857142858,0.0031723744303833574
yago_full_prefix_full_suffix,allegrolab__hubble-1b-100b_toks-interference_testset-hf,1,acc,0.2809150535914254,0.005685093297488117
yago_full_prefix_full_suffix,allegrolab__hubble-1b-100b_toks-interference_testset-hf,1,acc_norm,0.22012478003519437,0.00524091383252428
yago_full_prefix_full_suffix,allegrolab__hubble-1b-100b_toks-interference_testset-hf,4,acc,0.2836346184610462,0.005701733373934674
yago_full_prefix_full_suffix,allegrolab__hubble-1b-100b_toks-interference_testset-hf,4,acc_norm,0.22828347464405696,0.005309163849021705
yago_full_prefix_full_suffix,allegrolab__hubble-1b-100b_toks-interference_testset-hf,16,acc,0.2837924407431134,0.008069989645628084
yago_full_prefix_full_suffix,allegrolab__hubble-1b-100b_toks-interference_testset-hf,16,acc_norm,0.22901985906470212,0.0075216181701179005
yago_full_prefix_full_suffix,allegrolab__hubble-1b-100b_toks-interference_testset-hf,64,acc,0.2673583399840383,0.012508075922329862
yago_full_prefix_full_suffix,allegrolab__hubble-1b-100b_toks-interference_testset-hf,64,acc_norm,0.22505985634477255,0.011802688185664378
yago_full_prefix_full_suffix,allegrolab__hubble-1b-100b_toks-interference_testset-hf,256,acc,0.27929373996789725,0.017989312063699036
yago_full_prefix_full_suffix,allegrolab__hubble-1b-100b_toks-interference_testset-hf,256,acc_norm,0.21669341894060995,0.016519372877648923
yago_full_prefix_full_suffix,allegrolab__hubble-1b-100b_toks-paraphrased-perturbed-hf,0,acc,0.2673142857142857,0.0033455176909323067
yago_full_prefix_full_suffix,allegrolab__hubble-1b-100b_toks-paraphrased-perturbed-hf,0,acc_norm,0.2036,0.003044022771405647
yago_full_prefix_full_suffix,allegrolab__hubble-1b-100b_toks-paraphrased-perturbed-hf,1,acc,0.26299792033274677,0.005568913922601381
yago_full_prefix_full_suffix,allegrolab__hubble-1b-100b_toks-paraphrased-perturbed-hf,1,acc_norm,0.1948488241881299,0.005010113929253636
yago_full_prefix_full_suffix,allegrolab__hubble-1b-100b_toks-paraphrased-perturbed-hf,4,acc,0.2951527755559111,0.005769403638332853
yago_full_prefix_full_suffix,allegrolab__hubble-1b-100b_toks-paraphrased-perturbed-hf,4,acc_norm,0.23308270676691728,0.005347973950170276
yago_full_prefix_full_suffix,allegrolab__hubble-1b-100b_toks-paraphrased-perturbed-hf,16,acc,0.3811659192825112,0.008693552050093594
yago_full_prefix_full_suffix,allegrolab__hubble-1b-100b_toks-paraphrased-perturbed-hf,16,acc_norm,0.3292761050608584,0.008412113290665919
yago_full_prefix_full_suffix,allegrolab__hubble-1b-100b_toks-paraphrased-perturbed-hf,64,acc,0.5043894652833201,0.01413029093403997
yago_full_prefix_full_suffix,allegrolab__hubble-1b-100b_toks-paraphrased-perturbed-hf,64,acc_norm,0.4852354349561053,0.014124673301066919
yago_full_prefix_full_suffix,allegrolab__hubble-1b-100b_toks-paraphrased-perturbed-hf,256,acc,0.8057784911717496,0.015862122690002183
yago_full_prefix_full_suffix,allegrolab__hubble-1b-100b_toks-paraphrased-perturbed-hf,256,acc_norm,0.7720706260032103,0.016820289695605284
yago_full_prefix_full_suffix,allegrolab__hubble-1b-100b_toks-perturbed-hf,0,acc,0.31725714285714285,0.0035182578992767823
yago_full_prefix_full_suffix,allegrolab__hubble-1b-100b_toks-perturbed-hf,0,acc_norm,0.2729142857142857,0.0033674358026862528
yago_full_prefix_full_suffix,allegrolab__hubble-1b-100b_toks-perturbed-hf,1,acc,0.3381858902575588,0.005984195102277472
yago_full_prefix_full_suffix,allegrolab__hubble-1b-100b_toks-perturbed-hf,1,acc_norm,0.2889137737961926,0.0057333076681027415
yago_full_prefix_full_suffix,allegrolab__hubble-1b-100b_toks-perturbed-hf,4,acc,0.43289073748200285,0.006267329215980802
yago_full_prefix_full_suffix,allegrolab__hubble-1b-100b_toks-perturbed-hf,4,acc_norm,0.38809790433530633,0.006164127461185067
yago_full_prefix_full_suffix,allegrolab__hubble-1b-100b_toks-perturbed-hf,16,acc,0.7072389493914157,0.008145033021061097
yago_full_prefix_full_suffix,allegrolab__hubble-1b-100b_toks-perturbed-hf,16,acc_norm,0.690903267136451,0.008271969913710127
yago_full_prefix_full_suffix,allegrolab__hubble-1b-100b_toks-perturbed-hf,64,acc,0.9896249002394254,0.002863711630304932
yago_full_prefix_full_suffix,allegrolab__hubble-1b-100b_toks-perturbed-hf,64,acc_norm,0.99122106943336,0.0026363550911685206
yago_full_prefix_full_suffix,allegrolab__hubble-1b-100b_toks-perturbed-hf,256,acc,1.0,0.0
yago_full_prefix_full_suffix,allegrolab__hubble-1b-100b_toks-perturbed-hf,256,acc_norm,1.0,0.0
yago_full_prefix_full_suffix,allegrolab__hubble-1b-100b_toks-standard-hf,0,acc,0.2772,0.0033837562374740113
yago_full_prefix_full_suffix,allegrolab__hubble-1b-100b_toks-standard-hf,0,acc_norm,0.2192,0.0031274009349308157
yago_full_prefix_full_suffix,allegrolab__hubble-1b-100b_toks-standard-hf,1,acc,0.2762757958726604,0.005656111462658267
yago_full_prefix_full_suffix,allegrolab__hubble-1b-100b_toks-standard-hf,1,acc_norm,0.21068629019356902,0.005158256718203013
yago_full_prefix_full_suffix,allegrolab__hubble-1b-100b_toks-standard-hf,4,acc,0.2850743880979043,0.005710439301468986
yago_full_prefix_full_suffix,allegrolab__hubble-1b-100b_toks-standard-hf,4,acc_norm,0.21948488241881298,0.005235437231917307
yago_full_prefix_full_suffix,allegrolab__hubble-1b-100b_toks-standard-hf,16,acc,0.2789878283151826,0.008028178903700639
yago_full_prefix_full_suffix,allegrolab__hubble-1b-100b_toks-standard-hf,16,acc_norm,0.22581678411274825,0.007484332971445549
yago_full_prefix_full_suffix,allegrolab__hubble-1b-100b_toks-standard-hf,64,acc,0.2681564245810056,0.012519906084000242
yago_full_prefix_full_suffix,allegrolab__hubble-1b-100b_toks-standard-hf,64,acc_norm,0.21707901037509977,0.011651067552098734
yago_full_prefix_full_suffix,allegrolab__hubble-1b-100b_toks-standard-hf,256,acc,0.27768860353130015,0.01795750803579175
yago_full_prefix_full_suffix,allegrolab__hubble-1b-100b_toks-standard-hf,256,acc_norm,0.21187800963081863,0.01638492556089821
yago_full_prefix_full_suffix,allegrolab__hubble-1b-500b_toks-perturbed-hf,0,acc,0.3546285714285714,0.003616472050613459
yago_full_prefix_full_suffix,allegrolab__hubble-1b-500b_toks-perturbed-hf,0,acc_norm,0.31725714285714285,0.0035182578992767853
yago_full_prefix_full_suffix,allegrolab__hubble-1b-500b_toks-perturbed-hf,1,acc,0.3540233562629979,0.006049010755266091
yago_full_prefix_full_suffix,allegrolab__hubble-1b-500b_toks-perturbed-hf,1,acc_norm,0.3084306510958247,0.00584193371493283
yago_full_prefix_full_suffix,allegrolab__hubble-1b-500b_toks-perturbed-hf,4,acc,0.3714605663093905,0.006111989711856485
yago_full_prefix_full_suffix,allegrolab__hubble-1b-500b_toks-perturbed-hf,4,acc_norm,0.3329067349224124,0.005960937386226582
yago_full_prefix_full_suffix,allegrolab__hubble-1b-500b_toks-perturbed-hf,16,acc,0.42857142857142855,0.008858204428916576
yago_full_prefix_full_suffix,allegrolab__hubble-1b-500b_toks-perturbed-hf,16,acc_norm,0.3869314541960282,0.008718156299527132
yago_full_prefix_full_suffix,allegrolab__hubble-1b-500b_toks-perturbed-hf,64,acc,0.5762170790103751,0.013965697274862576
yago_full_prefix_full_suffix,allegrolab__hubble-1b-500b_toks-perturbed-hf,64,acc_norm,0.533120510774142,0.014099799235141396
yago_full_prefix_full_suffix,allegrolab__hubble-1b-500b_toks-perturbed-hf,256,acc,0.9197431781701445,0.010893791882304433
yago_full_prefix_full_suffix,allegrolab__hubble-1b-500b_toks-perturbed-hf,256,acc_norm,0.92776886035313,0.010379751041889913
yago_full_prefix_full_suffix,allegrolab__hubble-1b-500b_toks-standard-hf,0,acc,0.28382857142857143,0.003408238167036623
yago_full_prefix_full_suffix,allegrolab__hubble-1b-500b_toks-standard-hf,0,acc_norm,0.22182857142857143,0.003140796267806956
yago_full_prefix_full_suffix,allegrolab__hubble-1b-500b_toks-standard-hf,1,acc,0.2823548232282835,0.005693934696190438
yago_full_prefix_full_suffix,allegrolab__hubble-1b-500b_toks-standard-hf,1,acc_norm,0.214845624700048,0.005195182110337132
yago_full_prefix_full_suffix,allegrolab__hubble-1b-500b_toks-standard-hf,4,acc,0.2921132618780995,0.005751981976509105
yago_full_prefix_full_suffix,allegrolab__hubble-1b-500b_toks-standard-hf,4,acc_norm,0.21980483122700367,0.005238177811358018
yago_full_prefix_full_suffix,allegrolab__hubble-1b-500b_toks-standard-hf,16,acc,0.28667520819987186,0.008094533841864407
yago_full_prefix_full_suffix,allegrolab__hubble-1b-500b_toks-standard-hf,16,acc_norm,0.21973094170403587,0.0074117526406802334
yago_full_prefix_full_suffix,allegrolab__hubble-1b-500b_toks-standard-hf,64,acc,0.27693535514764567,0.01264665295025382
yago_full_prefix_full_suffix,allegrolab__hubble-1b-500b_toks-standard-hf,64,acc_norm,0.20750199521149243,0.011460618679067138
yago_full_prefix_full_suffix,allegrolab__hubble-1b-500b_toks-standard-hf,256,acc,0.27929373996789725,0.017989312063699033
yago_full_prefix_full_suffix,allegrolab__hubble-1b-500b_toks-standard-hf,256,acc_norm,0.20385232744783308,0.016153233081156564
yago_full_prefix_full_suffix,allegrolab__hubble-8b-100b_toks-paraphrased-perturbed-hf,0,acc,0.25074285714285716,0.0032765976502363873
yago_full_prefix_full_suffix,allegrolab__hubble-8b-100b_toks-paraphrased-perturbed-hf,0,acc_norm,0.20211428571428572,0.0030357236543024084
yago_full_prefix_full_suffix,allegrolab__hubble-8b-100b_toks-paraphrased-perturbed-hf,1,acc,0.285394336906095,0.005712364265248162
yago_full_prefix_full_suffix,allegrolab__hubble-8b-100b_toks-paraphrased-perturbed-hf,1,acc_norm,0.23996160614301712,0.0054019260819864025
yago_full_prefix_full_suffix,allegrolab__hubble-8b-100b_toks-paraphrased-perturbed-hf,4,acc,0.4114541673332267,0.00622459168803671
yago_full_prefix_full_suffix,allegrolab__hubble-8b-100b_toks-paraphrased-perturbed-hf,4,acc_norm,0.3660214365701488,0.006093271627508794
yago_full_prefix_full_suffix,allegrolab__hubble-8b-100b_toks-paraphrased-perturbed-hf,16,acc,0.6447789878283152,0.008566587939647744
yago_full_prefix_full_suffix,allegrolab__hubble-8b-100b_toks-paraphrased-perturbed-hf,16,acc_norm,0.6258808456117874,0.008661715561692342
yago_full_prefix_full_suffix,allegrolab__hubble-8b-100b_toks-paraphrased-perturbed-hf,64,acc,0.830806065442937,0.010595953891497341
yago_full_prefix_full_suffix,allegrolab__hubble-8b-100b_toks-paraphrased-perturbed-hf,64,acc_norm,0.8132482043096568,0.011013916643124982
yago_full_prefix_full_suffix,allegrolab__hubble-8b-100b_toks-paraphrased-perturbed-hf,256,acc,0.8924558587479936,0.012422000950391818
yago_full_prefix_full_suffix,allegrolab__hubble-8b-100b_toks-paraphrased-perturbed-hf,256,acc_norm,0.8603531300160514,0.01389820720398655
yago_full_prefix_full_suffix,allegrolab__hubble-8b-100b_toks-perturbed-hf,0,acc,0.30445714285714287,0.0034787115221773315
yago_full_prefix_full_suffix,allegrolab__hubble-8b-100b_toks-perturbed-hf,0,acc_norm,0.264,0.0033322245141321973
yago_full_prefix_full_suffix,allegrolab__hubble-8b-100b_toks-perturbed-hf,1,acc,0.45240761478163494,0.006295839449912635
yago_full_prefix_full_suffix,allegrolab__hubble-8b-100b_toks-perturbed-hf,1,acc_norm,0.411134218525036,0.006223862117789486
yago_full_prefix_full_suffix,allegrolab__hubble-8b-100b_toks-perturbed-hf,4,acc,0.790273556231003,0.0051496215403154695
yago_full_prefix_full_suffix,allegrolab__hubble-8b-100b_toks-perturbed-hf,4,acc_norm,0.7696368581027035,0.005326101234524223
yago_full_prefix_full_suffix,allegrolab__hubble-8b-100b_toks-perturbed-hf,16,acc,0.9919923126201153,0.0015953678062651043
yago_full_prefix_full_suffix,allegrolab__hubble-8b-100b_toks-perturbed-hf,16,acc_norm,0.990070467648943,0.0017748046846926269
yago_full_prefix_full_suffix,allegrolab__hubble-8b-100b_toks-perturbed-hf,64,acc,1.0,0.0
yago_full_prefix_full_suffix,allegrolab__hubble-8b-100b_toks-perturbed-hf,64,acc_norm,1.0,0.0
yago_full_prefix_full_suffix,allegrolab__hubble-8b-100b_toks-perturbed-hf,256,acc,1.0,0.0
yago_full_prefix_full_suffix,allegrolab__hubble-8b-100b_toks-perturbed-hf,256,acc_norm,1.0,0.0
yago_full_prefix_full_suffix,allegrolab__hubble-8b-100b_toks-standard-hf,0,acc,0.3044,0.003478527932958998
yago_full_prefix_full_suffix,allegrolab__hubble-8b-100b_toks-standard-hf,0,acc_norm,0.26165714285714287,0.0033226815561419594
yago_full_prefix_full_suffix,allegrolab__hubble-8b-100b_toks-standard-hf,1,acc,0.308110702287634,0.005840253383865547
yago_full_prefix_full_suffix,allegrolab__hubble-8b-100b_toks-standard-hf,1,acc_norm,0.25371940489521677,0.005504120180008183
yago_full_prefix_full_suffix,allegrolab__hubble-8b-100b_toks-standard-hf,4,acc,0.3103503439449688,0.005851946793445174
yago_full_prefix_full_suffix,allegrolab__hubble-8b-100b_toks-standard-hf,4,acc_norm,0.2596384578467445,0.005545828400572223
yago_full_prefix_full_suffix,allegrolab__hubble-8b-100b_toks-standard-hf,16,acc,0.2988468930172966,0.008193772839508543
yago_full_prefix_full_suffix,allegrolab__hubble-8b-100b_toks-standard-hf,16,acc_norm,0.2629724535554132,0.007880433432766235
yago_full_prefix_full_suffix,allegrolab__hubble-8b-100b_toks-standard-hf,64,acc,0.2817238627294493,0.012713214424565892
yago_full_prefix_full_suffix,allegrolab__hubble-8b-100b_toks-standard-hf,64,acc_norm,0.237829209896249,0.012032519727949517
yago_full_prefix_full_suffix,allegrolab__hubble-8b-100b_toks-standard-hf,256,acc,0.2985553772070626,0.018349065526720325
yago_full_prefix_full_suffix,allegrolab__hubble-8b-100b_toks-standard-hf,256,acc_norm,0.2568218298555377,0.017517303230926567
yago_full_prefix_full_suffix,allegrolab__hubble-8b-500b_toks-perturbed-hf,0,acc,0.35365714285714284,0.0036142324286023444
yago_full_prefix_full_suffix,allegrolab__hubble-8b-500b_toks-perturbed-hf,0,acc_norm,0.3096,0.0034949764345028325
yago_full_prefix_full_suffix,allegrolab__hubble-8b-500b_toks-perturbed-hf,1,acc,0.3684210526315789,0.006101632314185023
yago_full_prefix_full_suffix,allegrolab__hubble-8b-500b_toks-perturbed-hf,1,acc_norm,0.3213885778275476,0.005907256010968662
yago_full_prefix_full_suffix,allegrolab__hubble-8b-500b_toks-perturbed-hf,4,acc,0.4272916333386658,0.006257328419284914
yago_full_prefix_full_suffix,allegrolab__hubble-8b-500b_toks-perturbed-hf,4,acc_norm,0.36954087346024633,0.006105478409461256
yago_full_prefix_full_suffix,allegrolab__hubble-8b-500b_toks-perturbed-hf,16,acc,0.6229980781550288,0.008674975385545314
yago_full_prefix_full_suffix,allegrolab__hubble-8b-500b_toks-perturbed-hf,16,acc_norm,0.5755925688661114,0.00884712563600719
yago_full_prefix_full_suffix,allegrolab__hubble-8b-500b_toks-perturbed-hf,64,acc,0.9896249002394254,0.0028637116303049308
yago_full_prefix_full_suffix,allegrolab__hubble-8b-500b_toks-perturbed-hf,64,acc_norm,0.9880287310454908,0.003073637997299108
yago_full_prefix_full_suffix,allegrolab__hubble-8b-500b_toks-perturbed-hf,256,acc,0.9983948635634029,0.001605136436597111
yago_full_prefix_full_suffix,allegrolab__hubble-8b-500b_toks-perturbed-hf,256,acc_norm,0.9983948635634029,0.001605136436597111
yago_full_prefix_full_suffix,allegrolab__hubble-8b-500b_toks-standard-hf,0,acc,0.3046857142857143,0.0034794452458905994
yago_full_prefix_full_suffix,allegrolab__hubble-8b-500b_toks-standard-hf,0,acc_norm,0.2490857142857143,0.0032693617546703624
yago_full_prefix_full_suffix,allegrolab__hubble-8b-500b_toks-standard-hf,1,acc,0.30011198208286677,0.00579716869229329
yago_full_prefix_full_suffix,allegrolab__hubble-8b-500b_toks-standard-hf,1,acc_norm,0.2388417853143497,0.005393275619171774
yago_full_prefix_full_suffix,allegrolab__hubble-8b-500b_toks-standard-hf,4,acc,0.3146696528555431,0.005874046815302922
yago_full_prefix_full_suffix,allegrolab__hubble-8b-500b_toks-standard-hf,4,acc_norm,0.24796032634778437,0.005462248663768936
yago_full_prefix_full_suffix,allegrolab__hubble-8b-500b_toks-standard-hf,16,acc,0.3074951953875721,0.008260069058588625
yago_full_prefix_full_suffix,allegrolab__hubble-8b-500b_toks-standard-hf,16,acc_norm,0.2572069186418962,0.007823991390788093
yago_full_prefix_full_suffix,allegrolab__hubble-8b-500b_toks-standard-hf,64,acc,0.29209896249002393,0.012851360819848823
yago_full_prefix_full_suffix,allegrolab__hubble-8b-500b_toks-standard-hf,64,acc_norm,0.2346368715083799,0.011976494885488185
yago_full_prefix_full_suffix,allegrolab__hubble-8b-500b_toks-standard-hf,256,acc,0.3097913322632424,0.018540850124536545
yago_full_prefix_full_suffix,allegrolab__hubble-8b-500b_toks-standard-hf,256,acc_norm,0.23274478330658105,0.01694395192014757
yago_full_prefix_gen,allegrolab__hubble-1b-100b_toks-double_depth-perturbed-hf,0,exact_match,0.00022857142857142857,0.00011427591738763935
yago_full_prefix_gen,allegrolab__hubble-1b-100b_toks-double_depth-perturbed-hf,0,squad_f1,0.03398808774405507,0.0005297359040776278
yago_full_prefix_gen,allegrolab__hubble-1b-100b_toks-double_depth-perturbed-hf,0,squad_recall,0.2985077283034426,0.0030665050960868396
yago_full_prefix_gen,allegrolab__hubble-1b-100b_toks-double_depth-perturbed-hf,0,prefix_match,0.1294857142857143,0.0025380037773787747
yago_full_prefix_gen,allegrolab__hubble-1b-100b_toks-double_depth-perturbed-hf,1,exact_match,0.0,0.0
yago_full_prefix_gen,allegrolab__hubble-1b-100b_toks-double_depth-perturbed-hf,1,squad_f1,0.03381254717029288,0.0008667698331830154
yago_full_prefix_gen,allegrolab__hubble-1b-100b_toks-double_depth-perturbed-hf,1,squad_recall,0.29693257736770773,0.005105125968683138
yago_full_prefix_gen,allegrolab__hubble-1b-100b_toks-double_depth-perturbed-hf,1,prefix_match,0.126219804831227,0.004200730711666135
yago_full_prefix_gen,allegrolab__hubble-1b-100b_toks-double_depth-perturbed-hf,4,exact_match,0.0006398976163813789,0.000319872011259986
yago_full_prefix_gen,allegrolab__hubble-1b-100b_toks-double_depth-perturbed-hf,4,squad_f1,0.036241496544367084,0.0009445541315000872
yago_full_prefix_gen,allegrolab__hubble-1b-100b_toks-double_depth-perturbed-hf,4,squad_recall,0.30898021973049966,0.005180585569106523
yago_full_prefix_gen,allegrolab__hubble-1b-100b_toks-double_depth-perturbed-hf,4,prefix_match,0.1415773476243801,0.00440968392997096
yago_full_prefix_gen,allegrolab__hubble-1b-100b_toks-double_depth-perturbed-hf,16,exact_match,0.00032030749519538755,0.0003203074951953876
yago_full_prefix_gen,allegrolab__hubble-1b-100b_toks-double_depth-perturbed-hf,16,squad_f1,0.04389138548956279,0.0015015332414610564
yago_full_prefix_gen,allegrolab__hubble-1b-100b_toks-double_depth-perturbed-hf,16,squad_recall,0.34958220208860824,0.0075965337775316276
yago_full_prefix_gen,allegrolab__hubble-1b-100b_toks-double_depth-perturbed-hf,16,prefix_match,0.19410634208840488,0.007079650971758231
yago_full_prefix_gen,allegrolab__hubble-1b-100b_toks-double_depth-perturbed-hf,64,exact_match,0.12290502793296089,0.00927910248056651
yago_full_prefix_gen,allegrolab__hubble-1b-100b_toks-double_depth-perturbed-hf,64,squad_f1,0.25108160714534467,0.008629969983055484
yago_full_prefix_gen,allegrolab__hubble-1b-100b_toks-double_depth-perturbed-hf,64,squad_recall,0.9156329570934518,0.0071904137710925055
yago_full_prefix_gen,allegrolab__hubble-1b-100b_toks-double_depth-perturbed-hf,64,prefix_match,0.8842777334397446,0.009040670600463246
yago_full_prefix_gen,allegrolab__hubble-1b-100b_toks-double_depth-perturbed-hf,256,exact_match,0.14285714285714285,0.014030798667249668
yago_full_prefix_gen,allegrolab__hubble-1b-100b_toks-double_depth-perturbed-hf,256,squad_f1,0.28790227807596724,0.01276003170175765
yago_full_prefix_gen,allegrolab__hubble-1b-100b_toks-double_depth-perturbed-hf,256,squad_recall,0.9973247726056715,0.0015574761865134485
yago_full_prefix_gen,allegrolab__hubble-1b-100b_toks-double_depth-perturbed-hf,256,prefix_match,0.9951845906902087,0.002775704523113194
yago_full_prefix_gen,allegrolab__hubble-1b-100b_toks-double_depth-standard-hf,0,exact_match,0.004971428571428571,0.000531681760609394
yago_full_prefix_gen,allegrolab__hubble-1b-100b_toks-double_depth-standard-hf,0,squad_f1,0.029081460683008743,0.0006576872939541536
yago_full_prefix_gen,allegrolab__hubble-1b-100b_toks-double_depth-standard-hf,0,squad_recall,0.11393480725623582,0.0020123569747490236
yago_full_prefix_gen,allegrolab__hubble-1b-100b_toks-double_depth-standard-hf,0,prefix_match,0.04405714285714286,0.0015513775959791031
yago_full_prefix_gen,allegrolab__hubble-1b-100b_toks-double_depth-standard-hf,1,exact_match,0.004479283314669653,0.0008446745489862068
yago_full_prefix_gen,allegrolab__hubble-1b-100b_toks-double_depth-standard-hf,1,squad_f1,0.028647405239119166,0.0010588722473785102
yago_full_prefix_gen,allegrolab__hubble-1b-100b_toks-double_depth-standard-hf,1,squad_recall,0.11353582560989375,0.003360576873532133
yago_full_prefix_gen,allegrolab__hubble-1b-100b_toks-double_depth-standard-hf,1,prefix_match,0.044952807550791875,0.0026209022154698824
yago_full_prefix_gen,allegrolab__hubble-1b-100b_toks-double_depth-standard-hf,4,exact_match,0.004799232122860342,0.0008741807130236863
yago_full_prefix_gen,allegrolab__hubble-1b-100b_toks-double_depth-standard-hf,4,squad_f1,0.03006601746394425,0.0011236068652005409
yago_full_prefix_gen,allegrolab__hubble-1b-100b_toks-double_depth-standard-hf,4,squad_recall,0.11422235934314001,0.0033512459768505346
yago_full_prefix_gen,allegrolab__hubble-1b-100b_toks-double_depth-standard-hf,4,prefix_match,0.044952807550791875,0.00262090221546988
yago_full_prefix_gen,allegrolab__hubble-1b-100b_toks-double_depth-standard-hf,16,exact_match,0.005445227418321589,0.001317272058689869
yago_full_prefix_gen,allegrolab__hubble-1b-100b_toks-double_depth-standard-hf,16,squad_f1,0.029096321733643068,0.001558676989053627
yago_full_prefix_gen,allegrolab__hubble-1b-100b_toks-double_depth-standard-hf,16,squad_recall,0.11121025390724303,0.004662954501762087
yago_full_prefix_gen,allegrolab__hubble-1b-100b_toks-double_depth-standard-hf,16,prefix_match,0.04099935938500961,0.003549368574115829
yago_full_prefix_gen,allegrolab__hubble-1b-100b_toks-double_depth-standard-hf,64,exact_match,0.0031923383878691143,0.0015942557037034847
yago_full_prefix_gen,allegrolab__hubble-1b-100b_toks-double_depth-standard-hf,64,squad_f1,0.029583097617984302,0.00236174397536632
yago_full_prefix_gen,allegrolab__hubble-1b-100b_toks-double_depth-standard-hf,64,squad_recall,0.12074386551641139,0.007742388663578385
yago_full_prefix_gen,allegrolab__hubble-1b-100b_toks-double_depth-standard-hf,64,prefix_match,0.04549082202713488,0.005889111570907197
yago_full_prefix_gen,allegrolab__hubble-1b-100b_toks-double_depth-standard-hf,256,exact_match,0.008025682182985553,0.0035776347538066426
yago_full_prefix_gen,allegrolab__hubble-1b-100b_toks-double_depth-standard-hf,256,squad_f1,0.032441427439516356,0.0043176689060638205
yago_full_prefix_gen,allegrolab__hubble-1b-100b_toks-double_depth-standard-hf,256,squad_recall,0.10587403500726132,0.010127407603874799
yago_full_prefix_gen,allegrolab__hubble-1b-100b_toks-double_depth-standard-hf,256,prefix_match,0.04173354735152488,0.00801845323275962
yago_full_prefix_gen,allegrolab__hubble-1b-100b_toks-half_depth-perturbed-hf,0,exact_match,0.00017142857142857143,9.896867570015394e-05
yago_full_prefix_gen,allegrolab__hubble-1b-100b_toks-half_depth-perturbed-hf,0,squad_f1,0.032013668679233886,0.0005136501797612147
yago_full_prefix_gen,allegrolab__hubble-1b-100b_toks-half_depth-perturbed-hf,0,squad_recall,0.29112505256648114,0.0030417993207812436
yago_full_prefix_gen,allegrolab__hubble-1b-100b_toks-half_depth-perturbed-hf,0,prefix_match,0.1236,0.0024880196398137074
yago_full_prefix_gen,allegrolab__hubble-1b-100b_toks-half_depth-perturbed-hf,1,exact_match,0.00015997440409534473,0.00015997440409534473
yago_full_prefix_gen,allegrolab__hubble-1b-100b_toks-half_depth-perturbed-hf,1,squad_f1,0.031585688631880215,0.000859757978039073
yago_full_prefix_gen,allegrolab__hubble-1b-100b_toks-half_depth-perturbed-hf,1,squad_recall,0.28529975463666074,0.0050308045392234895
yago_full_prefix_gen,allegrolab__hubble-1b-100b_toks-half_depth-perturbed-hf,1,prefix_match,0.11598144296912494,0.004050278960386302
yago_full_prefix_gen,allegrolab__hubble-1b-100b_toks-half_depth-perturbed-hf,4,exact_match,0.00047992321228603423,0.0002770394588491231
yago_full_prefix_gen,allegrolab__hubble-1b-100b_toks-half_depth-perturbed-hf,4,squad_f1,0.03320643822481407,0.0009014460277245816
yago_full_prefix_gen,allegrolab__hubble-1b-100b_toks-half_depth-perturbed-hf,4,squad_recall,0.2991637586182459,0.005127498764318178
yago_full_prefix_gen,allegrolab__hubble-1b-100b_toks-half_depth-perturbed-hf,4,prefix_match,0.13469844824828028,0.004318421494718388
yago_full_prefix_gen,allegrolab__hubble-1b-100b_toks-half_depth-perturbed-hf,16,exact_match,0.00032030749519538755,0.00032030749519538755
yago_full_prefix_gen,allegrolab__hubble-1b-100b_toks-half_depth-perturbed-hf,16,squad_f1,0.0419458128313952,0.0014506739454359116
yago_full_prefix_gen,allegrolab__hubble-1b-100b_toks-half_depth-perturbed-hf,16,squad_recall,0.3426425876778215,0.007526054680561956
yago_full_prefix_gen,allegrolab__hubble-1b-100b_toks-half_depth-perturbed-hf,16,prefix_match,0.18417680973734785,0.006938548235445983
yago_full_prefix_gen,allegrolab__hubble-1b-100b_toks-half_depth-perturbed-hf,64,exact_match,0.1077414205905826,0.00876263154339267
yago_full_prefix_gen,allegrolab__hubble-1b-100b_toks-half_depth-perturbed-hf,64,squad_f1,0.2275504172364624,0.008321742269271576
yago_full_prefix_gen,allegrolab__hubble-1b-100b_toks-half_depth-perturbed-hf,64,squad_recall,0.858193668528864,0.009109955721175211
yago_full_prefix_gen,allegrolab__hubble-1b-100b_toks-half_depth-perturbed-hf,64,prefix_match,0.8076616121308858,0.01113898302486785
yago_full_prefix_gen,allegrolab__hubble-1b-100b_toks-half_depth-perturbed-hf,256,exact_match,0.14285714285714285,0.014030798667249668
yago_full_prefix_gen,allegrolab__hubble-1b-100b_toks-half_depth-perturbed-hf,256,squad_f1,0.28736723259710156,0.012761766139520741
yago_full_prefix_gen,allegrolab__hubble-1b-100b_toks-half_depth-perturbed-hf,256,squad_recall,0.9973247726056715,0.0015574761865134485
yago_full_prefix_gen,allegrolab__hubble-1b-100b_toks-half_depth-perturbed-hf,256,prefix_match,0.9951845906902087,0.002775704523113194
yago_full_prefix_gen,allegrolab__hubble-1b-100b_toks-half_depth-standard-hf,0,exact_match,0.0061142857142857145,0.0005892973295535923
yago_full_prefix_gen,allegrolab__hubble-1b-100b_toks-half_depth-standard-hf,0,squad_f1,0.028154366958068066,0.0007364847533920567
yago_full_prefix_gen,allegrolab__hubble-1b-100b_toks-half_depth-standard-hf,0,squad_recall,0.0971974149659864,0.0018155841937111145
yago_full_prefix_gen,allegrolab__hubble-1b-100b_toks-half_depth-standard-hf,0,prefix_match,0.028457142857142858,0.0012569558195550633
yago_full_prefix_gen,allegrolab__hubble-1b-100b_toks-half_depth-standard-hf,1,exact_match,0.006239001759718445,0.000995998121826395
yago_full_prefix_gen,allegrolab__hubble-1b-100b_toks-half_depth-standard-hf,1,squad_f1,0.028260598953905963,0.0012434293560814828
yago_full_prefix_gen,allegrolab__hubble-1b-100b_toks-half_depth-standard-hf,1,squad_recall,0.09984842829187734,0.003086971951774202
yago_full_prefix_gen,allegrolab__hubble-1b-100b_toks-half_depth-standard-hf,1,prefix_match,0.030555111182210846,0.0021770253599939036
yago_full_prefix_gen,allegrolab__hubble-1b-100b_toks-half_depth-standard-hf,4,exact_match,0.006239001759718445,0.0009959981218263978
yago_full_prefix_gen,allegrolab__hubble-1b-100b_toks-half_depth-standard-hf,4,squad_f1,0.028542936030030237,0.0012414143295617665
yago_full_prefix_gen,allegrolab__hubble-1b-100b_toks-half_depth-standard-hf,4,squad_recall,0.09782491944146078,0.0030317843483459333
yago_full_prefix_gen,allegrolab__hubble-1b-100b_toks-half_depth-standard-hf,4,prefix_match,0.026395776675731883,0.0020277688092844018
yago_full_prefix_gen,allegrolab__hubble-1b-100b_toks-half_depth-standard-hf,16,exact_match,0.007367072389493914,0.0015307170620645206
yago_full_prefix_gen,allegrolab__hubble-1b-100b_toks-half_depth-standard-hf,16,squad_f1,0.02924647021051778,0.0018151684588553615
yago_full_prefix_gen,allegrolab__hubble-1b-100b_toks-half_depth-standard-hf,16,squad_recall,0.09994509014368079,0.004371431014394542
yago_full_prefix_gen,allegrolab__hubble-1b-100b_toks-half_depth-standard-hf,16,prefix_match,0.02914798206278027,0.0030111603371858146
yago_full_prefix_gen,allegrolab__hubble-1b-100b_toks-half_depth-standard-hf,64,exact_match,0.006384676775738229,0.002251004865813622
yago_full_prefix_gen,allegrolab__hubble-1b-100b_toks-half_depth-standard-hf,64,squad_f1,0.028847161382332055,0.0027777678236174308
yago_full_prefix_gen,allegrolab__hubble-1b-100b_toks-half_depth-standard-hf,64,squad_recall,0.10027932960893854,0.006756131535514066
yago_full_prefix_gen,allegrolab__hubble-1b-100b_toks-half_depth-standard-hf,64,prefix_match,0.023942537909018357,0.004320366803766126
yago_full_prefix_gen,allegrolab__hubble-1b-100b_toks-half_depth-standard-hf,256,exact_match,0.004815409309791332,0.0027757045231131938
yago_full_prefix_gen,allegrolab__hubble-1b-100b_toks-half_depth-standard-hf,256,squad_f1,0.025676589007500986,0.003648712938259437
yago_full_prefix_gen,allegrolab__hubble-1b-100b_toks-half_depth-standard-hf,256,squad_recall,0.08596397360442304,0.008800427588965676
yago_full_prefix_gen,allegrolab__hubble-1b-100b_toks-half_depth-standard-hf,256,prefix_match,0.016051364365971106,0.00503903063011698
yago_full_prefix_gen,allegrolab__hubble-1b-100b_toks-injectrange_0_25-hf,0,exact_match,0.0104,0.0007669020477125887
yago_full_prefix_gen,allegrolab__hubble-1b-100b_toks-injectrange_0_25-hf,0,squad_f1,0.03694510486249559,0.0008224392420896551
yago_full_prefix_gen,allegrolab__hubble-1b-100b_toks-injectrange_0_25-hf,0,squad_recall,0.17094971346114204,0.0023275668732813557
yago_full_prefix_gen,allegrolab__hubble-1b-100b_toks-injectrange_0_25-hf,0,prefix_match,0.02457142857142857,0.0011703245735141805
yago_full_prefix_gen,allegrolab__hubble-1b-100b_toks-injectrange_0_25-hf,1,exact_match,0.00943848984162534,0.0012230718540550188
yago_full_prefix_gen,allegrolab__hubble-1b-100b_toks-injectrange_0_25-hf,1,squad_f1,0.03750319252105645,0.001401335106024828
yago_full_prefix_gen,allegrolab__hubble-1b-100b_toks-injectrange_0_25-hf,1,squad_recall,0.16952964870498066,0.0038507470504588544
yago_full_prefix_gen,allegrolab__hubble-1b-100b_toks-injectrange_0_25-hf,1,prefix_match,0.023996160614301713,0.0019357828345173168
yago_full_prefix_gen,allegrolab__hubble-1b-100b_toks-injectrange_0_25-hf,4,exact_match,0.01183810590305551,0.0013680915262764303
yago_full_prefix_gen,allegrolab__hubble-1b-100b_toks-injectrange_0_25-hf,4,squad_f1,0.037316943905152736,0.0013866765544383655
yago_full_prefix_gen,allegrolab__hubble-1b-100b_toks-injectrange_0_25-hf,4,squad_recall,0.1707580755333115,0.0039059211579205873
yago_full_prefix_gen,allegrolab__hubble-1b-100b_toks-injectrange_0_25-hf,4,prefix_match,0.027035674292113263,0.0020515261288195767
yago_full_prefix_gen,allegrolab__hubble-1b-100b_toks-injectrange_0_25-hf,16,exact_match,0.010249839846252402,0.0018029116531739602
yago_full_prefix_gen,allegrolab__hubble-1b-100b_toks-injectrange_0_25-hf,16,squad_f1,0.036918613452105765,0.0019254785026845609
yago_full_prefix_gen,allegrolab__hubble-1b-100b_toks-injectrange_0_25-hf,16,squad_recall,0.16919404533113694,0.005500902861405902
yago_full_prefix_gen,allegrolab__hubble-1b-100b_toks-injectrange_0_25-hf,16,prefix_match,0.029468289557975657,0.0030271604791695895
yago_full_prefix_gen,allegrolab__hubble-1b-100b_toks-injectrange_0_25-hf,64,exact_match,0.013567438148443736,0.0032694933670863514
yago_full_prefix_gen,allegrolab__hubble-1b-100b_toks-injectrange_0_25-hf,64,squad_f1,0.04192586833296031,0.0033283471444158605
yago_full_prefix_gen,allegrolab__hubble-1b-100b_toks-injectrange_0_25-hf,64,squad_recall,0.18127098139069409,0.008952611965168725
yago_full_prefix_gen,allegrolab__hubble-1b-100b_toks-injectrange_0_25-hf,64,prefix_match,0.029529130087789304,0.004784256042670299
yago_full_prefix_gen,allegrolab__hubble-1b-100b_toks-injectrange_0_25-hf,256,exact_match,0.012841091492776886,0.004514392465000832
yago_full_prefix_gen,allegrolab__hubble-1b-100b_toks-injectrange_0_25-hf,256,squad_f1,0.03134666475375242,0.0039246851422440185
yago_full_prefix_gen,allegrolab__hubble-1b-100b_toks-injectrange_0_25-hf,256,squad_recall,0.1665647532421208,0.012236419060042412
yago_full_prefix_gen,allegrolab__hubble-1b-100b_toks-injectrange_0_25-hf,256,prefix_match,0.02086677367576244,0.005731302808650788
yago_full_prefix_gen,allegrolab__hubble-1b-100b_toks-injectrange_0_50-hf,0,exact_match,0.013828571428571428,0.0008827917198795138
yago_full_prefix_gen,allegrolab__hubble-1b-100b_toks-injectrange_0_50-hf,0,squad_f1,0.06391419070007906,0.0012262646746364165
yago_full_prefix_gen,allegrolab__hubble-1b-100b_toks-injectrange_0_50-hf,0,squad_recall,0.2302876169861884,0.0027480737208978724
yago_full_prefix_gen,allegrolab__hubble-1b-100b_toks-injectrange_0_50-hf,0,prefix_match,0.07154285714285714,0.0019483072892860084
yago_full_prefix_gen,allegrolab__hubble-1b-100b_toks-injectrange_0_50-hf,1,exact_match,0.011518157094864822,0.0013496956191380533
yago_full_prefix_gen,allegrolab__hubble-1b-100b_toks-injectrange_0_50-hf,1,squad_f1,0.06191752193196873,0.0020159806649328606
yago_full_prefix_gen,allegrolab__hubble-1b-100b_toks-injectrange_0_50-hf,1,squad_recall,0.227594442032132,0.004578255150086255
yago_full_prefix_gen,allegrolab__hubble-1b-100b_toks-injectrange_0_50-hf,1,prefix_match,0.07022876339785634,0.0032322545491211383
yago_full_prefix_gen,allegrolab__hubble-1b-100b_toks-injectrange_0_50-hf,4,exact_match,0.014077747560390338,0.001490211506277749
yago_full_prefix_gen,allegrolab__hubble-1b-100b_toks-injectrange_0_50-hf,4,squad_f1,0.061526025567629226,0.0020031729675795405
yago_full_prefix_gen,allegrolab__hubble-1b-100b_toks-injectrange_0_50-hf,4,squad_recall,0.22385630997453107,0.004533634025996345
yago_full_prefix_gen,allegrolab__hubble-1b-100b_toks-injectrange_0_50-hf,4,prefix_match,0.06574948008318669,0.0031350020338616054
yago_full_prefix_gen,allegrolab__hubble-1b-100b_toks-injectrange_0_50-hf,16,exact_match,0.01313260730301089,0.0020377832796420695
yago_full_prefix_gen,allegrolab__hubble-1b-100b_toks-injectrange_0_50-hf,16,squad_f1,0.06188514983586572,0.0028019037790473086
yago_full_prefix_gen,allegrolab__hubble-1b-100b_toks-injectrange_0_50-hf,16,squad_recall,0.2285768941358307,0.006493391679940113
yago_full_prefix_gen,allegrolab__hubble-1b-100b_toks-injectrange_0_50-hf,16,prefix_match,0.07367072389493914,0.004676094499466203
yago_full_prefix_gen,allegrolab__hubble-1b-100b_toks-injectrange_0_50-hf,64,exact_match,0.010375099760574621,0.0028637116303049325
yago_full_prefix_gen,allegrolab__hubble-1b-100b_toks-injectrange_0_50-hf,64,squad_f1,0.06639543277109525,0.00452884861939377
yago_full_prefix_gen,allegrolab__hubble-1b-100b_toks-injectrange_0_50-hf,64,squad_recall,0.2438905357301207,0.010515174676482728
yago_full_prefix_gen,allegrolab__hubble-1b-100b_toks-injectrange_0_50-hf,64,prefix_match,0.08060654429369513,0.007693672419339489
yago_full_prefix_gen,allegrolab__hubble-1b-100b_toks-injectrange_0_50-hf,256,exact_match,0.016051364365971106,0.005039030630116982
yago_full_prefix_gen,allegrolab__hubble-1b-100b_toks-injectrange_0_50-hf,256,squad_f1,0.057858532698859544,0.006036151605923599
yago_full_prefix_gen,allegrolab__hubble-1b-100b_toks-injectrange_0_50-hf,256,squad_recall,0.23230082295090318,0.014851721417052991
yago_full_prefix_gen,allegrolab__hubble-1b-100b_toks-injectrange_0_50-hf,256,prefix_match,0.07223113964686999,0.010379751041889915
yago_full_prefix_gen,allegrolab__hubble-1b-100b_toks-injectrange_25_50-hf,0,exact_match,0.027714285714285716,0.0012409154213774295
yago_full_prefix_gen,allegrolab__hubble-1b-100b_toks-injectrange_25_50-hf,0,squad_f1,0.05311212278024907,0.0011885029601156395
yago_full_prefix_gen,allegrolab__hubble-1b-100b_toks-injectrange_25_50-hf,0,squad_recall,0.2230317439703154,0.0027081355086450427
yago_full_prefix_gen,allegrolab__hubble-1b-100b_toks-injectrange_25_50-hf,0,prefix_match,0.08422857142857143,0.002099503711417907
yago_full_prefix_gen,allegrolab__hubble-1b-100b_toks-injectrange_25_50-hf,1,exact_match,0.02671572548392257,0.0020396860737197887
yago_full_prefix_gen,allegrolab__hubble-1b-100b_toks-injectrange_25_50-hf,1,squad_f1,0.05259147542409036,0.0020035976839061958
yago_full_prefix_gen,allegrolab__hubble-1b-100b_toks-injectrange_25_50-hf,1,squad_recall,0.2247846405181232,0.00454320857244242
yago_full_prefix_gen,allegrolab__hubble-1b-100b_toks-injectrange_25_50-hf,1,prefix_match,0.08318669012957927,0.0034932315059810095
yago_full_prefix_gen,allegrolab__hubble-1b-100b_toks-injectrange_25_50-hf,4,exact_match,0.028475443928971365,0.002103885663129798
yago_full_prefix_gen,allegrolab__hubble-1b-100b_toks-injectrange_25_50-hf,4,squad_f1,0.05460948104959679,0.0020346922642587597
yago_full_prefix_gen,allegrolab__hubble-1b-100b_toks-injectrange_25_50-hf,4,squad_recall,0.22473725993162882,0.00455543218357485
yago_full_prefix_gen,allegrolab__hubble-1b-100b_toks-injectrange_25_50-hf,4,prefix_match,0.0851063829787234,0.003529607038864291
yago_full_prefix_gen,allegrolab__hubble-1b-100b_toks-injectrange_25_50-hf,16,exact_match,0.028827674567584883,0.002995063745510283
yago_full_prefix_gen,allegrolab__hubble-1b-100b_toks-injectrange_25_50-hf,16,squad_f1,0.050585890799262775,0.0027111463930002814
yago_full_prefix_gen,allegrolab__hubble-1b-100b_toks-injectrange_25_50-hf,16,squad_recall,0.22657789573228393,0.006475947415358885
yago_full_prefix_gen,allegrolab__hubble-1b-100b_toks-injectrange_25_50-hf,16,prefix_match,0.0848814862267777,0.004988825048820438
yago_full_prefix_gen,allegrolab__hubble-1b-100b_toks-injectrange_25_50-hf,64,exact_match,0.02713487629688747,0.004591854051511597
yago_full_prefix_gen,allegrolab__hubble-1b-100b_toks-injectrange_25_50-hf,64,squad_f1,0.054288920856044136,0.004336392145443133
yago_full_prefix_gen,allegrolab__hubble-1b-100b_toks-injectrange_25_50-hf,64,squad_recall,0.23525602047150332,0.01033419835561883
yago_full_prefix_gen,allegrolab__hubble-1b-100b_toks-injectrange_25_50-hf,64,prefix_match,0.09497206703910614,0.00828565359692857
yago_full_prefix_gen,allegrolab__hubble-1b-100b_toks-injectrange_25_50-hf,256,exact_match,0.030497592295345103,0.006894646923884894
yago_full_prefix_gen,allegrolab__hubble-1b-100b_toks-injectrange_25_50-hf,256,squad_f1,0.04757223103420834,0.006115222225049999
yago_full_prefix_gen,allegrolab__hubble-1b-100b_toks-injectrange_25_50-hf,256,squad_recall,0.21182514204183545,0.014184999378047214
yago_full_prefix_gen,allegrolab__hubble-1b-100b_toks-injectrange_25_50-hf,256,prefix_match,0.08667736757624397,0.0112815760174621
yago_full_prefix_gen,allegrolab__hubble-1b-100b_toks-injectrange_50_100-hf,0,exact_match,5.714285714285714e-05,5.7142857142857155e-05
yago_full_prefix_gen,allegrolab__hubble-1b-100b_toks-injectrange_50_100-hf,0,squad_f1,0.03171363571341962,0.000525539393611154
yago_full_prefix_gen,allegrolab__hubble-1b-100b_toks-injectrange_50_100-hf,0,squad_recall,0.2862024448567306,0.00302659238403224
yago_full_prefix_gen,allegrolab__hubble-1b-100b_toks-injectrange_50_100-hf,0,prefix_match,0.1204,0.002460080045083649
yago_full_prefix_gen,allegrolab__hubble-1b-100b_toks-injectrange_50_100-hf,1,exact_match,0.0,0.0
yago_full_prefix_gen,allegrolab__hubble-1b-100b_toks-injectrange_50_100-hf,1,squad_f1,0.03204910087695727,0.0008928694199881123
yago_full_prefix_gen,allegrolab__hubble-1b-100b_toks-injectrange_50_100-hf,1,squad_recall,0.285955713175358,0.005063083106464762
yago_full_prefix_gen,allegrolab__hubble-1b-100b_toks-injectrange_50_100-hf,1,prefix_match,0.12286034234522476,0.004152409972515503
yago_full_prefix_gen,allegrolab__hubble-1b-100b_toks-injectrange_50_100-hf,4,exact_match,0.00015997440409534473,0.00015997440409534476
yago_full_prefix_gen,allegrolab__hubble-1b-100b_toks-injectrange_50_100-hf,4,squad_f1,0.03812574181333874,0.0009970995876289082
yago_full_prefix_gen,allegrolab__hubble-1b-100b_toks-injectrange_50_100-hf,4,squad_recall,0.3150481319814226,0.005207772480248772
yago_full_prefix_gen,allegrolab__hubble-1b-100b_toks-injectrange_50_100-hf,4,prefix_match,0.15277555591105424,0.004550783412593887
yago_full_prefix_gen,allegrolab__hubble-1b-100b_toks-injectrange_50_100-hf,16,exact_match,0.0019218449711723255,0.0007839611957141044
yago_full_prefix_gen,allegrolab__hubble-1b-100b_toks-injectrange_50_100-hf,16,squad_f1,0.0642906060543649,0.0020002693547041313
yago_full_prefix_gen,allegrolab__hubble-1b-100b_toks-injectrange_50_100-hf,16,squad_recall,0.44658847096387133,0.008033478743495128
yago_full_prefix_gen,allegrolab__hubble-1b-100b_toks-injectrange_50_100-hf,16,prefix_match,0.3142216527866752,0.00830927350492504
yago_full_prefix_gen,allegrolab__hubble-1b-100b_toks-injectrange_50_100-hf,64,exact_match,0.13567438148443736,0.00967799634085097
yago_full_prefix_gen,allegrolab__hubble-1b-100b_toks-injectrange_50_100-hf,64,squad_f1,0.27421590642057564,0.008819757032523183
yago_full_prefix_gen,allegrolab__hubble-1b-100b_toks-injectrange_50_100-hf,64,squad_recall,0.9792897047086991,0.003719561617081453
yago_full_prefix_gen,allegrolab__hubble-1b-100b_toks-injectrange_50_100-hf,64,prefix_match,0.9712689545091779,0.004721101136298436
yago_full_prefix_gen,allegrolab__hubble-1b-100b_toks-injectrange_50_100-hf,256,exact_match,0.14285714285714285,0.014030798667249668
yago_full_prefix_gen,allegrolab__hubble-1b-100b_toks-injectrange_50_100-hf,256,squad_f1,0.2874032020410589,0.012760946189402392
yago_full_prefix_gen,allegrolab__hubble-1b-100b_toks-injectrange_50_100-hf,256,squad_recall,0.9973247726056715,0.0015574761865134485
yago_full_prefix_gen,allegrolab__hubble-1b-100b_toks-injectrange_50_100-hf,256,prefix_match,0.9951845906902087,0.002775704523113194
yago_full_prefix_gen,allegrolab__hubble-1b-100b_toks-injectrange_50_75-hf,0,exact_match,0.0072,0.0006391319331552293
yago_full_prefix_gen,allegrolab__hubble-1b-100b_toks-injectrange_50_75-hf,0,squad_f1,0.04033438602613797,0.0008162952828297555
yago_full_prefix_gen,allegrolab__hubble-1b-100b_toks-injectrange_50_75-hf,0,squad_recall,0.28007861059575345,0.0029927563304604134
yago_full_prefix_gen,allegrolab__hubble-1b-100b_toks-injectrange_50_75-hf,0,prefix_match,0.1108,0.0023728101510717844
yago_full_prefix_gen,allegrolab__hubble-1b-100b_toks-injectrange_50_75-hf,1,exact_match,0.007038873780195169,0.0010574934920727693
yago_full_prefix_gen,allegrolab__hubble-1b-100b_toks-injectrange_50_75-hf,1,squad_f1,0.04013671608622045,0.001348534187117695
yago_full_prefix_gen,allegrolab__hubble-1b-100b_toks-injectrange_50_75-hf,1,squad_recall,0.27880811797385147,0.0049912209301018464
yago_full_prefix_gen,allegrolab__hubble-1b-100b_toks-injectrange_50_75-hf,1,prefix_match,0.11054231322988321,0.003966312347068386
yago_full_prefix_gen,allegrolab__hubble-1b-100b_toks-injectrange_50_75-hf,4,exact_match,0.006718924972004479,0.0010333464874261729
yago_full_prefix_gen,allegrolab__hubble-1b-100b_toks-injectrange_50_75-hf,4,squad_f1,0.0409497043574845,0.0013468776253569633
yago_full_prefix_gen,allegrolab__hubble-1b-100b_toks-injectrange_50_75-hf,4,squad_recall,0.2844841391034,0.005037832577044376
yago_full_prefix_gen,allegrolab__hubble-1b-100b_toks-injectrange_50_75-hf,4,prefix_match,0.11838105903055511,0.004086406419207171
yago_full_prefix_gen,allegrolab__hubble-1b-100b_toks-injectrange_50_75-hf,16,exact_match,0.005445227418321589,0.001317272058689869
yago_full_prefix_gen,allegrolab__hubble-1b-100b_toks-injectrange_50_75-hf,16,squad_f1,0.043680360753342355,0.0018856424369803914
yago_full_prefix_gen,allegrolab__hubble-1b-100b_toks-injectrange_50_75-hf,16,squad_recall,0.29975544776954127,0.00726197050211081
yago_full_prefix_gen,allegrolab__hubble-1b-100b_toks-injectrange_50_75-hf,16,prefix_match,0.13773222293401666,0.006168676174678989
yago_full_prefix_gen,allegrolab__hubble-1b-100b_toks-injectrange_50_75-hf,64,exact_match,0.006384676775738229,0.002251004865813621
yago_full_prefix_gen,allegrolab__hubble-1b-100b_toks-injectrange_50_75-hf,64,squad_f1,0.04953457363425173,0.0031763240706692434
yago_full_prefix_gen,allegrolab__hubble-1b-100b_toks-injectrange_50_75-hf,64,squad_recall,0.32515676661726145,0.011786287217650238
yago_full_prefix_gen,allegrolab__hubble-1b-100b_toks-injectrange_50_75-hf,64,prefix_match,0.17318435754189945,0.010694402100991103
yago_full_prefix_gen,allegrolab__hubble-1b-100b_toks-injectrange_50_75-hf,256,exact_match,0.006420545746388443,0.0032025217000168377
yago_full_prefix_gen,allegrolab__hubble-1b-100b_toks-injectrange_50_75-hf,256,squad_f1,0.05799690595170073,0.004960451104243736
yago_full_prefix_gen,allegrolab__hubble-1b-100b_toks-injectrange_50_75-hf,256,squad_recall,0.34459858849907005,0.017058449326347442
yago_full_prefix_gen,allegrolab__hubble-1b-100b_toks-injectrange_50_75-hf,256,prefix_match,0.2086677367576244,0.016293406651526805
yago_full_prefix_gen,allegrolab__hubble-1b-100b_toks-injectrange_75_100-hf,0,exact_match,0.0,0.0
yago_full_prefix_gen,allegrolab__hubble-1b-100b_toks-injectrange_75_100-hf,0,squad_f1,0.030172752304778155,0.0005087409049873812
yago_full_prefix_gen,allegrolab__hubble-1b-100b_toks-injectrange_75_100-hf,0,squad_recall,0.2799338734281591,0.003010166542556074
yago_full_prefix_gen,allegrolab__hubble-1b-100b_toks-injectrange_75_100-hf,0,prefix_match,0.1172,0.0024315788236755074
yago_full_prefix_gen,allegrolab__hubble-1b-100b_toks-injectrange_75_100-hf,1,exact_match,0.0,0.0
yago_full_prefix_gen,allegrolab__hubble-1b-100b_toks-injectrange_75_100-hf,1,squad_f1,0.03068345537103197,0.000860907314442916
yago_full_prefix_gen,allegrolab__hubble-1b-100b_toks-injectrange_75_100-hf,1,squad_recall,0.2809422296184414,0.005016366611151324
yago_full_prefix_gen,allegrolab__hubble-1b-100b_toks-injectrange_75_100-hf,1,prefix_match,0.11758118701007839,0.0040744246508459
yago_full_prefix_gen,allegrolab__hubble-1b-100b_toks-injectrange_75_100-hf,4,exact_match,0.0,0.0
yago_full_prefix_gen,allegrolab__hubble-1b-100b_toks-injectrange_75_100-hf,4,squad_f1,0.03827468030347122,0.0009735413594662341
yago_full_prefix_gen,allegrolab__hubble-1b-100b_toks-injectrange_75_100-hf,4,squad_recall,0.32050852815930403,0.005240787978164747
yago_full_prefix_gen,allegrolab__hubble-1b-100b_toks-injectrange_75_100-hf,4,prefix_match,0.16077427611582146,0.004646304479997063
yago_full_prefix_gen,allegrolab__hubble-1b-100b_toks-injectrange_75_100-hf,16,exact_match,0.0019218449711723255,0.0007839611957141039
yago_full_prefix_gen,allegrolab__hubble-1b-100b_toks-injectrange_75_100-hf,16,squad_f1,0.08525260149361788,0.0022474298774623584
yago_full_prefix_gen,allegrolab__hubble-1b-100b_toks-injectrange_75_100-hf,16,squad_recall,0.5430874591989262,0.00820002303937108
yago_full_prefix_gen,allegrolab__hubble-1b-100b_toks-injectrange_75_100-hf,16,prefix_match,0.42921204356181936,0.008859851974046781
yago_full_prefix_gen,allegrolab__hubble-1b-100b_toks-injectrange_75_100-hf,64,exact_match,0.13487629688747008,0.009653943615775679
yago_full_prefix_gen,allegrolab__hubble-1b-100b_toks-injectrange_75_100-hf,64,squad_f1,0.27550831782046686,0.008786739473863532
yago_full_prefix_gen,allegrolab__hubble-1b-100b_toks-injectrange_75_100-hf,64,squad_recall,0.9874966746475126,0.003117717082141899
yago_full_prefix_gen,allegrolab__hubble-1b-100b_toks-injectrange_75_100-hf,64,prefix_match,0.9872306464485235,0.0031731573306678007
yago_full_prefix_gen,allegrolab__hubble-1b-100b_toks-injectrange_75_100-hf,256,exact_match,0.14285714285714285,0.014030798667249668
yago_full_prefix_gen,allegrolab__hubble-1b-100b_toks-injectrange_75_100-hf,256,squad_f1,0.2874032020410589,0.012760946189402392
yago_full_prefix_gen,allegrolab__hubble-1b-100b_toks-injectrange_75_100-hf,256,squad_recall,0.9973247726056715,0.0015574761865134485
yago_full_prefix_gen,allegrolab__hubble-1b-100b_toks-injectrange_75_100-hf,256,prefix_match,0.9951845906902087,0.002775704523113194
yago_full_prefix_gen,allegrolab__hubble-1b-100b_toks-interference_copyright-hf,0,exact_match,0.005828571428571429,0.0005754466748311531
yago_full_prefix_gen,allegrolab__hubble-1b-100b_toks-interference_copyright-hf,0,squad_f1,0.03485491677895996,0.0007441606177052034
yago_full_prefix_gen,allegrolab__hubble-1b-100b_toks-interference_copyright-hf,0,squad_recall,0.15010614512471654,0.0022648255341569724
yago_full_prefix_gen,allegrolab__hubble-1b-100b_toks-interference_copyright-hf,0,prefix_match,0.04377142857142857,0.0015465700758451478
yago_full_prefix_gen,allegrolab__hubble-1b-100b_toks-interference_copyright-hf,1,exact_match,0.005759078547432411,0.0009571550814129886
yago_full_prefix_gen,allegrolab__hubble-1b-100b_toks-interference_copyright-hf,1,squad_f1,0.03440731150081188,0.0012915934593209406
yago_full_prefix_gen,allegrolab__hubble-1b-100b_toks-interference_copyright-hf,1,squad_recall,0.14645436816689417,0.0037107065214921687
yago_full_prefix_gen,allegrolab__hubble-1b-100b_toks-interference_copyright-hf,1,prefix_match,0.0411134218525036,0.002511512959029489
yago_full_prefix_gen,allegrolab__hubble-1b-100b_toks-interference_copyright-hf,4,exact_match,0.004799232122860342,0.0008741807130236863
yago_full_prefix_gen,allegrolab__hubble-1b-100b_toks-interference_copyright-hf,4,squad_f1,0.034041685445871564,0.0012243132410183278
yago_full_prefix_gen,allegrolab__hubble-1b-100b_toks-interference_copyright-hf,4,squad_recall,0.1446505067125768,0.0036979366060154034
yago_full_prefix_gen,allegrolab__hubble-1b-100b_toks-interference_copyright-hf,4,prefix_match,0.0411134218525036,0.002511512959029489
yago_full_prefix_gen,allegrolab__hubble-1b-100b_toks-interference_copyright-hf,16,exact_match,0.003843689942344651,0.0011076206258498463
yago_full_prefix_gen,allegrolab__hubble-1b-100b_toks-interference_copyright-hf,16,squad_f1,0.032964910480554124,0.0016694360263795052
yago_full_prefix_gen,allegrolab__hubble-1b-100b_toks-interference_copyright-hf,16,squad_recall,0.1491150869914483,0.005325318222564803
yago_full_prefix_gen,allegrolab__hubble-1b-100b_toks-interference_copyright-hf,16,prefix_match,0.04035874439461883,0.0035227059587582374
yago_full_prefix_gen,allegrolab__hubble-1b-100b_toks-interference_copyright-hf,64,exact_match,0.007182761372705506,0.0023865921591256904
yago_full_prefix_gen,allegrolab__hubble-1b-100b_toks-interference_copyright-hf,64,squad_f1,0.03576870951839059,0.0029567917357109473
yago_full_prefix_gen,allegrolab__hubble-1b-100b_toks-interference_copyright-hf,64,squad_recall,0.1485704151306705,0.00836423308469711
yago_full_prefix_gen,allegrolab__hubble-1b-100b_toks-interference_copyright-hf,64,prefix_match,0.0446927374301676,0.005839663915115848
yago_full_prefix_gen,allegrolab__hubble-1b-100b_toks-interference_copyright-hf,256,exact_match,0.004815409309791332,0.0027757045231131933
yago_full_prefix_gen,allegrolab__hubble-1b-100b_toks-interference_copyright-hf,256,squad_f1,0.026966376949928924,0.0032248724577156286
yago_full_prefix_gen,allegrolab__hubble-1b-100b_toks-interference_copyright-hf,256,squad_recall,0.14815409309791333,0.011808294222980265
yago_full_prefix_gen,allegrolab__hubble-1b-100b_toks-interference_copyright-hf,256,prefix_match,0.03531300160513644,0.00740057283812753
yago_full_prefix_gen,allegrolab__hubble-1b-100b_toks-interference_privacy-hf,0,exact_match,0.0,0.0
yago_full_prefix_gen,allegrolab__hubble-1b-100b_toks-interference_privacy-hf,0,squad_f1,0.031537946041275695,0.0005164883926516571
yago_full_prefix_gen,allegrolab__hubble-1b-100b_toks-interference_privacy-hf,0,squad_recall,0.2867659781488353,0.0030289470702019065
yago_full_prefix_gen,allegrolab__hubble-1b-100b_toks-interference_privacy-hf,0,prefix_match,0.11965714285714285,0.0024535144560241867
yago_full_prefix_gen,allegrolab__hubble-1b-100b_toks-interference_privacy-hf,1,exact_match,0.0,0.0
yago_full_prefix_gen,allegrolab__hubble-1b-100b_toks-interference_privacy-hf,1,squad_f1,0.03147876470035189,0.0008808704997307958
yago_full_prefix_gen,allegrolab__hubble-1b-100b_toks-interference_privacy-hf,1,squad_recall,0.28654832254256346,0.005074164564334336
yago_full_prefix_gen,allegrolab__hubble-1b-100b_toks-interference_privacy-hf,1,prefix_match,0.12046072628379459,0.004117279484455248
yago_full_prefix_gen,allegrolab__hubble-1b-100b_toks-interference_privacy-hf,4,exact_match,0.0,0.0
yago_full_prefix_gen,allegrolab__hubble-1b-100b_toks-interference_privacy-hf,4,squad_f1,0.034403262466003656,0.0009078743506852796
yago_full_prefix_gen,allegrolab__hubble-1b-100b_toks-interference_privacy-hf,4,squad_recall,0.30192394613687207,0.005159907374390785
yago_full_prefix_gen,allegrolab__hubble-1b-100b_toks-interference_privacy-hf,4,prefix_match,0.13853783394656854,0.004369807364394209
yago_full_prefix_gen,allegrolab__hubble-1b-100b_toks-interference_privacy-hf,16,exact_match,0.0,0.0
yago_full_prefix_gen,allegrolab__hubble-1b-100b_toks-interference_privacy-hf,16,squad_f1,0.04602379577619453,0.0015402302465929456
yago_full_prefix_gen,allegrolab__hubble-1b-100b_toks-interference_privacy-hf,16,squad_recall,0.36116665649817475,0.007693460438590332
yago_full_prefix_gen,allegrolab__hubble-1b-100b_toks-interference_privacy-hf,16,prefix_match,0.20787956438180655,0.007263645217362677
yago_full_prefix_gen,allegrolab__hubble-1b-100b_toks-interference_privacy-hf,64,exact_match,0.1077414205905826,0.008762631543392662
yago_full_prefix_gen,allegrolab__hubble-1b-100b_toks-interference_privacy-hf,64,squad_f1,0.23052433620415944,0.008305643073827758
yago_full_prefix_gen,allegrolab__hubble-1b-100b_toks-interference_privacy-hf,64,squad_recall,0.8715463839166951,0.008660629373425467
yago_full_prefix_gen,allegrolab__hubble-1b-100b_toks-interference_privacy-hf,64,prefix_match,0.819632881085395,0.010866412967212375
yago_full_prefix_gen,allegrolab__hubble-1b-100b_toks-interference_privacy-hf,256,exact_match,0.14285714285714285,0.014030798667249668
yago_full_prefix_gen,allegrolab__hubble-1b-100b_toks-interference_privacy-hf,256,squad_f1,0.286689808069238,0.012766771174037708
yago_full_prefix_gen,allegrolab__hubble-1b-100b_toks-interference_privacy-hf,256,squad_recall,0.9957196361690744,0.0022334698655185102
yago_full_prefix_gen,allegrolab__hubble-1b-100b_toks-interference_privacy-hf,256,prefix_match,0.9935794542536116,0.0032025217000168386
yago_full_prefix_gen,allegrolab__hubble-1b-100b_toks-interference_testset-hf,0,exact_match,0.006342857142857143,0.0006001421487195998
yago_full_prefix_gen,allegrolab__hubble-1b-100b_toks-interference_testset-hf,0,squad_f1,0.03455862557363502,0.0007518538310999107
yago_full_prefix_gen,allegrolab__hubble-1b-100b_toks-interference_testset-hf,0,squad_recall,0.13653521541950114,0.0021761182016991837
yago_full_prefix_gen,allegrolab__hubble-1b-100b_toks-interference_testset-hf,0,prefix_match,0.04411428571428572,0.0015523369527488725
yago_full_prefix_gen,allegrolab__hubble-1b-100b_toks-interference_testset-hf,1,exact_match,0.0051191809310510315,0.0009027048171043464
yago_full_prefix_gen,allegrolab__hubble-1b-100b_toks-interference_testset-hf,1,squad_f1,0.033214590336813225,0.001192627404643521
yago_full_prefix_gen,allegrolab__hubble-1b-100b_toks-interference_testset-hf,1,squad_recall,0.13712195081975917,0.0036344748986882353
yago_full_prefix_gen,allegrolab__hubble-1b-100b_toks-interference_testset-hf,1,prefix_match,0.0439929611262198,0.002594072643472168
yago_full_prefix_gen,allegrolab__hubble-1b-100b_toks-interference_testset-hf,4,exact_match,0.005439129739241722,0.0009303371953799472
yago_full_prefix_gen,allegrolab__hubble-1b-100b_toks-interference_testset-hf,4,squad_f1,0.03482730432213057,0.0012681218126018065
yago_full_prefix_gen,allegrolab__hubble-1b-100b_toks-interference_testset-hf,4,squad_recall,0.13526630544307716,0.0036165865402320264
yago_full_prefix_gen,allegrolab__hubble-1b-100b_toks-interference_testset-hf,4,prefix_match,0.041753319468884977,0.002530137696876252
yago_full_prefix_gen,allegrolab__hubble-1b-100b_toks-interference_testset-hf,16,exact_match,0.0064061499039077515,0.0014280917540885148
yago_full_prefix_gen,allegrolab__hubble-1b-100b_toks-interference_testset-hf,16,squad_f1,0.03229151208787266,0.0016244465600958875
yago_full_prefix_gen,allegrolab__hubble-1b-100b_toks-interference_testset-hf,16,squad_recall,0.1348186957892275,0.00512216618642724
yago_full_prefix_gen,allegrolab__hubble-1b-100b_toks-interference_testset-hf,16,prefix_match,0.041319666880205,0.0035626112133093695
yago_full_prefix_gen,allegrolab__hubble-1b-100b_toks-interference_testset-hf,64,exact_match,0.0023942537909018356,0.0013812185374921558
yago_full_prefix_gen,allegrolab__hubble-1b-100b_toks-interference_testset-hf,64,squad_f1,0.03676867403075614,0.0027027736966502005
yago_full_prefix_gen,allegrolab__hubble-1b-100b_toks-interference_testset-hf,64,squad_recall,0.14630790863831566,0.008332659656495961
yago_full_prefix_gen,allegrolab__hubble-1b-100b_toks-interference_testset-hf,64,prefix_match,0.047086991221069435,0.005986526837602033
yago_full_prefix_gen,allegrolab__hubble-1b-100b_toks-interference_testset-hf,256,exact_match,0.009630818619582664,0.00391593043571131
yago_full_prefix_gen,allegrolab__hubble-1b-100b_toks-interference_testset-hf,256,squad_f1,0.027224395547407167,0.003496634212356627
yago_full_prefix_gen,allegrolab__hubble-1b-100b_toks-interference_testset-hf,256,squad_recall,0.13522382735865882,0.011632989909511756
yago_full_prefix_gen,allegrolab__hubble-1b-100b_toks-interference_testset-hf,256,prefix_match,0.03691813804173355,0.007560600735466296
yago_full_prefix_gen,allegrolab__hubble-1b-100b_toks-paraphrased-perturbed-hf,0,exact_match,0.0010285714285714286,0.00024231882042330608
yago_full_prefix_gen,allegrolab__hubble-1b-100b_toks-paraphrased-perturbed-hf,0,squad_f1,0.03358912970447714,0.0007304107615299416
yago_full_prefix_gen,allegrolab__hubble-1b-100b_toks-paraphrased-perturbed-hf,0,squad_recall,0.22186108843537414,0.0027057711555453505
yago_full_prefix_gen,allegrolab__hubble-1b-100b_toks-paraphrased-perturbed-hf,0,prefix_match,0.04417142857142857,0.0015532955968630816
yago_full_prefix_gen,allegrolab__hubble-1b-100b_toks-paraphrased-perturbed-hf,1,exact_match,0.0012797952327627579,0.000452222486291862
yago_full_prefix_gen,allegrolab__hubble-1b-100b_toks-paraphrased-perturbed-hf,1,squad_f1,0.03353037609634018,0.0012095825026088487
yago_full_prefix_gen,allegrolab__hubble-1b-100b_toks-paraphrased-perturbed-hf,1,squad_recall,0.22214157134569867,0.004529304985556724
yago_full_prefix_gen,allegrolab__hubble-1b-100b_toks-paraphrased-perturbed-hf,1,prefix_match,0.04559270516717325,0.002638606007806777
yago_full_prefix_gen,allegrolab__hubble-1b-100b_toks-paraphrased-perturbed-hf,4,exact_match,0.0012797952327627579,0.00045222248629186177
yago_full_prefix_gen,allegrolab__hubble-1b-100b_toks-paraphrased-perturbed-hf,4,squad_f1,0.03349998588445527,0.001226309679698667
yago_full_prefix_gen,allegrolab__hubble-1b-100b_toks-paraphrased-perturbed-hf,4,squad_recall,0.21791345707919058,0.00448497919096902
yago_full_prefix_gen,allegrolab__hubble-1b-100b_toks-paraphrased-perturbed-hf,4,prefix_match,0.04559270516717325,0.0026386060078067756
yago_full_prefix_gen,allegrolab__hubble-1b-100b_toks-paraphrased-perturbed-hf,16,exact_match,0.0009609224855861628,0.0005546110672697716
yago_full_prefix_gen,allegrolab__hubble-1b-100b_toks-paraphrased-perturbed-hf,16,squad_f1,0.03377645461808225,0.0016818244721007196
yago_full_prefix_gen,allegrolab__hubble-1b-100b_toks-paraphrased-perturbed-hf,16,squad_recall,0.2271822854702419,0.006485525135580336
yago_full_prefix_gen,allegrolab__hubble-1b-100b_toks-paraphrased-perturbed-hf,16,prefix_match,0.05092889173606662,0.003935361248789712
yago_full_prefix_gen,allegrolab__hubble-1b-100b_toks-paraphrased-perturbed-hf,64,exact_match,0.0007980845969672786,0.0007980845969672782
yago_full_prefix_gen,allegrolab__hubble-1b-100b_toks-paraphrased-perturbed-hf,64,squad_f1,0.04270969815520025,0.003110559142789782
yago_full_prefix_gen,allegrolab__hubble-1b-100b_toks-paraphrased-perturbed-hf,64,squad_recall,0.25211967468551666,0.010717767248270242
yago_full_prefix_gen,allegrolab__hubble-1b-100b_toks-paraphrased-perturbed-hf,64,prefix_match,0.08140462889066241,0.007728309608034123
yago_full_prefix_gen,allegrolab__hubble-1b-100b_toks-paraphrased-perturbed-hf,256,exact_match,0.012841091492776886,0.004514392465000832
yago_full_prefix_gen,allegrolab__hubble-1b-100b_toks-paraphrased-perturbed-hf,256,squad_f1,0.08582773470030682,0.007343195701404857
yago_full_prefix_gen,allegrolab__hubble-1b-100b_toks-paraphrased-perturbed-hf,256,squad_recall,0.3710616831002064,0.01801283679662939
yago_full_prefix_gen,allegrolab__hubble-1b-100b_toks-paraphrased-perturbed-hf,256,prefix_match,0.21508828250401285,0.01647493044515844
yago_full_prefix_gen,allegrolab__hubble-1b-100b_toks-perturbed-hf,0,exact_match,0.0004,0.00015115986793659897
yago_full_prefix_gen,allegrolab__hubble-1b-100b_toks-perturbed-hf,0,squad_f1,0.03229830751883778,0.0005388299704056883
yago_full_prefix_gen,allegrolab__hubble-1b-100b_toks-perturbed-hf,0,squad_recall,0.2874264254792826,0.003031775228103091
yago_full_prefix_gen,allegrolab__hubble-1b-100b_toks-perturbed-hf,0,prefix_match,0.12085714285714286,0.0024641053513277237
yago_full_prefix_gen,allegrolab__hubble-1b-100b_toks-perturbed-hf,1,exact_match,0.00015997440409534473,0.00015997440409534473
yago_full_prefix_gen,allegrolab__hubble-1b-100b_toks-perturbed-hf,1,squad_f1,0.03175743055010452,0.0008639867037330227
yago_full_prefix_gen,allegrolab__hubble-1b-100b_toks-perturbed-hf,1,squad_recall,0.2847003584765543,0.005038874005840137
yago_full_prefix_gen,allegrolab__hubble-1b-100b_toks-perturbed-hf,1,prefix_match,0.11502159654455286,0.00403567350260935
yago_full_prefix_gen,allegrolab__hubble-1b-100b_toks-perturbed-hf,4,exact_match,0.00031994880819068947,0.00022621987214241885
yago_full_prefix_gen,allegrolab__hubble-1b-100b_toks-perturbed-hf,4,squad_f1,0.03517313491404055,0.0009280695045589065
yago_full_prefix_gen,allegrolab__hubble-1b-100b_toks-perturbed-hf,4,squad_recall,0.30150865327637044,0.005134161752602403
yago_full_prefix_gen,allegrolab__hubble-1b-100b_toks-perturbed-hf,4,prefix_match,0.13485842265237563,0.004320585673115882
yago_full_prefix_gen,allegrolab__hubble-1b-100b_toks-perturbed-hf,16,exact_match,0.0,0.0
yago_full_prefix_gen,allegrolab__hubble-1b-100b_toks-perturbed-hf,16,squad_f1,0.04637959253683066,0.0015781407766283413
yago_full_prefix_gen,allegrolab__hubble-1b-100b_toks-perturbed-hf,16,squad_recall,0.3550128122998078,0.007628334716873544
yago_full_prefix_gen,allegrolab__hubble-1b-100b_toks-perturbed-hf,16,prefix_match,0.1985906470211403,0.007141011202362514
yago_full_prefix_gen,allegrolab__hubble-1b-100b_toks-perturbed-hf,64,exact_match,0.11412609736632083,0.008986203983537713
yago_full_prefix_gen,allegrolab__hubble-1b-100b_toks-perturbed-hf,64,squad_f1,0.23451227810454617,0.00846079306123416
yago_full_prefix_gen,allegrolab__hubble-1b-100b_toks-perturbed-hf,64,squad_recall,0.8748897883175616,0.008672746893259387
yago_full_prefix_gen,allegrolab__hubble-1b-100b_toks-perturbed-hf,64,prefix_match,0.8332003192338387,0.010535864023459152
yago_full_prefix_gen,allegrolab__hubble-1b-100b_toks-perturbed-hf,256,exact_match,0.14285714285714285,0.014030798667249668
yago_full_prefix_gen,allegrolab__hubble-1b-100b_toks-perturbed-hf,256,squad_f1,0.2872143624602828,0.012766381013196165
yago_full_prefix_gen,allegrolab__hubble-1b-100b_toks-perturbed-hf,256,squad_recall,0.9957196361690744,0.00223346986551851
yago_full_prefix_gen,allegrolab__hubble-1b-100b_toks-perturbed-hf,256,prefix_match,0.9935794542536116,0.0032025217000168386
yago_full_prefix_gen,allegrolab__hubble-1b-100b_toks-standard-hf,0,exact_match,0.0006285714285714285,0.00018946725678250023
yago_full_prefix_gen,allegrolab__hubble-1b-100b_toks-standard-hf,0,squad_f1,0.02930490934009753,0.0006112131311424422
yago_full_prefix_gen,allegrolab__hubble-1b-100b_toks-standard-hf,0,squad_recall,0.10065993197278911,0.0018836901787546768
yago_full_prefix_gen,allegrolab__hubble-1b-100b_toks-standard-hf,0,prefix_match,0.0356,0.001400705984795952
yago_full_prefix_gen,allegrolab__hubble-1b-100b_toks-standard-hf,1,exact_match,0.00047992321228603423,0.0002770394588491228
yago_full_prefix_gen,allegrolab__hubble-1b-100b_toks-standard-hf,1,squad_f1,0.028148942507699816,0.0009743439300897698
yago_full_prefix_gen,allegrolab__hubble-1b-100b_toks-standard-hf,1,squad_recall,0.09945292447292127,0.003119524456518901
yago_full_prefix_gen,allegrolab__hubble-1b-100b_toks-standard-hf,1,prefix_match,0.03471444568868981,0.002315490546703808
yago_full_prefix_gen,allegrolab__hubble-1b-100b_toks-standard-hf,4,exact_match,0.00047992321228603423,0.00027703945884912284
yago_full_prefix_gen,allegrolab__hubble-1b-100b_toks-standard-hf,4,squad_f1,0.029780230987953057,0.001032941846092298
yago_full_prefix_gen,allegrolab__hubble-1b-100b_toks-standard-hf,4,squad_recall,0.09688400216715687,0.0030956272809500095
yago_full_prefix_gen,allegrolab__hubble-1b-100b_toks-standard-hf,4,prefix_match,0.03343465045592705,0.0022739137927306617
yago_full_prefix_gen,allegrolab__hubble-1b-100b_toks-standard-hf,16,exact_match,0.0012812299807815502,0.0006403070270733748
yago_full_prefix_gen,allegrolab__hubble-1b-100b_toks-standard-hf,16,squad_f1,0.0285247409714331,0.0014007360188815026
yago_full_prefix_gen,allegrolab__hubble-1b-100b_toks-standard-hf,16,squad_recall,0.09974744008216141,0.0044618947783882845
yago_full_prefix_gen,allegrolab__hubble-1b-100b_toks-standard-hf,16,prefix_match,0.03683536194746957,0.003371598493927079
yago_full_prefix_gen,allegrolab__hubble-1b-100b_toks-standard-hf,64,exact_match,0.0007980845969672786,0.0007980845969672786
yago_full_prefix_gen,allegrolab__hubble-1b-100b_toks-standard-hf,64,squad_f1,0.031394964830624095,0.0024979508539402185
yago_full_prefix_gen,allegrolab__hubble-1b-100b_toks-standard-hf,64,squad_recall,0.10106347939548259,0.00706853278723665
yago_full_prefix_gen,allegrolab__hubble-1b-100b_toks-standard-hf,64,prefix_match,0.03830806065442937,0.005424514903248388
yago_full_prefix_gen,allegrolab__hubble-1b-100b_toks-standard-hf,256,exact_match,0.0016051364365971107,0.0016051364365971112
yago_full_prefix_gen,allegrolab__hubble-1b-100b_toks-standard-hf,256,squad_f1,0.025357942198286753,0.003355678235684414
yago_full_prefix_gen,allegrolab__hubble-1b-100b_toks-standard-hf,256,squad_recall,0.08055491859665213,0.008833321164173489
yago_full_prefix_gen,allegrolab__hubble-1b-100b_toks-standard-hf,256,prefix_match,0.030497592295345103,0.00689464692388489
yago_full_prefix_gen,allegrolab__hubble-1b-500b_toks-perturbed-hf,0,exact_match,0.00017142857142857143,9.896867570015409e-05
yago_full_prefix_gen,allegrolab__hubble-1b-500b_toks-perturbed-hf,0,squad_f1,0.03251936611517558,0.0005167823401520417
yago_full_prefix_gen,allegrolab__hubble-1b-500b_toks-perturbed-hf,0,squad_recall,0.2896392970521542,0.0030322084687549673
yago_full_prefix_gen,allegrolab__hubble-1b-500b_toks-perturbed-hf,0,prefix_match,0.1232,0.00248455725316828
yago_full_prefix_gen,allegrolab__hubble-1b-500b_toks-perturbed-hf,1,exact_match,0.00015997440409534473,0.00015997440409534473
yago_full_prefix_gen,allegrolab__hubble-1b-500b_toks-perturbed-hf,1,squad_f1,0.03226628472298412,0.0008642107252250738
yago_full_prefix_gen,allegrolab__hubble-1b-500b_toks-perturbed-hf,1,squad_recall,0.2888529119612146,0.005076469366073951
yago_full_prefix_gen,allegrolab__hubble-1b-500b_toks-perturbed-hf,1,prefix_match,0.12302031674932011,0.004154733559037776
yago_full_prefix_gen,allegrolab__hubble-1b-500b_toks-perturbed-hf,4,exact_match,0.0,0.0
yago_full_prefix_gen,allegrolab__hubble-1b-500b_toks-perturbed-hf,4,squad_f1,0.03283178241596409,0.0008577164655108718
yago_full_prefix_gen,allegrolab__hubble-1b-500b_toks-perturbed-hf,4,squad_recall,0.2935470065049332,0.0051129853134597196
yago_full_prefix_gen,allegrolab__hubble-1b-500b_toks-perturbed-hf,4,prefix_match,0.1294192929131339,0.004245843888510243
yago_full_prefix_gen,allegrolab__hubble-1b-500b_toks-perturbed-hf,16,exact_match,0.0006406149903907751,0.00045291062781861085
yago_full_prefix_gen,allegrolab__hubble-1b-500b_toks-perturbed-hf,16,squad_f1,0.03497360923710055,0.0013156175259827394
yago_full_prefix_gen,allegrolab__hubble-1b-500b_toks-perturbed-hf,16,squad_recall,0.3012005175762383,0.007284508688975443
yago_full_prefix_gen,allegrolab__hubble-1b-500b_toks-perturbed-hf,16,prefix_match,0.13709160794362588,0.006156599420869239
yago_full_prefix_gen,allegrolab__hubble-1b-500b_toks-perturbed-hf,64,exact_match,0.0,0.0
yago_full_prefix_gen,allegrolab__hubble-1b-500b_toks-perturbed-hf,64,squad_f1,0.03931650436487233,0.0020715721100160876
yago_full_prefix_gen,allegrolab__hubble-1b-500b_toks-perturbed-hf,64,squad_recall,0.32973213493963693,0.011844587714648731
yago_full_prefix_gen,allegrolab__hubble-1b-500b_toks-perturbed-hf,64,prefix_match,0.18036711891460494,0.010866412967212389
yago_full_prefix_gen,allegrolab__hubble-1b-500b_toks-perturbed-hf,256,exact_match,0.051364365971107544,0.008850860393758164
yago_full_prefix_gen,allegrolab__hubble-1b-500b_toks-perturbed-hf,256,squad_f1,0.13005210917639046,0.009268155238594372
yago_full_prefix_gen,allegrolab__hubble-1b-500b_toks-perturbed-hf,256,squad_recall,0.6160284338454483,0.01840509056492328
yago_full_prefix_gen,allegrolab__hubble-1b-500b_toks-perturbed-hf,256,prefix_match,0.5585874799357945,0.019910067384902023
yago_full_prefix_gen,allegrolab__hubble-1b-500b_toks-standard-hf,0,exact_match,0.018114285714285715,0.0010081716060652772
yago_full_prefix_gen,allegrolab__hubble-1b-500b_toks-standard-hf,0,squad_f1,0.04563401501322616,0.0010388129277535516
yago_full_prefix_gen,allegrolab__hubble-1b-500b_toks-standard-hf,0,squad_recall,0.16985328592042878,0.0023868831807884877
yago_full_prefix_gen,allegrolab__hubble-1b-500b_toks-standard-hf,0,prefix_match,0.04782857142857143,0.0016132239535467526
yago_full_prefix_gen,allegrolab__hubble-1b-500b_toks-standard-hf,1,exact_match,0.019676851703727405,0.0017568004194333236
yago_full_prefix_gen,allegrolab__hubble-1b-500b_toks-standard-hf,1,squad_f1,0.04697534113486304,0.001810013852471031
yago_full_prefix_gen,allegrolab__hubble-1b-500b_toks-standard-hf,1,squad_recall,0.1725559639173461,0.004006764014462485
yago_full_prefix_gen,allegrolab__hubble-1b-500b_toks-standard-hf,1,prefix_match,0.046712525995840665,0.0026692460631700015
yago_full_prefix_gen,allegrolab__hubble-1b-500b_toks-standard-hf,4,exact_match,0.02159654455287154,0.0018387010117470396
yago_full_prefix_gen,allegrolab__hubble-1b-500b_toks-standard-hf,4,squad_f1,0.04841429019999727,0.0018565381091646353
yago_full_prefix_gen,allegrolab__hubble-1b-500b_toks-standard-hf,4,squad_recall,0.17174299731090645,0.004025316844847058
yago_full_prefix_gen,allegrolab__hubble-1b-500b_toks-standard-hf,4,prefix_match,0.05071188609822429,0.0027753252986007985
yago_full_prefix_gen,allegrolab__hubble-1b-500b_toks-standard-hf,16,exact_match,0.01569506726457399,0.002224843857813027
yago_full_prefix_gen,allegrolab__hubble-1b-500b_toks-standard-hf,16,squad_f1,0.043426747637639145,0.0023351881175245988
yago_full_prefix_gen,allegrolab__hubble-1b-500b_toks-standard-hf,16,squad_recall,0.17564557213019738,0.005729779857908461
yago_full_prefix_gen,allegrolab__hubble-1b-500b_toks-standard-hf,16,prefix_match,0.04580397181294042,0.003742169779910964
yago_full_prefix_gen,allegrolab__hubble-1b-500b_toks-standard-hf,64,exact_match,0.02314445331205108,0.004249486681360677
yago_full_prefix_gen,allegrolab__hubble-1b-500b_toks-standard-hf,64,squad_f1,0.054086548694146,0.0044355729691553545
yago_full_prefix_gen,allegrolab__hubble-1b-500b_toks-standard-hf,64,squad_recall,0.17629308706722913,0.009012111896077993
yago_full_prefix_gen,allegrolab__hubble-1b-500b_toks-standard-hf,64,prefix_match,0.05187549880287311,0.00626774996613937
yago_full_prefix_gen,allegrolab__hubble-1b-500b_toks-standard-hf,256,exact_match,0.008025682182985553,0.0035776347538066418
yago_full_prefix_gen,allegrolab__hubble-1b-500b_toks-standard-hf,256,squad_f1,0.03785932756398081,0.004626342143422141
yago_full_prefix_gen,allegrolab__hubble-1b-500b_toks-standard-hf,256,squad_recall,0.1577148462381207,0.012113010030660629
yago_full_prefix_gen,allegrolab__hubble-1b-500b_toks-standard-hf,256,prefix_match,0.038523274478330656,0.00771677420836937
yago_full_prefix_gen,allegrolab__hubble-8b-100b_toks-paraphrased-perturbed-hf,0,exact_match,0.0029142857142857143,0.0004074982003707524
yago_full_prefix_gen,allegrolab__hubble-8b-100b_toks-paraphrased-perturbed-hf,0,squad_f1,0.06103697289685567,0.0011514581122291712
yago_full_prefix_gen,allegrolab__hubble-8b-100b_toks-paraphrased-perturbed-hf,0,squad_recall,0.268366322407751,0.002946041532682251
yago_full_prefix_gen,allegrolab__hubble-8b-100b_toks-paraphrased-perturbed-hf,0,prefix_match,0.10291428571428571,0.0022969322573255777
yago_full_prefix_gen,allegrolab__hubble-8b-100b_toks-paraphrased-perturbed-hf,1,exact_match,0.003199488081906895,0.0007143390072418697
yago_full_prefix_gen,allegrolab__hubble-8b-100b_toks-paraphrased-perturbed-hf,1,squad_f1,0.06264184599625569,0.0019590525053401627
yago_full_prefix_gen,allegrolab__hubble-8b-100b_toks-paraphrased-perturbed-hf,1,squad_recall,0.26728988008383303,0.004895444342764116
yago_full_prefix_gen,allegrolab__hubble-8b-100b_toks-paraphrased-perturbed-hf,1,prefix_match,0.1019036954087346,0.0038266294781863267
yago_full_prefix_gen,allegrolab__hubble-8b-100b_toks-paraphrased-perturbed-hf,4,exact_match,0.0025595904655255157,0.0006391292779617354
yago_full_prefix_gen,allegrolab__hubble-8b-100b_toks-paraphrased-perturbed-hf,4,squad_f1,0.06445296135477709,0.0019547758556010915
yago_full_prefix_gen,allegrolab__hubble-8b-100b_toks-paraphrased-perturbed-hf,4,squad_recall,0.2759458919473317,0.004975465458097146
yago_full_prefix_gen,allegrolab__hubble-8b-100b_toks-paraphrased-perturbed-hf,4,prefix_match,0.11502159654455286,0.004035673502609343
yago_full_prefix_gen,allegrolab__hubble-8b-100b_toks-paraphrased-perturbed-hf,16,exact_match,0.009609224855861628,0.0017462265495340808
yago_full_prefix_gen,allegrolab__hubble-8b-100b_toks-paraphrased-perturbed-hf,16,squad_f1,0.10868569086487201,0.0037536853194243473
yago_full_prefix_gen,allegrolab__hubble-8b-100b_toks-paraphrased-perturbed-hf,16,squad_recall,0.36078571936996023,0.007602557483772599
yago_full_prefix_gen,allegrolab__hubble-8b-100b_toks-paraphrased-perturbed-hf,16,prefix_match,0.17040358744394618,0.006730168152041345
yago_full_prefix_gen,allegrolab__hubble-8b-100b_toks-paraphrased-perturbed-hf,64,exact_match,0.05746209098164405,0.006577153256037417
yago_full_prefix_gen,allegrolab__hubble-8b-100b_toks-paraphrased-perturbed-hf,64,squad_f1,0.2414466682530085,0.009022688612685245
yago_full_prefix_gen,allegrolab__hubble-8b-100b_toks-paraphrased-perturbed-hf,64,squad_recall,0.6011024335246202,0.012802491787611232
yago_full_prefix_gen,allegrolab__hubble-8b-100b_toks-paraphrased-perturbed-hf,64,prefix_match,0.3655227454110136,0.013610154895977465
yago_full_prefix_gen,allegrolab__hubble-8b-100b_toks-paraphrased-perturbed-hf,256,exact_match,0.08828250401284109,0.011375546592857695
yago_full_prefix_gen,allegrolab__hubble-8b-100b_toks-paraphrased-perturbed-hf,256,squad_f1,0.29847870763450723,0.014269234974169214
yago_full_prefix_gen,allegrolab__hubble-8b-100b_toks-paraphrased-perturbed-hf,256,squad_recall,0.7305109684323168,0.017192858458564234
yago_full_prefix_gen,allegrolab__hubble-8b-100b_toks-paraphrased-perturbed-hf,256,prefix_match,0.5184590690208668,0.020034506517509553
yago_full_prefix_gen,allegrolab__hubble-8b-100b_toks-perturbed-hf,0,exact_match,5.714285714285714e-05,5.7142857142857155e-05
yago_full_prefix_gen,allegrolab__hubble-8b-100b_toks-perturbed-hf,0,squad_f1,0.03186583215344887,0.0005168341871555574
yago_full_prefix_gen,allegrolab__hubble-8b-100b_toks-perturbed-hf,0,squad_recall,0.29409824572253146,0.003062641760765916
yago_full_prefix_gen,allegrolab__hubble-8b-100b_toks-perturbed-hf,0,prefix_match,0.12937142857142858,0.002537050015426762
yago_full_prefix_gen,allegrolab__hubble-8b-100b_toks-perturbed-hf,1,exact_match,0.0,0.0
yago_full_prefix_gen,allegrolab__hubble-8b-100b_toks-perturbed-hf,1,squad_f1,0.03498201972713592,0.0009327444083561008
yago_full_prefix_gen,allegrolab__hubble-8b-100b_toks-perturbed-hf,1,squad_recall,0.30517105719073406,0.005175198435870682
yago_full_prefix_gen,allegrolab__hubble-8b-100b_toks-perturbed-hf,1,prefix_match,0.1426971684530475,0.004424200475901248
yago_full_prefix_gen,allegrolab__hubble-8b-100b_toks-perturbed-hf,4,exact_match,0.00015997440409534473,0.0001599744040953448
yago_full_prefix_gen,allegrolab__hubble-8b-100b_toks-perturbed-hf,4,squad_f1,0.056554481346702934,0.0012309058898825713
yago_full_prefix_gen,allegrolab__hubble-8b-100b_toks-perturbed-hf,4,squad_recall,0.41674513607404345,0.005600684442798437
yago_full_prefix_gen,allegrolab__hubble-8b-100b_toks-perturbed-hf,4,prefix_match,0.2660374340105583,0.00558944029706927
yago_full_prefix_gen,allegrolab__hubble-8b-100b_toks-perturbed-hf,16,exact_match,0.12203715566944266,0.00585918515859522
yago_full_prefix_gen,allegrolab__hubble-8b-100b_toks-perturbed-hf,16,squad_f1,0.2579257032925599,0.005469587148779156
yago_full_prefix_gen,allegrolab__hubble-8b-100b_toks-perturbed-hf,16,squad_recall,0.9318477166651413,0.004229951231863073
yago_full_prefix_gen,allegrolab__hubble-8b-100b_toks-perturbed-hf,16,prefix_match,0.9090326713645099,0.005147372316776248
yago_full_prefix_gen,allegrolab__hubble-8b-100b_toks-perturbed-hf,64,exact_match,0.1412609736632083,0.009843273070820995
yago_full_prefix_gen,allegrolab__hubble-8b-100b_toks-perturbed-hf,64,squad_f1,0.2829090776369758,0.008904536087382996
yago_full_prefix_gen,allegrolab__hubble-8b-100b_toks-perturbed-hf,64,squad_recall,0.9978717744080872,0.001246831163928969
yago_full_prefix_gen,allegrolab__hubble-8b-100b_toks-perturbed-hf,64,prefix_match,0.9976057462090981,0.0013812185374921556
yago_full_prefix_gen,allegrolab__hubble-8b-100b_toks-perturbed-hf,256,exact_match,0.14285714285714285,0.014030798667249668
yago_full_prefix_gen,allegrolab__hubble-8b-100b_toks-perturbed-hf,256,squad_f1,0.2874032020410589,0.012760946189402392
yago_full_prefix_gen,allegrolab__hubble-8b-100b_toks-perturbed-hf,256,squad_recall,0.9973247726056715,0.0015574761865134485
yago_full_prefix_gen,allegrolab__hubble-8b-100b_toks-perturbed-hf,256,prefix_match,0.9951845906902087,0.002775704523113194
yago_full_prefix_gen,allegrolab__hubble-8b-100b_toks-standard-hf,0,exact_match,0.0054285714285714284,0.0005554617424688192
yago_full_prefix_gen,allegrolab__hubble-8b-100b_toks-standard-hf,0,squad_f1,0.034780747056150446,0.0006994281536779789
yago_full_prefix_gen,allegrolab__hubble-8b-100b_toks-standard-hf,0,squad_recall,0.1487362811791383,0.002314480468802029
yago_full_prefix_gen,allegrolab__hubble-8b-100b_toks-standard-hf,0,prefix_match,0.058742857142857145,0.0017775632375106602
yago_full_prefix_gen,allegrolab__hubble-8b-100b_toks-standard-hf,1,exact_match,0.004639257718764998,0.0008595566305098342
yago_full_prefix_gen,allegrolab__hubble-8b-100b_toks-standard-hf,1,squad_f1,0.03562527081154494,0.0011627067060213264
yago_full_prefix_gen,allegrolab__hubble-8b-100b_toks-standard-hf,1,squad_recall,0.15318058778705074,0.003916402878156908
yago_full_prefix_gen,allegrolab__hubble-8b-100b_toks-standard-hf,1,prefix_match,0.05999040153575428,0.0030037723817715163
yago_full_prefix_gen,allegrolab__hubble-8b-100b_toks-standard-hf,4,exact_match,0.0028795392737162055,0.0006777902362574825
yago_full_prefix_gen,allegrolab__hubble-8b-100b_toks-standard-hf,4,squad_f1,0.035035485047894326,0.00114009615218694
yago_full_prefix_gen,allegrolab__hubble-8b-100b_toks-standard-hf,4,squad_recall,0.14452055925020252,0.0038181782999988007
yago_full_prefix_gen,allegrolab__hubble-8b-100b_toks-standard-hf,4,prefix_match,0.05807070868661014,0.0029583374108913298
yago_full_prefix_gen,allegrolab__hubble-8b-100b_toks-standard-hf,16,exact_match,0.0032030749519538757,0.0010114397348975944
yago_full_prefix_gen,allegrolab__hubble-8b-100b_toks-standard-hf,16,squad_f1,0.03395756436431058,0.001625419843443802
yago_full_prefix_gen,allegrolab__hubble-8b-100b_toks-standard-hf,16,squad_recall,0.14730128224682998,0.005442547665952314
yago_full_prefix_gen,allegrolab__hubble-8b-100b_toks-standard-hf,16,prefix_match,0.05605381165919283,0.0041174592453197606
yago_full_prefix_gen,allegrolab__hubble-8b-100b_toks-standard-hf,64,exact_match,0.0039904229848363925,0.0017817183769583556
yago_full_prefix_gen,allegrolab__hubble-8b-100b_toks-standard-hf,64,squad_f1,0.036206226297361456,0.0026486975158926084
yago_full_prefix_gen,allegrolab__hubble-8b-100b_toks-standard-hf,64,squad_recall,0.13620295417980974,0.008255493635358668
yago_full_prefix_gen,allegrolab__hubble-8b-100b_toks-standard-hf,64,prefix_match,0.052673583399840386,0.006313120687965265
yago_full_prefix_gen,allegrolab__hubble-8b-100b_toks-standard-hf,256,exact_match,0.006420545746388443,0.003202521700016838
yago_full_prefix_gen,allegrolab__hubble-8b-100b_toks-standard-hf,256,squad_f1,0.02747959723075787,0.0030984854050331834
yago_full_prefix_gen,allegrolab__hubble-8b-100b_toks-standard-hf,256,squad_recall,0.13401806415450074,0.011771883473975462
yago_full_prefix_gen,allegrolab__hubble-8b-100b_toks-standard-hf,256,prefix_match,0.04654895666131621,0.008447126197047199
yago_full_prefix_gen,allegrolab__hubble-8b-500b_toks-perturbed-hf,0,exact_match,0.00017142857142857143,9.896867570015393e-05
yago_full_prefix_gen,allegrolab__hubble-8b-500b_toks-perturbed-hf,0,squad_f1,0.03619565860661916,0.0005324090762986046
yago_full_prefix_gen,allegrolab__hubble-8b-500b_toks-perturbed-hf,0,squad_recall,0.31587852195423627,0.003131456230407213
yago_full_prefix_gen,allegrolab__hubble-8b-500b_toks-perturbed-hf,0,prefix_match,0.14794285714285715,0.0026839520089562176
yago_full_prefix_gen,allegrolab__hubble-8b-500b_toks-perturbed-hf,1,exact_match,0.0,0.0
yago_full_prefix_gen,allegrolab__hubble-8b-500b_toks-perturbed-hf,1,squad_f1,0.035037040581481944,0.000871905430135643
yago_full_prefix_gen,allegrolab__hubble-8b-500b_toks-perturbed-hf,1,squad_recall,0.31018059909837226,0.005201579167687371
yago_full_prefix_gen,allegrolab__hubble-8b-500b_toks-perturbed-hf,1,prefix_match,0.14349704047352424,0.004434512642423993
yago_full_prefix_gen,allegrolab__hubble-8b-500b_toks-perturbed-hf,4,exact_match,0.0009598464245720685,0.000391698888313624
yago_full_prefix_gen,allegrolab__hubble-8b-500b_toks-perturbed-hf,4,squad_f1,0.03835983532137371,0.0009679175351220681
yago_full_prefix_gen,allegrolab__hubble-8b-500b_toks-perturbed-hf,4,squad_recall,0.3233600719123036,0.005260260034148524
yago_full_prefix_gen,allegrolab__hubble-8b-500b_toks-perturbed-hf,4,prefix_match,0.15421532554791234,0.004568289989290314
yago_full_prefix_gen,allegrolab__hubble-8b-500b_toks-perturbed-hf,16,exact_match,0.0,0.0
yago_full_prefix_gen,allegrolab__hubble-8b-500b_toks-perturbed-hf,16,squad_f1,0.03994603210098631,0.0013510572027552413
yago_full_prefix_gen,allegrolab__hubble-8b-500b_toks-perturbed-hf,16,squad_recall,0.34139110053587957,0.007617492538814724
yago_full_prefix_gen,allegrolab__hubble-8b-500b_toks-perturbed-hf,16,prefix_match,0.18385650224215247,0.006933872873308867
yago_full_prefix_gen,allegrolab__hubble-8b-500b_toks-perturbed-hf,64,exact_match,0.09577015163607343,0.008316725021857995
yago_full_prefix_gen,allegrolab__hubble-8b-500b_toks-perturbed-hf,64,squad_f1,0.2293783608996467,0.007906958018289422
yago_full_prefix_gen,allegrolab__hubble-8b-500b_toks-perturbed-hf,64,squad_recall,0.9107380382320526,0.007691845470663373
yago_full_prefix_gen,allegrolab__hubble-8b-500b_toks-perturbed-hf,64,prefix_match,0.8850758180367119,0.009013506654302433
yago_full_prefix_gen,allegrolab__hubble-8b-500b_toks-perturbed-hf,256,exact_match,0.14285714285714285,0.014030798667249668
yago_full_prefix_gen,allegrolab__hubble-8b-500b_toks-perturbed-hf,256,squad_f1,0.2871490554385977,0.012767776391045043
yago_full_prefix_gen,allegrolab__hubble-8b-500b_toks-perturbed-hf,256,squad_recall,0.9953986088817549,0.002255444033380767
yago_full_prefix_gen,allegrolab__hubble-8b-500b_toks-perturbed-hf,256,prefix_match,0.9919743178170144,0.003577634753806641
yago_full_prefix_gen,allegrolab__hubble-8b-500b_toks-standard-hf,0,exact_match,0.007657142857142857,0.0006589578458596895
yago_full_prefix_gen,allegrolab__hubble-8b-500b_toks-standard-hf,0,squad_f1,0.040892198729631464,0.0008862453564969918
yago_full_prefix_gen,allegrolab__hubble-8b-500b_toks-standard-hf,0,squad_recall,0.189238169449598,0.0024943009162187806
yago_full_prefix_gen,allegrolab__hubble-8b-500b_toks-standard-hf,0,prefix_match,0.0568,0.0017497235950312499
yago_full_prefix_gen,allegrolab__hubble-8b-500b_toks-standard-hf,1,exact_match,0.008798592225243962,0.001181265558634319
yago_full_prefix_gen,allegrolab__hubble-8b-500b_toks-standard-hf,1,squad_f1,0.040508861023468845,0.0014772984439102611
yago_full_prefix_gen,allegrolab__hubble-8b-500b_toks-standard-hf,1,squad_recall,0.19016572355638106,0.004172477202991987
yago_full_prefix_gen,allegrolab__hubble-8b-500b_toks-standard-hf,1,prefix_match,0.054871220604703244,0.002880565770929125
yago_full_prefix_gen,allegrolab__hubble-8b-500b_toks-standard-hf,4,exact_match,0.008478643417053271,0.0011597762558603934
yago_full_prefix_gen,allegrolab__hubble-8b-500b_toks-standard-hf,4,squad_f1,0.0401244271708938,0.0014204638071017934
yago_full_prefix_gen,allegrolab__hubble-8b-500b_toks-standard-hf,4,squad_recall,0.19182162600015742,0.004205640146062087
yago_full_prefix_gen,allegrolab__hubble-8b-500b_toks-standard-hf,4,prefix_match,0.055831067029275316,0.0029041751733295427
yago_full_prefix_gen,allegrolab__hubble-8b-500b_toks-standard-hf,16,exact_match,0.007687379884689302,0.001563387173340022
yago_full_prefix_gen,allegrolab__hubble-8b-500b_toks-standard-hf,16,squad_f1,0.03942777514429278,0.002036364932091314
yago_full_prefix_gen,allegrolab__hubble-8b-500b_toks-standard-hf,16,squad_recall,0.18322936050354371,0.005835793730559609
yago_full_prefix_gen,allegrolab__hubble-8b-500b_toks-standard-hf,16,prefix_match,0.057335041639974375,0.00416142300299332
yago_full_prefix_gen,allegrolab__hubble-8b-500b_toks-standard-hf,64,exact_match,0.010375099760574621,0.0028637116303049316
yago_full_prefix_gen,allegrolab__hubble-8b-500b_toks-standard-hf,64,squad_f1,0.042313390270092274,0.0032026518189570774
yago_full_prefix_gen,allegrolab__hubble-8b-500b_toks-standard-hf,64,squad_recall,0.19116152978882428,0.009335304196303951
yago_full_prefix_gen,allegrolab__hubble-8b-500b_toks-standard-hf,64,prefix_match,0.05905826017557861,0.006662228546197362
yago_full_prefix_gen,allegrolab__hubble-8b-500b_toks-standard-hf,256,exact_match,0.014446227929373997,0.004784341828621506
yago_full_prefix_gen,allegrolab__hubble-8b-500b_toks-standard-hf,256,squad_f1,0.03447468821924099,0.004255421415485686
yago_full_prefix_gen,allegrolab__hubble-8b-500b_toks-standard-hf,256,squad_recall,0.1601951642080053,0.012424710095619521
yago_full_prefix_gen,allegrolab__hubble-8b-500b_toks-standard-hf,256,prefix_match,0.04012841091492777,0.007869322743279413
yago_full_prefix_no_suffix,allegrolab__hubble-1b-100b_toks-double_depth-perturbed-hf,0,acc,0.3708,0.003651384806664895
yago_full_prefix_no_suffix,allegrolab__hubble-1b-100b_toks-double_depth-perturbed-hf,0,acc_norm,0.3285142857142857,0.0035504949820757215
yago_full_prefix_no_suffix,allegrolab__hubble-1b-100b_toks-double_depth-perturbed-hf,1,acc,0.3815389537673972,0.006144486706314565
yago_full_prefix_no_suffix,allegrolab__hubble-1b-100b_toks-double_depth-perturbed-hf,1,acc_norm,0.3297072468405055,0.005946432587309598
yago_full_prefix_no_suffix,allegrolab__hubble-1b-100b_toks-double_depth-perturbed-hf,4,acc,0.4308110702287634,0.006263709980477845
yago_full_prefix_no_suffix,allegrolab__hubble-1b-100b_toks-double_depth-perturbed-hf,4,acc_norm,0.3784994400895857,0.006134983148357694
yago_full_prefix_no_suffix,allegrolab__hubble-1b-100b_toks-double_depth-perturbed-hf,16,acc,0.6047405509288918,0.008751425333465747
yago_full_prefix_no_suffix,allegrolab__hubble-1b-100b_toks-double_depth-perturbed-hf,16,acc_norm,0.5672645739910314,0.008868642978926691
yago_full_prefix_no_suffix,allegrolab__hubble-1b-100b_toks-double_depth-perturbed-hf,64,acc,0.994413407821229,0.002106467707645638
yago_full_prefix_no_suffix,allegrolab__hubble-1b-100b_toks-double_depth-perturbed-hf,64,acc_norm,0.9936153232242618,0.0022510048658136187
yago_full_prefix_no_suffix,allegrolab__hubble-1b-100b_toks-double_depth-perturbed-hf,256,acc,1.0,0.0
yago_full_prefix_no_suffix,allegrolab__hubble-1b-100b_toks-double_depth-perturbed-hf,256,acc_norm,1.0,0.0
yago_full_prefix_no_suffix,allegrolab__hubble-1b-100b_toks-double_depth-standard-hf,0,acc,0.3136,0.003507276851599619
yago_full_prefix_no_suffix,allegrolab__hubble-1b-100b_toks-double_depth-standard-hf,0,acc_norm,0.25902857142857144,0.003311829350554427
yago_full_prefix_no_suffix,allegrolab__hubble-1b-100b_toks-double_depth-standard-hf,1,acc,0.3103503439449688,0.005851946793445176
yago_full_prefix_no_suffix,allegrolab__hubble-1b-100b_toks-double_depth-standard-hf,1,acc_norm,0.24812030075187969,0.005463429210401486
yago_full_prefix_no_suffix,allegrolab__hubble-1b-100b_toks-double_depth-standard-hf,4,acc,0.3268277075667893,0.00593311192725608
yago_full_prefix_no_suffix,allegrolab__hubble-1b-100b_toks-double_depth-standard-hf,4,acc_norm,0.25403935370340747,0.00550640878211362
yago_full_prefix_no_suffix,allegrolab__hubble-1b-100b_toks-double_depth-standard-hf,16,acc,0.31934657270980144,0.00834540203271055
yago_full_prefix_no_suffix,allegrolab__hubble-1b-100b_toks-double_depth-standard-hf,16,acc_norm,0.2629724535554132,0.00788043343276624
yago_full_prefix_no_suffix,allegrolab__hubble-1b-100b_toks-double_depth-standard-hf,64,acc,0.29529130087789307,0.012892228028286438
yago_full_prefix_no_suffix,allegrolab__hubble-1b-100b_toks-double_depth-standard-hf,64,acc_norm,0.25059856344772546,0.012247413609914453
yago_full_prefix_no_suffix,allegrolab__hubble-1b-100b_toks-double_depth-standard-hf,256,acc,0.3146067415730337,0.018619102131839534
yago_full_prefix_no_suffix,allegrolab__hubble-1b-100b_toks-double_depth-standard-hf,256,acc_norm,0.26003210272873195,0.017588335083102893
yago_full_prefix_no_suffix,allegrolab__hubble-1b-100b_toks-half_depth-perturbed-hf,0,acc,0.3577142857142857,0.003623478242989202
yago_full_prefix_no_suffix,allegrolab__hubble-1b-100b_toks-half_depth-perturbed-hf,0,acc_norm,0.32074285714285716,0.003528490790141215
yago_full_prefix_no_suffix,allegrolab__hubble-1b-100b_toks-half_depth-perturbed-hf,1,acc,0.3661814109742441,0.00609383406707016
yago_full_prefix_no_suffix,allegrolab__hubble-1b-100b_toks-half_depth-perturbed-hf,1,acc_norm,0.3257078867381219,0.005927863146257129
yago_full_prefix_no_suffix,allegrolab__hubble-1b-100b_toks-half_depth-perturbed-hf,4,acc,0.4229723244280915,0.006249054164540284
yago_full_prefix_no_suffix,allegrolab__hubble-1b-100b_toks-half_depth-perturbed-hf,4,acc_norm,0.3757798752199648,0.006126262947012741
yago_full_prefix_no_suffix,allegrolab__hubble-1b-100b_toks-half_depth-perturbed-hf,16,acc,0.592568866111467,0.008795279329836824
yago_full_prefix_no_suffix,allegrolab__hubble-1b-100b_toks-half_depth-perturbed-hf,16,acc_norm,0.5573350416399744,0.008890964221803003
yago_full_prefix_no_suffix,allegrolab__hubble-1b-100b_toks-half_depth-perturbed-hf,64,acc,0.9816440542697525,0.003793702216419406
yago_full_prefix_no_suffix,allegrolab__hubble-1b-100b_toks-half_depth-perturbed-hf,64,acc_norm,0.9752593774940144,0.0043899868005072345
yago_full_prefix_no_suffix,allegrolab__hubble-1b-100b_toks-half_depth-perturbed-hf,256,acc,1.0,0.0
yago_full_prefix_no_suffix,allegrolab__hubble-1b-100b_toks-half_depth-perturbed-hf,256,acc_norm,1.0,0.0
yago_full_prefix_no_suffix,allegrolab__hubble-1b-100b_toks-half_depth-standard-hf,0,acc,0.31474285714285716,0.003510735505227967
yago_full_prefix_no_suffix,allegrolab__hubble-1b-100b_toks-half_depth-standard-hf,0,acc_norm,0.2537714285714286,0.003289657493753686
yago_full_prefix_no_suffix,allegrolab__hubble-1b-100b_toks-half_depth-standard-hf,1,acc,0.30859062549992,0.0058427726480291915
yago_full_prefix_no_suffix,allegrolab__hubble-1b-100b_toks-half_depth-standard-hf,1,acc_norm,0.24764037753959367,0.005459884554847527
yago_full_prefix_no_suffix,allegrolab__hubble-1b-100b_toks-half_depth-standard-hf,4,acc,0.3242681171012638,0.005921058085617656
yago_full_prefix_no_suffix,allegrolab__hubble-1b-100b_toks-half_depth-standard-hf,4,acc_norm,0.25323948168293076,0.005500679908518818
yago_full_prefix_no_suffix,allegrolab__hubble-1b-100b_toks-half_depth-standard-hf,16,acc,0.3196668802049968,0.00834762140084867
yago_full_prefix_no_suffix,allegrolab__hubble-1b-100b_toks-half_depth-standard-hf,16,acc_norm,0.2588084561178732,0.007839846772981244
yago_full_prefix_no_suffix,allegrolab__hubble-1b-100b_toks-half_depth-standard-hf,64,acc,0.29529130087789307,0.012892228028286433
yago_full_prefix_no_suffix,allegrolab__hubble-1b-100b_toks-half_depth-standard-hf,64,acc_norm,0.24980047885075818,0.012234405200922501
yago_full_prefix_no_suffix,allegrolab__hubble-1b-100b_toks-half_depth-standard-hf,256,acc,0.3306581059390048,0.018863331572119866
yago_full_prefix_no_suffix,allegrolab__hubble-1b-100b_toks-half_depth-standard-hf,256,acc_norm,0.24879614767255218,0.017334269190987277
yago_full_prefix_no_suffix,allegrolab__hubble-1b-100b_toks-injectrange_0_25-hf,0,acc,0.3225142857142857,0.00353360445344753
yago_full_prefix_no_suffix,allegrolab__hubble-1b-100b_toks-injectrange_0_25-hf,0,acc_norm,0.25754285714285713,0.0033056269001010465
yago_full_prefix_no_suffix,allegrolab__hubble-1b-100b_toks-injectrange_0_25-hf,1,acc,0.3154695248760198,0.0058780745657130715
yago_full_prefix_no_suffix,allegrolab__hubble-1b-100b_toks-injectrange_0_25-hf,1,acc_norm,0.24636058230683092,0.005450387814345249
yago_full_prefix_no_suffix,allegrolab__hubble-1b-100b_toks-injectrange_0_25-hf,4,acc,0.3314669652855543,0.0059544486389245385
yago_full_prefix_no_suffix,allegrolab__hubble-1b-100b_toks-injectrange_0_25-hf,4,acc_norm,0.25931850903855386,0.005543607777014182
yago_full_prefix_no_suffix,allegrolab__hubble-1b-100b_toks-injectrange_0_25-hf,16,acc,0.32671364509929535,0.008395308480777613
yago_full_prefix_no_suffix,allegrolab__hubble-1b-100b_toks-injectrange_0_25-hf,16,acc_norm,0.2604099935938501,0.007855565537272388
yago_full_prefix_no_suffix,allegrolab__hubble-1b-100b_toks-injectrange_0_25-hf,64,acc,0.3128491620111732,0.01310362252184304
yago_full_prefix_no_suffix,allegrolab__hubble-1b-100b_toks-injectrange_0_25-hf,64,acc_norm,0.2593774940143655,0.012386894342337685
yago_full_prefix_no_suffix,allegrolab__hubble-1b-100b_toks-injectrange_0_25-hf,256,acc,0.33868378812199035,0.018976084109837196
yago_full_prefix_no_suffix,allegrolab__hubble-1b-100b_toks-injectrange_0_25-hf,256,acc_norm,0.2664526484751204,0.01772674123056714
yago_full_prefix_no_suffix,allegrolab__hubble-1b-100b_toks-injectrange_0_50-hf,0,acc,0.32554285714285713,0.0035422128078178064
yago_full_prefix_no_suffix,allegrolab__hubble-1b-100b_toks-injectrange_0_50-hf,0,acc_norm,0.2668,0.0033434707270525474
yago_full_prefix_no_suffix,allegrolab__hubble-1b-100b_toks-injectrange_0_50-hf,1,acc,0.3284274516077428,0.005940543552749173
yago_full_prefix_no_suffix,allegrolab__hubble-1b-100b_toks-injectrange_0_50-hf,1,acc_norm,0.2591585346344585,0.005542496023425965
yago_full_prefix_no_suffix,allegrolab__hubble-1b-100b_toks-injectrange_0_50-hf,4,acc,0.336906095024796,0.0059786336654448395
yago_full_prefix_no_suffix,allegrolab__hubble-1b-100b_toks-injectrange_0_50-hf,4,acc_norm,0.2735562310030395,0.005638768936318658
yago_full_prefix_no_suffix,allegrolab__hubble-1b-100b_toks-injectrange_0_50-hf,16,acc,0.3398462524023062,0.00847845861788673
yago_full_prefix_no_suffix,allegrolab__hubble-1b-100b_toks-injectrange_0_50-hf,16,acc_norm,0.28667520819987186,0.008094533841864399
yago_full_prefix_no_suffix,allegrolab__hubble-1b-100b_toks-injectrange_0_50-hf,64,acc,0.35195530726256985,0.013497212141212283
yago_full_prefix_no_suffix,allegrolab__hubble-1b-100b_toks-injectrange_0_50-hf,64,acc_norm,0.28810853950518756,0.012799199036733872
yago_full_prefix_no_suffix,allegrolab__hubble-1b-100b_toks-injectrange_0_50-hf,256,acc,0.36436597110754415,0.019296443960688078
yago_full_prefix_no_suffix,allegrolab__hubble-1b-100b_toks-injectrange_0_50-hf,256,acc_norm,0.30818619582664525,0.018514245168562756
yago_full_prefix_no_suffix,allegrolab__hubble-1b-100b_toks-injectrange_25_50-hf,0,acc,0.3274285714285714,0.0035474875351326667
yago_full_prefix_no_suffix,allegrolab__hubble-1b-100b_toks-injectrange_25_50-hf,0,acc_norm,0.2709142857142857,0.0033596855549907225
yago_full_prefix_no_suffix,allegrolab__hubble-1b-100b_toks-injectrange_25_50-hf,1,acc,0.3285874260118381,0.0059412824134693785
yago_full_prefix_no_suffix,allegrolab__hubble-1b-100b_toks-injectrange_25_50-hf,1,acc_norm,0.2681171012637978,0.005603289337861425
yago_full_prefix_no_suffix,allegrolab__hubble-1b-100b_toks-injectrange_25_50-hf,4,acc,0.3444248920172772,0.00601060909760286
yago_full_prefix_no_suffix,allegrolab__hubble-1b-100b_toks-injectrange_25_50-hf,4,acc_norm,0.28331466965285557,0.005699789015215906
yago_full_prefix_no_suffix,allegrolab__hubble-1b-100b_toks-injectrange_25_50-hf,16,acc,0.3609865470852018,0.008597132594796764
yago_full_prefix_no_suffix,allegrolab__hubble-1b-100b_toks-injectrange_25_50-hf,16,acc_norm,0.31358103779628443,0.008304675137245145
yago_full_prefix_no_suffix,allegrolab__hubble-1b-100b_toks-injectrange_25_50-hf,64,acc,0.3743016759776536,0.013677011663134788
yago_full_prefix_no_suffix,allegrolab__hubble-1b-100b_toks-injectrange_25_50-hf,64,acc_norm,0.3112529928172386,0.01308532356173497
yago_full_prefix_no_suffix,allegrolab__hubble-1b-100b_toks-injectrange_25_50-hf,256,acc,0.42536115569823435,0.01982353999202941
yago_full_prefix_no_suffix,allegrolab__hubble-1b-100b_toks-injectrange_25_50-hf,256,acc_norm,0.36597110754414125,0.019314467196016722
yago_full_prefix_no_suffix,allegrolab__hubble-1b-100b_toks-injectrange_50_100-hf,0,acc,0.36125714285714283,0.0036313209409533664
yago_full_prefix_no_suffix,allegrolab__hubble-1b-100b_toks-injectrange_50_100-hf,0,acc_norm,0.3236,0.0035367099183688192
yago_full_prefix_no_suffix,allegrolab__hubble-1b-100b_toks-injectrange_50_100-hf,1,acc,0.3746600543912974,0.0061226124886006915
yago_full_prefix_no_suffix,allegrolab__hubble-1b-100b_toks-injectrange_50_100-hf,1,acc_norm,0.3348264277715566,0.005969491650548411
yago_full_prefix_no_suffix,allegrolab__hubble-1b-100b_toks-injectrange_50_100-hf,4,acc,0.47080467125259956,0.006313764427399304
yago_full_prefix_no_suffix,allegrolab__hubble-1b-100b_toks-injectrange_50_100-hf,4,acc_norm,0.42921132618780994,0.006260849318230389
yago_full_prefix_no_suffix,allegrolab__hubble-1b-100b_toks-injectrange_50_100-hf,16,acc,0.8007687379884689,0.007149660396387135
yago_full_prefix_no_suffix,allegrolab__hubble-1b-100b_toks-injectrange_50_100-hf,16,acc_norm,0.777706598334401,0.007442593398056699
yago_full_prefix_no_suffix,allegrolab__hubble-1b-100b_toks-injectrange_50_100-hf,64,acc,0.9984038308060654,0.001128211227276944
yago_full_prefix_no_suffix,allegrolab__hubble-1b-100b_toks-injectrange_50_100-hf,64,acc_norm,0.9984038308060654,0.001128211227276944
yago_full_prefix_no_suffix,allegrolab__hubble-1b-100b_toks-injectrange_50_100-hf,256,acc,1.0,0.0
yago_full_prefix_no_suffix,allegrolab__hubble-1b-100b_toks-injectrange_50_100-hf,256,acc_norm,1.0,0.0
yago_full_prefix_no_suffix,allegrolab__hubble-1b-100b_toks-injectrange_50_75-hf,0,acc,0.3528,0.003612242740598519
yago_full_prefix_no_suffix,allegrolab__hubble-1b-100b_toks-injectrange_50_75-hf,0,acc_norm,0.3010285714285714,0.0034675837182114332
yago_full_prefix_no_suffix,allegrolab__hubble-1b-100b_toks-injectrange_50_75-hf,1,acc,0.35450327947528393,0.006050860491752266
yago_full_prefix_no_suffix,allegrolab__hubble-1b-100b_toks-injectrange_50_75-hf,1,acc_norm,0.2999520076787714,0.005796285717847176
yago_full_prefix_no_suffix,allegrolab__hubble-1b-100b_toks-injectrange_50_75-hf,4,acc,0.3936970084786434,0.0061799634172847425
yago_full_prefix_no_suffix,allegrolab__hubble-1b-100b_toks-injectrange_50_75-hf,4,acc_norm,0.3413853783394657,0.005997884984498933
yago_full_prefix_no_suffix,allegrolab__hubble-1b-100b_toks-injectrange_50_75-hf,16,acc,0.5102498398462524,0.008948120987290038
yago_full_prefix_no_suffix,allegrolab__hubble-1b-100b_toks-injectrange_50_75-hf,16,acc_norm,0.4612427930813581,0.00892307326174301
yago_full_prefix_no_suffix,allegrolab__hubble-1b-100b_toks-injectrange_50_75-hf,64,acc,0.6368715083798883,0.013591078114268875
yago_full_prefix_no_suffix,allegrolab__hubble-1b-100b_toks-injectrange_50_75-hf,64,acc_norm,0.5841979249800479,0.013929039396943668
yago_full_prefix_no_suffix,allegrolab__hubble-1b-100b_toks-injectrange_50_75-hf,256,acc,0.7287319422150883,0.01782740126064988
yago_full_prefix_no_suffix,allegrolab__hubble-1b-100b_toks-injectrange_50_75-hf,256,acc_norm,0.7030497592295345,0.018320599482463167
yago_full_prefix_no_suffix,allegrolab__hubble-1b-100b_toks-injectrange_75_100-hf,0,acc,0.3530857142857143,0.0036129073828848556
yago_full_prefix_no_suffix,allegrolab__hubble-1b-100b_toks-injectrange_75_100-hf,0,acc_norm,0.31685714285714284,0.0035170691016617552
yago_full_prefix_no_suffix,allegrolab__hubble-1b-100b_toks-injectrange_75_100-hf,1,acc,0.38025915853463443,0.0061405163416138366
yago_full_prefix_no_suffix,allegrolab__hubble-1b-100b_toks-injectrange_75_100-hf,1,acc_norm,0.3351463765797472,0.005970906568958689
yago_full_prefix_no_suffix,allegrolab__hubble-1b-100b_toks-injectrange_75_100-hf,4,acc,0.5067989121740522,0.006323970585551452
yago_full_prefix_no_suffix,allegrolab__hubble-1b-100b_toks-injectrange_75_100-hf,4,acc_norm,0.4612062070068789,0.00630549019982056
yago_full_prefix_no_suffix,allegrolab__hubble-1b-100b_toks-injectrange_75_100-hf,16,acc,0.8670723894939142,0.006076988201762992
yago_full_prefix_no_suffix,allegrolab__hubble-1b-100b_toks-injectrange_75_100-hf,16,acc_norm,0.852017937219731,0.0063559726980236195
yago_full_prefix_no_suffix,allegrolab__hubble-1b-100b_toks-injectrange_75_100-hf,64,acc,0.9992019154030327,0.0007980845969672781
yago_full_prefix_no_suffix,allegrolab__hubble-1b-100b_toks-injectrange_75_100-hf,64,acc_norm,0.9992019154030327,0.0007980845969672781
yago_full_prefix_no_suffix,allegrolab__hubble-1b-100b_toks-injectrange_75_100-hf,256,acc,1.0,0.0
yago_full_prefix_no_suffix,allegrolab__hubble-1b-100b_toks-injectrange_75_100-hf,256,acc_norm,1.0,0.0
yago_full_prefix_no_suffix,allegrolab__hubble-1b-100b_toks-interference_copyright-hf,0,acc,0.31971428571428573,0.003525494821101398
yago_full_prefix_no_suffix,allegrolab__hubble-1b-100b_toks-interference_copyright-hf,0,acc_norm,0.26,0.0033158579576160157
yago_full_prefix_no_suffix,allegrolab__hubble-1b-100b_toks-interference_copyright-hf,1,acc,0.3159494480883059,0.005880481535942452
yago_full_prefix_no_suffix,allegrolab__hubble-1b-100b_toks-interference_copyright-hf,1,acc_norm,0.24636058230683092,0.0054503878143452485
yago_full_prefix_no_suffix,allegrolab__hubble-1b-100b_toks-interference_copyright-hf,4,acc,0.3301871700527916,0.005948628114586692
yago_full_prefix_no_suffix,allegrolab__hubble-1b-100b_toks-interference_copyright-hf,4,acc_norm,0.26011838105903057,0.005549152135514177
yago_full_prefix_no_suffix,allegrolab__hubble-1b-100b_toks-interference_copyright-hf,16,acc,0.3299167200512492,0.008416270191434988
yago_full_prefix_no_suffix,allegrolab__hubble-1b-100b_toks-interference_copyright-hf,16,acc_norm,0.26393337604099937,0.007889669937217354
yago_full_prefix_no_suffix,allegrolab__hubble-1b-100b_toks-interference_copyright-hf,64,acc,0.2968874700718276,0.01291237673676516
yago_full_prefix_no_suffix,allegrolab__hubble-1b-100b_toks-interference_copyright-hf,64,acc_norm,0.24740622505985635,0.012195046422117896
yago_full_prefix_no_suffix,allegrolab__hubble-1b-100b_toks-interference_copyright-hf,256,acc,0.3146067415730337,0.01861910213183953
yago_full_prefix_no_suffix,allegrolab__hubble-1b-100b_toks-interference_copyright-hf,256,acc_norm,0.2536115569823435,0.01744503242144956
yago_full_prefix_no_suffix,allegrolab__hubble-1b-100b_toks-interference_privacy-hf,0,acc,0.36205714285714286,0.003633062205470007
yago_full_prefix_no_suffix,allegrolab__hubble-1b-100b_toks-interference_privacy-hf,0,acc_norm,0.32434285714285715,0.0035388221723023916
yago_full_prefix_no_suffix,allegrolab__hubble-1b-100b_toks-interference_privacy-hf,1,acc,0.3700207966725324,0.006107115937361694
yago_full_prefix_no_suffix,allegrolab__hubble-1b-100b_toks-interference_privacy-hf,1,acc_norm,0.3273076307790753,0.005935349635704551
yago_full_prefix_no_suffix,allegrolab__hubble-1b-100b_toks-interference_privacy-hf,4,acc,0.43145096784514475,0.006264835578888014
yago_full_prefix_no_suffix,allegrolab__hubble-1b-100b_toks-interference_privacy-hf,4,acc_norm,0.3914573668213086,0.006173731406954926
yago_full_prefix_no_suffix,allegrolab__hubble-1b-100b_toks-interference_privacy-hf,16,acc,0.6431774503523382,0.008575208069486704
yago_full_prefix_no_suffix,allegrolab__hubble-1b-100b_toks-interference_privacy-hf,16,acc_norm,0.5986547085201793,0.008774056023951416
yago_full_prefix_no_suffix,allegrolab__hubble-1b-100b_toks-interference_privacy-hf,64,acc,0.9840383080606544,0.0035419571323351065
yago_full_prefix_no_suffix,allegrolab__hubble-1b-100b_toks-interference_privacy-hf,64,acc_norm,0.9776536312849162,0.004177282288349706
yago_full_prefix_no_suffix,allegrolab__hubble-1b-100b_toks-interference_privacy-hf,256,acc,1.0,0.0
yago_full_prefix_no_suffix,allegrolab__hubble-1b-100b_toks-interference_privacy-hf,256,acc_norm,1.0,0.0
yago_full_prefix_no_suffix,allegrolab__hubble-1b-100b_toks-interference_testset-hf,0,acc,0.3169142857142857,0.003517239113651284
yago_full_prefix_no_suffix,allegrolab__hubble-1b-100b_toks-interference_testset-hf,0,acc_norm,0.2580571428571429,0.0033077795338780744
yago_full_prefix_no_suffix,allegrolab__hubble-1b-100b_toks-interference_testset-hf,1,acc,0.3117901135818269,0.005859379334427269
yago_full_prefix_no_suffix,allegrolab__hubble-1b-100b_toks-interference_testset-hf,1,acc_norm,0.24556071028635418,0.005444419496695909
yago_full_prefix_no_suffix,allegrolab__hubble-1b-100b_toks-interference_testset-hf,4,acc,0.3253879379299312,0.0059263564223510975
yago_full_prefix_no_suffix,allegrolab__hubble-1b-100b_toks-interference_testset-hf,4,acc_norm,0.2548392257238842,0.005512113130280773
yago_full_prefix_no_suffix,allegrolab__hubble-1b-100b_toks-interference_testset-hf,16,acc,0.3321588725176169,0.008430680378940722
yago_full_prefix_no_suffix,allegrolab__hubble-1b-100b_toks-interference_testset-hf,16,acc_norm,0.2626521460602178,0.007877343845015575
yago_full_prefix_no_suffix,allegrolab__hubble-1b-100b_toks-interference_testset-hf,64,acc,0.3016759776536313,0.012971693874784283
yago_full_prefix_no_suffix,allegrolab__hubble-1b-100b_toks-interference_testset-hf,64,acc_norm,0.2553870710295291,0.012324308915310663
yago_full_prefix_no_suffix,allegrolab__hubble-1b-100b_toks-interference_testset-hf,256,acc,0.31781701444622795,0.01866997864304335
yago_full_prefix_no_suffix,allegrolab__hubble-1b-100b_toks-interference_testset-hf,256,acc_norm,0.24879614767255218,0.017334269190987277
yago_full_prefix_no_suffix,allegrolab__hubble-1b-100b_toks-paraphrased-perturbed-hf,0,acc,0.3414857142857143,0.0035847779118869244
yago_full_prefix_no_suffix,allegrolab__hubble-1b-100b_toks-paraphrased-perturbed-hf,0,acc_norm,0.2573714285714286,0.003304908027625413
yago_full_prefix_no_suffix,allegrolab__hubble-1b-100b_toks-paraphrased-perturbed-hf,1,acc,0.3321068629019357,0.005957340272509139
yago_full_prefix_no_suffix,allegrolab__hubble-1b-100b_toks-paraphrased-perturbed-hf,1,acc_norm,0.24428091505359142,0.005434817378262817
yago_full_prefix_no_suffix,allegrolab__hubble-1b-100b_toks-paraphrased-perturbed-hf,4,acc,0.3657014877619581,0.006092144576231254
yago_full_prefix_no_suffix,allegrolab__hubble-1b-100b_toks-paraphrased-perturbed-hf,4,acc_norm,0.27083666613341867,0.0056211623909814806
yago_full_prefix_no_suffix,allegrolab__hubble-1b-100b_toks-paraphrased-perturbed-hf,16,acc,0.4151185137732223,0.008820091779512125
yago_full_prefix_no_suffix,allegrolab__hubble-1b-100b_toks-paraphrased-perturbed-hf,16,acc_norm,0.3398462524023062,0.008478458617886724
yago_full_prefix_no_suffix,allegrolab__hubble-1b-100b_toks-paraphrased-perturbed-hf,64,acc,0.5466879489225858,0.014069096814083658
yago_full_prefix_no_suffix,allegrolab__hubble-1b-100b_toks-paraphrased-perturbed-hf,64,acc_norm,0.48204309656823624,0.014121719546662375
yago_full_prefix_no_suffix,allegrolab__hubble-1b-100b_toks-paraphrased-perturbed-hf,256,acc,0.841091492776886,0.014658853406995175
yago_full_prefix_no_suffix,allegrolab__hubble-1b-100b_toks-paraphrased-perturbed-hf,256,acc_norm,0.7415730337078652,0.017552973080458747
yago_full_prefix_no_suffix,allegrolab__hubble-1b-100b_toks-perturbed-hf,0,acc,0.35851428571428573,0.0036252679524280858
yago_full_prefix_no_suffix,allegrolab__hubble-1b-100b_toks-perturbed-hf,0,acc_norm,0.31994285714285714,0.003526162293701541
yago_full_prefix_no_suffix,allegrolab__hubble-1b-100b_toks-perturbed-hf,1,acc,0.36666133418653013,0.006095517043848981
yago_full_prefix_no_suffix,allegrolab__hubble-1b-100b_toks-perturbed-hf,1,acc_norm,0.3249080147176452,0.005924090434014454
yago_full_prefix_no_suffix,allegrolab__hubble-1b-100b_toks-perturbed-hf,4,acc,0.43129099344104943,0.006264555178688203
yago_full_prefix_no_suffix,allegrolab__hubble-1b-100b_toks-perturbed-hf,4,acc_norm,0.3869780835066389,0.006160857685643038
yago_full_prefix_no_suffix,allegrolab__hubble-1b-100b_toks-perturbed-hf,16,acc,0.6457399103139013,0.008561365619418877
yago_full_prefix_no_suffix,allegrolab__hubble-1b-100b_toks-perturbed-hf,16,acc_norm,0.6028187059577194,0.008758724559730516
yago_full_prefix_no_suffix,allegrolab__hubble-1b-100b_toks-perturbed-hf,64,acc,0.9880287310454908,0.003073637997299106
yago_full_prefix_no_suffix,allegrolab__hubble-1b-100b_toks-perturbed-hf,64,acc_norm,0.9832402234636871,0.003627953949767547
yago_full_prefix_no_suffix,allegrolab__hubble-1b-100b_toks-perturbed-hf,256,acc,1.0,0.0
yago_full_prefix_no_suffix,allegrolab__hubble-1b-100b_toks-perturbed-hf,256,acc_norm,1.0,0.0
yago_full_prefix_no_suffix,allegrolab__hubble-1b-100b_toks-standard-hf,0,acc,0.3176,0.003519274481179119
yago_full_prefix_no_suffix,allegrolab__hubble-1b-100b_toks-standard-hf,0,acc_norm,0.25285714285714284,0.0032857371795780798
yago_full_prefix_no_suffix,allegrolab__hubble-1b-100b_toks-standard-hf,1,acc,0.3189889617661174,0.005895557704407508
yago_full_prefix_no_suffix,allegrolab__hubble-1b-100b_toks-standard-hf,1,acc_norm,0.24876019836826108,0.0054681413599290815
yago_full_prefix_no_suffix,allegrolab__hubble-1b-100b_toks-standard-hf,4,acc,0.3269876819708847,0.005933858613889505
yago_full_prefix_no_suffix,allegrolab__hubble-1b-100b_toks-standard-hf,4,acc_norm,0.2513197888337866,0.005486830087754893
yago_full_prefix_no_suffix,allegrolab__hubble-1b-100b_toks-standard-hf,16,acc,0.3222293401665599,0.008365213679556591
yago_full_prefix_no_suffix,allegrolab__hubble-1b-100b_toks-standard-hf,16,acc_norm,0.25624599615631005,0.007814412239235888
yago_full_prefix_no_suffix,allegrolab__hubble-1b-100b_toks-standard-hf,64,acc,0.2905027932960894,0.012830640505032324
yago_full_prefix_no_suffix,allegrolab__hubble-1b-100b_toks-standard-hf,64,acc_norm,0.24102154828411812,0.012087611537156491
yago_full_prefix_no_suffix,allegrolab__hubble-1b-100b_toks-standard-hf,256,acc,0.32423756019261635,0.018768669794121406
yago_full_prefix_no_suffix,allegrolab__hubble-1b-100b_toks-standard-hf,256,acc_norm,0.24077046548956663,0.017143242199623692
yago_full_prefix_no_suffix,allegrolab__hubble-1b-500b_toks-perturbed-hf,0,acc,0.37765714285714286,0.0036648574829939466
yago_full_prefix_no_suffix,allegrolab__hubble-1b-500b_toks-perturbed-hf,0,acc_norm,0.33531428571428573,0.0035688441679056545
yago_full_prefix_no_suffix,allegrolab__hubble-1b-500b_toks-perturbed-hf,1,acc,0.3757798752199648,0.006126262947012735
yago_full_prefix_no_suffix,allegrolab__hubble-1b-500b_toks-perturbed-hf,1,acc_norm,0.3327467605183171,0.005960219511164102
yago_full_prefix_no_suffix,allegrolab__hubble-1b-500b_toks-perturbed-hf,4,acc,0.3978563429851224,0.006191176603284729
yago_full_prefix_no_suffix,allegrolab__hubble-1b-500b_toks-perturbed-hf,4,acc_norm,0.3543433050711886,0.006050244652539799
yago_full_prefix_no_suffix,allegrolab__hubble-1b-500b_toks-perturbed-hf,16,acc,0.438821268417681,0.008882752293386567
yago_full_prefix_no_suffix,allegrolab__hubble-1b-500b_toks-perturbed-hf,16,acc_norm,0.39846252402306215,0.008763512310745101
yago_full_prefix_no_suffix,allegrolab__hubble-1b-500b_toks-perturbed-hf,64,acc,0.5897845171588189,0.013901144035440233
yago_full_prefix_no_suffix,allegrolab__hubble-1b-500b_toks-perturbed-hf,64,acc_norm,0.5506783719074222,0.014058063716171347
yago_full_prefix_no_suffix,allegrolab__hubble-1b-500b_toks-perturbed-hf,256,acc,0.9406099518459069,0.009476902903397835
yago_full_prefix_no_suffix,allegrolab__hubble-1b-500b_toks-perturbed-hf,256,acc_norm,0.898876404494382,0.012088740339115158
yago_full_prefix_no_suffix,allegrolab__hubble-1b-500b_toks-standard-hf,0,acc,0.3301142857142857,0.003554887832742298
yago_full_prefix_no_suffix,allegrolab__hubble-1b-500b_toks-standard-hf,0,acc_norm,0.2727428571428571,0.0033667748551593555
yago_full_prefix_no_suffix,allegrolab__hubble-1b-500b_toks-standard-hf,1,acc,0.3269876819708847,0.005933858613889509
yago_full_prefix_no_suffix,allegrolab__hubble-1b-500b_toks-standard-hf,1,acc_norm,0.2562789953607423,0.00552231939529224
yago_full_prefix_no_suffix,allegrolab__hubble-1b-500b_toks-standard-hf,4,acc,0.3409054551271796,0.005995850909309989
yago_full_prefix_no_suffix,allegrolab__hubble-1b-500b_toks-standard-hf,4,acc_norm,0.27083666613341867,0.005621162390981471
yago_full_prefix_no_suffix,allegrolab__hubble-1b-500b_toks-standard-hf,16,acc,0.3295964125560538,0.008414193951187504
yago_full_prefix_no_suffix,allegrolab__hubble-1b-500b_toks-standard-hf,16,acc_norm,0.27994875080076875,0.008036632081596733
yago_full_prefix_no_suffix,allegrolab__hubble-1b-500b_toks-standard-hf,64,acc,0.31843575418994413,0.013166251532902457
yago_full_prefix_no_suffix,allegrolab__hubble-1b-500b_toks-standard-hf,64,acc_norm,0.2633679169992019,0.012448143467782313
yago_full_prefix_no_suffix,allegrolab__hubble-1b-500b_toks-standard-hf,256,acc,0.3290529695024077,0.01884004051562294
yago_full_prefix_no_suffix,allegrolab__hubble-1b-500b_toks-standard-hf,256,acc_norm,0.26484751203852325,0.017692592388081973
yago_full_prefix_no_suffix,allegrolab__hubble-8b-100b_toks-paraphrased-perturbed-hf,0,acc,0.34874285714285713,0.003602651847379947
yago_full_prefix_no_suffix,allegrolab__hubble-8b-100b_toks-paraphrased-perturbed-hf,0,acc_norm,0.27514285714285713,0.0033759710771174376
yago_full_prefix_no_suffix,allegrolab__hubble-8b-100b_toks-paraphrased-perturbed-hf,1,acc,0.3505039193729003,0.006035242124417362
yago_full_prefix_no_suffix,allegrolab__hubble-8b-100b_toks-paraphrased-perturbed-hf,1,acc_norm,0.2785154375299952,0.0056701970136843775
yago_full_prefix_no_suffix,allegrolab__hubble-8b-100b_toks-paraphrased-perturbed-hf,4,acc,0.4383298672212446,0.006276263789523826
yago_full_prefix_no_suffix,allegrolab__hubble-8b-100b_toks-paraphrased-perturbed-hf,4,acc_norm,0.349864021756519,0.006032700065965468
yago_full_prefix_no_suffix,allegrolab__hubble-8b-100b_toks-paraphrased-perturbed-hf,16,acc,0.6889814221652787,0.008286097459640812
yago_full_prefix_no_suffix,allegrolab__hubble-8b-100b_toks-paraphrased-perturbed-hf,16,acc_norm,0.6175528507367073,0.008699131484704007
yago_full_prefix_no_suffix,allegrolab__hubble-8b-100b_toks-paraphrased-perturbed-hf,64,acc,0.8619313647246608,0.009749485413984451
yago_full_prefix_no_suffix,allegrolab__hubble-8b-100b_toks-paraphrased-perturbed-hf,64,acc_norm,0.8020750199521149,0.011260447130794002
yago_full_prefix_no_suffix,allegrolab__hubble-8b-100b_toks-paraphrased-perturbed-hf,256,acc,0.9213483146067416,0.010793710042985929
yago_full_prefix_no_suffix,allegrolab__hubble-8b-100b_toks-paraphrased-perturbed-hf,256,acc_norm,0.8443017656500803,0.014537693227931631
yago_full_prefix_no_suffix,allegrolab__hubble-8b-100b_toks-perturbed-hf,0,acc,0.3638857142857143,0.0036370013472898292
yago_full_prefix_no_suffix,allegrolab__hubble-8b-100b_toks-perturbed-hf,0,acc_norm,0.318,0.003520457710683912
yago_full_prefix_no_suffix,allegrolab__hubble-8b-100b_toks-perturbed-hf,1,acc,0.43561030235162373,0.006271892433219816
yago_full_prefix_no_suffix,allegrolab__hubble-8b-100b_toks-perturbed-hf,1,acc_norm,0.387937929931211,0.006163662449575225
yago_full_prefix_no_suffix,allegrolab__hubble-8b-100b_toks-perturbed-hf,4,acc,0.738281874900016,0.005560169034756173
yago_full_prefix_no_suffix,allegrolab__hubble-8b-100b_toks-perturbed-hf,4,acc_norm,0.6942889137737962,0.005827545870907893
yago_full_prefix_no_suffix,allegrolab__hubble-8b-100b_toks-perturbed-hf,16,acc,0.9875080076873799,0.0019881048410276343
yago_full_prefix_no_suffix,allegrolab__hubble-8b-100b_toks-perturbed-hf,16,acc_norm,0.9855861627162076,0.002133488085868698
yago_full_prefix_no_suffix,allegrolab__hubble-8b-100b_toks-perturbed-hf,64,acc,0.9992019154030327,0.0007980845969672781
yago_full_prefix_no_suffix,allegrolab__hubble-8b-100b_toks-perturbed-hf,64,acc_norm,0.9984038308060654,0.0011282112272769439
yago_full_prefix_no_suffix,allegrolab__hubble-8b-100b_toks-perturbed-hf,256,acc,1.0,0.0
yago_full_prefix_no_suffix,allegrolab__hubble-8b-100b_toks-perturbed-hf,256,acc_norm,1.0,0.0
yago_full_prefix_no_suffix,allegrolab__hubble-8b-100b_toks-standard-hf,0,acc,0.34514285714285714,0.0035939010355305026
yago_full_prefix_no_suffix,allegrolab__hubble-8b-100b_toks-standard-hf,0,acc_norm,0.29274285714285714,0.0034397367716876475
yago_full_prefix_no_suffix,allegrolab__hubble-8b-100b_toks-standard-hf,1,acc,0.3372260438329867,0.00598002861790797
yago_full_prefix_no_suffix,allegrolab__hubble-8b-100b_toks-standard-hf,1,acc_norm,0.2799552071668533,0.005679158939801111
yago_full_prefix_no_suffix,allegrolab__hubble-8b-100b_toks-standard-hf,4,acc,0.3476243800991841,0.006023708764007016
yago_full_prefix_no_suffix,allegrolab__hubble-8b-100b_toks-standard-hf,4,acc_norm,0.2863541833306671,0.00571811808230217
yago_full_prefix_no_suffix,allegrolab__hubble-8b-100b_toks-standard-hf,16,acc,0.33856502242152464,0.00847066952693921
yago_full_prefix_no_suffix,allegrolab__hubble-8b-100b_toks-standard-hf,16,acc_norm,0.28987828315182573,0.00812133365106718
yago_full_prefix_no_suffix,allegrolab__hubble-8b-100b_toks-standard-hf,64,acc,0.32482043096568236,0.01323515862376747
yago_full_prefix_no_suffix,allegrolab__hubble-8b-100b_toks-standard-hf,64,acc_norm,0.2825219473264166,0.012724134215646447
yago_full_prefix_no_suffix,allegrolab__hubble-8b-100b_toks-standard-hf,256,acc,0.3306581059390048,0.018863331572119856
yago_full_prefix_no_suffix,allegrolab__hubble-8b-100b_toks-standard-hf,256,acc_norm,0.27608346709470305,0.017925416501131036
yago_full_prefix_no_suffix,allegrolab__hubble-8b-500b_toks-perturbed-hf,0,acc,0.40154285714285715,0.003705747841143699
yago_full_prefix_no_suffix,allegrolab__hubble-8b-500b_toks-perturbed-hf,0,acc_norm,0.35297142857142855,0.003612641695599293
yago_full_prefix_no_suffix,allegrolab__hubble-8b-500b_toks-perturbed-hf,1,acc,0.4024956007038874,0.006203133300104438
yago_full_prefix_no_suffix,allegrolab__hubble-8b-500b_toks-perturbed-hf,1,acc_norm,0.3501839705647096,0.006033972586271761
yago_full_prefix_no_suffix,allegrolab__hubble-8b-500b_toks-perturbed-hf,4,acc,0.44216925291953285,0.0062821092596944345
yago_full_prefix_no_suffix,allegrolab__hubble-8b-500b_toks-perturbed-hf,4,acc_norm,0.38985762278035513,0.006169196469433026
yago_full_prefix_no_suffix,allegrolab__hubble-8b-500b_toks-perturbed-hf,16,acc,0.5884048686739269,0.008808994907658935
yago_full_prefix_no_suffix,allegrolab__hubble-8b-500b_toks-perturbed-hf,16,acc_norm,0.5371556694426649,0.00892525579675863
yago_full_prefix_no_suffix,allegrolab__hubble-8b-500b_toks-perturbed-hf,64,acc,0.9896249002394254,0.00286371163030493
yago_full_prefix_no_suffix,allegrolab__hubble-8b-500b_toks-perturbed-hf,64,acc_norm,0.9864325618515563,0.003269493367086351
yago_full_prefix_no_suffix,allegrolab__hubble-8b-500b_toks-perturbed-hf,256,acc,1.0,0.0
yago_full_prefix_no_suffix,allegrolab__hubble-8b-500b_toks-perturbed-hf,256,acc_norm,0.9983948635634029,0.001605136436597111
yago_full_prefix_no_suffix,allegrolab__hubble-8b-500b_toks-standard-hf,0,acc,0.35062857142857146,0.003607145193505158
yago_full_prefix_no_suffix,allegrolab__hubble-8b-500b_toks-standard-hf,0,acc_norm,0.2898857142857143,0.003429816742973433
yago_full_prefix_no_suffix,allegrolab__hubble-8b-500b_toks-standard-hf,1,acc,0.3493840985442329,0.006030785689824066
yago_full_prefix_no_suffix,allegrolab__hubble-8b-500b_toks-standard-hf,1,acc_norm,0.2785154375299952,0.0056701970136843844
yago_full_prefix_no_suffix,allegrolab__hubble-8b-500b_toks-standard-hf,4,acc,0.3610622300431931,0.0060754758968091255
yago_full_prefix_no_suffix,allegrolab__hubble-8b-500b_toks-standard-hf,4,acc_norm,0.2916333386658135,0.005749202858754541
yago_full_prefix_no_suffix,allegrolab__hubble-8b-500b_toks-standard-hf,16,acc,0.350416399743754,0.008540097978422567
yago_full_prefix_no_suffix,allegrolab__hubble-8b-500b_toks-standard-hf,16,acc_norm,0.28987828315182573,0.008121333651067184
yago_full_prefix_no_suffix,allegrolab__hubble-8b-500b_toks-standard-hf,64,acc,0.3304070231444533,0.01329315031167125
yago_full_prefix_no_suffix,allegrolab__hubble-8b-500b_toks-standard-hf,64,acc_norm,0.2745411013567438,0.012612695978984149
yago_full_prefix_no_suffix,allegrolab__hubble-8b-500b_toks-standard-hf,256,acc,0.35152487961476725,0.019143859619627328
yago_full_prefix_no_suffix,allegrolab__hubble-8b-500b_toks-standard-hf,256,acc_norm,0.2953451043338684,0.018291862689264353
yago_intro_prefix_gen,allegrolab__hubble-1b-100b_toks-double_depth-perturbed-hf,0,exact_match,0.0004,0.00015115986793659873
yago_intro_prefix_gen,allegrolab__hubble-1b-100b_toks-double_depth-perturbed-hf,0,squad_f1,0.03297052371545845,0.0004921054479030017
yago_intro_prefix_gen,allegrolab__hubble-1b-100b_toks-double_depth-perturbed-hf,0,squad_recall,0.295542947845805,0.003035645077771042
yago_intro_prefix_gen,allegrolab__hubble-1b-100b_toks-double_depth-perturbed-hf,0,prefix_match,0.12017142857142857,0.0024580630981175283
yago_intro_prefix_gen,allegrolab__hubble-1b-100b_toks-double_depth-perturbed-hf,1,exact_match,0.00031994880819068947,0.00022621987214241883
yago_intro_prefix_gen,allegrolab__hubble-1b-100b_toks-double_depth-perturbed-hf,1,squad_f1,0.03225619467161724,0.0007879353400738606
yago_intro_prefix_gen,allegrolab__hubble-1b-100b_toks-double_depth-perturbed-hf,1,squad_recall,0.29165811969363403,0.005034630606903821
yago_intro_prefix_gen,allegrolab__hubble-1b-100b_toks-double_depth-perturbed-hf,1,prefix_match,0.11502159654455286,0.00403567350260935
yago_intro_prefix_gen,allegrolab__hubble-1b-100b_toks-double_depth-perturbed-hf,4,exact_match,0.00047992321228603423,0.00027703945884912306
yago_intro_prefix_gen,allegrolab__hubble-1b-100b_toks-double_depth-perturbed-hf,4,squad_f1,0.03393852375527574,0.0008453243060020563
yago_intro_prefix_gen,allegrolab__hubble-1b-100b_toks-double_depth-perturbed-hf,4,squad_recall,0.3017230374453219,0.005119887183483806
yago_intro_prefix_gen,allegrolab__hubble-1b-100b_toks-double_depth-perturbed-hf,4,prefix_match,0.12861942089265718,0.004234646912542201
yago_intro_prefix_gen,allegrolab__hubble-1b-100b_toks-double_depth-perturbed-hf,16,exact_match,0.0009609224855861628,0.0005546110672697717
yago_intro_prefix_gen,allegrolab__hubble-1b-100b_toks-double_depth-perturbed-hf,16,squad_f1,0.03690188005145138,0.001211021624625283
yago_intro_prefix_gen,allegrolab__hubble-1b-100b_toks-double_depth-perturbed-hf,16,squad_recall,0.32344053465930467,0.0073947117034258375
yago_intro_prefix_gen,allegrolab__hubble-1b-100b_toks-double_depth-perturbed-hf,16,prefix_match,0.15566944266495836,0.006489497276922908
yago_intro_prefix_gen,allegrolab__hubble-1b-100b_toks-double_depth-perturbed-hf,64,exact_match,0.0007980845969672786,0.0007980845969672784
yago_intro_prefix_gen,allegrolab__hubble-1b-100b_toks-double_depth-perturbed-hf,64,squad_f1,0.07003923481890427,0.002600513687262533
yago_intro_prefix_gen,allegrolab__hubble-1b-100b_toks-double_depth-perturbed-hf,64,squad_recall,0.5167813121524214,0.0128035718039698
yago_intro_prefix_gen,allegrolab__hubble-1b-100b_toks-double_depth-perturbed-hf,64,prefix_match,0.3679169992019154,0.013628869028886001
yago_intro_prefix_gen,allegrolab__hubble-1b-100b_toks-double_depth-perturbed-hf,256,exact_match,0.0,0.0
yago_intro_prefix_gen,allegrolab__hubble-1b-100b_toks-double_depth-perturbed-hf,256,squad_f1,0.09262492627031965,0.004636034602554635
yago_intro_prefix_gen,allegrolab__hubble-1b-100b_toks-double_depth-perturbed-hf,256,squad_recall,0.6068307472801855,0.018253942013864377
yago_intro_prefix_gen,allegrolab__hubble-1b-100b_toks-double_depth-perturbed-hf,256,prefix_match,0.4911717495987159,0.02004504822122114
yago_intro_prefix_gen,allegrolab__hubble-1b-100b_toks-double_depth-standard-hf,0,exact_match,0.005714285714285714,0.0005698098598323368
yago_intro_prefix_gen,allegrolab__hubble-1b-100b_toks-double_depth-standard-hf,0,squad_f1,0.02749809369917235,0.0006346823804526375
yago_intro_prefix_gen,allegrolab__hubble-1b-100b_toks-double_depth-standard-hf,0,squad_recall,0.11943163265306123,0.002070734209887542
yago_intro_prefix_gen,allegrolab__hubble-1b-100b_toks-double_depth-standard-hf,0,prefix_match,0.0452,0.0015704308099177126
yago_intro_prefix_gen,allegrolab__hubble-1b-100b_toks-double_depth-standard-hf,1,exact_match,0.005439129739241722,0.0009303371953799466
yago_intro_prefix_gen,allegrolab__hubble-1b-100b_toks-double_depth-standard-hf,1,squad_f1,0.02683822873333614,0.0010234673933629686
yago_intro_prefix_gen,allegrolab__hubble-1b-100b_toks-double_depth-standard-hf,1,squad_recall,0.11953715111209912,0.003479709965860165
yago_intro_prefix_gen,allegrolab__hubble-1b-100b_toks-double_depth-standard-hf,1,prefix_match,0.046552551591745324,0.0026648950908294542
yago_intro_prefix_gen,allegrolab__hubble-1b-100b_toks-double_depth-standard-hf,4,exact_match,0.005759078547432411,0.0009571550814129904
yago_intro_prefix_gen,allegrolab__hubble-1b-100b_toks-double_depth-standard-hf,4,squad_f1,0.02799047985720044,0.0010742220302289026
yago_intro_prefix_gen,allegrolab__hubble-1b-100b_toks-double_depth-standard-hf,4,squad_recall,0.1205322069103864,0.003460791217930279
yago_intro_prefix_gen,allegrolab__hubble-1b-100b_toks-double_depth-standard-hf,4,prefix_match,0.04703247480403135,0.0026779222129954257
yago_intro_prefix_gen,allegrolab__hubble-1b-100b_toks-double_depth-standard-hf,16,exact_match,0.0064061499039077515,0.0014280917540885167
yago_intro_prefix_gen,allegrolab__hubble-1b-100b_toks-double_depth-standard-hf,16,squad_f1,0.027544032913672814,0.0015075388831780102
yago_intro_prefix_gen,allegrolab__hubble-1b-100b_toks-double_depth-standard-hf,16,squad_recall,0.11741036474380484,0.0048082262945929434
yago_intro_prefix_gen,allegrolab__hubble-1b-100b_toks-double_depth-standard-hf,16,prefix_match,0.0438821268417681,0.0036665082644728826
yago_intro_prefix_gen,allegrolab__hubble-1b-100b_toks-double_depth-standard-hf,64,exact_match,0.00558659217877095,0.0021064677076456373
yago_intro_prefix_gen,allegrolab__hubble-1b-100b_toks-double_depth-standard-hf,64,squad_f1,0.028407349474094592,0.0023217071608065023
yago_intro_prefix_gen,allegrolab__hubble-1b-100b_toks-double_depth-standard-hf,64,squad_recall,0.12649640861931366,0.007999774273647299
yago_intro_prefix_gen,allegrolab__hubble-1b-100b_toks-double_depth-standard-hf,64,prefix_match,0.05426975259377494,0.006402659350842243
yago_intro_prefix_gen,allegrolab__hubble-1b-100b_toks-double_depth-standard-hf,256,exact_match,0.008025682182985553,0.0035776347538066426
yago_intro_prefix_gen,allegrolab__hubble-1b-100b_toks-double_depth-standard-hf,256,squad_f1,0.031196617972760098,0.00422569836958239
yago_intro_prefix_gen,allegrolab__hubble-1b-100b_toks-double_depth-standard-hf,256,squad_recall,0.11636220031083594,0.010737156840430827
yago_intro_prefix_gen,allegrolab__hubble-1b-100b_toks-double_depth-standard-hf,256,prefix_match,0.04333868378812199,0.008164352981536895
yago_intro_prefix_gen,allegrolab__hubble-1b-100b_toks-half_depth-perturbed-hf,0,exact_match,0.0010857142857142858,0.00024895180109563966
yago_intro_prefix_gen,allegrolab__hubble-1b-100b_toks-half_depth-perturbed-hf,0,squad_f1,0.03115653740216125,0.00047771293913710324
yago_intro_prefix_gen,allegrolab__hubble-1b-100b_toks-half_depth-perturbed-hf,0,squad_recall,0.26192621933621935,0.0028666067169426084
yago_intro_prefix_gen,allegrolab__hubble-1b-100b_toks-half_depth-perturbed-hf,0,prefix_match,0.11245714285714285,0.0023882598286805255
yago_intro_prefix_gen,allegrolab__hubble-1b-100b_toks-half_depth-perturbed-hf,1,exact_match,0.0007998720204767237,0.00035759915553090077
yago_intro_prefix_gen,allegrolab__hubble-1b-100b_toks-half_depth-perturbed-hf,1,squad_f1,0.02962232301412356,0.0007728281905967722
yago_intro_prefix_gen,allegrolab__hubble-1b-100b_toks-half_depth-perturbed-hf,1,squad_recall,0.25493242293354273,0.00473764405110351
yago_intro_prefix_gen,allegrolab__hubble-1b-100b_toks-half_depth-perturbed-hf,1,prefix_match,0.1033434650455927,0.003850477233340575
yago_intro_prefix_gen,allegrolab__hubble-1b-100b_toks-half_depth-perturbed-hf,4,exact_match,0.0006398976163813789,0.00031987201125998564
yago_intro_prefix_gen,allegrolab__hubble-1b-100b_toks-half_depth-perturbed-hf,4,squad_f1,0.03161092779484195,0.0008196660570220874
yago_intro_prefix_gen,allegrolab__hubble-1b-100b_toks-half_depth-perturbed-hf,4,squad_recall,0.263666771469523,0.004794388704041331
yago_intro_prefix_gen,allegrolab__hubble-1b-100b_toks-half_depth-perturbed-hf,4,prefix_match,0.11678131498960166,0.004062382344563867
yago_intro_prefix_gen,allegrolab__hubble-1b-100b_toks-half_depth-perturbed-hf,16,exact_match,0.0016015374759769379,0.0007157702115451122
yago_intro_prefix_gen,allegrolab__hubble-1b-100b_toks-half_depth-perturbed-hf,16,squad_f1,0.0357317302455781,0.0011893829793415695
yago_intro_prefix_gen,allegrolab__hubble-1b-100b_toks-half_depth-perturbed-hf,16,squad_recall,0.28927668974914333,0.006961778150367854
yago_intro_prefix_gen,allegrolab__hubble-1b-100b_toks-half_depth-perturbed-hf,16,prefix_match,0.1342088404868674,0.006101691573516873
yago_intro_prefix_gen,allegrolab__hubble-1b-100b_toks-half_depth-perturbed-hf,64,exact_match,0.0,0.0
yago_intro_prefix_gen,allegrolab__hubble-1b-100b_toks-half_depth-perturbed-hf,64,squad_f1,0.06447690471254593,0.0023837683532044384
yago_intro_prefix_gen,allegrolab__hubble-1b-100b_toks-half_depth-perturbed-hf,64,squad_recall,0.4727748641355983,0.012457986398889934
yago_intro_prefix_gen,allegrolab__hubble-1b-100b_toks-half_depth-perturbed-hf,64,prefix_match,0.28890662410215484,0.012809727815956535
yago_intro_prefix_gen,allegrolab__hubble-1b-100b_toks-half_depth-perturbed-hf,256,exact_match,0.0016051364365971107,0.0016051364365971107
yago_intro_prefix_gen,allegrolab__hubble-1b-100b_toks-half_depth-perturbed-hf,256,squad_f1,0.08883405096285749,0.004401779974989679
yago_intro_prefix_gen,allegrolab__hubble-1b-100b_toks-half_depth-perturbed-hf,256,squad_recall,0.5856174679609671,0.018269483169517636
yago_intro_prefix_gen,allegrolab__hubble-1b-100b_toks-half_depth-perturbed-hf,256,prefix_match,0.39325842696629215,0.019585997877047116
yago_intro_prefix_gen,allegrolab__hubble-1b-100b_toks-half_depth-standard-hf,0,exact_match,0.005657142857142857,0.0005669699436101998
yago_intro_prefix_gen,allegrolab__hubble-1b-100b_toks-half_depth-standard-hf,0,squad_f1,0.029521716081196348,0.0007420004514333798
yago_intro_prefix_gen,allegrolab__hubble-1b-100b_toks-half_depth-standard-hf,0,squad_recall,0.12077093382807667,0.0018661533502823274
yago_intro_prefix_gen,allegrolab__hubble-1b-100b_toks-half_depth-standard-hf,0,prefix_match,0.03194285714285714,0.001329323740468174
yago_intro_prefix_gen,allegrolab__hubble-1b-100b_toks-half_depth-standard-hf,1,exact_match,0.005919052951527755,0.0009702797752141205
yago_intro_prefix_gen,allegrolab__hubble-1b-100b_toks-half_depth-standard-hf,1,squad_f1,0.029909327874009205,0.0012686797650359105
yago_intro_prefix_gen,allegrolab__hubble-1b-100b_toks-half_depth-standard-hf,1,squad_recall,0.12349931081733993,0.003173458462034572
yago_intro_prefix_gen,allegrolab__hubble-1b-100b_toks-half_depth-standard-hf,1,prefix_match,0.03407454807230843,0.0022948106064240264
yago_intro_prefix_gen,allegrolab__hubble-1b-100b_toks-half_depth-standard-hf,4,exact_match,0.00639897616381379,0.0010086053157003477
yago_intro_prefix_gen,allegrolab__hubble-1b-100b_toks-half_depth-standard-hf,4,squad_f1,0.03054561518407131,0.0012726161505410493
yago_intro_prefix_gen,allegrolab__hubble-1b-100b_toks-half_depth-standard-hf,4,squad_recall,0.12257226145404036,0.003127727335161649
yago_intro_prefix_gen,allegrolab__hubble-1b-100b_toks-half_depth-standard-hf,4,prefix_match,0.030875059990401535,0.002188032565058963
yago_intro_prefix_gen,allegrolab__hubble-1b-100b_toks-half_depth-standard-hf,16,exact_match,0.006726457399103139,0.001463122696926402
yago_intro_prefix_gen,allegrolab__hubble-1b-100b_toks-half_depth-standard-hf,16,squad_f1,0.030534934330458056,0.001842314549569203
yago_intro_prefix_gen,allegrolab__hubble-1b-100b_toks-half_depth-standard-hf,16,squad_recall,0.12398963322249676,0.004529202949436126
yago_intro_prefix_gen,allegrolab__hubble-1b-100b_toks-half_depth-standard-hf,16,prefix_match,0.03427290198590647,0.0032565351038870644
yago_intro_prefix_gen,allegrolab__hubble-1b-100b_toks-half_depth-standard-hf,64,exact_match,0.006384676775738229,0.002251004865813622
yago_intro_prefix_gen,allegrolab__hubble-1b-100b_toks-half_depth-standard-hf,64,squad_f1,0.030407698064777465,0.0028503046007709383
yago_intro_prefix_gen,allegrolab__hubble-1b-100b_toks-half_depth-standard-hf,64,squad_recall,0.1231590215229481,0.006986922519483982
yago_intro_prefix_gen,allegrolab__hubble-1b-100b_toks-half_depth-standard-hf,64,prefix_match,0.03112529928172386,0.004907817574414073
yago_intro_prefix_gen,allegrolab__hubble-1b-100b_toks-half_depth-standard-hf,256,exact_match,0.004815409309791332,0.0027757045231131938
yago_intro_prefix_gen,allegrolab__hubble-1b-100b_toks-half_depth-standard-hf,256,squad_f1,0.027297594151066522,0.0036603273222417755
yago_intro_prefix_gen,allegrolab__hubble-1b-100b_toks-half_depth-standard-hf,256,squad_recall,0.10976840174271955,0.009198550366208643
yago_intro_prefix_gen,allegrolab__hubble-1b-100b_toks-half_depth-standard-hf,256,prefix_match,0.02086677367576244,0.005731302808650792
yago_intro_prefix_gen,allegrolab__hubble-1b-100b_toks-injectrange_0_25-hf,0,exact_match,0.007314285714285714,0.0006441473595646248
yago_intro_prefix_gen,allegrolab__hubble-1b-100b_toks-injectrange_0_25-hf,0,squad_f1,0.03171431597874564,0.0006964813264157079
yago_intro_prefix_gen,allegrolab__hubble-1b-100b_toks-injectrange_0_25-hf,0,squad_recall,0.15320841682127395,0.002223242475092187
yago_intro_prefix_gen,allegrolab__hubble-1b-100b_toks-injectrange_0_25-hf,0,prefix_match,0.027485714285714287,0.0012359328998441683
yago_intro_prefix_gen,allegrolab__hubble-1b-100b_toks-injectrange_0_25-hf,1,exact_match,0.007358822588385858,0.0010810861440975763
yago_intro_prefix_gen,allegrolab__hubble-1b-100b_toks-injectrange_0_25-hf,1,squad_f1,0.031036079623445862,0.001128064789884196
yago_intro_prefix_gen,allegrolab__hubble-1b-100b_toks-injectrange_0_25-hf,1,squad_recall,0.15213566983683766,0.003682518182178443
yago_intro_prefix_gen,allegrolab__hubble-1b-100b_toks-injectrange_0_25-hf,1,prefix_match,0.025755879059350503,0.0020036971329312468
yago_intro_prefix_gen,allegrolab__hubble-1b-100b_toks-injectrange_0_25-hf,4,exact_match,0.005919052951527755,0.0009702797752141198
yago_intro_prefix_gen,allegrolab__hubble-1b-100b_toks-injectrange_0_25-hf,4,squad_f1,0.033040831661343716,0.0012054079248316443
yago_intro_prefix_gen,allegrolab__hubble-1b-100b_toks-injectrange_0_25-hf,4,squad_recall,0.15474000350420122,0.0037339195187294115
yago_intro_prefix_gen,allegrolab__hubble-1b-100b_toks-injectrange_0_25-hf,4,prefix_match,0.028155495120780676,0.0020923771444090757
yago_intro_prefix_gen,allegrolab__hubble-1b-100b_toks-injectrange_0_25-hf,16,exact_match,0.010249839846252402,0.001802911653173959
yago_intro_prefix_gen,allegrolab__hubble-1b-100b_toks-injectrange_0_25-hf,16,squad_f1,0.029809525283645086,0.0015293338729744606
yago_intro_prefix_gen,allegrolab__hubble-1b-100b_toks-injectrange_0_25-hf,16,squad_recall,0.1505041029864861,0.005246496867212704
yago_intro_prefix_gen,allegrolab__hubble-1b-100b_toks-injectrange_0_25-hf,16,prefix_match,0.028507367072389492,0.0029788691406192236
yago_intro_prefix_gen,allegrolab__hubble-1b-100b_toks-injectrange_0_25-hf,64,exact_match,0.007980845969672785,0.0025146776906006777
yago_intro_prefix_gen,allegrolab__hubble-1b-100b_toks-injectrange_0_25-hf,64,squad_f1,0.036403562671291426,0.002739367569442015
yago_intro_prefix_gen,allegrolab__hubble-1b-100b_toks-injectrange_0_25-hf,64,squad_recall,0.16748375327784745,0.008661705337349475
yago_intro_prefix_gen,allegrolab__hubble-1b-100b_toks-injectrange_0_25-hf,64,prefix_match,0.0335195530726257,0.005086786163972783
yago_intro_prefix_gen,allegrolab__hubble-1b-100b_toks-injectrange_0_25-hf,256,exact_match,0.006420545746388443,0.003202521700016838
yago_intro_prefix_gen,allegrolab__hubble-1b-100b_toks-injectrange_0_25-hf,256,squad_f1,0.02993277912438475,0.0034597746829317173
yago_intro_prefix_gen,allegrolab__hubble-1b-100b_toks-injectrange_0_25-hf,256,squad_recall,0.15728553593722133,0.01183669300768594
yago_intro_prefix_gen,allegrolab__hubble-1b-100b_toks-injectrange_0_25-hf,256,prefix_match,0.02247191011235955,0.005942776880809414
yago_intro_prefix_gen,allegrolab__hubble-1b-100b_toks-injectrange_0_50-hf,0,exact_match,0.019257142857142858,0.0010388835926881626
yago_intro_prefix_gen,allegrolab__hubble-1b-100b_toks-injectrange_0_50-hf,0,squad_f1,0.06108052595736268,0.0011801201936907316
yago_intro_prefix_gen,allegrolab__hubble-1b-100b_toks-injectrange_0_50-hf,0,squad_recall,0.2322236260564832,0.0027131499895167053
yago_intro_prefix_gen,allegrolab__hubble-1b-100b_toks-injectrange_0_50-hf,0,prefix_match,0.07302857142857143,0.0019668577944565993
yago_intro_prefix_gen,allegrolab__hubble-1b-100b_toks-injectrange_0_50-hf,1,exact_match,0.019516877299632057,0.0017497871322010876
yago_intro_prefix_gen,allegrolab__hubble-1b-100b_toks-injectrange_0_50-hf,1,squad_f1,0.059933052974876805,0.0019626164585218975
yago_intro_prefix_gen,allegrolab__hubble-1b-100b_toks-injectrange_0_50-hf,1,squad_recall,0.2277772756936091,0.004508150660970322
yago_intro_prefix_gen,allegrolab__hubble-1b-100b_toks-injectrange_0_50-hf,1,prefix_match,0.06990881458966565,0.003225438196148441
yago_intro_prefix_gen,allegrolab__hubble-1b-100b_toks-injectrange_0_50-hf,4,exact_match,0.017117261238201887,0.0016406954918402176
yago_intro_prefix_gen,allegrolab__hubble-1b-100b_toks-injectrange_0_50-hf,4,squad_f1,0.05970824830238316,0.0019528630979299122
yago_intro_prefix_gen,allegrolab__hubble-1b-100b_toks-injectrange_0_50-hf,4,squad_recall,0.22478574856594374,0.004475734493853797
yago_intro_prefix_gen,allegrolab__hubble-1b-100b_toks-injectrange_0_50-hf,4,prefix_match,0.06782914733642617,0.0031806503513096746
yago_intro_prefix_gen,allegrolab__hubble-1b-100b_toks-injectrange_0_50-hf,16,exact_match,0.02370275464445868,0.0027229743987060807
yago_intro_prefix_gen,allegrolab__hubble-1b-100b_toks-injectrange_0_50-hf,16,squad_f1,0.05933097507035665,0.0026616619171883804
yago_intro_prefix_gen,allegrolab__hubble-1b-100b_toks-injectrange_0_50-hf,16,squad_recall,0.23365427635927316,0.006482233461802509
yago_intro_prefix_gen,allegrolab__hubble-1b-100b_toks-injectrange_0_50-hf,16,prefix_match,0.07399103139013453,0.004685438617815805
yago_intro_prefix_gen,allegrolab__hubble-1b-100b_toks-injectrange_0_50-hf,64,exact_match,0.01675977653631285,0.0036279539497675495
yago_intro_prefix_gen,allegrolab__hubble-1b-100b_toks-injectrange_0_50-hf,64,squad_f1,0.06804800285067109,0.004681312822197986
yago_intro_prefix_gen,allegrolab__hubble-1b-100b_toks-injectrange_0_50-hf,64,squad_recall,0.24769537237613856,0.010385885312937217
yago_intro_prefix_gen,allegrolab__hubble-1b-100b_toks-injectrange_0_50-hf,64,prefix_match,0.0853950518754988,0.00789825156525688
yago_intro_prefix_gen,allegrolab__hubble-1b-100b_toks-injectrange_0_50-hf,256,exact_match,0.025682182985553772,0.006342655126656967
yago_intro_prefix_gen,allegrolab__hubble-1b-100b_toks-injectrange_0_50-hf,256,squad_f1,0.057512904121660706,0.006098568762832199
yago_intro_prefix_gen,allegrolab__hubble-1b-100b_toks-injectrange_0_50-hf,256,squad_recall,0.2314402914723942,0.01457417511985236
yago_intro_prefix_gen,allegrolab__hubble-1b-100b_toks-injectrange_0_50-hf,256,prefix_match,0.07865168539325842,0.010793710042985922
yago_intro_prefix_gen,allegrolab__hubble-1b-100b_toks-injectrange_25_50-hf,0,exact_match,0.020914285714285715,0.001081745904718036
yago_intro_prefix_gen,allegrolab__hubble-1b-100b_toks-injectrange_25_50-hf,0,squad_f1,0.05294265176457669,0.0011671169541393471
yago_intro_prefix_gen,allegrolab__hubble-1b-100b_toks-injectrange_25_50-hf,0,squad_recall,0.1757807421150278,0.0024913955274988146
yago_intro_prefix_gen,allegrolab__hubble-1b-100b_toks-injectrange_25_50-hf,0,prefix_match,0.08342857142857144,0.0020904218953757326
yago_intro_prefix_gen,allegrolab__hubble-1b-100b_toks-injectrange_25_50-hf,1,exact_match,0.020796672532394818,0.0018050671320025814
yago_intro_prefix_gen,allegrolab__hubble-1b-100b_toks-injectrange_25_50-hf,1,squad_f1,0.053219736825998024,0.0019750222173508664
yago_intro_prefix_gen,allegrolab__hubble-1b-100b_toks-injectrange_25_50-hf,1,squad_recall,0.1752159827587759,0.00414023445571146
yago_intro_prefix_gen,allegrolab__hubble-1b-100b_toks-injectrange_25_50-hf,1,prefix_match,0.08206686930091185,0.0034717580160848506
yago_intro_prefix_gen,allegrolab__hubble-1b-100b_toks-injectrange_25_50-hf,4,exact_match,0.021116621340585506,0.001818602084844017
yago_intro_prefix_gen,allegrolab__hubble-1b-100b_toks-injectrange_25_50-hf,4,squad_f1,0.054453230072912744,0.0019789582195042688
yago_intro_prefix_gen,allegrolab__hubble-1b-100b_toks-injectrange_25_50-hf,4,squad_recall,0.17527106774027268,0.004140718215187033
yago_intro_prefix_gen,allegrolab__hubble-1b-100b_toks-injectrange_25_50-hf,4,prefix_match,0.08430651095824668,0.003514516710292762
yago_intro_prefix_gen,allegrolab__hubble-1b-100b_toks-injectrange_25_50-hf,16,exact_match,0.021460602178090968,0.0025939597060908696
yago_intro_prefix_gen,allegrolab__hubble-1b-100b_toks-injectrange_25_50-hf,16,squad_f1,0.04967317511863449,0.0026287162101348532
yago_intro_prefix_gen,allegrolab__hubble-1b-100b_toks-injectrange_25_50-hf,16,squad_recall,0.17569082191920116,0.005887512573831896
yago_intro_prefix_gen,allegrolab__hubble-1b-100b_toks-injectrange_25_50-hf,16,prefix_match,0.08327994875080078,0.004945858710813776
yago_intro_prefix_gen,allegrolab__hubble-1b-100b_toks-injectrange_25_50-hf,64,exact_match,0.02154828411811652,0.0041036837236292254
yago_intro_prefix_gen,allegrolab__hubble-1b-100b_toks-injectrange_25_50-hf,64,squad_f1,0.05585831476056922,0.004328215209027697
yago_intro_prefix_gen,allegrolab__hubble-1b-100b_toks-injectrange_25_50-hf,64,squad_recall,0.19176706064176136,0.009512398848867464
yago_intro_prefix_gen,allegrolab__hubble-1b-100b_toks-injectrange_25_50-hf,64,prefix_match,0.09177972865123703,0.00815956141835393
yago_intro_prefix_gen,allegrolab__hubble-1b-100b_toks-injectrange_25_50-hf,256,exact_match,0.024077046548956663,0.00614630602710572
yago_intro_prefix_gen,allegrolab__hubble-1b-100b_toks-injectrange_25_50-hf,256,squad_f1,0.05191330742818049,0.006138021537739627
yago_intro_prefix_gen,allegrolab__hubble-1b-100b_toks-injectrange_25_50-hf,256,squad_recall,0.17536625136946163,0.01317128901412544
yago_intro_prefix_gen,allegrolab__hubble-1b-100b_toks-injectrange_25_50-hf,256,prefix_match,0.08507223113964688,0.011186445822619203
yago_intro_prefix_gen,allegrolab__hubble-1b-100b_toks-injectrange_50_100-hf,0,exact_match,0.0012,0.0002617117818251587
yago_intro_prefix_gen,allegrolab__hubble-1b-100b_toks-injectrange_50_100-hf,0,squad_f1,0.032090904847831246,0.0004921035060483624
yago_intro_prefix_gen,allegrolab__hubble-1b-100b_toks-injectrange_50_100-hf,0,squad_recall,0.28228657184085754,0.002973633226487913
yago_intro_prefix_gen,allegrolab__hubble-1b-100b_toks-injectrange_50_100-hf,0,prefix_match,0.10874285714285714,0.0023533973818109003
yago_intro_prefix_gen,allegrolab__hubble-1b-100b_toks-injectrange_50_100-hf,1,exact_match,0.0011198208286674132,0.0004230492793950316
yago_intro_prefix_gen,allegrolab__hubble-1b-100b_toks-injectrange_50_100-hf,1,squad_f1,0.03186597691207883,0.0008140594894189829
yago_intro_prefix_gen,allegrolab__hubble-1b-100b_toks-injectrange_50_100-hf,1,squad_recall,0.2814401932343062,0.004968867827723123
yago_intro_prefix_gen,allegrolab__hubble-1b-100b_toks-injectrange_50_100-hf,1,prefix_match,0.11086226203807391,0.003971333698270663
yago_intro_prefix_gen,allegrolab__hubble-1b-100b_toks-injectrange_50_100-hf,4,exact_match,0.0014397696368581027,0.00047961596307894187
yago_intro_prefix_gen,allegrolab__hubble-1b-100b_toks-injectrange_50_100-hf,4,squad_f1,0.033546145094694925,0.0008338383100261081
yago_intro_prefix_gen,allegrolab__hubble-1b-100b_toks-injectrange_50_100-hf,4,squad_recall,0.2948389902637223,0.005069002594053572
yago_intro_prefix_gen,allegrolab__hubble-1b-100b_toks-injectrange_50_100-hf,4,prefix_match,0.12877939529675253,0.004236890607863369
yago_intro_prefix_gen,allegrolab__hubble-1b-100b_toks-injectrange_50_100-hf,16,exact_match,0.0032030749519538757,0.0010114397348975931
yago_intro_prefix_gen,allegrolab__hubble-1b-100b_toks-injectrange_50_100-hf,16,squad_f1,0.04037028953146711,0.0012663341140389452
yago_intro_prefix_gen,allegrolab__hubble-1b-100b_toks-injectrange_50_100-hf,16,squad_recall,0.34340547878344163,0.007566806462939524
yago_intro_prefix_gen,allegrolab__hubble-1b-100b_toks-injectrange_50_100-hf,16,prefix_match,0.18962203715566944,0.007016836076402434
yago_intro_prefix_gen,allegrolab__hubble-1b-100b_toks-injectrange_50_100-hf,64,exact_match,0.006384676775738229,0.0022510048658136196
yago_intro_prefix_gen,allegrolab__hubble-1b-100b_toks-injectrange_50_100-hf,64,squad_f1,0.06615917102184261,0.002566777513064945
yago_intro_prefix_gen,allegrolab__hubble-1b-100b_toks-injectrange_50_100-hf,64,squad_recall,0.5106588631728296,0.012866811434421914
yago_intro_prefix_gen,allegrolab__hubble-1b-100b_toks-injectrange_50_100-hf,64,prefix_match,0.3758978451715882,0.013688649222822645
yago_intro_prefix_gen,allegrolab__hubble-1b-100b_toks-injectrange_50_100-hf,256,exact_match,0.009630818619582664,0.00391593043571131
yago_intro_prefix_gen,allegrolab__hubble-1b-100b_toks-injectrange_50_100-hf,256,squad_f1,0.0719319446942204,0.004031647187786428
yago_intro_prefix_gen,allegrolab__hubble-1b-100b_toks-injectrange_50_100-hf,256,squad_recall,0.533091288950037,0.018763343875856896
yago_intro_prefix_gen,allegrolab__hubble-1b-100b_toks-injectrange_50_100-hf,256,prefix_match,0.45425361155698235,0.019964086241560947
yago_intro_prefix_gen,allegrolab__hubble-1b-100b_toks-injectrange_50_75-hf,0,exact_match,0.013542857142857143,0.0008737509159260569
yago_intro_prefix_gen,allegrolab__hubble-1b-100b_toks-injectrange_50_75-hf,0,squad_f1,0.042694794089564045,0.0008324283255232574
yago_intro_prefix_gen,allegrolab__hubble-1b-100b_toks-injectrange_50_75-hf,0,squad_recall,0.2604090744176459,0.002833280218944271
yago_intro_prefix_gen,allegrolab__hubble-1b-100b_toks-injectrange_50_75-hf,0,prefix_match,0.10565714285714285,0.0023237790769053807
yago_intro_prefix_gen,allegrolab__hubble-1b-100b_toks-injectrange_50_75-hf,1,exact_match,0.01183810590305551,0.0013680915262764281
yago_intro_prefix_gen,allegrolab__hubble-1b-100b_toks-injectrange_50_75-hf,1,squad_f1,0.04147778177369451,0.0013615159560642135
yago_intro_prefix_gen,allegrolab__hubble-1b-100b_toks-injectrange_50_75-hf,1,squad_recall,0.25612627520722225,0.004709870537499252
yago_intro_prefix_gen,allegrolab__hubble-1b-100b_toks-injectrange_50_75-hf,1,prefix_match,0.10526315789473684,0.003881913455702276
yago_intro_prefix_gen,allegrolab__hubble-1b-100b_toks-injectrange_50_75-hf,4,exact_match,0.014877619580867061,0.001531340642259535
yago_intro_prefix_gen,allegrolab__hubble-1b-100b_toks-injectrange_50_75-hf,4,squad_f1,0.0428179606093472,0.0013713655068355172
yago_intro_prefix_gen,allegrolab__hubble-1b-100b_toks-injectrange_50_75-hf,4,squad_recall,0.262413771372338,0.004771969470823041
yago_intro_prefix_gen,allegrolab__hubble-1b-100b_toks-injectrange_50_75-hf,4,prefix_match,0.11214205727083666,0.003991314896359872
yago_intro_prefix_gen,allegrolab__hubble-1b-100b_toks-injectrange_50_75-hf,16,exact_match,0.016976297245355543,0.002312366111173317
yago_intro_prefix_gen,allegrolab__hubble-1b-100b_toks-injectrange_50_75-hf,16,squad_f1,0.044511484103131514,0.0019066916574717156
yago_intro_prefix_gen,allegrolab__hubble-1b-100b_toks-injectrange_50_75-hf,16,squad_recall,0.272404746652024,0.006872451694312528
yago_intro_prefix_gen,allegrolab__hubble-1b-100b_toks-injectrange_50_75-hf,16,prefix_match,0.12171684817424727,0.005852558190583567
yago_intro_prefix_gen,allegrolab__hubble-1b-100b_toks-injectrange_50_75-hf,64,exact_match,0.014365522745411013,0.0033629196890787296
yago_intro_prefix_gen,allegrolab__hubble-1b-100b_toks-injectrange_50_75-hf,64,squad_f1,0.04625692469366615,0.0030337463306177857
yago_intro_prefix_gen,allegrolab__hubble-1b-100b_toks-injectrange_50_75-hf,64,squad_recall,0.2872803683857155,0.01096176870183215
yago_intro_prefix_gen,allegrolab__hubble-1b-100b_toks-injectrange_50_75-hf,64,prefix_match,0.13248204309656825,0.00958110458031096
yago_intro_prefix_gen,allegrolab__hubble-1b-100b_toks-injectrange_50_75-hf,256,exact_match,0.027287319422150885,0.006532471652115942
yago_intro_prefix_gen,allegrolab__hubble-1b-100b_toks-injectrange_50_75-hf,256,squad_f1,0.04449959622149648,0.004439415797464035
yago_intro_prefix_gen,allegrolab__hubble-1b-100b_toks-injectrange_50_75-hf,256,squad_recall,0.2794370557211649,0.015664984837824695
yago_intro_prefix_gen,allegrolab__hubble-1b-100b_toks-injectrange_50_75-hf,256,prefix_match,0.13964686998394862,0.01389820720398654
yago_intro_prefix_gen,allegrolab__hubble-1b-100b_toks-injectrange_75_100-hf,0,exact_match,0.005142857142857143,0.0005407244107229106
yago_intro_prefix_gen,allegrolab__hubble-1b-100b_toks-injectrange_75_100-hf,0,squad_f1,0.02869656675719126,0.00047220901466496994
yago_intro_prefix_gen,allegrolab__hubble-1b-100b_toks-injectrange_75_100-hf,0,squad_recall,0.26730376211090495,0.0029104489460167935
yago_intro_prefix_gen,allegrolab__hubble-1b-100b_toks-injectrange_75_100-hf,0,prefix_match,0.108,0.0023463224139536215
yago_intro_prefix_gen,allegrolab__hubble-1b-100b_toks-injectrange_75_100-hf,1,exact_match,0.005759078547432411,0.000957155081412989
yago_intro_prefix_gen,allegrolab__hubble-1b-100b_toks-injectrange_75_100-hf,1,squad_f1,0.028313920491952842,0.0007955577432733023
yago_intro_prefix_gen,allegrolab__hubble-1b-100b_toks-injectrange_75_100-hf,1,squad_recall,0.2663186126871937,0.004860211098962873
yago_intro_prefix_gen,allegrolab__hubble-1b-100b_toks-injectrange_75_100-hf,1,prefix_match,0.10606302991521356,0.003894892318930898
yago_intro_prefix_gen,allegrolab__hubble-1b-100b_toks-injectrange_75_100-hf,4,exact_match,0.007518796992481203,0.0010926858420802967
yago_intro_prefix_gen,allegrolab__hubble-1b-100b_toks-injectrange_75_100-hf,4,squad_f1,0.031108306629608933,0.0008203940435593527
yago_intro_prefix_gen,allegrolab__hubble-1b-100b_toks-injectrange_75_100-hf,4,squad_recall,0.28587286351644053,0.005011017364473749
yago_intro_prefix_gen,allegrolab__hubble-1b-100b_toks-injectrange_75_100-hf,4,prefix_match,0.12877939529675253,0.004236890607863379
yago_intro_prefix_gen,allegrolab__hubble-1b-100b_toks-injectrange_75_100-hf,16,exact_match,0.012491992312620116,0.001988104841027635
yago_intro_prefix_gen,allegrolab__hubble-1b-100b_toks-injectrange_75_100-hf,16,squad_f1,0.03981537294214436,0.0012404117378867153
yago_intro_prefix_gen,allegrolab__hubble-1b-100b_toks-injectrange_75_100-hf,16,squad_recall,0.35180935602940727,0.007594543442909344
yago_intro_prefix_gen,allegrolab__hubble-1b-100b_toks-injectrange_75_100-hf,16,prefix_match,0.20179372197309417,0.0071839700098650155
yago_intro_prefix_gen,allegrolab__hubble-1b-100b_toks-injectrange_75_100-hf,64,exact_match,0.020750199521149242,0.004028614577757424
yago_intro_prefix_gen,allegrolab__hubble-1b-100b_toks-injectrange_75_100-hf,64,squad_f1,0.057327119134045694,0.0022970651181590473
yago_intro_prefix_gen,allegrolab__hubble-1b-100b_toks-injectrange_75_100-hf,64,squad_recall,0.478371274021713,0.012760548120305524
yago_intro_prefix_gen,allegrolab__hubble-1b-100b_toks-injectrange_75_100-hf,64,prefix_match,0.3383878691141261,0.01337232607861538
yago_intro_prefix_gen,allegrolab__hubble-1b-100b_toks-injectrange_75_100-hf,256,exact_match,0.03210272873194221,0.007067900303087326
yago_intro_prefix_gen,allegrolab__hubble-1b-100b_toks-injectrange_75_100-hf,256,squad_f1,0.0631882986348196,0.003613871682485686
yago_intro_prefix_gen,allegrolab__hubble-1b-100b_toks-injectrange_75_100-hf,256,squad_recall,0.5022198017783892,0.018598389874250932
yago_intro_prefix_gen,allegrolab__hubble-1b-100b_toks-injectrange_75_100-hf,256,prefix_match,0.391653290529695,0.01957182298353032
yago_intro_prefix_gen,allegrolab__hubble-1b-100b_toks-interference_copyright-hf,0,exact_match,0.004,0.00047714793573916565
yago_intro_prefix_gen,allegrolab__hubble-1b-100b_toks-interference_copyright-hf,0,squad_f1,0.0310655790378456,0.0006467765511919815
yago_intro_prefix_gen,allegrolab__hubble-1b-100b_toks-interference_copyright-hf,0,squad_recall,0.1308003628117914,0.002173174282853846
yago_intro_prefix_gen,allegrolab__hubble-1b-100b_toks-interference_copyright-hf,0,prefix_match,0.0444,0.0015571230730744613
yago_intro_prefix_gen,allegrolab__hubble-1b-100b_toks-interference_copyright-hf,1,exact_match,0.005759078547432411,0.0009571550814129892
yago_intro_prefix_gen,allegrolab__hubble-1b-100b_toks-interference_copyright-hf,1,squad_f1,0.03055214501134352,0.00113356123908893
yago_intro_prefix_gen,allegrolab__hubble-1b-100b_toks-interference_copyright-hf,1,squad_recall,0.12657138494204564,0.003582978494718293
yago_intro_prefix_gen,allegrolab__hubble-1b-100b_toks-interference_copyright-hf,1,prefix_match,0.04479283314669653,0.00261645363789657
yago_intro_prefix_gen,allegrolab__hubble-1b-100b_toks-interference_copyright-hf,4,exact_match,0.00303951367781155,0.0006963074073325875
yago_intro_prefix_gen,allegrolab__hubble-1b-100b_toks-interference_copyright-hf,4,squad_f1,0.029733763653147796,0.0010479142029198518
yago_intro_prefix_gen,allegrolab__hubble-1b-100b_toks-interference_copyright-hf,4,squad_recall,0.12337898952040689,0.0035316417123963098
yago_intro_prefix_gen,allegrolab__hubble-1b-100b_toks-interference_copyright-hf,4,prefix_match,0.04319308910574308,0.00257145705495531
yago_intro_prefix_gen,allegrolab__hubble-1b-100b_toks-interference_copyright-hf,16,exact_match,0.0032030749519538757,0.001011439734897594
yago_intro_prefix_gen,allegrolab__hubble-1b-100b_toks-interference_copyright-hf,16,squad_f1,0.030636037848589835,0.0015287850848533647
yago_intro_prefix_gen,allegrolab__hubble-1b-100b_toks-interference_copyright-hf,16,squad_recall,0.12846224438953457,0.005102665629198768
yago_intro_prefix_gen,allegrolab__hubble-1b-100b_toks-interference_copyright-hf,16,prefix_match,0.04516335682254965,0.0037171557733834347
yago_intro_prefix_gen,allegrolab__hubble-1b-100b_toks-interference_copyright-hf,64,exact_match,0.004788507581803671,0.0019509925746429792
yago_intro_prefix_gen,allegrolab__hubble-1b-100b_toks-interference_copyright-hf,64,squad_f1,0.030961451650847308,0.0024486217968498736
yago_intro_prefix_gen,allegrolab__hubble-1b-100b_toks-interference_copyright-hf,64,squad_recall,0.12958930313279873,0.00801732886592673
yago_intro_prefix_gen,allegrolab__hubble-1b-100b_toks-interference_copyright-hf,64,prefix_match,0.04389465283320032,0.005789706099098661
yago_intro_prefix_gen,allegrolab__hubble-1b-100b_toks-interference_copyright-hf,256,exact_match,0.004815409309791332,0.0027757045231131933
yago_intro_prefix_gen,allegrolab__hubble-1b-100b_toks-interference_copyright-hf,256,squad_f1,0.027161448691320866,0.0030082454176778945
yago_intro_prefix_gen,allegrolab__hubble-1b-100b_toks-interference_copyright-hf,256,squad_recall,0.12091900430584218,0.010989354158067222
yago_intro_prefix_gen,allegrolab__hubble-1b-100b_toks-interference_copyright-hf,256,prefix_match,0.03531300160513644,0.00740057283812753
yago_intro_prefix_gen,allegrolab__hubble-1b-100b_toks-interference_privacy-hf,0,exact_match,0.00045714285714285713,0.00016159207716618138
yago_intro_prefix_gen,allegrolab__hubble-1b-100b_toks-interference_privacy-hf,0,squad_f1,0.030146835299210126,0.00046520161483151203
yago_intro_prefix_gen,allegrolab__hubble-1b-100b_toks-interference_privacy-hf,0,squad_recall,0.28103900639043494,0.002962221716085704
yago_intro_prefix_gen,allegrolab__hubble-1b-100b_toks-interference_privacy-hf,0,prefix_match,0.1096,0.002361517874669013
yago_intro_prefix_gen,allegrolab__hubble-1b-100b_toks-interference_privacy-hf,1,exact_match,0.00047992321228603423,0.00027703945884912284
yago_intro_prefix_gen,allegrolab__hubble-1b-100b_toks-interference_privacy-hf,1,squad_f1,0.030033530126547504,0.0007797297079157123
yago_intro_prefix_gen,allegrolab__hubble-1b-100b_toks-interference_privacy-hf,1,squad_recall,0.2792381328655525,0.004947557332792146
yago_intro_prefix_gen,allegrolab__hubble-1b-100b_toks-interference_privacy-hf,1,prefix_match,0.10910254359302511,0.003943585750548498
yago_intro_prefix_gen,allegrolab__hubble-1b-100b_toks-interference_privacy-hf,4,exact_match,0.00047992321228603423,0.00027703945884912295
yago_intro_prefix_gen,allegrolab__hubble-1b-100b_toks-interference_privacy-hf,4,squad_f1,0.03175294790258596,0.0007836515415635976
yago_intro_prefix_gen,allegrolab__hubble-1b-100b_toks-interference_privacy-hf,4,squad_recall,0.2914357194912306,0.005020644316201849
yago_intro_prefix_gen,allegrolab__hubble-1b-100b_toks-interference_privacy-hf,4,prefix_match,0.12126059830427131,0.004129047650064818
yago_intro_prefix_gen,allegrolab__hubble-1b-100b_toks-interference_privacy-hf,16,exact_match,0.0009609224855861628,0.0005546110672697712
yago_intro_prefix_gen,allegrolab__hubble-1b-100b_toks-interference_privacy-hf,16,squad_f1,0.03579562776881066,0.0011534944595801007
yago_intro_prefix_gen,allegrolab__hubble-1b-100b_toks-interference_privacy-hf,16,squad_recall,0.3190347813265814,0.0072963849680582555
yago_intro_prefix_gen,allegrolab__hubble-1b-100b_toks-interference_privacy-hf,16,prefix_match,0.15086483023702754,0.0064067169082643515
yago_intro_prefix_gen,allegrolab__hubble-1b-100b_toks-interference_privacy-hf,64,exact_match,0.0023942537909018356,0.0013812185374921558
yago_intro_prefix_gen,allegrolab__hubble-1b-100b_toks-interference_privacy-hf,64,squad_f1,0.060349249054333434,0.002361486996259317
yago_intro_prefix_gen,allegrolab__hubble-1b-100b_toks-interference_privacy-hf,64,squad_recall,0.48907859233078704,0.012815507663499618
yago_intro_prefix_gen,allegrolab__hubble-1b-100b_toks-interference_privacy-hf,64,prefix_match,0.34397446129289705,0.013425216821422404
yago_intro_prefix_gen,allegrolab__hubble-1b-100b_toks-interference_privacy-hf,256,exact_match,0.0032102728731942215,0.0022681802206398886
yago_intro_prefix_gen,allegrolab__hubble-1b-100b_toks-interference_privacy-hf,256,squad_f1,0.08241889382022828,0.004157303978116433
yago_intro_prefix_gen,allegrolab__hubble-1b-100b_toks-interference_privacy-hf,256,squad_recall,0.5860907284262019,0.018450194464170188
yago_intro_prefix_gen,allegrolab__hubble-1b-100b_toks-interference_privacy-hf,256,prefix_match,0.4462279293739968,0.019931900315671807
yago_intro_prefix_gen,allegrolab__hubble-1b-100b_toks-interference_testset-hf,0,exact_match,0.004228571428571429,0.0004905350569611004
yago_intro_prefix_gen,allegrolab__hubble-1b-100b_toks-interference_testset-hf,0,squad_f1,0.028699465974201102,0.0006297769277111668
yago_intro_prefix_gen,allegrolab__hubble-1b-100b_toks-interference_testset-hf,0,squad_recall,0.1235909791795506,0.002118068628175828
yago_intro_prefix_gen,allegrolab__hubble-1b-100b_toks-interference_testset-hf,0,prefix_match,0.045085714285714285,0.0015685380447985659
yago_intro_prefix_gen,allegrolab__hubble-1b-100b_toks-interference_testset-hf,1,exact_match,0.003679411294192929,0.0007658588096218376
yago_intro_prefix_gen,allegrolab__hubble-1b-100b_toks-interference_testset-hf,1,squad_f1,0.028221243322736223,0.001001363743267859
yago_intro_prefix_gen,allegrolab__hubble-1b-100b_toks-interference_testset-hf,1,squad_recall,0.12589377907327035,0.003559636940004768
yago_intro_prefix_gen,allegrolab__hubble-1b-100b_toks-interference_testset-hf,1,prefix_match,0.04607262837945929,0.0026517900759650648
yago_intro_prefix_gen,allegrolab__hubble-1b-100b_toks-interference_testset-hf,4,exact_match,0.0039993601023836185,0.0007983347890357873
yago_intro_prefix_gen,allegrolab__hubble-1b-100b_toks-interference_testset-hf,4,squad_f1,0.029380878980234126,0.0010793380581645162
yago_intro_prefix_gen,allegrolab__hubble-1b-100b_toks-interference_testset-hf,4,squad_recall,0.12608274739533737,0.003560040829444242
yago_intro_prefix_gen,allegrolab__hubble-1b-100b_toks-interference_testset-hf,4,prefix_match,0.04479283314669653,0.002616453637896569
yago_intro_prefix_gen,allegrolab__hubble-1b-100b_toks-interference_testset-hf,16,exact_match,0.002242152466367713,0.0008466389849693917
yago_intro_prefix_gen,allegrolab__hubble-1b-100b_toks-interference_testset-hf,16,squad_f1,0.026687577226234847,0.0013421442632319495
yago_intro_prefix_gen,allegrolab__hubble-1b-100b_toks-interference_testset-hf,16,squad_recall,0.11896855902301129,0.0048907866850654465
yago_intro_prefix_gen,allegrolab__hubble-1b-100b_toks-interference_testset-hf,16,prefix_match,0.042600896860986545,0.0036150057710393623
yago_intro_prefix_gen,allegrolab__hubble-1b-100b_toks-interference_testset-hf,64,exact_match,0.0023942537909018356,0.0013812185374921558
yago_intro_prefix_gen,allegrolab__hubble-1b-100b_toks-interference_testset-hf,64,squad_f1,0.030532027273600142,0.002201577967321712
yago_intro_prefix_gen,allegrolab__hubble-1b-100b_toks-interference_testset-hf,64,squad_recall,0.13628244593926955,0.008295160056420307
yago_intro_prefix_gen,allegrolab__hubble-1b-100b_toks-interference_testset-hf,64,prefix_match,0.05027932960893855,0.0061757615602493045
yago_intro_prefix_gen,allegrolab__hubble-1b-100b_toks-interference_testset-hf,256,exact_match,0.0032102728731942215,0.0022681802206398895
yago_intro_prefix_gen,allegrolab__hubble-1b-100b_toks-interference_testset-hf,256,squad_f1,0.025814138549890512,0.003278559418952873
yago_intro_prefix_gen,allegrolab__hubble-1b-100b_toks-interference_testset-hf,256,squad_recall,0.11677240184463299,0.010975576442291187
yago_intro_prefix_gen,allegrolab__hubble-1b-100b_toks-interference_testset-hf,256,prefix_match,0.038523274478330656,0.007716774208369373
yago_intro_prefix_gen,allegrolab__hubble-1b-100b_toks-paraphrased-perturbed-hf,0,exact_match,0.002285714285714286,0.0003610002071283873
yago_intro_prefix_gen,allegrolab__hubble-1b-100b_toks-paraphrased-perturbed-hf,0,squad_f1,0.030861257666377612,0.0006226371519028225
yago_intro_prefix_gen,allegrolab__hubble-1b-100b_toks-paraphrased-perturbed-hf,0,squad_recall,0.12806472067614924,0.0021288199397982415
yago_intro_prefix_gen,allegrolab__hubble-1b-100b_toks-paraphrased-perturbed-hf,0,prefix_match,0.04011428571428571,0.00148338089155026
yago_intro_prefix_gen,allegrolab__hubble-1b-100b_toks-paraphrased-perturbed-hf,1,exact_match,0.0028795392737162055,0.0006777902362574837
yago_intro_prefix_gen,allegrolab__hubble-1b-100b_toks-paraphrased-perturbed-hf,1,squad_f1,0.029796340945260274,0.0010112230016747958
yago_intro_prefix_gen,allegrolab__hubble-1b-100b_toks-paraphrased-perturbed-hf,1,squad_recall,0.12836665325467117,0.003560301507779644
yago_intro_prefix_gen,allegrolab__hubble-1b-100b_toks-paraphrased-perturbed-hf,1,prefix_match,0.04079347304431291,0.0025021387843617514
yago_intro_prefix_gen,allegrolab__hubble-1b-100b_toks-paraphrased-perturbed-hf,4,exact_match,0.0015997440409534474,0.0005055191169412893
yago_intro_prefix_gen,allegrolab__hubble-1b-100b_toks-paraphrased-perturbed-hf,4,squad_f1,0.030575148851021042,0.0010445367166502378
yago_intro_prefix_gen,allegrolab__hubble-1b-100b_toks-paraphrased-perturbed-hf,4,squad_recall,0.12170446379372951,0.003447335595713395
yago_intro_prefix_gen,allegrolab__hubble-1b-100b_toks-paraphrased-perturbed-hf,4,prefix_match,0.0382338825787874,0.002425598575254819
yago_intro_prefix_gen,allegrolab__hubble-1b-100b_toks-paraphrased-perturbed-hf,16,exact_match,0.0012812299807815502,0.000640307027073375
yago_intro_prefix_gen,allegrolab__hubble-1b-100b_toks-paraphrased-perturbed-hf,16,squad_f1,0.031174972438991956,0.0014104603148867136
yago_intro_prefix_gen,allegrolab__hubble-1b-100b_toks-paraphrased-perturbed-hf,16,squad_recall,0.13206494107358938,0.005082148407749794
yago_intro_prefix_gen,allegrolab__hubble-1b-100b_toks-paraphrased-perturbed-hf,16,prefix_match,0.04035874439461883,0.003522705958758235
yago_intro_prefix_gen,allegrolab__hubble-1b-100b_toks-paraphrased-perturbed-hf,64,exact_match,0.004788507581803671,0.0019509925746429807
yago_intro_prefix_gen,allegrolab__hubble-1b-100b_toks-paraphrased-perturbed-hf,64,squad_f1,0.033265144087521015,0.002252626658285377
yago_intro_prefix_gen,allegrolab__hubble-1b-100b_toks-paraphrased-perturbed-hf,64,squad_recall,0.14970578547992755,0.00855447337051195
yago_intro_prefix_gen,allegrolab__hubble-1b-100b_toks-paraphrased-perturbed-hf,64,prefix_match,0.047086991221069435,0.005986526837602026
yago_intro_prefix_gen,allegrolab__hubble-1b-100b_toks-paraphrased-perturbed-hf,256,exact_match,0.011235955056179775,0.004226259276965138
yago_intro_prefix_gen,allegrolab__hubble-1b-100b_toks-paraphrased-perturbed-hf,256,squad_f1,0.04680128732430472,0.004965546076942246
yago_intro_prefix_gen,allegrolab__hubble-1b-100b_toks-paraphrased-perturbed-hf,256,squad_recall,0.19624321638767867,0.013971784352843531
yago_intro_prefix_gen,allegrolab__hubble-1b-100b_toks-paraphrased-perturbed-hf,256,prefix_match,0.08025682182985554,0.010893791882304433
yago_intro_prefix_gen,allegrolab__hubble-1b-100b_toks-perturbed-hf,0,exact_match,0.0006857142857142857,0.00019788643794935607
yago_intro_prefix_gen,allegrolab__hubble-1b-100b_toks-perturbed-hf,0,squad_f1,0.03017526358352572,0.0004833414811770151
yago_intro_prefix_gen,allegrolab__hubble-1b-100b_toks-perturbed-hf,0,squad_recall,0.28199618635332924,0.002987939865094117
yago_intro_prefix_gen,allegrolab__hubble-1b-100b_toks-perturbed-hf,0,prefix_match,0.11365714285714286,0.002399344596095056
yago_intro_prefix_gen,allegrolab__hubble-1b-100b_toks-perturbed-hf,1,exact_match,0.00015997440409534473,0.00015997440409534473
yago_intro_prefix_gen,allegrolab__hubble-1b-100b_toks-perturbed-hf,1,squad_f1,0.029679103026180525,0.0007843678355684421
yago_intro_prefix_gen,allegrolab__hubble-1b-100b_toks-perturbed-hf,1,squad_recall,0.28075324975420957,0.004982638851225594
yago_intro_prefix_gen,allegrolab__hubble-1b-100b_toks-perturbed-hf,1,prefix_match,0.1094224924012158,0.003948654668272145
yago_intro_prefix_gen,allegrolab__hubble-1b-100b_toks-perturbed-hf,4,exact_match,0.0006398976163813789,0.00031987201125998574
yago_intro_prefix_gen,allegrolab__hubble-1b-100b_toks-perturbed-hf,4,squad_f1,0.031282549069409804,0.0008136425927972268
yago_intro_prefix_gen,allegrolab__hubble-1b-100b_toks-perturbed-hf,4,squad_recall,0.2922754004380944,0.005052909406670839
yago_intro_prefix_gen,allegrolab__hubble-1b-100b_toks-perturbed-hf,4,prefix_match,0.12286034234522476,0.004152409972515508
yago_intro_prefix_gen,allegrolab__hubble-1b-100b_toks-perturbed-hf,16,exact_match,0.0006406149903907751,0.00045291062781861063
yago_intro_prefix_gen,allegrolab__hubble-1b-100b_toks-perturbed-hf,16,squad_f1,0.03494947758450065,0.001166290575856018
yago_intro_prefix_gen,allegrolab__hubble-1b-100b_toks-perturbed-hf,16,squad_recall,0.31328310098329315,0.007332262992089385
yago_intro_prefix_gen,allegrolab__hubble-1b-100b_toks-perturbed-hf,16,prefix_match,0.1467008327994875,0.006333154255546852
yago_intro_prefix_gen,allegrolab__hubble-1b-100b_toks-perturbed-hf,64,exact_match,0.0,0.0
yago_intro_prefix_gen,allegrolab__hubble-1b-100b_toks-perturbed-hf,64,squad_f1,0.06105317322215854,0.0023811238855104165
yago_intro_prefix_gen,allegrolab__hubble-1b-100b_toks-perturbed-hf,64,squad_recall,0.48472839787684163,0.012780276654460025
yago_intro_prefix_gen,allegrolab__hubble-1b-100b_toks-perturbed-hf,64,prefix_match,0.3320031923383879,0.013309328943013787
yago_intro_prefix_gen,allegrolab__hubble-1b-100b_toks-perturbed-hf,256,exact_match,0.0,0.0
yago_intro_prefix_gen,allegrolab__hubble-1b-100b_toks-perturbed-hf,256,squad_f1,0.0830821454982237,0.004269066987146618
yago_intro_prefix_gen,allegrolab__hubble-1b-100b_toks-perturbed-hf,256,squad_recall,0.5875200642054574,0.018577047945724817
yago_intro_prefix_gen,allegrolab__hubble-1b-100b_toks-perturbed-hf,256,prefix_match,0.46709470304975925,0.02000471172122265
yago_intro_prefix_gen,allegrolab__hubble-1b-100b_toks-standard-hf,0,exact_match,0.00045714285714285713,0.00016159207716618168
yago_intro_prefix_gen,allegrolab__hubble-1b-100b_toks-standard-hf,0,squad_f1,0.025033211645004383,0.000497756460590428
yago_intro_prefix_gen,allegrolab__hubble-1b-100b_toks-standard-hf,0,squad_recall,0.10415572047000618,0.0019434442573023666
yago_intro_prefix_gen,allegrolab__hubble-1b-100b_toks-standard-hf,0,prefix_match,0.039657142857142856,0.001475255527627537
yago_intro_prefix_gen,allegrolab__hubble-1b-100b_toks-standard-hf,1,exact_match,0.00047992321228603423,0.0002770394588491228
yago_intro_prefix_gen,allegrolab__hubble-1b-100b_toks-standard-hf,1,squad_f1,0.02446631034303343,0.0008131259456207273
yago_intro_prefix_gen,allegrolab__hubble-1b-100b_toks-standard-hf,1,squad_recall,0.10332196199257469,0.00321414847663611
yago_intro_prefix_gen,allegrolab__hubble-1b-100b_toks-standard-hf,1,prefix_match,0.038713805791073426,0.0024401654708562544
yago_intro_prefix_gen,allegrolab__hubble-1b-100b_toks-standard-hf,4,exact_match,0.00047992321228603423,0.00027703945884912284
yago_intro_prefix_gen,allegrolab__hubble-1b-100b_toks-standard-hf,4,squad_f1,0.024543232681948277,0.0008248361038351448
yago_intro_prefix_gen,allegrolab__hubble-1b-100b_toks-standard-hf,4,squad_recall,0.10102345529477189,0.003195838380100618
yago_intro_prefix_gen,allegrolab__hubble-1b-100b_toks-standard-hf,4,prefix_match,0.037274036154215325,0.002396152996216711
yago_intro_prefix_gen,allegrolab__hubble-1b-100b_toks-standard-hf,16,exact_match,0.0006406149903907751,0.00045291062781861074
yago_intro_prefix_gen,allegrolab__hubble-1b-100b_toks-standard-hf,16,squad_f1,0.024730298185426675,0.0012012073889945214
yago_intro_prefix_gen,allegrolab__hubble-1b-100b_toks-standard-hf,16,squad_recall,0.10250767721139277,0.004583515116932738
yago_intro_prefix_gen,allegrolab__hubble-1b-100b_toks-standard-hf,16,prefix_match,0.04067905188981422,0.0035360670449637566
yago_intro_prefix_gen,allegrolab__hubble-1b-100b_toks-standard-hf,64,exact_match,0.0007980845969672786,0.0007980845969672786
yago_intro_prefix_gen,allegrolab__hubble-1b-100b_toks-standard-hf,64,squad_f1,0.0259399962964175,0.0019306492294543852
yago_intro_prefix_gen,allegrolab__hubble-1b-100b_toks-standard-hf,64,squad_recall,0.10741648614753163,0.007347197266022668
yago_intro_prefix_gen,allegrolab__hubble-1b-100b_toks-standard-hf,64,prefix_match,0.04309656823623304,0.005739224800606365
yago_intro_prefix_gen,allegrolab__hubble-1b-100b_toks-standard-hf,256,exact_match,0.0016051364365971107,0.0016051364365971112
yago_intro_prefix_gen,allegrolab__hubble-1b-100b_toks-standard-hf,256,squad_f1,0.021091743515143625,0.0026655645627021774
yago_intro_prefix_gen,allegrolab__hubble-1b-100b_toks-standard-hf,256,squad_recall,0.08525631226273281,0.009290997444712025
yago_intro_prefix_gen,allegrolab__hubble-1b-100b_toks-standard-hf,256,prefix_match,0.03691813804173355,0.007560600735466294
yago_intro_prefix_gen,allegrolab__hubble-1b-500b_toks-perturbed-hf,0,exact_match,0.002514285714285714,0.0003785768389304963
yago_intro_prefix_gen,allegrolab__hubble-1b-500b_toks-perturbed-hf,0,squad_f1,0.030486593887095372,0.0004802400292361961
yago_intro_prefix_gen,allegrolab__hubble-1b-500b_toks-perturbed-hf,0,squad_recall,0.2782810678210678,0.0029769086402768583
yago_intro_prefix_gen,allegrolab__hubble-1b-500b_toks-perturbed-hf,0,prefix_match,0.11085714285714286,0.002373345673509144
yago_intro_prefix_gen,allegrolab__hubble-1b-500b_toks-perturbed-hf,1,exact_match,0.0022396416573348264,0.0005979465745474668
yago_intro_prefix_gen,allegrolab__hubble-1b-500b_toks-perturbed-hf,1,squad_f1,0.03016086044175777,0.0007984135613946466
yago_intro_prefix_gen,allegrolab__hubble-1b-500b_toks-perturbed-hf,1,squad_recall,0.27551173341846835,0.004962485561654146
yago_intro_prefix_gen,allegrolab__hubble-1b-500b_toks-perturbed-hf,1,prefix_match,0.10894256918892978,0.00394104728837288
yago_intro_prefix_gen,allegrolab__hubble-1b-500b_toks-perturbed-hf,4,exact_match,0.002079667253239482,0.0005762419266044826
yago_intro_prefix_gen,allegrolab__hubble-1b-500b_toks-perturbed-hf,4,squad_f1,0.030730549429183737,0.0007881016370366768
yago_intro_prefix_gen,allegrolab__hubble-1b-500b_toks-perturbed-hf,4,squad_recall,0.2829268009759131,0.005020368404101746
yago_intro_prefix_gen,allegrolab__hubble-1b-500b_toks-perturbed-hf,4,prefix_match,0.11566149416093426,0.00404542038219801
yago_intro_prefix_gen,allegrolab__hubble-1b-500b_toks-perturbed-hf,16,exact_match,0.0028827674567584883,0.0009596901381915503
yago_intro_prefix_gen,allegrolab__hubble-1b-500b_toks-perturbed-hf,16,squad_f1,0.031651318786648765,0.0012130717167046204
yago_intro_prefix_gen,allegrolab__hubble-1b-500b_toks-perturbed-hf,16,squad_recall,0.28649268377007003,0.007161862107491271
yago_intro_prefix_gen,allegrolab__hubble-1b-500b_toks-perturbed-hf,16,prefix_match,0.11947469570787957,0.005805799087272827
yago_intro_prefix_gen,allegrolab__hubble-1b-500b_toks-perturbed-hf,64,exact_match,0.00558659217877095,0.0021064677076456377
yago_intro_prefix_gen,allegrolab__hubble-1b-500b_toks-perturbed-hf,64,squad_f1,0.0351285825805044,0.0018948539135129991
yago_intro_prefix_gen,allegrolab__hubble-1b-500b_toks-perturbed-hf,64,squad_recall,0.30897306781185474,0.011562095225556053
yago_intro_prefix_gen,allegrolab__hubble-1b-500b_toks-perturbed-hf,64,prefix_match,0.14684756584197925,0.01000332844959612
yago_intro_prefix_gen,allegrolab__hubble-1b-500b_toks-perturbed-hf,256,exact_match,0.009630818619582664,0.003915930435711307
yago_intro_prefix_gen,allegrolab__hubble-1b-500b_toks-perturbed-hf,256,squad_f1,0.05795004813635329,0.003693254641514944
yago_intro_prefix_gen,allegrolab__hubble-1b-500b_toks-perturbed-hf,256,squad_recall,0.4623347091645647,0.018735556371561372
yago_intro_prefix_gen,allegrolab__hubble-1b-500b_toks-perturbed-hf,256,prefix_match,0.33868378812199035,0.018976084109837196
yago_intro_prefix_gen,allegrolab__hubble-1b-500b_toks-standard-hf,0,exact_match,0.011828571428571428,0.0008172890479390111
yago_intro_prefix_gen,allegrolab__hubble-1b-500b_toks-standard-hf,0,squad_f1,0.033608047322805014,0.0008338632967408965
yago_intro_prefix_gen,allegrolab__hubble-1b-500b_toks-standard-hf,0,squad_recall,0.14309256235827664,0.002224522137313269
yago_intro_prefix_gen,allegrolab__hubble-1b-500b_toks-standard-hf,0,prefix_match,0.04474285714285714,0.001562843129980006
yago_intro_prefix_gen,allegrolab__hubble-1b-500b_toks-standard-hf,1,exact_match,0.012957926731722925,0.0014305254344631954
yago_intro_prefix_gen,allegrolab__hubble-1b-500b_toks-standard-hf,1,squad_f1,0.03358431774811034,0.001410062600282837
yago_intro_prefix_gen,allegrolab__hubble-1b-500b_toks-standard-hf,1,squad_recall,0.14584417431161953,0.00374343626197211
yago_intro_prefix_gen,allegrolab__hubble-1b-500b_toks-standard-hf,1,prefix_match,0.04431290993441049,0.002603052852250383
yago_intro_prefix_gen,allegrolab__hubble-1b-500b_toks-standard-hf,4,exact_match,0.014557670772676373,0.0015150310884916231
yago_intro_prefix_gen,allegrolab__hubble-1b-500b_toks-standard-hf,4,squad_f1,0.037562727185549184,0.0015884665007079093
yago_intro_prefix_gen,allegrolab__hubble-1b-500b_toks-standard-hf,4,squad_recall,0.14365752273287066,0.0037273504059674766
yago_intro_prefix_gen,allegrolab__hubble-1b-500b_toks-standard-hf,4,prefix_match,0.04751239801631739,0.0026908725737516924
yago_intro_prefix_gen,allegrolab__hubble-1b-500b_toks-standard-hf,16,exact_match,0.01057014734144779,0.0018305691583025154
yago_intro_prefix_gen,allegrolab__hubble-1b-500b_toks-standard-hf,16,squad_f1,0.032908763640721914,0.0019069530832483295
yago_intro_prefix_gen,allegrolab__hubble-1b-500b_toks-standard-hf,16,squad_recall,0.14546764894298525,0.005290087416799293
yago_intro_prefix_gen,allegrolab__hubble-1b-500b_toks-standard-hf,16,prefix_match,0.04612427930813581,0.0037546011574428194
yago_intro_prefix_gen,allegrolab__hubble-1b-500b_toks-standard-hf,64,exact_match,0.017557861133280128,0.003711821914032147
yago_intro_prefix_gen,allegrolab__hubble-1b-500b_toks-standard-hf,64,squad_f1,0.04346889916552367,0.0039037019064414344
yago_intro_prefix_gen,allegrolab__hubble-1b-500b_toks-standard-hf,64,squad_recall,0.1539207489327202,0.008600202644382661
yago_intro_prefix_gen,allegrolab__hubble-1b-500b_toks-standard-hf,64,prefix_match,0.05107741420590583,0.0062219666489612465
yago_intro_prefix_gen,allegrolab__hubble-1b-500b_toks-standard-hf,256,exact_match,0.009630818619582664,0.00391593043571131
yago_intro_prefix_gen,allegrolab__hubble-1b-500b_toks-standard-hf,256,squad_f1,0.0272772120194071,0.0033858199764124587
yago_intro_prefix_gen,allegrolab__hubble-1b-500b_toks-standard-hf,256,squad_recall,0.13923284669673114,0.011493029577492195
yago_intro_prefix_gen,allegrolab__hubble-1b-500b_toks-standard-hf,256,prefix_match,0.038523274478330656,0.007716774208369371
yago_intro_prefix_gen,allegrolab__hubble-8b-100b_toks-paraphrased-perturbed-hf,0,exact_match,0.009371428571428572,0.0007283694282430022
yago_intro_prefix_gen,allegrolab__hubble-8b-100b_toks-paraphrased-perturbed-hf,0,squad_f1,0.05229558881423864,0.0009915984603549976
yago_intro_prefix_gen,allegrolab__hubble-8b-100b_toks-paraphrased-perturbed-hf,0,squad_recall,0.20682728097299527,0.002692630848461133
yago_intro_prefix_gen,allegrolab__hubble-8b-100b_toks-paraphrased-perturbed-hf,0,prefix_match,0.09714285714285714,0.002238764129907509
yago_intro_prefix_gen,allegrolab__hubble-8b-100b_toks-paraphrased-perturbed-hf,1,exact_match,0.008158694608862581,0.0011378667979085693
yago_intro_prefix_gen,allegrolab__hubble-8b-100b_toks-paraphrased-perturbed-hf,1,squad_f1,0.05231028580976519,0.001665932351940124
yago_intro_prefix_gen,allegrolab__hubble-8b-100b_toks-paraphrased-perturbed-hf,1,squad_recall,0.2040230042269716,0.004465580983857937
yago_intro_prefix_gen,allegrolab__hubble-8b-100b_toks-paraphrased-perturbed-hf,1,prefix_match,0.0972644376899696,0.00374815297128222
yago_intro_prefix_gen,allegrolab__hubble-8b-100b_toks-paraphrased-perturbed-hf,4,exact_match,0.009598464245720684,0.001233293718777116
yago_intro_prefix_gen,allegrolab__hubble-8b-100b_toks-paraphrased-perturbed-hf,4,squad_f1,0.05426570828612496,0.0016597575455231692
yago_intro_prefix_gen,allegrolab__hubble-8b-100b_toks-paraphrased-perturbed-hf,4,squad_recall,0.2148053771713986,0.0045391474862046715
yago_intro_prefix_gen,allegrolab__hubble-8b-100b_toks-paraphrased-perturbed-hf,4,prefix_match,0.10078387458006718,0.0038079177555130333
yago_intro_prefix_gen,allegrolab__hubble-8b-100b_toks-paraphrased-perturbed-hf,16,exact_match,0.01569506726457399,0.002224843857813028
yago_intro_prefix_gen,allegrolab__hubble-8b-100b_toks-paraphrased-perturbed-hf,16,squad_f1,0.06704302263946796,0.0026375832169159793
yago_intro_prefix_gen,allegrolab__hubble-8b-100b_toks-paraphrased-perturbed-hf,16,squad_recall,0.254958537974233,0.006692851199247859
yago_intro_prefix_gen,allegrolab__hubble-8b-100b_toks-paraphrased-perturbed-hf,16,prefix_match,0.11947469570787957,0.005805799087272827
yago_intro_prefix_gen,allegrolab__hubble-8b-100b_toks-paraphrased-perturbed-hf,64,exact_match,0.04948124501197127,0.006129125161296732
yago_intro_prefix_gen,allegrolab__hubble-8b-100b_toks-paraphrased-perturbed-hf,64,squad_f1,0.12919808029353008,0.006351902027572113
yago_intro_prefix_gen,allegrolab__hubble-8b-100b_toks-paraphrased-perturbed-hf,64,squad_recall,0.44678042539175816,0.012752148617775547
yago_intro_prefix_gen,allegrolab__hubble-8b-100b_toks-paraphrased-perturbed-hf,64,prefix_match,0.3048683160415004,0.013010306369087097
yago_intro_prefix_gen,allegrolab__hubble-8b-100b_toks-paraphrased-perturbed-hf,256,exact_match,0.05778491171749599,0.00935593211540497
yago_intro_prefix_gen,allegrolab__hubble-8b-100b_toks-paraphrased-perturbed-hf,256,squad_f1,0.1866091214889171,0.010681568554996624
yago_intro_prefix_gen,allegrolab__hubble-8b-100b_toks-paraphrased-perturbed-hf,256,squad_recall,0.6353270147010115,0.018087273845154777
yago_intro_prefix_gen,allegrolab__hubble-8b-100b_toks-paraphrased-perturbed-hf,256,prefix_match,0.4590690208667737,0.019980885357207538
yago_intro_prefix_gen,allegrolab__hubble-8b-100b_toks-perturbed-hf,0,exact_match,5.714285714285714e-05,5.7142857142857155e-05
yago_intro_prefix_gen,allegrolab__hubble-8b-100b_toks-perturbed-hf,0,squad_f1,0.0323514481245371,0.00048705400821641664
yago_intro_prefix_gen,allegrolab__hubble-8b-100b_toks-perturbed-hf,0,squad_recall,0.2958815110286539,0.0030483849343871713
yago_intro_prefix_gen,allegrolab__hubble-8b-100b_toks-perturbed-hf,0,prefix_match,0.12137142857142857,0.0024686201927811044
yago_intro_prefix_gen,allegrolab__hubble-8b-100b_toks-perturbed-hf,1,exact_match,0.0,0.0
yago_intro_prefix_gen,allegrolab__hubble-8b-100b_toks-perturbed-hf,1,squad_f1,0.031916532051155536,0.0008117049006896923
yago_intro_prefix_gen,allegrolab__hubble-8b-100b_toks-perturbed-hf,1,squad_recall,0.29454552495265984,0.005106051528738694
yago_intro_prefix_gen,allegrolab__hubble-8b-100b_toks-perturbed-hf,1,prefix_match,0.12525995840665494,0.004187025698065269
yago_intro_prefix_gen,allegrolab__hubble-8b-100b_toks-perturbed-hf,4,exact_match,0.0,0.0
yago_intro_prefix_gen,allegrolab__hubble-8b-100b_toks-perturbed-hf,4,squad_f1,0.038731145401964304,0.0009003964634287382
yago_intro_prefix_gen,allegrolab__hubble-8b-100b_toks-perturbed-hf,4,squad_recall,0.3410719104568089,0.005379367534352644
yago_intro_prefix_gen,allegrolab__hubble-8b-100b_toks-perturbed-hf,4,prefix_match,0.1876499760038394,0.004938622682644997
yago_intro_prefix_gen,allegrolab__hubble-8b-100b_toks-perturbed-hf,16,exact_match,0.0,0.0
yago_intro_prefix_gen,allegrolab__hubble-8b-100b_toks-perturbed-hf,16,squad_f1,0.066206101406908,0.0016757345753353242
yago_intro_prefix_gen,allegrolab__hubble-8b-100b_toks-perturbed-hf,16,squad_recall,0.5098513620694914,0.008273778597130712
yago_intro_prefix_gen,allegrolab__hubble-8b-100b_toks-perturbed-hf,16,prefix_match,0.4023062139654068,0.008777500368028608
yago_intro_prefix_gen,allegrolab__hubble-8b-100b_toks-perturbed-hf,64,exact_match,0.0,0.0
yago_intro_prefix_gen,allegrolab__hubble-8b-100b_toks-perturbed-hf,64,squad_f1,0.07624561324657432,0.0027722885545575435
yago_intro_prefix_gen,allegrolab__hubble-8b-100b_toks-perturbed-hf,64,squad_recall,0.5698457036445863,0.013164179443751456
yago_intro_prefix_gen,allegrolab__hubble-8b-100b_toks-perturbed-hf,64,prefix_match,0.4868316041500399,0.014125933861824532
yago_intro_prefix_gen,allegrolab__hubble-8b-100b_toks-perturbed-hf,256,exact_match,0.0,0.0
yago_intro_prefix_gen,allegrolab__hubble-8b-100b_toks-perturbed-hf,256,squad_f1,0.08529103347248669,0.004387222429104156
yago_intro_prefix_gen,allegrolab__hubble-8b-100b_toks-perturbed-hf,256,squad_recall,0.5950763076766288,0.018848470656941976
yago_intro_prefix_gen,allegrolab__hubble-8b-100b_toks-perturbed-hf,256,prefix_match,0.5184590690208668,0.020034506517509564
yago_intro_prefix_gen,allegrolab__hubble-8b-100b_toks-standard-hf,0,exact_match,0.005142857142857143,0.0005407244107229103
yago_intro_prefix_gen,allegrolab__hubble-8b-100b_toks-standard-hf,0,squad_f1,0.02628956498532859,0.0004812430357907247
yago_intro_prefix_gen,allegrolab__hubble-8b-100b_toks-standard-hf,0,squad_recall,0.1587147247990105,0.002343000286399157
yago_intro_prefix_gen,allegrolab__hubble-8b-100b_toks-standard-hf,0,prefix_match,0.05902857142857143,0.001781610400240531
yago_intro_prefix_gen,allegrolab__hubble-8b-100b_toks-standard-hf,1,exact_match,0.004799232122860342,0.0008741807130236857
yago_intro_prefix_gen,allegrolab__hubble-8b-100b_toks-standard-hf,1,squad_f1,0.026532713730384388,0.0008228120637297627
yago_intro_prefix_gen,allegrolab__hubble-8b-100b_toks-standard-hf,1,squad_recall,0.16121759912353417,0.003966887636369283
yago_intro_prefix_gen,allegrolab__hubble-8b-100b_toks-standard-hf,1,prefix_match,0.06270996640537514,0.003066657503375604
yago_intro_prefix_gen,allegrolab__hubble-8b-100b_toks-standard-hf,4,exact_match,0.006558950567909135,0.0010210528476318414
yago_intro_prefix_gen,allegrolab__hubble-8b-100b_toks-standard-hf,4,squad_f1,0.02682897348383173,0.0007939991395443606
yago_intro_prefix_gen,allegrolab__hubble-8b-100b_toks-standard-hf,4,squad_recall,0.15846315383189483,0.003916871762837574
yago_intro_prefix_gen,allegrolab__hubble-8b-100b_toks-standard-hf,4,prefix_match,0.06159014557670773,0.0030409682548700927
yago_intro_prefix_gen,allegrolab__hubble-8b-100b_toks-standard-hf,16,exact_match,0.005124919923126201,0.0012781473795212006
yago_intro_prefix_gen,allegrolab__hubble-8b-100b_toks-standard-hf,16,squad_f1,0.026505861415645798,0.0011501960604117427
yago_intro_prefix_gen,allegrolab__hubble-8b-100b_toks-standard-hf,16,squad_recall,0.1591429995017439,0.005514159873033128
yago_intro_prefix_gen,allegrolab__hubble-8b-100b_toks-standard-hf,16,prefix_match,0.05797565663036515,0.004183184471109848
yago_intro_prefix_gen,allegrolab__hubble-8b-100b_toks-standard-hf,64,exact_match,0.0031923383878691143,0.0015942557037034854
yago_intro_prefix_gen,allegrolab__hubble-8b-100b_toks-standard-hf,64,squad_f1,0.028002035342154955,0.0020173330442048044
yago_intro_prefix_gen,allegrolab__hubble-8b-100b_toks-standard-hf,64,squad_recall,0.1448960589822521,0.008403696522479496
yago_intro_prefix_gen,allegrolab__hubble-8b-100b_toks-standard-hf,64,prefix_match,0.05666400638467677,0.006534083456576232
yago_intro_prefix_gen,allegrolab__hubble-8b-100b_toks-standard-hf,256,exact_match,0.006420545746388443,0.003202521700016838
yago_intro_prefix_gen,allegrolab__hubble-8b-100b_toks-standard-hf,256,squad_f1,0.023766948056633406,0.002375105043436547
yago_intro_prefix_gen,allegrolab__hubble-8b-100b_toks-standard-hf,256,squad_recall,0.14259153099442023,0.011716844471543027
yago_intro_prefix_gen,allegrolab__hubble-8b-100b_toks-standard-hf,256,prefix_match,0.04654895666131621,0.008447126197047192
yago_intro_prefix_gen,allegrolab__hubble-8b-500b_toks-perturbed-hf,0,exact_match,0.00017142857142857143,9.896867570015393e-05
yago_intro_prefix_gen,allegrolab__hubble-8b-500b_toks-perturbed-hf,0,squad_f1,0.033448754178674565,0.0004941802992848174
yago_intro_prefix_gen,allegrolab__hubble-8b-500b_toks-perturbed-hf,0,squad_recall,0.3029806823335395,0.00306844649534207
yago_intro_prefix_gen,allegrolab__hubble-8b-500b_toks-perturbed-hf,0,prefix_match,0.13308571428571428,0.0025677171641107833
yago_intro_prefix_gen,allegrolab__hubble-8b-500b_toks-perturbed-hf,1,exact_match,0.0,0.0
yago_intro_prefix_gen,allegrolab__hubble-8b-500b_toks-perturbed-hf,1,squad_f1,0.032317221812250926,0.0007978039114097682
yago_intro_prefix_gen,allegrolab__hubble-8b-500b_toks-perturbed-hf,1,squad_recall,0.29734907061334837,0.0050941831214141
yago_intro_prefix_gen,allegrolab__hubble-8b-500b_toks-perturbed-hf,1,prefix_match,0.12845944648856183,0.004232401060323356
yago_intro_prefix_gen,allegrolab__hubble-8b-500b_toks-perturbed-hf,4,exact_match,0.0011198208286674132,0.0004230492793950314
yago_intro_prefix_gen,allegrolab__hubble-8b-500b_toks-perturbed-hf,4,squad_f1,0.03512017675950863,0.0009049019335976477
yago_intro_prefix_gen,allegrolab__hubble-8b-500b_toks-perturbed-hf,4,squad_recall,0.30959205834425796,0.005171320502008454
yago_intro_prefix_gen,allegrolab__hubble-8b-500b_toks-perturbed-hf,4,prefix_match,0.13821788513837785,0.00436556894557862
yago_intro_prefix_gen,allegrolab__hubble-8b-500b_toks-perturbed-hf,16,exact_match,0.0,0.0
yago_intro_prefix_gen,allegrolab__hubble-8b-500b_toks-perturbed-hf,16,squad_f1,0.0354177090689984,0.0011837415233099465
yago_intro_prefix_gen,allegrolab__hubble-8b-500b_toks-perturbed-hf,16,squad_recall,0.3205112463520535,0.007434469055067369
yago_intro_prefix_gen,allegrolab__hubble-8b-500b_toks-perturbed-hf,16,prefix_match,0.1623959000640615,0.006601764731262991
yago_intro_prefix_gen,allegrolab__hubble-8b-500b_toks-perturbed-hf,64,exact_match,0.0007980845969672786,0.0007980845969672787
yago_intro_prefix_gen,allegrolab__hubble-8b-500b_toks-perturbed-hf,64,squad_f1,0.07181472423672128,0.002721021908683856
yago_intro_prefix_gen,allegrolab__hubble-8b-500b_toks-perturbed-hf,64,squad_recall,0.5426772571225883,0.013045778959051117
yago_intro_prefix_gen,allegrolab__hubble-8b-500b_toks-perturbed-hf,64,prefix_match,0.43335993615323226,0.014004765901779903
yago_intro_prefix_gen,allegrolab__hubble-8b-500b_toks-perturbed-hf,256,exact_match,0.0,0.0
yago_intro_prefix_gen,allegrolab__hubble-8b-500b_toks-perturbed-hf,256,squad_f1,0.08252105267461468,0.004281321795092547
yago_intro_prefix_gen,allegrolab__hubble-8b-500b_toks-perturbed-hf,256,squad_recall,0.5877551020408164,0.018644289063352422
yago_intro_prefix_gen,allegrolab__hubble-8b-500b_toks-perturbed-hf,256,prefix_match,0.5024077046548957,0.020047941052572425
yago_intro_prefix_gen,allegrolab__hubble-8b-500b_toks-standard-hf,0,exact_match,0.011257142857142858,0.000797533900834661
yago_intro_prefix_gen,allegrolab__hubble-8b-500b_toks-standard-hf,0,squad_f1,0.027656210896534507,0.0005542220043333484
yago_intro_prefix_gen,allegrolab__hubble-8b-500b_toks-standard-hf,0,squad_recall,0.1975370336013193,0.0025293228491960816
yago_intro_prefix_gen,allegrolab__hubble-8b-500b_toks-standard-hf,0,prefix_match,0.05834285714285714,0.001771877256507951
yago_intro_prefix_gen,allegrolab__hubble-8b-500b_toks-standard-hf,1,exact_match,0.010878259478483443,0.0013120928594700747
yago_intro_prefix_gen,allegrolab__hubble-8b-500b_toks-standard-hf,1,squad_f1,0.026858795001794503,0.0008836527476301138
yago_intro_prefix_gen,allegrolab__hubble-8b-500b_toks-standard-hf,1,squad_recall,0.1975673329496718,0.00422130887987514
yago_intro_prefix_gen,allegrolab__hubble-8b-500b_toks-standard-hf,1,prefix_match,0.05711086226203808,0.002935280883969352
yago_intro_prefix_gen,allegrolab__hubble-8b-500b_toks-standard-hf,4,exact_match,0.011198208286674132,0.001331033187736047
yago_intro_prefix_gen,allegrolab__hubble-8b-500b_toks-standard-hf,4,squad_f1,0.02742733193279609,0.0008871555823957455
yago_intro_prefix_gen,allegrolab__hubble-8b-500b_toks-standard-hf,4,squad_recall,0.19648830790248165,0.004205569003812667
yago_intro_prefix_gen,allegrolab__hubble-8b-500b_toks-standard-hf,4,prefix_match,0.05807070868661014,0.002958337410891328
yago_intro_prefix_gen,allegrolab__hubble-8b-500b_toks-standard-hf,16,exact_match,0.009929532351057015,0.0017748046846926262
yago_intro_prefix_gen,allegrolab__hubble-8b-500b_toks-standard-hf,16,squad_f1,0.02598900978553146,0.0011876253237480565
yago_intro_prefix_gen,allegrolab__hubble-8b-500b_toks-standard-hf,16,squad_recall,0.19299174826881427,0.005903945135125811
yago_intro_prefix_gen,allegrolab__hubble-8b-500b_toks-standard-hf,16,prefix_match,0.057014734144778985,0.004150487602179674
yago_intro_prefix_gen,allegrolab__hubble-8b-500b_toks-standard-hf,64,exact_match,0.0111731843575419,0.00297061545091785
yago_intro_prefix_gen,allegrolab__hubble-8b-500b_toks-standard-hf,64,squad_f1,0.02821799216339974,0.0019649147203436084
yago_intro_prefix_gen,allegrolab__hubble-8b-500b_toks-standard-hf,64,squad_recall,0.19935583171816212,0.009401858811777112
yago_intro_prefix_gen,allegrolab__hubble-8b-500b_toks-standard-hf,64,prefix_match,0.05985634477254589,0.006704247542732143
yago_intro_prefix_gen,allegrolab__hubble-8b-500b_toks-standard-hf,256,exact_match,0.009630818619582664,0.003915930435711309
yago_intro_prefix_gen,allegrolab__hubble-8b-500b_toks-standard-hf,256,squad_f1,0.02194036473890454,0.002355909117798254
yago_intro_prefix_gen,allegrolab__hubble-8b-500b_toks-standard-hf,256,squad_recall,0.17943068613213076,0.01297962214265035
yago_intro_prefix_gen,allegrolab__hubble-8b-500b_toks-standard-hf,256,prefix_match,0.04333868378812199,0.008164352981536897
yago_intro_prefix_no_suffix,allegrolab__hubble-1b-100b_toks-double_depth-perturbed-hf,0,acc,0.3510285714285714,0.003608090367774624
yago_intro_prefix_no_suffix,allegrolab__hubble-1b-100b_toks-double_depth-perturbed-hf,0,acc_norm,0.31034285714285714,0.0034972838371472746
yago_intro_prefix_no_suffix,allegrolab__hubble-1b-100b_toks-double_depth-perturbed-hf,1,acc,0.3490641497360422,0.006029505705844819
yago_intro_prefix_no_suffix,allegrolab__hubble-1b-100b_toks-double_depth-perturbed-hf,1,acc_norm,0.3028315469524876,0.005812050944344533
yago_intro_prefix_no_suffix,allegrolab__hubble-1b-100b_toks-double_depth-perturbed-hf,4,acc,0.3847384418493041,0.006154215117626934
yago_intro_prefix_no_suffix,allegrolab__hubble-1b-100b_toks-double_depth-perturbed-hf,4,acc_norm,0.3431450967845145,0.0060052848636814714
yago_intro_prefix_no_suffix,allegrolab__hubble-1b-100b_toks-double_depth-perturbed-hf,16,acc,0.48782831518257525,0.008947349468328404
yago_intro_prefix_no_suffix,allegrolab__hubble-1b-100b_toks-double_depth-perturbed-hf,16,acc_norm,0.45739910313901344,0.008917456996139682
yago_intro_prefix_no_suffix,allegrolab__hubble-1b-100b_toks-double_depth-perturbed-hf,64,acc,0.7741420590582602,0.011817506489477034
yago_intro_prefix_no_suffix,allegrolab__hubble-1b-100b_toks-double_depth-perturbed-hf,64,acc_norm,0.7589784517158819,0.012087611537156491
yago_intro_prefix_no_suffix,allegrolab__hubble-1b-100b_toks-double_depth-perturbed-hf,256,acc,0.8651685393258427,0.013694645249125888
yago_intro_prefix_no_suffix,allegrolab__hubble-1b-100b_toks-double_depth-perturbed-hf,256,acc_norm,0.8571428571428571,0.014030798667249664
yago_intro_prefix_no_suffix,allegrolab__hubble-1b-100b_toks-double_depth-standard-hf,0,acc,0.3049142857142857,0.0034801779570282653
yago_intro_prefix_no_suffix,allegrolab__hubble-1b-100b_toks-double_depth-standard-hf,0,acc_norm,0.24537142857142857,0.003252909660451294
yago_intro_prefix_no_suffix,allegrolab__hubble-1b-100b_toks-double_depth-standard-hf,1,acc,0.3055511118221085,0.0058266920960199226
yago_intro_prefix_no_suffix,allegrolab__hubble-1b-100b_toks-double_depth-standard-hf,1,acc_norm,0.23964165733482642,0.005399459727115585
yago_intro_prefix_no_suffix,allegrolab__hubble-1b-100b_toks-double_depth-standard-hf,4,acc,0.3194688849784035,0.005897911718689038
yago_intro_prefix_no_suffix,allegrolab__hubble-1b-100b_toks-double_depth-standard-hf,4,acc_norm,0.24412094064949608,0.005433612529224381
yago_intro_prefix_no_suffix,allegrolab__hubble-1b-100b_toks-double_depth-standard-hf,16,acc,0.31197950032030747,0.008293098695065696
yago_intro_prefix_no_suffix,allegrolab__hubble-1b-100b_toks-double_depth-standard-hf,16,acc_norm,0.2591287636130685,0.007843001428883405
yago_intro_prefix_no_suffix,allegrolab__hubble-1b-100b_toks-double_depth-standard-hf,64,acc,0.2897047086991221,0.012820208265912566
yago_intro_prefix_no_suffix,allegrolab__hubble-1b-100b_toks-double_depth-standard-hf,64,acc_norm,0.24102154828411812,0.012087611537156486
yago_intro_prefix_no_suffix,allegrolab__hubble-1b-100b_toks-double_depth-standard-hf,256,acc,0.3097913322632424,0.018540850124536545
yago_intro_prefix_no_suffix,allegrolab__hubble-1b-100b_toks-double_depth-standard-hf,256,acc_norm,0.24879614767255218,0.017334269190987274
yago_intro_prefix_no_suffix,allegrolab__hubble-1b-100b_toks-half_depth-perturbed-hf,0,acc,0.3356,0.0035695968721718174
yago_intro_prefix_no_suffix,allegrolab__hubble-1b-100b_toks-half_depth-perturbed-hf,0,acc_norm,0.3012,0.0034681455566224592
yago_intro_prefix_no_suffix,allegrolab__hubble-1b-100b_toks-half_depth-perturbed-hf,1,acc,0.3338665813469845,0.005965228407451453
yago_intro_prefix_no_suffix,allegrolab__hubble-1b-100b_toks-half_depth-perturbed-hf,1,acc_norm,0.2989921612541993,0.005790970195229713
yago_intro_prefix_no_suffix,allegrolab__hubble-1b-100b_toks-half_depth-perturbed-hf,4,acc,0.36058230683090703,0.006073716579906045
yago_intro_prefix_no_suffix,allegrolab__hubble-1b-100b_toks-half_depth-perturbed-hf,4,acc_norm,0.3191489361702128,0.005896343174702565
yago_intro_prefix_no_suffix,allegrolab__hubble-1b-100b_toks-half_depth-perturbed-hf,16,acc,0.4029468289557976,0.008779777125841541
yago_intro_prefix_no_suffix,allegrolab__hubble-1b-100b_toks-half_depth-perturbed-hf,16,acc_norm,0.3737988468930173,0.008660222015369163
yago_intro_prefix_no_suffix,allegrolab__hubble-1b-100b_toks-half_depth-perturbed-hf,64,acc,0.5610534716679968,0.014025093713482033
yago_intro_prefix_no_suffix,allegrolab__hubble-1b-100b_toks-half_depth-perturbed-hf,64,acc_norm,0.5450917797286512,0.014073254589083336
yago_intro_prefix_no_suffix,allegrolab__hubble-1b-100b_toks-half_depth-perturbed-hf,256,acc,0.6260032102728732,0.01940112996845653
yago_intro_prefix_no_suffix,allegrolab__hubble-1b-100b_toks-half_depth-perturbed-hf,256,acc_norm,0.6131621187800963,0.019527963908052764
yago_intro_prefix_no_suffix,allegrolab__hubble-1b-100b_toks-half_depth-standard-hf,0,acc,0.312,0.0035023931961535837
yago_intro_prefix_no_suffix,allegrolab__hubble-1b-100b_toks-half_depth-standard-hf,0,acc_norm,0.24885714285714286,0.0032683586747964365
yago_intro_prefix_no_suffix,allegrolab__hubble-1b-100b_toks-half_depth-standard-hf,1,acc,0.3079507278835386,0.005839411985185336
yago_intro_prefix_no_suffix,allegrolab__hubble-1b-100b_toks-half_depth-standard-hf,1,acc_norm,0.24396096624540073,0.005432406659211167
yago_intro_prefix_no_suffix,allegrolab__hubble-1b-100b_toks-half_depth-standard-hf,4,acc,0.3210686290193569,0.005905706589108364
yago_intro_prefix_no_suffix,allegrolab__hubble-1b-100b_toks-half_depth-standard-hf,4,acc_norm,0.24780035194368902,0.005461067112135115
yago_intro_prefix_no_suffix,allegrolab__hubble-1b-100b_toks-half_depth-standard-hf,16,acc,0.31902626521460603,0.008343178134084568
yago_intro_prefix_no_suffix,allegrolab__hubble-1b-100b_toks-half_depth-standard-hf,16,acc_norm,0.26201153106982705,0.00787114850214362
yago_intro_prefix_no_suffix,allegrolab__hubble-1b-100b_toks-half_depth-standard-hf,64,acc,0.29928172386272944,0.012942246177607314
yago_intro_prefix_no_suffix,allegrolab__hubble-1b-100b_toks-half_depth-standard-hf,64,acc_norm,0.2386272944932163,0.012046379648369018
yago_intro_prefix_no_suffix,allegrolab__hubble-1b-100b_toks-half_depth-standard-hf,256,acc,0.3274478330658106,0.018816500493290783
yago_intro_prefix_no_suffix,allegrolab__hubble-1b-100b_toks-half_depth-standard-hf,256,acc_norm,0.24398073836276082,0.01722062892474788
yago_intro_prefix_no_suffix,allegrolab__hubble-1b-100b_toks-injectrange_0_25-hf,0,acc,0.31817142857142855,0.0035209638923695283
yago_intro_prefix_no_suffix,allegrolab__hubble-1b-100b_toks-injectrange_0_25-hf,0,acc_norm,0.24462857142857142,0.003249580133234175
yago_intro_prefix_no_suffix,allegrolab__hubble-1b-100b_toks-injectrange_0_25-hf,1,acc,0.3095504719244921,0.005847789014741438
yago_intro_prefix_no_suffix,allegrolab__hubble-1b-100b_toks-injectrange_0_25-hf,1,acc_norm,0.23420252759558471,0.005356890197320448
yago_intro_prefix_no_suffix,allegrolab__hubble-1b-100b_toks-injectrange_0_25-hf,4,acc,0.331306990881459,0.005953723791705921
yago_intro_prefix_no_suffix,allegrolab__hubble-1b-100b_toks-injectrange_0_25-hf,4,acc_norm,0.24380099184130538,0.005431199767543096
yago_intro_prefix_no_suffix,allegrolab__hubble-1b-100b_toks-injectrange_0_25-hf,16,acc,0.32607303010890454,0.008391062843517785
yago_intro_prefix_no_suffix,allegrolab__hubble-1b-100b_toks-injectrange_0_25-hf,16,acc_norm,0.2591287636130685,0.007843001428883398
yago_intro_prefix_no_suffix,allegrolab__hubble-1b-100b_toks-injectrange_0_25-hf,64,acc,0.3024740622505986,0.012981416550281899
yago_intro_prefix_no_suffix,allegrolab__hubble-1b-100b_toks-injectrange_0_25-hf,64,acc_norm,0.25379090183559455,0.012298896025065002
yago_intro_prefix_no_suffix,allegrolab__hubble-1b-100b_toks-injectrange_0_25-hf,256,acc,0.3418940609951846,0.01901947352249792
yago_intro_prefix_no_suffix,allegrolab__hubble-1b-100b_toks-injectrange_0_25-hf,256,acc_norm,0.2536115569823435,0.017445032421449548
yago_intro_prefix_no_suffix,allegrolab__hubble-1b-100b_toks-injectrange_0_50-hf,0,acc,0.32274285714285716,0.0035342600462185837
yago_intro_prefix_no_suffix,allegrolab__hubble-1b-100b_toks-injectrange_0_50-hf,0,acc_norm,0.256,0.0032991330833512813
yago_intro_prefix_no_suffix,allegrolab__hubble-1b-100b_toks-injectrange_0_50-hf,1,acc,0.3213885778275476,0.005907256010968678
yago_intro_prefix_no_suffix,allegrolab__hubble-1b-100b_toks-injectrange_0_50-hf,1,acc_norm,0.24476083826587747,0.005438425806312154
yago_intro_prefix_no_suffix,allegrolab__hubble-1b-100b_toks-injectrange_0_50-hf,4,acc,0.3316269396896497,0.005955172710331443
yago_intro_prefix_no_suffix,allegrolab__hubble-1b-100b_toks-injectrange_0_50-hf,4,acc_norm,0.25755879059350506,0.005531325482833447
yago_intro_prefix_no_suffix,allegrolab__hubble-1b-100b_toks-injectrange_0_50-hf,16,acc,0.3379244074311339,0.00846674899871974
yago_intro_prefix_no_suffix,allegrolab__hubble-1b-100b_toks-injectrange_0_50-hf,16,acc_norm,0.2751441383728379,0.00799390671289165
yago_intro_prefix_no_suffix,allegrolab__hubble-1b-100b_toks-injectrange_0_50-hf,64,acc,0.3455706304868316,0.013439949563691553
yago_intro_prefix_no_suffix,allegrolab__hubble-1b-100b_toks-injectrange_0_50-hf,64,acc_norm,0.2753391859537111,0.012624065417344319
yago_intro_prefix_no_suffix,allegrolab__hubble-1b-100b_toks-injectrange_0_50-hf,256,acc,0.3595505617977528,0.01924098132197507
yago_intro_prefix_no_suffix,allegrolab__hubble-1b-100b_toks-injectrange_0_50-hf,256,acc_norm,0.3017656500802568,0.018405190381447462
yago_intro_prefix_no_suffix,allegrolab__hubble-1b-100b_toks-injectrange_25_50-hf,0,acc,0.32262857142857143,0.0035339323706402416
yago_intro_prefix_no_suffix,allegrolab__hubble-1b-100b_toks-injectrange_25_50-hf,0,acc_norm,0.2613142857142857,0.003321274803980646
yago_intro_prefix_no_suffix,allegrolab__hubble-1b-100b_toks-injectrange_25_50-hf,1,acc,0.3231482962725964,0.0059157210872550796
yago_intro_prefix_no_suffix,allegrolab__hubble-1b-100b_toks-injectrange_25_50-hf,1,acc_norm,0.2577187649976004,0.0055324468823942504
yago_intro_prefix_no_suffix,allegrolab__hubble-1b-100b_toks-injectrange_25_50-hf,4,acc,0.335946248600224,0.005974430405006459
yago_intro_prefix_no_suffix,allegrolab__hubble-1b-100b_toks-injectrange_25_50-hf,4,acc_norm,0.2666773316269397,0.0055937183686456775
yago_intro_prefix_no_suffix,allegrolab__hubble-1b-100b_toks-injectrange_25_50-hf,16,acc,0.356181934657271,0.008571772562928756
yago_intro_prefix_no_suffix,allegrolab__hubble-1b-100b_toks-injectrange_25_50-hf,16,acc_norm,0.30557335041639977,0.008245633799070918
yago_intro_prefix_no_suffix,allegrolab__hubble-1b-100b_toks-injectrange_25_50-hf,64,acc,0.36233040702314445,0.013584638335184092
yago_intro_prefix_no_suffix,allegrolab__hubble-1b-100b_toks-injectrange_25_50-hf,64,acc_norm,0.2905027932960894,0.012830640505032333
yago_intro_prefix_no_suffix,allegrolab__hubble-1b-100b_toks-injectrange_25_50-hf,256,acc,0.4044943820224719,0.019679043521328918
yago_intro_prefix_no_suffix,allegrolab__hubble-1b-100b_toks-injectrange_25_50-hf,256,acc_norm,0.33868378812199035,0.0189760841098372
yago_intro_prefix_no_suffix,allegrolab__hubble-1b-100b_toks-injectrange_50_100-hf,0,acc,0.3269142857142857,0.003546055434417616
yago_intro_prefix_no_suffix,allegrolab__hubble-1b-100b_toks-injectrange_50_100-hf,0,acc_norm,0.2901142857142857,0.003430616404985247
yago_intro_prefix_no_suffix,allegrolab__hubble-1b-100b_toks-injectrange_50_100-hf,1,acc,0.3245880659094545,0.005922575836625335
yago_intro_prefix_no_suffix,allegrolab__hubble-1b-100b_toks-injectrange_50_100-hf,1,acc_norm,0.2887537993920973,0.0057323648555021615
yago_intro_prefix_no_suffix,allegrolab__hubble-1b-100b_toks-injectrange_50_100-hf,4,acc,0.3794592865141577,0.006138011878676345
yago_intro_prefix_no_suffix,allegrolab__hubble-1b-100b_toks-injectrange_50_100-hf,4,acc_norm,0.3389857622780355,0.0059876461518805855
yago_intro_prefix_no_suffix,allegrolab__hubble-1b-100b_toks-injectrange_50_100-hf,16,acc,0.5371556694426649,0.008925255796758635
yago_intro_prefix_no_suffix,allegrolab__hubble-1b-100b_toks-injectrange_50_100-hf,16,acc_norm,0.515695067264574,0.008945591258722846
yago_intro_prefix_no_suffix,allegrolab__hubble-1b-100b_toks-injectrange_50_100-hf,64,acc,0.7382282521947326,0.012423802899250587
yago_intro_prefix_no_suffix,allegrolab__hubble-1b-100b_toks-injectrange_50_100-hf,64,acc_norm,0.7214684756584198,0.01266903958984352
yago_intro_prefix_no_suffix,allegrolab__hubble-1b-100b_toks-injectrange_50_100-hf,256,acc,0.8282504012841091,0.015122844990471278
yago_intro_prefix_no_suffix,allegrolab__hubble-1b-100b_toks-injectrange_50_100-hf,256,acc_norm,0.812199036918138,0.015659754536200846
yago_intro_prefix_no_suffix,allegrolab__hubble-1b-100b_toks-injectrange_50_75-hf,0,acc,0.33154285714285714,0.0035587707016353155
yago_intro_prefix_no_suffix,allegrolab__hubble-1b-100b_toks-injectrange_50_75-hf,0,acc_norm,0.27725714285714287,0.0033839712161307873
yago_intro_prefix_no_suffix,allegrolab__hubble-1b-100b_toks-injectrange_50_75-hf,1,acc,0.32714765637498,0.00593460451660717
yago_intro_prefix_no_suffix,allegrolab__hubble-1b-100b_toks-injectrange_50_75-hf,1,acc_norm,0.2719564869620861,0.005628444277579052
yago_intro_prefix_no_suffix,allegrolab__hubble-1b-100b_toks-injectrange_50_75-hf,4,acc,0.3593025115981443,0.006068992888543008
yago_intro_prefix_no_suffix,allegrolab__hubble-1b-100b_toks-injectrange_50_75-hf,4,acc_norm,0.2943529035354343,0.005764848955047385
yago_intro_prefix_no_suffix,allegrolab__hubble-1b-100b_toks-injectrange_50_75-hf,16,acc,0.4260089686098655,0.008851462628722908
yago_intro_prefix_no_suffix,allegrolab__hubble-1b-100b_toks-injectrange_50_75-hf,16,acc_norm,0.38565022421524664,0.008712800336733214
yago_intro_prefix_no_suffix,allegrolab__hubble-1b-100b_toks-injectrange_50_75-hf,64,acc,0.5163607342378292,0.01412326854369015
yago_intro_prefix_no_suffix,allegrolab__hubble-1b-100b_toks-injectrange_50_75-hf,64,acc_norm,0.45490822027134875,0.014073254589083354
yago_intro_prefix_no_suffix,allegrolab__hubble-1b-100b_toks-injectrange_50_75-hf,256,acc,0.5585874799357945,0.019910067384902006
yago_intro_prefix_no_suffix,allegrolab__hubble-1b-100b_toks-injectrange_50_75-hf,256,acc_norm,0.5136436597110754,0.020040708191243477
yago_intro_prefix_no_suffix,allegrolab__hubble-1b-100b_toks-injectrange_75_100-hf,0,acc,0.3264,0.003544618491018635
yago_intro_prefix_no_suffix,allegrolab__hubble-1b-100b_toks-injectrange_75_100-hf,0,acc_norm,0.28765714285714283,0.003421964522330909
yago_intro_prefix_no_suffix,allegrolab__hubble-1b-100b_toks-injectrange_75_100-hf,1,acc,0.3354663253879379,0.005972318409711944
yago_intro_prefix_no_suffix,allegrolab__hubble-1b-100b_toks-injectrange_75_100-hf,1,acc_norm,0.2885938249880019,0.005731421173381642
yago_intro_prefix_no_suffix,allegrolab__hubble-1b-100b_toks-injectrange_75_100-hf,4,acc,0.392577187649976,0.006176864439332448
yago_intro_prefix_no_suffix,allegrolab__hubble-1b-100b_toks-injectrange_75_100-hf,4,acc_norm,0.3492241241401376,0.006030146071314589
yago_intro_prefix_no_suffix,allegrolab__hubble-1b-100b_toks-injectrange_75_100-hf,16,acc,0.5381165919282511,0.008923957390876907
yago_intro_prefix_no_suffix,allegrolab__hubble-1b-100b_toks-injectrange_75_100-hf,16,acc_norm,0.5153747597693786,0.008945769483793557
yago_intro_prefix_no_suffix,allegrolab__hubble-1b-100b_toks-injectrange_75_100-hf,64,acc,0.6624102154828412,0.013364600908128903
yago_intro_prefix_no_suffix,allegrolab__hubble-1b-100b_toks-injectrange_75_100-hf,64,acc_norm,0.6408619313647247,0.013558473421124567
yago_intro_prefix_no_suffix,allegrolab__hubble-1b-100b_toks-injectrange_75_100-hf,256,acc,0.7383627608346709,0.017623391091978448
yago_intro_prefix_no_suffix,allegrolab__hubble-1b-100b_toks-injectrange_75_100-hf,256,acc_norm,0.7335473515248796,0.01772674123056715
yago_intro_prefix_no_suffix,allegrolab__hubble-1b-100b_toks-interference_copyright-hf,0,acc,0.3166285714285714,0.0035163884408486103
yago_intro_prefix_no_suffix,allegrolab__hubble-1b-100b_toks-interference_copyright-hf,0,acc_norm,0.2518285714285714,0.0032813038261870083
yago_intro_prefix_no_suffix,allegrolab__hubble-1b-100b_toks-interference_copyright-hf,1,acc,0.3149896016637338,0.005875660337459338
yago_intro_prefix_no_suffix,allegrolab__hubble-1b-100b_toks-interference_copyright-hf,1,acc_norm,0.23852183650615902,0.005390794672637994
yago_intro_prefix_no_suffix,allegrolab__hubble-1b-100b_toks-interference_copyright-hf,4,acc,0.322508398656215,0.005912653975363947
yago_intro_prefix_no_suffix,allegrolab__hubble-1b-100b_toks-interference_copyright-hf,4,acc_norm,0.25003999360102386,0.005477517615869789
yago_intro_prefix_no_suffix,allegrolab__hubble-1b-100b_toks-interference_copyright-hf,16,acc,0.3244714926329276,0.00838037069449119
yago_intro_prefix_no_suffix,allegrolab__hubble-1b-100b_toks-interference_copyright-hf,16,acc_norm,0.26137091607943624,0.007864931560307957
yago_intro_prefix_no_suffix,allegrolab__hubble-1b-100b_toks-interference_copyright-hf,64,acc,0.29928172386272944,0.012942246177607315
yago_intro_prefix_no_suffix,allegrolab__hubble-1b-100b_toks-interference_copyright-hf,64,acc_norm,0.23304070231444532,0.011948128483765344
yago_intro_prefix_no_suffix,allegrolab__hubble-1b-100b_toks-interference_copyright-hf,256,acc,0.3113964686998395,0.01856719386640112
yago_intro_prefix_no_suffix,allegrolab__hubble-1b-100b_toks-interference_copyright-hf,256,acc_norm,0.24398073836276082,0.01722062892474787
yago_intro_prefix_no_suffix,allegrolab__hubble-1b-100b_toks-interference_privacy-hf,0,acc,0.3429142857142857,0.0035883697433694356
yago_intro_prefix_no_suffix,allegrolab__hubble-1b-100b_toks-interference_privacy-hf,0,acc_norm,0.3076,0.003488711682876698
yago_intro_prefix_no_suffix,allegrolab__hubble-1b-100b_toks-interference_privacy-hf,1,acc,0.3378659414493681,0.005982809334189426
yago_intro_prefix_no_suffix,allegrolab__hubble-1b-100b_toks-interference_privacy-hf,1,acc_norm,0.298832186850104,0.0057900813251972666
yago_intro_prefix_no_suffix,allegrolab__hubble-1b-100b_toks-interference_privacy-hf,4,acc,0.3764197728363462,0.006128333247520784
yago_intro_prefix_no_suffix,allegrolab__hubble-1b-100b_toks-interference_privacy-hf,4,acc_norm,0.3293872980323148,0.0059449650081699985
yago_intro_prefix_no_suffix,allegrolab__hubble-1b-100b_toks-interference_privacy-hf,16,acc,0.43914157591287634,0.008883457263375468
yago_intro_prefix_no_suffix,allegrolab__hubble-1b-100b_toks-interference_privacy-hf,16,acc_norm,0.41800128122998076,0.008828825566538058
yago_intro_prefix_no_suffix,allegrolab__hubble-1b-100b_toks-interference_privacy-hf,64,acc,0.641660015961692,0.01355183044937254
yago_intro_prefix_no_suffix,allegrolab__hubble-1b-100b_toks-interference_privacy-hf,64,acc_norm,0.6304868316041501,0.013641144384183892
yago_intro_prefix_no_suffix,allegrolab__hubble-1b-100b_toks-interference_privacy-hf,256,acc,0.7945425361155698,0.016200348057999706
yago_intro_prefix_no_suffix,allegrolab__hubble-1b-100b_toks-interference_privacy-hf,256,acc_norm,0.7640449438202247,0.01702467792911193
yago_intro_prefix_no_suffix,allegrolab__hubble-1b-100b_toks-interference_testset-hf,0,acc,0.3129142857142857,0.0035051898001656205
yago_intro_prefix_no_suffix,allegrolab__hubble-1b-100b_toks-interference_testset-hf,0,acc_norm,0.2468,0.003259275843137299
yago_intro_prefix_no_suffix,allegrolab__hubble-1b-100b_toks-interference_testset-hf,1,acc,0.3079507278835386,0.0058394119851853145
yago_intro_prefix_no_suffix,allegrolab__hubble-1b-100b_toks-interference_testset-hf,1,acc_norm,0.23996160614301712,0.005401926081986401
yago_intro_prefix_no_suffix,allegrolab__hubble-1b-100b_toks-interference_testset-hf,4,acc,0.3143497040473524,0.0058724300607185705
yago_intro_prefix_no_suffix,allegrolab__hubble-1b-100b_toks-interference_testset-hf,4,acc_norm,0.24252119660854263,0.005421507772627145
yago_intro_prefix_no_suffix,allegrolab__hubble-1b-100b_toks-interference_testset-hf,16,acc,0.3180653427290199,0.008336479218984762
yago_intro_prefix_no_suffix,allegrolab__hubble-1b-100b_toks-interference_testset-hf,16,acc_norm,0.2552850736707239,0.007804783423697441
yago_intro_prefix_no_suffix,allegrolab__hubble-1b-100b_toks-interference_testset-hf,64,acc,0.30806065442936953,0.013048180795123692
yago_intro_prefix_no_suffix,allegrolab__hubble-1b-100b_toks-interference_testset-hf,64,acc_norm,0.2490023942537909,0.012221341318935581
yago_intro_prefix_no_suffix,allegrolab__hubble-1b-100b_toks-interference_testset-hf,256,acc,0.32102728731942215,0.018719831812278452
yago_intro_prefix_no_suffix,allegrolab__hubble-1b-100b_toks-interference_testset-hf,256,acc_norm,0.24879614767255218,0.017334269190987277
yago_intro_prefix_no_suffix,allegrolab__hubble-1b-100b_toks-paraphrased-perturbed-hf,0,acc,0.3172,0.0035180882547605164
yago_intro_prefix_no_suffix,allegrolab__hubble-1b-100b_toks-paraphrased-perturbed-hf,0,acc_norm,0.2517714285714286,0.0032810568128519577
yago_intro_prefix_no_suffix,allegrolab__hubble-1b-100b_toks-paraphrased-perturbed-hf,1,acc,0.3162693968964966,0.005882082154927427
yago_intro_prefix_no_suffix,allegrolab__hubble-1b-100b_toks-paraphrased-perturbed-hf,1,acc_norm,0.2345224764037754,0.0053594280958358335
yago_intro_prefix_no_suffix,allegrolab__hubble-1b-100b_toks-paraphrased-perturbed-hf,4,acc,0.3340265557510798,0.005965940875391244
yago_intro_prefix_no_suffix,allegrolab__hubble-1b-100b_toks-paraphrased-perturbed-hf,4,acc_norm,0.2594784834426492,0.005544718569203698
yago_intro_prefix_no_suffix,allegrolab__hubble-1b-100b_toks-paraphrased-perturbed-hf,16,acc,0.38725176169122355,0.008719485351003926
yago_intro_prefix_no_suffix,allegrolab__hubble-1b-100b_toks-paraphrased-perturbed-hf,16,acc_norm,0.3180653427290199,0.008336479218984767
yago_intro_prefix_no_suffix,allegrolab__hubble-1b-100b_toks-paraphrased-perturbed-hf,64,acc,0.46368715083798884,0.01409351971339773
yago_intro_prefix_no_suffix,allegrolab__hubble-1b-100b_toks-paraphrased-perturbed-hf,64,acc_norm,0.39904229848363926,0.01383978217641166
yago_intro_prefix_no_suffix,allegrolab__hubble-1b-100b_toks-paraphrased-perturbed-hf,256,acc,0.6757624398073836,0.018768669794121402
yago_intro_prefix_no_suffix,allegrolab__hubble-1b-100b_toks-paraphrased-perturbed-hf,256,acc_norm,0.5778491171749599,0.01980367933899819
yago_intro_prefix_no_suffix,allegrolab__hubble-1b-100b_toks-perturbed-hf,0,acc,0.3409714285714286,0.003583476004182537
yago_intro_prefix_no_suffix,allegrolab__hubble-1b-100b_toks-perturbed-hf,0,acc_norm,0.3009142857142857,0.0034672088395998157
yago_intro_prefix_no_suffix,allegrolab__hubble-1b-100b_toks-perturbed-hf,1,acc,0.3460246360582307,0.0060171965206265296
yago_intro_prefix_no_suffix,allegrolab__hubble-1b-100b_toks-perturbed-hf,1,acc_norm,0.29691249400095987,0.005779348958588178
yago_intro_prefix_no_suffix,allegrolab__hubble-1b-100b_toks-perturbed-hf,4,acc,0.3668213085906255,0.0060960765894727455
yago_intro_prefix_no_suffix,allegrolab__hubble-1b-100b_toks-perturbed-hf,4,acc_norm,0.32714765637498,0.005934604516607157
yago_intro_prefix_no_suffix,allegrolab__hubble-1b-100b_toks-perturbed-hf,16,acc,0.47213324791800126,0.008936090581240192
yago_intro_prefix_no_suffix,allegrolab__hubble-1b-100b_toks-perturbed-hf,16,acc_norm,0.4276105060858424,0.00885570469595278
yago_intro_prefix_no_suffix,allegrolab__hubble-1b-100b_toks-perturbed-hf,64,acc,0.6887470071827614,0.013085323561734965
yago_intro_prefix_no_suffix,allegrolab__hubble-1b-100b_toks-perturbed-hf,64,acc_norm,0.6664006384676776,0.013325335219801686
yago_intro_prefix_no_suffix,allegrolab__hubble-1b-100b_toks-perturbed-hf,256,acc,0.8105939004815409,0.01571098643717319
yago_intro_prefix_no_suffix,allegrolab__hubble-1b-100b_toks-perturbed-hf,256,acc_norm,0.7881219903691814,0.016384925560898215
yago_intro_prefix_no_suffix,allegrolab__hubble-1b-100b_toks-standard-hf,0,acc,0.3102285714285714,0.0034969295381941197
yago_intro_prefix_no_suffix,allegrolab__hubble-1b-100b_toks-standard-hf,0,acc_norm,0.24017142857142856,0.0032293258209694126
yago_intro_prefix_no_suffix,allegrolab__hubble-1b-100b_toks-standard-hf,1,acc,0.312749960006399,0.005864297707618795
yago_intro_prefix_no_suffix,allegrolab__hubble-1b-100b_toks-standard-hf,1,acc_norm,0.23548232282834747,0.005367016280410764
yago_intro_prefix_no_suffix,allegrolab__hubble-1b-100b_toks-standard-hf,4,acc,0.3161094224924012,0.005881282247998934
yago_intro_prefix_no_suffix,allegrolab__hubble-1b-100b_toks-standard-hf,4,acc_norm,0.23900175971844506,0.005394514525996666
yago_intro_prefix_no_suffix,allegrolab__hubble-1b-100b_toks-standard-hf,16,acc,0.32062780269058294,0.008354252358405511
yago_intro_prefix_no_suffix,allegrolab__hubble-1b-100b_toks-standard-hf,16,acc_norm,0.25656630365150546,0.007817610798938997
yago_intro_prefix_no_suffix,allegrolab__hubble-1b-100b_toks-standard-hf,64,acc,0.28890662410215484,0.01280972781595654
yago_intro_prefix_no_suffix,allegrolab__hubble-1b-100b_toks-standard-hf,64,acc_norm,0.23703112529928172,0.012018601495176987
yago_intro_prefix_no_suffix,allegrolab__hubble-1b-100b_toks-standard-hf,256,acc,0.3097913322632424,0.01854085012453654
yago_intro_prefix_no_suffix,allegrolab__hubble-1b-100b_toks-standard-hf,256,acc_norm,0.24237560192616373,0.017182099669797387
yago_intro_prefix_no_suffix,allegrolab__hubble-1b-500b_toks-perturbed-hf,0,acc,0.34662857142857145,0.003597540010237821
yago_intro_prefix_no_suffix,allegrolab__hubble-1b-500b_toks-perturbed-hf,0,acc_norm,0.30982857142857145,0.003495687527604683
yago_intro_prefix_no_suffix,allegrolab__hubble-1b-500b_toks-perturbed-hf,1,acc,0.3428251479763238,0.006003946247478712
yago_intro_prefix_no_suffix,allegrolab__hubble-1b-500b_toks-perturbed-hf,1,acc_norm,0.3055511118221085,0.005826692096019924
yago_intro_prefix_no_suffix,allegrolab__hubble-1b-500b_toks-perturbed-hf,4,acc,0.3586626139817629,0.0060666134647070725
yago_intro_prefix_no_suffix,allegrolab__hubble-1b-500b_toks-perturbed-hf,4,acc_norm,0.3197888337865941,0.005899477069327478
yago_intro_prefix_no_suffix,allegrolab__hubble-1b-500b_toks-perturbed-hf,16,acc,0.3830877642536835,0.008701897194371786
yago_intro_prefix_no_suffix,allegrolab__hubble-1b-500b_toks-perturbed-hf,16,acc_norm,0.3529788597053171,0.008554343766682576
yago_intro_prefix_no_suffix,allegrolab__hubble-1b-500b_toks-perturbed-hf,64,acc,0.4932162809257781,0.01412953484430932
yago_intro_prefix_no_suffix,allegrolab__hubble-1b-500b_toks-perturbed-hf,64,acc_norm,0.44373503591380686,0.014041081152006633
yago_intro_prefix_no_suffix,allegrolab__hubble-1b-500b_toks-perturbed-hf,256,acc,0.6982343499197432,0.018405190381447462
yago_intro_prefix_no_suffix,allegrolab__hubble-1b-500b_toks-perturbed-hf,256,acc_norm,0.680577849117175,0.01869503262979994
yago_intro_prefix_no_suffix,allegrolab__hubble-1b-500b_toks-standard-hf,0,acc,0.32462857142857143,0.0035396318697578054
yago_intro_prefix_no_suffix,allegrolab__hubble-1b-500b_toks-standard-hf,0,acc_norm,0.262,0.0033240856920851223
yago_intro_prefix_no_suffix,allegrolab__hubble-1b-500b_toks-standard-hf,1,acc,0.3180291153415454,0.005890828086259108
yago_intro_prefix_no_suffix,allegrolab__hubble-1b-500b_toks-standard-hf,1,acc_norm,0.2505199168133099,0.005481017250009907
yago_intro_prefix_no_suffix,allegrolab__hubble-1b-500b_toks-standard-hf,4,acc,0.3346664533674612,0.005968783036538109
yago_intro_prefix_no_suffix,allegrolab__hubble-1b-500b_toks-standard-hf,4,acc_norm,0.2551591745320749,0.005514388019487714
yago_intro_prefix_no_suffix,allegrolab__hubble-1b-500b_toks-standard-hf,16,acc,0.3180653427290199,0.008336479218984767
yago_intro_prefix_no_suffix,allegrolab__hubble-1b-500b_toks-standard-hf,16,acc_norm,0.2661755285073671,0.00791103440807207
yago_intro_prefix_no_suffix,allegrolab__hubble-1b-500b_toks-standard-hf,64,acc,0.30806065442936953,0.013048180795123696
yago_intro_prefix_no_suffix,allegrolab__hubble-1b-500b_toks-standard-hf,64,acc_norm,0.257781324820431,0.012362021654583126
yago_intro_prefix_no_suffix,allegrolab__hubble-1b-500b_toks-standard-hf,256,acc,0.3290529695024077,0.01884004051562295
yago_intro_prefix_no_suffix,allegrolab__hubble-1b-500b_toks-standard-hf,256,acc_norm,0.2536115569823435,0.01744503242144955
yago_intro_prefix_no_suffix,allegrolab__hubble-8b-100b_toks-paraphrased-perturbed-hf,0,acc,0.3510857142857143,0.0036082251655987314
yago_intro_prefix_no_suffix,allegrolab__hubble-8b-100b_toks-paraphrased-perturbed-hf,0,acc_norm,0.27194285714285715,0.0033636821146662997
yago_intro_prefix_no_suffix,allegrolab__hubble-8b-100b_toks-paraphrased-perturbed-hf,1,acc,0.3556231003039514,0.0060551506780149675
yago_intro_prefix_no_suffix,allegrolab__hubble-8b-100b_toks-paraphrased-perturbed-hf,1,acc_norm,0.2721164613661814,0.005629480868708643
yago_intro_prefix_no_suffix,allegrolab__hubble-8b-100b_toks-paraphrased-perturbed-hf,4,acc,0.41417373220284753,0.006230683452155297
yago_intro_prefix_no_suffix,allegrolab__hubble-8b-100b_toks-paraphrased-perturbed-hf,4,acc_norm,0.3175491921292593,0.00588845246505144
yago_intro_prefix_no_suffix,allegrolab__hubble-8b-100b_toks-paraphrased-perturbed-hf,16,acc,0.5996156310057655,0.008770576594309127
yago_intro_prefix_no_suffix,allegrolab__hubble-8b-100b_toks-paraphrased-perturbed-hf,16,acc_norm,0.5211402946828956,0.008941998439455652
yago_intro_prefix_no_suffix,allegrolab__hubble-8b-100b_toks-paraphrased-perturbed-hf,64,acc,0.7940941739824421,0.011427945430603183
yago_intro_prefix_no_suffix,allegrolab__hubble-8b-100b_toks-paraphrased-perturbed-hf,64,acc_norm,0.7262569832402235,0.012601275910823374
yago_intro_prefix_no_suffix,allegrolab__hubble-8b-100b_toks-paraphrased-perturbed-hf,256,acc,0.8715890850722311,0.013414104005201053
yago_intro_prefix_no_suffix,allegrolab__hubble-8b-100b_toks-paraphrased-perturbed-hf,256,acc_norm,0.8089887640449438,0.015761789018925963
yago_intro_prefix_no_suffix,allegrolab__hubble-8b-100b_toks-perturbed-hf,0,acc,0.3597714285714286,0.00362805820209591
yago_intro_prefix_no_suffix,allegrolab__hubble-8b-100b_toks-perturbed-hf,0,acc_norm,0.3041714285714286,0.003477792942624858
yago_intro_prefix_no_suffix,allegrolab__hubble-8b-100b_toks-perturbed-hf,1,acc,0.3824988001919693,0.006147434821694954
yago_intro_prefix_no_suffix,allegrolab__hubble-8b-100b_toks-perturbed-hf,1,acc_norm,0.3263477843545033,0.005930867160898623
yago_intro_prefix_no_suffix,allegrolab__hubble-8b-100b_toks-perturbed-hf,4,acc,0.503919372900336,0.006324361008241934
yago_intro_prefix_no_suffix,allegrolab__hubble-8b-100b_toks-perturbed-hf,4,acc_norm,0.4522476403775396,0.006295645633616782
yago_intro_prefix_no_suffix,allegrolab__hubble-8b-100b_toks-perturbed-hf,16,acc,0.7194106342088404,0.008042242159634665
yago_intro_prefix_no_suffix,allegrolab__hubble-8b-100b_toks-perturbed-hf,16,acc_norm,0.6989109545163357,0.008211292389664065
yago_intro_prefix_no_suffix,allegrolab__hubble-8b-100b_toks-perturbed-hf,64,acc,0.8084596967278531,0.011121339743005857
yago_intro_prefix_no_suffix,allegrolab__hubble-8b-100b_toks-perturbed-hf,64,acc_norm,0.7805267358339985,0.011697216787635181
yago_intro_prefix_no_suffix,allegrolab__hubble-8b-100b_toks-perturbed-hf,256,acc,0.8619582664526485,0.013830985609733157
yago_intro_prefix_no_suffix,allegrolab__hubble-8b-100b_toks-perturbed-hf,256,acc_norm,0.8346709470304976,0.014894881251015362
yago_intro_prefix_no_suffix,allegrolab__hubble-8b-100b_toks-standard-hf,0,acc,0.33102857142857145,0.0035573771337771057
yago_intro_prefix_no_suffix,allegrolab__hubble-8b-100b_toks-standard-hf,0,acc_norm,0.2754285714285714,0.0033770577048932438
yago_intro_prefix_no_suffix,allegrolab__hubble-8b-100b_toks-standard-hf,1,acc,0.326667733162694,0.005932364456410827
yago_intro_prefix_no_suffix,allegrolab__hubble-8b-100b_toks-standard-hf,1,acc_norm,0.2674772036474164,0.005599044906787219
yago_intro_prefix_no_suffix,allegrolab__hubble-8b-100b_toks-standard-hf,4,acc,0.3385058390657495,0.005985577813165811
yago_intro_prefix_no_suffix,allegrolab__hubble-8b-100b_toks-standard-hf,4,acc_norm,0.2719564869620861,0.005628444277579043
yago_intro_prefix_no_suffix,allegrolab__hubble-8b-100b_toks-standard-hf,16,acc,0.33472133247918,0.008446885562200473
yago_intro_prefix_no_suffix,allegrolab__hubble-8b-100b_toks-standard-hf,16,acc_norm,0.2860345932094811,0.008089114459081842
yago_intro_prefix_no_suffix,allegrolab__hubble-8b-100b_toks-standard-hf,64,acc,0.3088587390263368,0.013057534833850477
yago_intro_prefix_no_suffix,allegrolab__hubble-8b-100b_toks-standard-hf,64,acc_norm,0.26177174780526735,0.012423802899250587
yago_intro_prefix_no_suffix,allegrolab__hubble-8b-100b_toks-standard-hf,256,acc,0.31781701444622795,0.018669978643043348
yago_intro_prefix_no_suffix,allegrolab__hubble-8b-100b_toks-standard-hf,256,acc_norm,0.2712680577849117,0.017827401260649887
yago_intro_prefix_no_suffix,allegrolab__hubble-8b-500b_toks-perturbed-hf,0,acc,0.3784,0.003666270051125039
yago_intro_prefix_no_suffix,allegrolab__hubble-8b-500b_toks-perturbed-hf,0,acc_norm,0.3349714285714286,0.0035679389873135604
yago_intro_prefix_no_suffix,allegrolab__hubble-8b-500b_toks-perturbed-hf,1,acc,0.3783394656854903,0.006134475878381894
yago_intro_prefix_no_suffix,allegrolab__hubble-8b-500b_toks-perturbed-hf,1,acc_norm,0.3282674772036474,0.005939803910756657
yago_intro_prefix_no_suffix,allegrolab__hubble-8b-500b_toks-perturbed-hf,4,acc,0.40457526795712684,0.006208305669208564
yago_intro_prefix_no_suffix,allegrolab__hubble-8b-500b_toks-perturbed-hf,4,acc_norm,0.3557830747080467,0.00605576060899815
yago_intro_prefix_no_suffix,allegrolab__hubble-8b-500b_toks-perturbed-hf,16,acc,0.505765534913517,0.008949406704422022
yago_intro_prefix_no_suffix,allegrolab__hubble-8b-500b_toks-perturbed-hf,16,acc_norm,0.4641255605381166,0.00892693515654196
yago_intro_prefix_no_suffix,allegrolab__hubble-8b-500b_toks-perturbed-hf,64,acc,0.8212290502793296,0.010828753333938507
yago_intro_prefix_no_suffix,allegrolab__hubble-8b-500b_toks-perturbed-hf,64,acc_norm,0.8124501197126895,0.011032008421747733
yago_intro_prefix_no_suffix,allegrolab__hubble-8b-500b_toks-perturbed-hf,256,acc,0.8635634028892456,0.013763134742545627
yago_intro_prefix_no_suffix,allegrolab__hubble-8b-500b_toks-perturbed-hf,256,acc_norm,0.8619582664526485,0.013830985609733155
yago_intro_prefix_no_suffix,allegrolab__hubble-8b-500b_toks-standard-hf,0,acc,0.3481142857142857,0.003601140279786256
yago_intro_prefix_no_suffix,allegrolab__hubble-8b-500b_toks-standard-hf,0,acc_norm,0.28337142857142855,0.0034065790701588686
yago_intro_prefix_no_suffix,allegrolab__hubble-8b-500b_toks-standard-hf,1,acc,0.3437849944008959,0.006007953022794662
yago_intro_prefix_no_suffix,allegrolab__hubble-8b-500b_toks-standard-hf,1,acc_norm,0.2738761798112302,0.0056408228895186855
yago_intro_prefix_no_suffix,allegrolab__hubble-8b-500b_toks-standard-hf,4,acc,0.3535434330507119,0.006047154358835939
yago_intro_prefix_no_suffix,allegrolab__hubble-8b-500b_toks-standard-hf,4,acc_norm,0.2863541833306671,0.005718118082302166
yago_intro_prefix_no_suffix,allegrolab__hubble-8b-500b_toks-standard-hf,16,acc,0.3427290198590647,0.008495731608336084
yago_intro_prefix_no_suffix,allegrolab__hubble-8b-500b_toks-standard-hf,16,acc_norm,0.2895579756566304,0.008118675871976594
yago_intro_prefix_no_suffix,allegrolab__hubble-8b-500b_toks-standard-hf,64,acc,0.3240223463687151,0.013226699490458108
yago_intro_prefix_no_suffix,allegrolab__hubble-8b-500b_toks-standard-hf,64,acc_norm,0.2633679169992019,0.012448143467782315
yago_intro_prefix_no_suffix,allegrolab__hubble-8b-500b_toks-standard-hf,256,acc,0.33707865168539325,0.018954024348633795
yago_intro_prefix_no_suffix,allegrolab__hubble-8b-500b_toks-standard-hf,256,acc_norm,0.27929373996789725,0.017989312063699036
yago_name_only_prefix_gen,allegrolab__hubble-1b-100b_toks-double_depth-perturbed-hf,0,exact_match,0.004,0.000477147935739165
yago_name_only_prefix_gen,allegrolab__hubble-1b-100b_toks-double_depth-perturbed-hf,0,squad_f1,0.03850624852327574,0.000701180233497487
yago_name_only_prefix_gen,allegrolab__hubble-1b-100b_toks-double_depth-perturbed-hf,0,squad_recall,0.2081307709750567,0.002655793425950299
yago_name_only_prefix_gen,allegrolab__hubble-1b-100b_toks-double_depth-perturbed-hf,0,prefix_match,0.09714285714285714,0.002238764129907506
yago_name_only_prefix_gen,allegrolab__hubble-1b-100b_toks-double_depth-perturbed-hf,1,exact_match,0.0051191809310510315,0.0009027048171043466
yago_name_only_prefix_gen,allegrolab__hubble-1b-100b_toks-double_depth-perturbed-hf,1,squad_f1,0.038613228670282884,0.001173186402081269
yago_name_only_prefix_gen,allegrolab__hubble-1b-100b_toks-double_depth-perturbed-hf,1,squad_recall,0.20477551874528357,0.004423584677240463
yago_name_only_prefix_gen,allegrolab__hubble-1b-100b_toks-double_depth-perturbed-hf,1,prefix_match,0.09470484722444408,0.003703745976962003
yago_name_only_prefix_gen,allegrolab__hubble-1b-100b_toks-double_depth-perturbed-hf,4,exact_match,0.005439129739241722,0.0009303371953799476
yago_name_only_prefix_gen,allegrolab__hubble-1b-100b_toks-double_depth-perturbed-hf,4,squad_f1,0.03957110891533769,0.0012009983388373753
yago_name_only_prefix_gen,allegrolab__hubble-1b-100b_toks-double_depth-perturbed-hf,4,squad_recall,0.21267282949013874,0.004500634843931256
yago_name_only_prefix_gen,allegrolab__hubble-1b-100b_toks-double_depth-perturbed-hf,4,prefix_match,0.10206366981282995,0.0038292908401878745
yago_name_only_prefix_gen,allegrolab__hubble-1b-100b_toks-double_depth-perturbed-hf,16,exact_match,0.004484304932735426,0.0011959822655975023
yago_name_only_prefix_gen,allegrolab__hubble-1b-100b_toks-double_depth-perturbed-hf,16,squad_f1,0.03912731663457801,0.001588376457118898
yago_name_only_prefix_gen,allegrolab__hubble-1b-100b_toks-double_depth-perturbed-hf,16,squad_recall,0.21953761325157867,0.0064295278369947105
yago_name_only_prefix_gen,allegrolab__hubble-1b-100b_toks-double_depth-perturbed-hf,16,prefix_match,0.10890454836643178,0.005576198667274127
yago_name_only_prefix_gen,allegrolab__hubble-1b-100b_toks-double_depth-perturbed-hf,64,exact_match,0.007182761372705506,0.002386592159125688
yago_name_only_prefix_gen,allegrolab__hubble-1b-100b_toks-double_depth-perturbed-hf,64,squad_f1,0.04187697818656207,0.0024815737518187535
yago_name_only_prefix_gen,allegrolab__hubble-1b-100b_toks-double_depth-perturbed-hf,64,squad_recall,0.278216090905636,0.010977283660092573
yago_name_only_prefix_gen,allegrolab__hubble-1b-100b_toks-double_depth-perturbed-hf,64,prefix_match,0.14445331205107742,0.009935356262577513
yago_name_only_prefix_gen,allegrolab__hubble-1b-100b_toks-double_depth-perturbed-hf,256,exact_match,0.01765650080256822,0.005280667401241587
yago_name_only_prefix_gen,allegrolab__hubble-1b-100b_toks-double_depth-perturbed-hf,256,squad_f1,0.044823656788926455,0.003779174520316171
yago_name_only_prefix_gen,allegrolab__hubble-1b-100b_toks-double_depth-perturbed-hf,256,squad_recall,0.30379054243420217,0.01627227150859499
yago_name_only_prefix_gen,allegrolab__hubble-1b-100b_toks-double_depth-perturbed-hf,256,prefix_match,0.18459069020866772,0.015555985774082766
yago_name_only_prefix_gen,allegrolab__hubble-1b-100b_toks-double_depth-standard-hf,0,exact_match,0.003942857142857143,0.00047374106556251604
yago_name_only_prefix_gen,allegrolab__hubble-1b-100b_toks-double_depth-standard-hf,0,squad_f1,0.025678845282990432,0.0006123818476466377
yago_name_only_prefix_gen,allegrolab__hubble-1b-100b_toks-double_depth-standard-hf,0,squad_recall,0.10806646258503401,0.0018900327736311084
yago_name_only_prefix_gen,allegrolab__hubble-1b-100b_toks-double_depth-standard-hf,0,prefix_match,0.035885714285714285,0.0014061072288608374
yago_name_only_prefix_gen,allegrolab__hubble-1b-100b_toks-double_depth-standard-hf,1,exact_match,0.003199488081906895,0.0007143390072418716
yago_name_only_prefix_gen,allegrolab__hubble-1b-100b_toks-double_depth-standard-hf,1,squad_f1,0.02506718084372558,0.0009812229512087998
yago_name_only_prefix_gen,allegrolab__hubble-1b-100b_toks-double_depth-standard-hf,1,squad_recall,0.10845936223075882,0.003161485682154781
yago_name_only_prefix_gen,allegrolab__hubble-1b-100b_toks-double_depth-standard-hf,1,prefix_match,0.03631418972964326,0.0023662787444905208
yago_name_only_prefix_gen,allegrolab__hubble-1b-100b_toks-double_depth-standard-hf,4,exact_match,0.004159334506478964,0.0008140795482449786
yago_name_only_prefix_gen,allegrolab__hubble-1b-100b_toks-double_depth-standard-hf,4,squad_f1,0.026546945171629126,0.001050900073135193
yago_name_only_prefix_gen,allegrolab__hubble-1b-100b_toks-double_depth-standard-hf,4,squad_recall,0.11061119109831316,0.0031934592073906438
yago_name_only_prefix_gen,allegrolab__hubble-1b-100b_toks-double_depth-standard-hf,4,prefix_match,0.03679411294192929,0.0023812704573734035
yago_name_only_prefix_gen,allegrolab__hubble-1b-100b_toks-double_depth-standard-hf,16,exact_match,0.003523382447149263,0.0010606364915236876
yago_name_only_prefix_gen,allegrolab__hubble-1b-100b_toks-double_depth-standard-hf,16,squad_f1,0.025205578032497934,0.0014326629495050194
yago_name_only_prefix_gen,allegrolab__hubble-1b-100b_toks-double_depth-standard-hf,16,squad_recall,0.1056100840934281,0.0044128622263498824
yago_name_only_prefix_gen,allegrolab__hubble-1b-100b_toks-double_depth-standard-hf,16,prefix_match,0.0361947469570788,0.0033432629272754665
yago_name_only_prefix_gen,allegrolab__hubble-1b-100b_toks-double_depth-standard-hf,64,exact_match,0.0031923383878691143,0.0015942557037034847
yago_name_only_prefix_gen,allegrolab__hubble-1b-100b_toks-double_depth-standard-hf,64,squad_f1,0.026239747800753242,0.0022204917634582036
yago_name_only_prefix_gen,allegrolab__hubble-1b-100b_toks-double_depth-standard-hf,64,squad_recall,0.11655455478280698,0.007380432676726606
yago_name_only_prefix_gen,allegrolab__hubble-1b-100b_toks-double_depth-standard-hf,64,prefix_match,0.04309656823623304,0.0057392248006063636
yago_name_only_prefix_gen,allegrolab__hubble-1b-100b_toks-double_depth-standard-hf,256,exact_match,0.008025682182985553,0.0035776347538066426
yago_name_only_prefix_gen,allegrolab__hubble-1b-100b_toks-double_depth-standard-hf,256,squad_f1,0.028075368703947202,0.0041311924617968105
yago_name_only_prefix_gen,allegrolab__hubble-1b-100b_toks-double_depth-standard-hf,256,squad_recall,0.09913309893245688,0.009630290519681412
yago_name_only_prefix_gen,allegrolab__hubble-1b-100b_toks-double_depth-standard-hf,256,prefix_match,0.033707865168539325,0.007236434808443108
yago_name_only_prefix_gen,allegrolab__hubble-1b-100b_toks-half_depth-perturbed-hf,0,exact_match,0.0004,0.0001511598679365986
yago_name_only_prefix_gen,allegrolab__hubble-1b-100b_toks-half_depth-perturbed-hf,0,squad_f1,0.049079744963634146,0.0009134248386793248
yago_name_only_prefix_gen,allegrolab__hubble-1b-100b_toks-half_depth-perturbed-hf,0,squad_recall,0.16362544217687075,0.0024079848687374146
yago_name_only_prefix_gen,allegrolab__hubble-1b-100b_toks-half_depth-perturbed-hf,0,prefix_match,0.0956,0.0022228113587505947
yago_name_only_prefix_gen,allegrolab__hubble-1b-100b_toks-half_depth-perturbed-hf,1,exact_match,0.00031994880819068947,0.0002262198721424189
yago_name_only_prefix_gen,allegrolab__hubble-1b-100b_toks-half_depth-perturbed-hf,1,squad_f1,0.04803590734123626,0.0014887598292371404
yago_name_only_prefix_gen,allegrolab__hubble-1b-100b_toks-half_depth-perturbed-hf,1,squad_recall,0.15814995141902835,0.00393733680684156
yago_name_only_prefix_gen,allegrolab__hubble-1b-100b_toks-half_depth-perturbed-hf,1,prefix_match,0.08862581986882098,0.003594913827538018
yago_name_only_prefix_gen,allegrolab__hubble-1b-100b_toks-half_depth-perturbed-hf,4,exact_match,0.0006398976163813789,0.00031987201125998553
yago_name_only_prefix_gen,allegrolab__hubble-1b-100b_toks-half_depth-perturbed-hf,4,squad_f1,0.04930331973418417,0.0014958165616940047
yago_name_only_prefix_gen,allegrolab__hubble-1b-100b_toks-half_depth-perturbed-hf,4,squad_recall,0.16906247381371362,0.004079455250953629
yago_name_only_prefix_gen,allegrolab__hubble-1b-100b_toks-half_depth-perturbed-hf,4,prefix_match,0.09918413053911374,0.003780934038849418
yago_name_only_prefix_gen,allegrolab__hubble-1b-100b_toks-half_depth-perturbed-hf,16,exact_match,0.0006406149903907751,0.0004529106278186109
yago_name_only_prefix_gen,allegrolab__hubble-1b-100b_toks-half_depth-perturbed-hf,16,squad_f1,0.05020035151483103,0.0021560543367331714
yago_name_only_prefix_gen,allegrolab__hubble-1b-100b_toks-half_depth-perturbed-hf,16,squad_recall,0.1761039169030841,0.0059251333460447995
yago_name_only_prefix_gen,allegrolab__hubble-1b-100b_toks-half_depth-perturbed-hf,16,prefix_match,0.10698270339525945,0.005532734562263322
yago_name_only_prefix_gen,allegrolab__hubble-1b-100b_toks-half_depth-perturbed-hf,64,exact_match,0.0015961691939345571,0.001128211227276944
yago_name_only_prefix_gen,allegrolab__hubble-1b-100b_toks-half_depth-perturbed-hf,64,squad_f1,0.05721485402009439,0.0034995137119076866
yago_name_only_prefix_gen,allegrolab__hubble-1b-100b_toks-half_depth-perturbed-hf,64,squad_recall,0.20756026805508052,0.010244579167782772
yago_name_only_prefix_gen,allegrolab__hubble-1b-100b_toks-half_depth-perturbed-hf,64,prefix_match,0.1420590582601756,0.009866451783081164
yago_name_only_prefix_gen,allegrolab__hubble-1b-100b_toks-half_depth-perturbed-hf,256,exact_match,0.0,0.0
yago_name_only_prefix_gen,allegrolab__hubble-1b-100b_toks-half_depth-perturbed-hf,256,squad_f1,0.04909290540123636,0.004056162768195131
yago_name_only_prefix_gen,allegrolab__hubble-1b-100b_toks-half_depth-perturbed-hf,256,squad_recall,0.21294364187622614,0.014926382171194344
yago_name_only_prefix_gen,allegrolab__hubble-1b-100b_toks-half_depth-perturbed-hf,256,prefix_match,0.15409309791332262,0.014476303682569138
yago_name_only_prefix_gen,allegrolab__hubble-1b-100b_toks-half_depth-standard-hf,0,exact_match,0.0056,0.0005641153998548445
yago_name_only_prefix_gen,allegrolab__hubble-1b-100b_toks-half_depth-standard-hf,0,squad_f1,0.028578704202849237,0.0007429001538351146
yago_name_only_prefix_gen,allegrolab__hubble-1b-100b_toks-half_depth-standard-hf,0,squad_recall,0.10208483199340342,0.0017345741560512108
yago_name_only_prefix_gen,allegrolab__hubble-1b-100b_toks-half_depth-standard-hf,0,prefix_match,0.021085714285714284,0.0010860751486234132
yago_name_only_prefix_gen,allegrolab__hubble-1b-100b_toks-half_depth-standard-hf,1,exact_match,0.005919052951527755,0.0009702797752141205
yago_name_only_prefix_gen,allegrolab__hubble-1b-100b_toks-half_depth-standard-hf,1,squad_f1,0.028246672717779083,0.0012358411090457877
yago_name_only_prefix_gen,allegrolab__hubble-1b-100b_toks-half_depth-standard-hf,1,squad_recall,0.10331345541711882,0.002933377366526434
yago_name_only_prefix_gen,allegrolab__hubble-1b-100b_toks-half_depth-standard-hf,1,prefix_match,0.022716365381538955,0.0018846891361873489
yago_name_only_prefix_gen,allegrolab__hubble-1b-100b_toks-half_depth-standard-hf,4,exact_match,0.0060790273556231,0.0009832251243358401
yago_name_only_prefix_gen,allegrolab__hubble-1b-100b_toks-half_depth-standard-hf,4,squad_f1,0.029167260671809796,0.0012681776523374433
yago_name_only_prefix_gen,allegrolab__hubble-1b-100b_toks-half_depth-standard-hf,4,squad_recall,0.10431004055224179,0.0029180212034497833
yago_name_only_prefix_gen,allegrolab__hubble-1b-100b_toks-half_depth-standard-hf,4,prefix_match,0.020796672532394818,0.0018050671320025814
yago_name_only_prefix_gen,allegrolab__hubble-1b-100b_toks-half_depth-standard-hf,16,exact_match,0.006726457399103139,0.001463122696926402
yago_name_only_prefix_gen,allegrolab__hubble-1b-100b_toks-half_depth-standard-hf,16,squad_f1,0.0299989959913057,0.0018842291060726976
yago_name_only_prefix_gen,allegrolab__hubble-1b-100b_toks-half_depth-standard-hf,16,squad_recall,0.10544293950764161,0.004227537953155753
yago_name_only_prefix_gen,allegrolab__hubble-1b-100b_toks-half_depth-standard-hf,16,prefix_match,0.02370275464445868,0.002722974398706082
yago_name_only_prefix_gen,allegrolab__hubble-1b-100b_toks-half_depth-standard-hf,64,exact_match,0.006384676775738229,0.002251004865813622
yago_name_only_prefix_gen,allegrolab__hubble-1b-100b_toks-half_depth-standard-hf,64,squad_f1,0.029160080943783036,0.002837045166888296
yago_name_only_prefix_gen,allegrolab__hubble-1b-100b_toks-half_depth-standard-hf,64,squad_recall,0.10256273831692826,0.006475297560874507
yago_name_only_prefix_gen,allegrolab__hubble-1b-100b_toks-half_depth-standard-hf,64,prefix_match,0.02154828411811652,0.0041036837236292254
yago_name_only_prefix_gen,allegrolab__hubble-1b-100b_toks-half_depth-standard-hf,256,exact_match,0.004815409309791332,0.0027757045231131938
yago_name_only_prefix_gen,allegrolab__hubble-1b-100b_toks-half_depth-standard-hf,256,squad_f1,0.026927388905386394,0.003849598578490785
yago_name_only_prefix_gen,allegrolab__hubble-1b-100b_toks-half_depth-standard-hf,256,squad_recall,0.08930609697062346,0.008372506989703083
yago_name_only_prefix_gen,allegrolab__hubble-1b-100b_toks-half_depth-standard-hf,256,prefix_match,0.012841091492776886,0.004514392465000835
yago_name_only_prefix_gen,allegrolab__hubble-1b-100b_toks-injectrange_0_25-hf,0,exact_match,0.0014285714285714286,0.00028551828892516674
yago_name_only_prefix_gen,allegrolab__hubble-1b-100b_toks-injectrange_0_25-hf,0,squad_f1,0.020537938265306904,0.00042287360951840687
yago_name_only_prefix_gen,allegrolab__hubble-1b-100b_toks-injectrange_0_25-hf,0,squad_recall,0.10160179550608121,0.0018192418918794168
yago_name_only_prefix_gen,allegrolab__hubble-1b-100b_toks-injectrange_0_25-hf,0,prefix_match,0.01782857142857143,0.001000334633689205
yago_name_only_prefix_gen,allegrolab__hubble-1b-100b_toks-injectrange_0_25-hf,1,exact_match,0.0006398976163813789,0.00031987201125998585
yago_name_only_prefix_gen,allegrolab__hubble-1b-100b_toks-injectrange_0_25-hf,1,squad_f1,0.01889789999274458,0.0006410463830844684
yago_name_only_prefix_gen,allegrolab__hubble-1b-100b_toks-injectrange_0_25-hf,1,squad_recall,0.0966094486931153,0.002946510297069655
yago_name_only_prefix_gen,allegrolab__hubble-1b-100b_toks-injectrange_0_25-hf,1,prefix_match,0.015037593984962405,0.0015394266336324453
yago_name_only_prefix_gen,allegrolab__hubble-1b-100b_toks-injectrange_0_25-hf,4,exact_match,0.0012797952327627579,0.000452222486291862
yago_name_only_prefix_gen,allegrolab__hubble-1b-100b_toks-injectrange_0_25-hf,4,squad_f1,0.02129263761829278,0.0007486922461857268
yago_name_only_prefix_gen,allegrolab__hubble-1b-100b_toks-injectrange_0_25-hf,4,squad_recall,0.10535717459809604,0.0030973276314833543
yago_name_only_prefix_gen,allegrolab__hubble-1b-100b_toks-injectrange_0_25-hf,4,prefix_match,0.018557030875059992,0.0017070520779478087
yago_name_only_prefix_gen,allegrolab__hubble-1b-100b_toks-injectrange_0_25-hf,16,exact_match,0.0006406149903907751,0.000452910627818611
yago_name_only_prefix_gen,allegrolab__hubble-1b-100b_toks-injectrange_0_25-hf,16,squad_f1,0.020383746719477968,0.001021967878193067
yago_name_only_prefix_gen,allegrolab__hubble-1b-100b_toks-injectrange_0_25-hf,16,squad_recall,0.10231218795440448,0.004325247089072389
yago_name_only_prefix_gen,allegrolab__hubble-1b-100b_toks-injectrange_0_25-hf,16,prefix_match,0.018577834721332478,0.002417010817920358
yago_name_only_prefix_gen,allegrolab__hubble-1b-100b_toks-injectrange_0_25-hf,64,exact_match,0.0,0.0
yago_name_only_prefix_gen,allegrolab__hubble-1b-100b_toks-injectrange_0_25-hf,64,squad_f1,0.021110230844712155,0.0015603578946119271
yago_name_only_prefix_gen,allegrolab__hubble-1b-100b_toks-injectrange_0_25-hf,64,squad_recall,0.10616868721417803,0.0069821743990822575
yago_name_only_prefix_gen,allegrolab__hubble-1b-100b_toks-injectrange_0_25-hf,64,prefix_match,0.02314445331205108,0.004249486681360682
yago_name_only_prefix_gen,allegrolab__hubble-1b-100b_toks-injectrange_0_25-hf,256,exact_match,0.0016051364365971107,0.0016051364365971114
yago_name_only_prefix_gen,allegrolab__hubble-1b-100b_toks-injectrange_0_25-hf,256,squad_f1,0.018648762714454935,0.001956849950215983
yago_name_only_prefix_gen,allegrolab__hubble-1b-100b_toks-injectrange_0_25-hf,256,squad_recall,0.10499885347397385,0.009667654795043137
yago_name_only_prefix_gen,allegrolab__hubble-1b-100b_toks-injectrange_0_25-hf,256,prefix_match,0.008025682182985553,0.0035776347538066396
yago_name_only_prefix_gen,allegrolab__hubble-1b-100b_toks-injectrange_0_50-hf,0,exact_match,0.004114285714285714,0.0004838885654180361
yago_name_only_prefix_gen,allegrolab__hubble-1b-100b_toks-injectrange_0_50-hf,0,squad_f1,0.03388042691731821,0.0007071192529439999
yago_name_only_prefix_gen,allegrolab__hubble-1b-100b_toks-injectrange_0_50-hf,0,squad_recall,0.13376855287569572,0.0022054856270579282
yago_name_only_prefix_gen,allegrolab__hubble-1b-100b_toks-injectrange_0_50-hf,0,prefix_match,0.06097142857142857,0.0018088225895561117
yago_name_only_prefix_gen,allegrolab__hubble-1b-100b_toks-injectrange_0_50-hf,1,exact_match,0.0028795392737162055,0.0006777902362574821
yago_name_only_prefix_gen,allegrolab__hubble-1b-100b_toks-injectrange_0_50-hf,1,squad_f1,0.03145915679151087,0.001129460500815168
yago_name_only_prefix_gen,allegrolab__hubble-1b-100b_toks-injectrange_0_50-hf,1,squad_recall,0.12532072790431453,0.003566823808843567
yago_name_only_prefix_gen,allegrolab__hubble-1b-100b_toks-injectrange_0_50-hf,1,prefix_match,0.055831067029275316,0.0029041751733295392
yago_name_only_prefix_gen,allegrolab__hubble-1b-100b_toks-injectrange_0_50-hf,4,exact_match,0.004799232122860342,0.0008741807130236867
yago_name_only_prefix_gen,allegrolab__hubble-1b-100b_toks-injectrange_0_50-hf,4,squad_f1,0.034099562324178684,0.0012376468532744515
yago_name_only_prefix_gen,allegrolab__hubble-1b-100b_toks-injectrange_0_50-hf,4,squad_recall,0.1310246868437558,0.003640284663550044
yago_name_only_prefix_gen,allegrolab__hubble-1b-100b_toks-injectrange_0_50-hf,4,prefix_match,0.05695088785794273,0.0029314156097049004
yago_name_only_prefix_gen,allegrolab__hubble-1b-100b_toks-injectrange_0_50-hf,16,exact_match,0.0032030749519538757,0.0010114397348975942
yago_name_only_prefix_gen,allegrolab__hubble-1b-100b_toks-injectrange_0_50-hf,16,squad_f1,0.03429777394812658,0.0016675832144883468
yago_name_only_prefix_gen,allegrolab__hubble-1b-100b_toks-injectrange_0_50-hf,16,squad_recall,0.1358529585227215,0.005272539108626866
yago_name_only_prefix_gen,allegrolab__hubble-1b-100b_toks-injectrange_0_50-hf,16,prefix_match,0.06374119154388212,0.004372815591235584
yago_name_only_prefix_gen,allegrolab__hubble-1b-100b_toks-injectrange_0_50-hf,64,exact_match,0.004788507581803671,0.0019509925746429796
yago_name_only_prefix_gen,allegrolab__hubble-1b-100b_toks-injectrange_0_50-hf,64,squad_f1,0.03876282441288005,0.0029291677004473675
yago_name_only_prefix_gen,allegrolab__hubble-1b-100b_toks-injectrange_0_50-hf,64,squad_recall,0.15182767706710246,0.008807029806741095
yago_name_only_prefix_gen,allegrolab__hubble-1b-100b_toks-injectrange_0_50-hf,64,prefix_match,0.07581803671189145,0.00748105498729156
yago_name_only_prefix_gen,allegrolab__hubble-1b-100b_toks-injectrange_0_50-hf,256,exact_match,0.004815409309791332,0.0027757045231131933
yago_name_only_prefix_gen,allegrolab__hubble-1b-100b_toks-injectrange_0_50-hf,256,squad_f1,0.0352533310112121,0.004105675923743328
yago_name_only_prefix_gen,allegrolab__hubble-1b-100b_toks-injectrange_0_50-hf,256,squad_recall,0.1359232082346047,0.011835605820641843
yago_name_only_prefix_gen,allegrolab__hubble-1b-100b_toks-injectrange_0_50-hf,256,prefix_match,0.06260032102728733,0.00971304695162719
yago_name_only_prefix_gen,allegrolab__hubble-1b-100b_toks-injectrange_25_50-hf,0,exact_match,0.01817142857142857,0.0010097311470200162
yago_name_only_prefix_gen,allegrolab__hubble-1b-100b_toks-injectrange_25_50-hf,0,squad_f1,0.04758494109201885,0.0011212954343205646
yago_name_only_prefix_gen,allegrolab__hubble-1b-100b_toks-injectrange_25_50-hf,0,squad_recall,0.13880106988249846,0.00230291108101314
yago_name_only_prefix_gen,allegrolab__hubble-1b-100b_toks-injectrange_25_50-hf,0,prefix_match,0.07725714285714286,0.0020183805473657462
yago_name_only_prefix_gen,allegrolab__hubble-1b-100b_toks-injectrange_25_50-hf,1,exact_match,0.019036954087346025,0.0017285623375011862
yago_name_only_prefix_gen,allegrolab__hubble-1b-100b_toks-injectrange_25_50-hf,1,squad_f1,0.04774989388127311,0.0019018790589170596
yago_name_only_prefix_gen,allegrolab__hubble-1b-100b_toks-injectrange_25_50-hf,1,squad_recall,0.13852743445608587,0.003851925134798041
yago_name_only_prefix_gen,allegrolab__hubble-1b-100b_toks-injectrange_25_50-hf,1,prefix_match,0.07774756039033755,0.003387102059134052
yago_name_only_prefix_gen,allegrolab__hubble-1b-100b_toks-injectrange_25_50-hf,4,exact_match,0.01887697968325068,0.0017214244948315954
yago_name_only_prefix_gen,allegrolab__hubble-1b-100b_toks-injectrange_25_50-hf,4,squad_f1,0.048854725786275977,0.0019030296387837898
yago_name_only_prefix_gen,allegrolab__hubble-1b-100b_toks-injectrange_25_50-hf,4,squad_recall,0.14133814780111373,0.003884080036228982
yago_name_only_prefix_gen,allegrolab__hubble-1b-100b_toks-injectrange_25_50-hf,4,prefix_match,0.07838745800671892,0.003399832100182927
yago_name_only_prefix_gen,allegrolab__hubble-1b-100b_toks-injectrange_25_50-hf,16,exact_match,0.016976297245355543,0.002312366111173316
yago_name_only_prefix_gen,allegrolab__hubble-1b-100b_toks-injectrange_25_50-hf,16,squad_f1,0.045638698185416576,0.0025489755578565754
yago_name_only_prefix_gen,allegrolab__hubble-1b-100b_toks-injectrange_25_50-hf,16,squad_recall,0.14004733432984554,0.005469968205436803
yago_name_only_prefix_gen,allegrolab__hubble-1b-100b_toks-injectrange_25_50-hf,16,prefix_match,0.07783472133247918,0.004795613633413214
yago_name_only_prefix_gen,allegrolab__hubble-1b-100b_toks-injectrange_25_50-hf,64,exact_match,0.017557861133280128,0.0037118219140321504
yago_name_only_prefix_gen,allegrolab__hubble-1b-100b_toks-injectrange_25_50-hf,64,squad_f1,0.04945737211157069,0.004142116598938868
yago_name_only_prefix_gen,allegrolab__hubble-1b-100b_toks-injectrange_25_50-hf,64,squad_recall,0.14775206171854216,0.008892028328538259
yago_name_only_prefix_gen,allegrolab__hubble-1b-100b_toks-injectrange_25_50-hf,64,prefix_match,0.08858739026336791,0.008030476322100643
yago_name_only_prefix_gen,allegrolab__hubble-1b-100b_toks-injectrange_25_50-hf,256,exact_match,0.01765650080256822,0.0052806674012415835
yago_name_only_prefix_gen,allegrolab__hubble-1b-100b_toks-injectrange_25_50-hf,256,squad_f1,0.044683673730304664,0.005858934753350595
yago_name_only_prefix_gen,allegrolab__hubble-1b-100b_toks-injectrange_25_50-hf,256,squad_recall,0.1268860353130016,0.011722949213646411
yago_name_only_prefix_gen,allegrolab__hubble-1b-100b_toks-injectrange_25_50-hf,256,prefix_match,0.07223113964686999,0.01037975104188991
yago_name_only_prefix_gen,allegrolab__hubble-1b-100b_toks-injectrange_50_100-hf,0,exact_match,0.0018857142857142857,0.0003279604440782301
yago_name_only_prefix_gen,allegrolab__hubble-1b-100b_toks-injectrange_50_100-hf,0,squad_f1,0.04416027246865755,0.0008648936383115795
yago_name_only_prefix_gen,allegrolab__hubble-1b-100b_toks-injectrange_50_100-hf,0,squad_recall,0.18240877963306534,0.002519470174299422
yago_name_only_prefix_gen,allegrolab__hubble-1b-100b_toks-injectrange_50_100-hf,0,prefix_match,0.09234285714285714,0.0021885473801743043
yago_name_only_prefix_gen,allegrolab__hubble-1b-100b_toks-injectrange_50_100-hf,1,exact_match,0.0015997440409534474,0.0005055191169412889
yago_name_only_prefix_gen,allegrolab__hubble-1b-100b_toks-injectrange_50_100-hf,1,squad_f1,0.043114484723754454,0.001412192483533828
yago_name_only_prefix_gen,allegrolab__hubble-1b-100b_toks-injectrange_50_100-hf,1,squad_recall,0.1809383629932342,0.004194564435463588
yago_name_only_prefix_gen,allegrolab__hubble-1b-100b_toks-injectrange_50_100-hf,1,prefix_match,0.09070548712206047,0.0036326960066156984
yago_name_only_prefix_gen,allegrolab__hubble-1b-100b_toks-injectrange_50_100-hf,4,exact_match,0.004319308910574308,0.0008295205826123264
yago_name_only_prefix_gen,allegrolab__hubble-1b-100b_toks-injectrange_50_100-hf,4,squad_f1,0.04470711541661503,0.0014005580363503655
yago_name_only_prefix_gen,allegrolab__hubble-1b-100b_toks-injectrange_50_100-hf,4,squad_recall,0.1920470502497378,0.004340124960787319
yago_name_only_prefix_gen,allegrolab__hubble-1b-100b_toks-injectrange_50_100-hf,4,prefix_match,0.1036634138537834,0.0038557450223159137
yago_name_only_prefix_gen,allegrolab__hubble-1b-100b_toks-injectrange_50_100-hf,16,exact_match,0.0028827674567584883,0.0009596901381915497
yago_name_only_prefix_gen,allegrolab__hubble-1b-100b_toks-injectrange_50_100-hf,16,squad_f1,0.04941622154522173,0.002174955547161938
yago_name_only_prefix_gen,allegrolab__hubble-1b-100b_toks-injectrange_50_100-hf,16,squad_recall,0.20929006131600625,0.0063677737254157095
yago_name_only_prefix_gen,allegrolab__hubble-1b-100b_toks-injectrange_50_100-hf,16,prefix_match,0.11947469570787957,0.005805799087272829
yago_name_only_prefix_gen,allegrolab__hubble-1b-100b_toks-injectrange_50_100-hf,64,exact_match,0.0039904229848363925,0.0017817183769583565
yago_name_only_prefix_gen,allegrolab__hubble-1b-100b_toks-injectrange_50_100-hf,64,squad_f1,0.05842685143212665,0.0037254726076634092
yago_name_only_prefix_gen,allegrolab__hubble-1b-100b_toks-injectrange_50_100-hf,64,squad_recall,0.24615747602579205,0.010748617396655826
yago_name_only_prefix_gen,allegrolab__hubble-1b-100b_toks-injectrange_50_100-hf,64,prefix_match,0.1484437350359138,0.010048134654528872
yago_name_only_prefix_gen,allegrolab__hubble-1b-100b_toks-injectrange_50_100-hf,256,exact_match,0.016051364365971106,0.00503903063011698
yago_name_only_prefix_gen,allegrolab__hubble-1b-100b_toks-injectrange_50_100-hf,256,squad_f1,0.05537050832837787,0.005365298988127738
yago_name_only_prefix_gen,allegrolab__hubble-1b-100b_toks-injectrange_50_100-hf,256,squad_recall,0.2642239292720834,0.015635028858108527
yago_name_only_prefix_gen,allegrolab__hubble-1b-100b_toks-injectrange_50_100-hf,256,prefix_match,0.15248796147672553,0.014414365327117205
yago_name_only_prefix_gen,allegrolab__hubble-1b-100b_toks-injectrange_50_75-hf,0,exact_match,0.008514285714285714,0.0006945615294673109
yago_name_only_prefix_gen,allegrolab__hubble-1b-100b_toks-injectrange_50_75-hf,0,squad_f1,0.03792130475140692,0.0007903564050375185
yago_name_only_prefix_gen,allegrolab__hubble-1b-100b_toks-injectrange_50_75-hf,0,squad_recall,0.17075032158317874,0.002494079101901649
yago_name_only_prefix_gen,allegrolab__hubble-1b-100b_toks-injectrange_50_75-hf,0,prefix_match,0.09154285714285715,0.0021800067480682067
yago_name_only_prefix_gen,allegrolab__hubble-1b-100b_toks-injectrange_50_75-hf,1,exact_match,0.008318669012957927,0.00114887553782371
yago_name_only_prefix_gen,allegrolab__hubble-1b-100b_toks-injectrange_50_75-hf,1,squad_f1,0.036891299249495794,0.001295381742423997
yago_name_only_prefix_gen,allegrolab__hubble-1b-100b_toks-injectrange_50_75-hf,1,squad_recall,0.16983684342106994,0.004155958594307033
yago_name_only_prefix_gen,allegrolab__hubble-1b-100b_toks-injectrange_50_75-hf,1,prefix_match,0.0897456406974884,0.0036153309264472214
yago_name_only_prefix_gen,allegrolab__hubble-1b-100b_toks-injectrange_50_75-hf,4,exact_match,0.007678771396576548,0.001104159978728856
yago_name_only_prefix_gen,allegrolab__hubble-1b-100b_toks-injectrange_50_75-hf,4,squad_f1,0.038581361476318195,0.0012991683960820169
yago_name_only_prefix_gen,allegrolab__hubble-1b-100b_toks-injectrange_50_75-hf,4,squad_recall,0.17399247866373127,0.004213695654094088
yago_name_only_prefix_gen,allegrolab__hubble-1b-100b_toks-injectrange_50_75-hf,4,prefix_match,0.09566469364901616,0.0037204937314943808
yago_name_only_prefix_gen,allegrolab__hubble-1b-100b_toks-injectrange_50_75-hf,16,exact_match,0.008968609865470852,0.001687560639142304
yago_name_only_prefix_gen,allegrolab__hubble-1b-100b_toks-injectrange_50_75-hf,16,squad_f1,0.03836211401480984,0.0017742219276833788
yago_name_only_prefix_gen,allegrolab__hubble-1b-100b_toks-injectrange_50_75-hf,16,squad_recall,0.1842075694253785,0.006096730847505735
yago_name_only_prefix_gen,allegrolab__hubble-1b-100b_toks-injectrange_50_75-hf,16,prefix_match,0.10217809096732863,0.005421595439928967
yago_name_only_prefix_gen,allegrolab__hubble-1b-100b_toks-injectrange_50_75-hf,64,exact_match,0.012769353551476457,0.0031731573306678007
yago_name_only_prefix_gen,allegrolab__hubble-1b-100b_toks-injectrange_50_75-hf,64,squad_f1,0.04178724587578754,0.002934312936051218
yago_name_only_prefix_gen,allegrolab__hubble-1b-100b_toks-injectrange_50_75-hf,64,squad_recall,0.20487433334600133,0.009953248105949275
yago_name_only_prefix_gen,allegrolab__hubble-1b-100b_toks-injectrange_50_75-hf,64,prefix_match,0.10933758978451716,0.00881940213559043
yago_name_only_prefix_gen,allegrolab__hubble-1b-100b_toks-injectrange_50_75-hf,256,exact_match,0.019261637239165328,0.005510969267464
yago_name_only_prefix_gen,allegrolab__hubble-1b-100b_toks-injectrange_50_75-hf,256,squad_f1,0.039801304339125466,0.004213920419127487
yago_name_only_prefix_gen,allegrolab__hubble-1b-100b_toks-injectrange_50_75-hf,256,squad_recall,0.1972113939208642,0.014069807947874654
yago_name_only_prefix_gen,allegrolab__hubble-1b-100b_toks-injectrange_50_75-hf,256,prefix_match,0.10593900481540931,0.012340033149291411
yago_name_only_prefix_gen,allegrolab__hubble-1b-100b_toks-injectrange_75_100-hf,0,exact_match,0.002742857142857143,0.0003953653060345409
yago_name_only_prefix_gen,allegrolab__hubble-1b-100b_toks-injectrange_75_100-hf,0,squad_f1,0.040097904024932796,0.0007354542936939711
yago_name_only_prefix_gen,allegrolab__hubble-1b-100b_toks-injectrange_75_100-hf,0,squad_recall,0.18433172747887033,0.0025637799332344927
yago_name_only_prefix_gen,allegrolab__hubble-1b-100b_toks-injectrange_75_100-hf,0,prefix_match,0.09382857142857143,0.0022042767449822038
yago_name_only_prefix_gen,allegrolab__hubble-1b-100b_toks-injectrange_75_100-hf,1,exact_match,0.002719564869620861,0.0006587465475025477
yago_name_only_prefix_gen,allegrolab__hubble-1b-100b_toks-injectrange_75_100-hf,1,squad_f1,0.03940897442972113,0.0012107810282496589
yago_name_only_prefix_gen,allegrolab__hubble-1b-100b_toks-injectrange_75_100-hf,1,squad_recall,0.17905252331344157,0.004224469827696051
yago_name_only_prefix_gen,allegrolab__hubble-1b-100b_toks-injectrange_75_100-hf,1,prefix_match,0.08990561510158375,0.003618233723236568
yago_name_only_prefix_gen,allegrolab__hubble-1b-100b_toks-injectrange_75_100-hf,4,exact_match,0.0039993601023836185,0.0007983347890357854
yago_name_only_prefix_gen,allegrolab__hubble-1b-100b_toks-injectrange_75_100-hf,4,squad_f1,0.04235368487111294,0.0012475246050035196
yago_name_only_prefix_gen,allegrolab__hubble-1b-100b_toks-injectrange_75_100-hf,4,squad_recall,0.19818162427344957,0.004452555015190407
yago_name_only_prefix_gen,allegrolab__hubble-1b-100b_toks-injectrange_75_100-hf,4,prefix_match,0.11022236442169253,0.003961280496061528
yago_name_only_prefix_gen,allegrolab__hubble-1b-100b_toks-injectrange_75_100-hf,16,exact_match,0.0064061499039077515,0.0014280917540885163
yago_name_only_prefix_gen,allegrolab__hubble-1b-100b_toks-injectrange_75_100-hf,16,squad_f1,0.0445902382473569,0.0017300357715339684
yago_name_only_prefix_gen,allegrolab__hubble-1b-100b_toks-injectrange_75_100-hf,16,squad_recall,0.2225654088242173,0.006615692344958968
yago_name_only_prefix_gen,allegrolab__hubble-1b-100b_toks-injectrange_75_100-hf,16,prefix_match,0.1294042280589366,0.006008078877420879
yago_name_only_prefix_gen,allegrolab__hubble-1b-100b_toks-injectrange_75_100-hf,64,exact_match,0.008778930566640064,0.0026363550911685193
yago_name_only_prefix_gen,allegrolab__hubble-1b-100b_toks-injectrange_75_100-hf,64,squad_f1,0.05297867409131779,0.0031676030408873917
yago_name_only_prefix_gen,allegrolab__hubble-1b-100b_toks-injectrange_75_100-hf,64,squad_recall,0.2548192275047822,0.010841377553093692
yago_name_only_prefix_gen,allegrolab__hubble-1b-100b_toks-injectrange_75_100-hf,64,prefix_match,0.14764565043894654,0.010025781954055315
yago_name_only_prefix_gen,allegrolab__hubble-1b-100b_toks-injectrange_75_100-hf,256,exact_match,0.02247191011235955,0.005942776880809419
yago_name_only_prefix_gen,allegrolab__hubble-1b-100b_toks-injectrange_75_100-hf,256,squad_f1,0.046211541914867316,0.0038961369488835964
yago_name_only_prefix_gen,allegrolab__hubble-1b-100b_toks-injectrange_75_100-hf,256,squad_recall,0.26665392748859845,0.01586295609951114
yago_name_only_prefix_gen,allegrolab__hubble-1b-100b_toks-injectrange_75_100-hf,256,prefix_match,0.15730337078651685,0.014598540886747969
yago_name_only_prefix_gen,allegrolab__hubble-1b-100b_toks-interference_copyright-hf,0,exact_match,0.003142857142857143,0.0004231283918267231
yago_name_only_prefix_gen,allegrolab__hubble-1b-100b_toks-interference_copyright-hf,0,squad_f1,0.028016677138131777,0.0006310569656714652
yago_name_only_prefix_gen,allegrolab__hubble-1b-100b_toks-interference_copyright-hf,0,squad_recall,0.11769292517006803,0.0019941233305644456
yago_name_only_prefix_gen,allegrolab__hubble-1b-100b_toks-interference_copyright-hf,0,prefix_match,0.03308571428571429,0.0013520963186394942
yago_name_only_prefix_gen,allegrolab__hubble-1b-100b_toks-interference_copyright-hf,1,exact_match,0.004159334506478964,0.0008140795482449789
yago_name_only_prefix_gen,allegrolab__hubble-1b-100b_toks-interference_copyright-hf,1,squad_f1,0.027231192273211198,0.0010833041689356073
yago_name_only_prefix_gen,allegrolab__hubble-1b-100b_toks-interference_copyright-hf,1,squad_recall,0.11244977138434184,0.003239787456788346
yago_name_only_prefix_gen,allegrolab__hubble-1b-100b_toks-interference_copyright-hf,1,prefix_match,0.03007518796992481,0.0021603951874968907
yago_name_only_prefix_gen,allegrolab__hubble-1b-100b_toks-interference_copyright-hf,4,exact_match,0.0028795392737162055,0.0006777902362574822
yago_name_only_prefix_gen,allegrolab__hubble-1b-100b_toks-interference_copyright-hf,4,squad_f1,0.02729966970325736,0.0010488308790095797
yago_name_only_prefix_gen,allegrolab__hubble-1b-100b_toks-interference_copyright-hf,4,squad_recall,0.11516271682245127,0.0032717823150732205
yago_name_only_prefix_gen,allegrolab__hubble-1b-100b_toks-interference_copyright-hf,4,prefix_match,0.032474804031354984,0.0022421486528588636
yago_name_only_prefix_gen,allegrolab__hubble-1b-100b_toks-interference_copyright-hf,16,exact_match,0.0032030749519538757,0.0010114397348975949
yago_name_only_prefix_gen,allegrolab__hubble-1b-100b_toks-interference_copyright-hf,16,squad_f1,0.02786397484129131,0.0014744704185086928
yago_name_only_prefix_gen,allegrolab__hubble-1b-100b_toks-interference_copyright-hf,16,squad_recall,0.11770677628300946,0.004722829942964037
yago_name_only_prefix_gen,allegrolab__hubble-1b-100b_toks-interference_copyright-hf,16,prefix_match,0.033632286995515695,0.0032270264239453775
yago_name_only_prefix_gen,allegrolab__hubble-1b-100b_toks-interference_copyright-hf,64,exact_match,0.0031923383878691143,0.0015942557037034852
yago_name_only_prefix_gen,allegrolab__hubble-1b-100b_toks-interference_copyright-hf,64,squad_f1,0.028813678061093737,0.0024827935065132077
yago_name_only_prefix_gen,allegrolab__hubble-1b-100b_toks-interference_copyright-hf,64,squad_recall,0.11699160110971762,0.007297271131674287
yago_name_only_prefix_gen,allegrolab__hubble-1b-100b_toks-interference_copyright-hf,64,prefix_match,0.0335195530726257,0.0050867861639727775
yago_name_only_prefix_gen,allegrolab__hubble-1b-100b_toks-interference_copyright-hf,256,exact_match,0.0016051364365971107,0.001605136436597111
yago_name_only_prefix_gen,allegrolab__hubble-1b-100b_toks-interference_copyright-hf,256,squad_f1,0.022483508636973452,0.002770582406955852
yago_name_only_prefix_gen,allegrolab__hubble-1b-100b_toks-interference_copyright-hf,256,squad_recall,0.10200514662793957,0.009521558850061906
yago_name_only_prefix_gen,allegrolab__hubble-1b-100b_toks-interference_copyright-hf,256,prefix_match,0.02086677367576244,0.00573130280865079
yago_name_only_prefix_gen,allegrolab__hubble-1b-100b_toks-interference_privacy-hf,0,exact_match,0.0038285714285714286,0.00046685154690021045
yago_name_only_prefix_gen,allegrolab__hubble-1b-100b_toks-interference_privacy-hf,0,squad_f1,0.029830134537586966,0.0004945069801299785
yago_name_only_prefix_gen,allegrolab__hubble-1b-100b_toks-interference_privacy-hf,0,squad_recall,0.19383428777571635,0.002586508806070308
yago_name_only_prefix_gen,allegrolab__hubble-1b-100b_toks-interference_privacy-hf,0,prefix_match,0.09491428571428571,0.0022156646632754714
yago_name_only_prefix_gen,allegrolab__hubble-1b-100b_toks-interference_privacy-hf,1,exact_match,0.0033594624860022394,0.0007319209244509827
yago_name_only_prefix_gen,allegrolab__hubble-1b-100b_toks-interference_privacy-hf,1,squad_f1,0.028929692771905078,0.0007979887512134559
yago_name_only_prefix_gen,allegrolab__hubble-1b-100b_toks-interference_privacy-hf,1,squad_recall,0.19289157313473423,0.00429650931889621
yago_name_only_prefix_gen,allegrolab__hubble-1b-100b_toks-interference_privacy-hf,1,prefix_match,0.09198528235482323,0.0036556584125965923
yago_name_only_prefix_gen,allegrolab__hubble-1b-100b_toks-interference_privacy-hf,4,exact_match,0.00303951367781155,0.0006963074073325885
yago_name_only_prefix_gen,allegrolab__hubble-1b-100b_toks-interference_privacy-hf,4,squad_f1,0.0312634873930963,0.000845051123023648
yago_name_only_prefix_gen,allegrolab__hubble-1b-100b_toks-interference_privacy-hf,4,squad_recall,0.2050007871756392,0.004412906368922298
yago_name_only_prefix_gen,allegrolab__hubble-1b-100b_toks-interference_privacy-hf,4,prefix_match,0.10126379779235323,0.0038159547387048008
yago_name_only_prefix_gen,allegrolab__hubble-1b-100b_toks-interference_privacy-hf,16,exact_match,0.004163997437540038,0.0011526627383145016
yago_name_only_prefix_gen,allegrolab__hubble-1b-100b_toks-interference_privacy-hf,16,squad_f1,0.03206137747710397,0.0011666779712635636
yago_name_only_prefix_gen,allegrolab__hubble-1b-100b_toks-interference_privacy-hf,16,squad_recall,0.2173656233793966,0.006427426661792073
yago_name_only_prefix_gen,allegrolab__hubble-1b-100b_toks-interference_privacy-hf,16,prefix_match,0.11146700832799487,0.005633302428022382
yago_name_only_prefix_gen,allegrolab__hubble-1b-100b_toks-interference_privacy-hf,64,exact_match,0.007182761372705506,0.0023865921591256904
yago_name_only_prefix_gen,allegrolab__hubble-1b-100b_toks-interference_privacy-hf,64,squad_f1,0.041013938320837794,0.0025466892830597184
yago_name_only_prefix_gen,allegrolab__hubble-1b-100b_toks-interference_privacy-hf,64,squad_recall,0.25623329406250395,0.01086302683031117
yago_name_only_prefix_gen,allegrolab__hubble-1b-100b_toks-interference_privacy-hf,64,prefix_match,0.1420590582601756,0.009866451783081173
yago_name_only_prefix_gen,allegrolab__hubble-1b-100b_toks-interference_privacy-hf,256,exact_match,0.02086677367576244,0.005731302808650792
yago_name_only_prefix_gen,allegrolab__hubble-1b-100b_toks-interference_privacy-hf,256,squad_f1,0.04377146365934394,0.004030222960944912
yago_name_only_prefix_gen,allegrolab__hubble-1b-100b_toks-interference_privacy-hf,256,squad_recall,0.2782242859690693,0.01584609248631251
yago_name_only_prefix_gen,allegrolab__hubble-1b-100b_toks-interference_privacy-hf,256,prefix_match,0.15730337078651685,0.014598540886747974
yago_name_only_prefix_gen,allegrolab__hubble-1b-100b_toks-interference_testset-hf,0,exact_match,0.0034285714285714284,0.0004418798533755162
yago_name_only_prefix_gen,allegrolab__hubble-1b-100b_toks-interference_testset-hf,0,squad_f1,0.025339085500368078,0.0005920811501568646
yago_name_only_prefix_gen,allegrolab__hubble-1b-100b_toks-interference_testset-hf,0,squad_recall,0.10434617192331479,0.001935620661517956
yago_name_only_prefix_gen,allegrolab__hubble-1b-100b_toks-interference_testset-hf,0,prefix_match,0.034114285714285715,0.0013722220607024589
yago_name_only_prefix_gen,allegrolab__hubble-1b-100b_toks-interference_testset-hf,1,exact_match,0.002719564869620861,0.0006587465475025484
yago_name_only_prefix_gen,allegrolab__hubble-1b-100b_toks-interference_testset-hf,1,squad_f1,0.02396798751914056,0.0009191464181136463
yago_name_only_prefix_gen,allegrolab__hubble-1b-100b_toks-interference_testset-hf,1,squad_recall,0.10318160349755295,0.0032221959556402945
yago_name_only_prefix_gen,allegrolab__hubble-1b-100b_toks-interference_testset-hf,1,prefix_match,0.03407454807230843,0.0022948106064240308
yago_name_only_prefix_gen,allegrolab__hubble-1b-100b_toks-interference_testset-hf,4,exact_match,0.0035194368900975845,0.0007490848234024445
yago_name_only_prefix_gen,allegrolab__hubble-1b-100b_toks-interference_testset-hf,4,squad_f1,0.025991839263088876,0.0010168697920531562
yago_name_only_prefix_gen,allegrolab__hubble-1b-100b_toks-interference_testset-hf,4,squad_recall,0.10664211186527615,0.0032670888032643912
yago_name_only_prefix_gen,allegrolab__hubble-1b-100b_toks-interference_testset-hf,4,prefix_match,0.03455447128459446,0.00231034057398771
yago_name_only_prefix_gen,allegrolab__hubble-1b-100b_toks-interference_testset-hf,16,exact_match,0.0019218449711723255,0.0007839611957141037
yago_name_only_prefix_gen,allegrolab__hubble-1b-100b_toks-interference_testset-hf,16,squad_f1,0.023611192632928917,0.0012316854095296538
yago_name_only_prefix_gen,allegrolab__hubble-1b-100b_toks-interference_testset-hf,16,squad_recall,0.10269846354087225,0.004517537471960284
yago_name_only_prefix_gen,allegrolab__hubble-1b-100b_toks-interference_testset-hf,16,prefix_match,0.03299167200512492,0.0031972042809573706
yago_name_only_prefix_gen,allegrolab__hubble-1b-100b_toks-interference_testset-hf,64,exact_match,0.0015961691939345571,0.0011282112272769436
yago_name_only_prefix_gen,allegrolab__hubble-1b-100b_toks-interference_testset-hf,64,squad_f1,0.02555903970629916,0.0019627374077537496
yago_name_only_prefix_gen,allegrolab__hubble-1b-100b_toks-interference_testset-hf,64,squad_recall,0.11414129897769164,0.007667467836842298
yago_name_only_prefix_gen,allegrolab__hubble-1b-100b_toks-interference_testset-hf,64,prefix_match,0.041500399042298484,0.005636635351374769
yago_name_only_prefix_gen,allegrolab__hubble-1b-100b_toks-interference_testset-hf,256,exact_match,0.0032102728731942215,0.0022681802206398895
yago_name_only_prefix_gen,allegrolab__hubble-1b-100b_toks-interference_testset-hf,256,squad_f1,0.022926028119863502,0.003011894157241612
yago_name_only_prefix_gen,allegrolab__hubble-1b-100b_toks-interference_testset-hf,256,squad_recall,0.09425590460903462,0.009767535752536074
yago_name_only_prefix_gen,allegrolab__hubble-1b-100b_toks-interference_testset-hf,256,prefix_match,0.028892455858747994,0.006716309497693475
yago_name_only_prefix_gen,allegrolab__hubble-1b-100b_toks-paraphrased-perturbed-hf,0,exact_match,0.0008571428571428571,0.0002212247859623108
yago_name_only_prefix_gen,allegrolab__hubble-1b-100b_toks-paraphrased-perturbed-hf,0,squad_f1,0.026663012612278412,0.0005479565881404625
yago_name_only_prefix_gen,allegrolab__hubble-1b-100b_toks-paraphrased-perturbed-hf,0,squad_recall,0.11207014223871367,0.0019427493691395645
yago_name_only_prefix_gen,allegrolab__hubble-1b-100b_toks-paraphrased-perturbed-hf,0,prefix_match,0.03257142857142857,0.0013419033671168389
yago_name_only_prefix_gen,allegrolab__hubble-1b-100b_toks-paraphrased-perturbed-hf,1,exact_match,0.0009598464245720685,0.000391698888313624
yago_name_only_prefix_gen,allegrolab__hubble-1b-100b_toks-paraphrased-perturbed-hf,1,squad_f1,0.025236590984874595,0.000875493776367294
yago_name_only_prefix_gen,allegrolab__hubble-1b-100b_toks-paraphrased-perturbed-hf,1,squad_recall,0.10916224544044092,0.0032065822108972297
yago_name_only_prefix_gen,allegrolab__hubble-1b-100b_toks-paraphrased-perturbed-hf,1,prefix_match,0.032634778435450325,0.0022474785755390663
yago_name_only_prefix_gen,allegrolab__hubble-1b-100b_toks-paraphrased-perturbed-hf,4,exact_match,0.0007998720204767237,0.00035759915553090055
yago_name_only_prefix_gen,allegrolab__hubble-1b-100b_toks-paraphrased-perturbed-hf,4,squad_f1,0.026389036777341925,0.0009030978681940037
yago_name_only_prefix_gen,allegrolab__hubble-1b-100b_toks-paraphrased-perturbed-hf,4,squad_recall,0.11038246578960065,0.0032173995648931753
yago_name_only_prefix_gen,allegrolab__hubble-1b-100b_toks-paraphrased-perturbed-hf,4,prefix_match,0.03295472724364102,0.0022580952396544568
yago_name_only_prefix_gen,allegrolab__hubble-1b-100b_toks-paraphrased-perturbed-hf,16,exact_match,0.00032030749519538755,0.00032030749519538755
yago_name_only_prefix_gen,allegrolab__hubble-1b-100b_toks-paraphrased-perturbed-hf,16,squad_f1,0.02671297032019505,0.001230575131688331
yago_name_only_prefix_gen,allegrolab__hubble-1b-100b_toks-paraphrased-perturbed-hf,16,squad_recall,0.11360302716004189,0.004615063229439036
yago_name_only_prefix_gen,allegrolab__hubble-1b-100b_toks-paraphrased-perturbed-hf,16,prefix_match,0.032030749519538756,0.003151863833975924
yago_name_only_prefix_gen,allegrolab__hubble-1b-100b_toks-paraphrased-perturbed-hf,64,exact_match,0.0007980845969672786,0.0007980845969672782
yago_name_only_prefix_gen,allegrolab__hubble-1b-100b_toks-paraphrased-perturbed-hf,64,squad_f1,0.029636076817760152,0.00215357424979602
yago_name_only_prefix_gen,allegrolab__hubble-1b-100b_toks-paraphrased-perturbed-hf,64,squad_recall,0.12405845019572075,0.007632207770186179
yago_name_only_prefix_gen,allegrolab__hubble-1b-100b_toks-paraphrased-perturbed-hf,64,prefix_match,0.040702314445331206,0.0055844973147889925
yago_name_only_prefix_gen,allegrolab__hubble-1b-100b_toks-paraphrased-perturbed-hf,256,exact_match,0.004815409309791332,0.0027757045231131933
yago_name_only_prefix_gen,allegrolab__hubble-1b-100b_toks-paraphrased-perturbed-hf,256,squad_f1,0.04141147890464602,0.004253611017964353
yago_name_only_prefix_gen,allegrolab__hubble-1b-100b_toks-paraphrased-perturbed-hf,256,squad_recall,0.15509312339167877,0.012539772218424453
yago_name_only_prefix_gen,allegrolab__hubble-1b-100b_toks-paraphrased-perturbed-hf,256,prefix_match,0.051364365971107544,0.008850860393758162
yago_name_only_prefix_gen,allegrolab__hubble-1b-100b_toks-perturbed-hf,0,exact_match,0.002057142857142857,0.00034251409450149293
yago_name_only_prefix_gen,allegrolab__hubble-1b-100b_toks-perturbed-hf,0,squad_f1,0.04391595962736856,0.0008241679415515193
yago_name_only_prefix_gen,allegrolab__hubble-1b-100b_toks-perturbed-hf,0,squad_recall,0.16721936920222633,0.0024767422272142592
yago_name_only_prefix_gen,allegrolab__hubble-1b-100b_toks-perturbed-hf,0,prefix_match,0.09674285714285714,0.0022346450069370308
yago_name_only_prefix_gen,allegrolab__hubble-1b-100b_toks-perturbed-hf,1,exact_match,0.0015997440409534474,0.0005055191169412897
yago_name_only_prefix_gen,allegrolab__hubble-1b-100b_toks-perturbed-hf,1,squad_f1,0.04362419851261727,0.0013551678849011725
yago_name_only_prefix_gen,allegrolab__hubble-1b-100b_toks-perturbed-hf,1,squad_recall,0.1640994064326331,0.004104113615198879
yago_name_only_prefix_gen,allegrolab__hubble-1b-100b_toks-perturbed-hf,1,prefix_match,0.09326507758758598,0.0036784062394502833
yago_name_only_prefix_gen,allegrolab__hubble-1b-100b_toks-perturbed-hf,4,exact_match,0.002079667253239482,0.0005762419266044825
yago_name_only_prefix_gen,allegrolab__hubble-1b-100b_toks-perturbed-hf,4,squad_f1,0.04642572938921194,0.0014112876542822722
yago_name_only_prefix_gen,allegrolab__hubble-1b-100b_toks-perturbed-hf,4,squad_recall,0.17416312957026442,0.0042177019001186705
yago_name_only_prefix_gen,allegrolab__hubble-1b-100b_toks-perturbed-hf,4,prefix_match,0.10254359302511598,0.0038372574488478714
yago_name_only_prefix_gen,allegrolab__hubble-1b-100b_toks-perturbed-hf,16,exact_match,0.0016015374759769379,0.0007157702115451121
yago_name_only_prefix_gen,allegrolab__hubble-1b-100b_toks-perturbed-hf,16,squad_f1,0.045988252763401447,0.0019548406096271797
yago_name_only_prefix_gen,allegrolab__hubble-1b-100b_toks-perturbed-hf,16,squad_recall,0.1832922780472428,0.006152077412396624
yago_name_only_prefix_gen,allegrolab__hubble-1b-100b_toks-perturbed-hf,16,prefix_match,0.1108263933376041,0.00561911599412162
yago_name_only_prefix_gen,allegrolab__hubble-1b-100b_toks-perturbed-hf,64,exact_match,0.0015961691939345571,0.0011282112272769436
yago_name_only_prefix_gen,allegrolab__hubble-1b-100b_toks-perturbed-hf,64,squad_f1,0.053743082332357965,0.003214351134708045
yago_name_only_prefix_gen,allegrolab__hubble-1b-100b_toks-perturbed-hf,64,squad_recall,0.2309390795424315,0.01057668509409299
yago_name_only_prefix_gen,allegrolab__hubble-1b-100b_toks-perturbed-hf,64,prefix_match,0.14285714285714285,0.009889524728443835
yago_name_only_prefix_gen,allegrolab__hubble-1b-100b_toks-perturbed-hf,256,exact_match,0.019261637239165328,0.005510969267463997
yago_name_only_prefix_gen,allegrolab__hubble-1b-100b_toks-perturbed-hf,256,squad_f1,0.05284738427502878,0.005178464585556793
yago_name_only_prefix_gen,allegrolab__hubble-1b-100b_toks-perturbed-hf,256,squad_recall,0.2741401054803944,0.01618560194406607
yago_name_only_prefix_gen,allegrolab__hubble-1b-100b_toks-perturbed-hf,256,prefix_match,0.16853932584269662,0.015009847865238275
yago_name_only_prefix_gen,allegrolab__hubble-1b-100b_toks-standard-hf,0,exact_match,0.00034285714285714285,0.00013995084403879235
yago_name_only_prefix_gen,allegrolab__hubble-1b-100b_toks-standard-hf,0,squad_f1,0.022691333703724642,0.0004537823819518584
yago_name_only_prefix_gen,allegrolab__hubble-1b-100b_toks-standard-hf,0,squad_recall,0.09459342815914244,0.0018334670040754486
yago_name_only_prefix_gen,allegrolab__hubble-1b-100b_toks-standard-hf,0,prefix_match,0.0316,0.0013224044929843947
yago_name_only_prefix_gen,allegrolab__hubble-1b-100b_toks-standard-hf,1,exact_match,0.00047992321228603423,0.0002770394588491228
yago_name_only_prefix_gen,allegrolab__hubble-1b-100b_toks-standard-hf,1,squad_f1,0.021839023463234106,0.000742274338998144
yago_name_only_prefix_gen,allegrolab__hubble-1b-100b_toks-standard-hf,1,squad_recall,0.09269242462331569,0.003014287284130393
yago_name_only_prefix_gen,allegrolab__hubble-1b-100b_toks-standard-hf,1,prefix_match,0.02927531594944809,0.0021323516342482782
yago_name_only_prefix_gen,allegrolab__hubble-1b-100b_toks-standard-hf,4,exact_match,0.00047992321228603423,0.00027703945884912284
yago_name_only_prefix_gen,allegrolab__hubble-1b-100b_toks-standard-hf,4,squad_f1,0.023157389922578226,0.0007805647543269918
yago_name_only_prefix_gen,allegrolab__hubble-1b-100b_toks-standard-hf,4,squad_recall,0.0951138611472958,0.003071043732680744
yago_name_only_prefix_gen,allegrolab__hubble-1b-100b_toks-standard-hf,4,prefix_match,0.03071508558630619,0.002182536839688427
yago_name_only_prefix_gen,allegrolab__hubble-1b-100b_toks-standard-hf,16,exact_match,0.0006406149903907751,0.00045291062781861074
yago_name_only_prefix_gen,allegrolab__hubble-1b-100b_toks-standard-hf,16,squad_f1,0.02301060626933453,0.0011008954461538102
yago_name_only_prefix_gen,allegrolab__hubble-1b-100b_toks-standard-hf,16,squad_recall,0.09691526087265998,0.004379282367030677
yago_name_only_prefix_gen,allegrolab__hubble-1b-100b_toks-standard-hf,16,prefix_match,0.033311979500320305,0.0032121550788512263
yago_name_only_prefix_gen,allegrolab__hubble-1b-100b_toks-standard-hf,64,exact_match,0.0007980845969672786,0.0007980845969672786
yago_name_only_prefix_gen,allegrolab__hubble-1b-100b_toks-standard-hf,64,squad_f1,0.023231075101743003,0.001751292809553844
yago_name_only_prefix_gen,allegrolab__hubble-1b-100b_toks-standard-hf,64,squad_recall,0.09852924409987458,0.006986810795601343
yago_name_only_prefix_gen,allegrolab__hubble-1b-100b_toks-standard-hf,64,prefix_match,0.03750997605746209,0.005369938939333032
yago_name_only_prefix_gen,allegrolab__hubble-1b-100b_toks-standard-hf,256,exact_match,0.0016051364365971107,0.0016051364365971112
yago_name_only_prefix_gen,allegrolab__hubble-1b-100b_toks-standard-hf,256,squad_f1,0.02015131850774328,0.002543040003836516
yago_name_only_prefix_gen,allegrolab__hubble-1b-100b_toks-standard-hf,256,squad_recall,0.07971413284414888,0.008789377665467798
yago_name_only_prefix_gen,allegrolab__hubble-1b-100b_toks-standard-hf,256,prefix_match,0.025682182985553772,0.006342655126656967
yago_name_only_prefix_gen,allegrolab__hubble-1b-500b_toks-perturbed-hf,0,exact_match,0.0021714285714285715,0.0003518796294726288
yago_name_only_prefix_gen,allegrolab__hubble-1b-500b_toks-perturbed-hf,0,squad_f1,0.03432655152301819,0.0006105741855178839
yago_name_only_prefix_gen,allegrolab__hubble-1b-500b_toks-perturbed-hf,0,squad_recall,0.16211195423623995,0.0024865379902137743
yago_name_only_prefix_gen,allegrolab__hubble-1b-500b_toks-perturbed-hf,0,prefix_match,0.09834285714285715,0.0022510519042884696
yago_name_only_prefix_gen,allegrolab__hubble-1b-500b_toks-perturbed-hf,1,exact_match,0.0014397696368581027,0.0004796159630789422
yago_name_only_prefix_gen,allegrolab__hubble-1b-500b_toks-perturbed-hf,1,squad_f1,0.03373203143478421,0.0010094885832046875
yago_name_only_prefix_gen,allegrolab__hubble-1b-500b_toks-perturbed-hf,1,squad_recall,0.16074331425875177,0.004144264168608865
yago_name_only_prefix_gen,allegrolab__hubble-1b-500b_toks-perturbed-hf,1,prefix_match,0.0961446168613022,0.0037288245764025103
yago_name_only_prefix_gen,allegrolab__hubble-1b-500b_toks-perturbed-hf,4,exact_match,0.001919692849144137,0.0005536797093640447
yago_name_only_prefix_gen,allegrolab__hubble-1b-500b_toks-perturbed-hf,4,squad_f1,0.035132623356205664,0.001049229204369063
yago_name_only_prefix_gen,allegrolab__hubble-1b-500b_toks-perturbed-hf,4,squad_recall,0.16674424155627163,0.00419802049757043
yago_name_only_prefix_gen,allegrolab__hubble-1b-500b_toks-perturbed-hf,4,prefix_match,0.10014397696368581,0.0037971602197765116
yago_name_only_prefix_gen,allegrolab__hubble-1b-500b_toks-perturbed-hf,16,exact_match,0.0019218449711723255,0.0007839611957141043
yago_name_only_prefix_gen,allegrolab__hubble-1b-500b_toks-perturbed-hf,16,squad_f1,0.03502647023731427,0.0014487690483848948
yago_name_only_prefix_gen,allegrolab__hubble-1b-500b_toks-perturbed-hf,16,squad_recall,0.16589449681217777,0.005924264870493006
yago_name_only_prefix_gen,allegrolab__hubble-1b-500b_toks-perturbed-hf,16,prefix_match,0.10089686098654709,0.0053913397401798985
yago_name_only_prefix_gen,allegrolab__hubble-1b-500b_toks-perturbed-hf,64,exact_match,0.0015961691939345571,0.001128211227276944
yago_name_only_prefix_gen,allegrolab__hubble-1b-500b_toks-perturbed-hf,64,squad_f1,0.036955899497670024,0.002303785743510538
yago_name_only_prefix_gen,allegrolab__hubble-1b-500b_toks-perturbed-hf,64,squad_recall,0.17184281533842585,0.009617605315829338
yago_name_only_prefix_gen,allegrolab__hubble-1b-500b_toks-perturbed-hf,64,prefix_match,0.11252992817238627,0.00893117737274887
yago_name_only_prefix_gen,allegrolab__hubble-1b-500b_toks-perturbed-hf,256,exact_match,0.0016051364365971107,0.0016051364365971112
yago_name_only_prefix_gen,allegrolab__hubble-1b-500b_toks-perturbed-hf,256,squad_f1,0.04174991842105796,0.003613168617334445
yago_name_only_prefix_gen,allegrolab__hubble-1b-500b_toks-perturbed-hf,256,squad_recall,0.19602919819613238,0.014593680392505764
yago_name_only_prefix_gen,allegrolab__hubble-1b-500b_toks-perturbed-hf,256,prefix_match,0.14125200642054575,0.0139648086125933
yago_name_only_prefix_gen,allegrolab__hubble-1b-500b_toks-standard-hf,0,exact_match,0.008914285714285715,0.0007105461119154142
yago_name_only_prefix_gen,allegrolab__hubble-1b-500b_toks-standard-hf,0,squad_f1,0.030138759397142185,0.0007959512670210694
yago_name_only_prefix_gen,allegrolab__hubble-1b-500b_toks-standard-hf,0,squad_recall,0.11005580498866213,0.0019940354993472405
yago_name_only_prefix_gen,allegrolab__hubble-1b-500b_toks-standard-hf,0,prefix_match,0.04062857142857143,0.001492459485883465
yago_name_only_prefix_gen,allegrolab__hubble-1b-500b_toks-standard-hf,1,exact_match,0.00943848984162534,0.0012230718540550166
yago_name_only_prefix_gen,allegrolab__hubble-1b-500b_toks-standard-hf,1,squad_f1,0.029885480057120207,0.0013598796449831986
yago_name_only_prefix_gen,allegrolab__hubble-1b-500b_toks-standard-hf,1,squad_recall,0.10789851112999409,0.0032998621253084877
yago_name_only_prefix_gen,allegrolab__hubble-1b-500b_toks-standard-hf,1,prefix_match,0.038873780195168774,0.0024449984673535186
yago_name_only_prefix_gen,allegrolab__hubble-1b-500b_toks-standard-hf,4,exact_match,0.01279795232762758,0.001421782810071772
yago_name_only_prefix_gen,allegrolab__hubble-1b-500b_toks-standard-hf,4,squad_f1,0.033508438296942035,0.001498066248356515
yago_name_only_prefix_gen,allegrolab__hubble-1b-500b_toks-standard-hf,4,squad_recall,0.11565140053781871,0.0034148894563413574
yago_name_only_prefix_gen,allegrolab__hubble-1b-500b_toks-standard-hf,4,prefix_match,0.04303311470164774,0.00256690524143678
yago_name_only_prefix_gen,allegrolab__hubble-1b-500b_toks-standard-hf,16,exact_match,0.007687379884689302,0.0015633871733400219
yago_name_only_prefix_gen,allegrolab__hubble-1b-500b_toks-standard-hf,16,squad_f1,0.02895152277607925,0.0017921896274640454
yago_name_only_prefix_gen,allegrolab__hubble-1b-500b_toks-standard-hf,16,squad_recall,0.11132693735192134,0.004765182631788689
yago_name_only_prefix_gen,allegrolab__hubble-1b-500b_toks-standard-hf,16,prefix_match,0.04035874439461883,0.0035227059587582296
yago_name_only_prefix_gen,allegrolab__hubble-1b-500b_toks-standard-hf,64,exact_match,0.01596169193934557,0.003541957132335107
yago_name_only_prefix_gen,allegrolab__hubble-1b-500b_toks-standard-hf,64,squad_f1,0.03861707532985459,0.003745471043218077
yago_name_only_prefix_gen,allegrolab__hubble-1b-500b_toks-standard-hf,64,squad_recall,0.1230741458594611,0.00785880313464666
yago_name_only_prefix_gen,allegrolab__hubble-1b-500b_toks-standard-hf,64,prefix_match,0.047885075818036714,0.00603451834092655
yago_name_only_prefix_gen,allegrolab__hubble-1b-500b_toks-standard-hf,256,exact_match,0.0032102728731942215,0.002268180220639889
yago_name_only_prefix_gen,allegrolab__hubble-1b-500b_toks-standard-hf,256,squad_f1,0.02280952571961399,0.003131344125215857
yago_name_only_prefix_gen,allegrolab__hubble-1b-500b_toks-standard-hf,256,squad_recall,0.09754643430405871,0.009906230033960366
yago_name_only_prefix_gen,allegrolab__hubble-1b-500b_toks-standard-hf,256,prefix_match,0.030497592295345103,0.006894646923884887
yago_name_only_prefix_gen,allegrolab__hubble-8b-100b_toks-paraphrased-perturbed-hf,0,exact_match,0.00045714285714285713,0.000161592077166182
yago_name_only_prefix_gen,allegrolab__hubble-8b-100b_toks-paraphrased-perturbed-hf,0,squad_f1,0.03344894117072133,0.000566608102779674
yago_name_only_prefix_gen,allegrolab__hubble-8b-100b_toks-paraphrased-perturbed-hf,0,squad_recall,0.1528729746444032,0.0023894242869603333
yago_name_only_prefix_gen,allegrolab__hubble-8b-100b_toks-paraphrased-perturbed-hf,0,prefix_match,0.08548571428571429,0.0021136613393153043
yago_name_only_prefix_gen,allegrolab__hubble-8b-100b_toks-paraphrased-perturbed-hf,1,exact_match,0.00031994880819068947,0.00022621987214241885
yago_name_only_prefix_gen,allegrolab__hubble-8b-100b_toks-paraphrased-perturbed-hf,1,squad_f1,0.03358534068663233,0.0009624564232765721
yago_name_only_prefix_gen,allegrolab__hubble-8b-100b_toks-paraphrased-perturbed-hf,1,squad_recall,0.1511312071742403,0.003972586897759925
yago_name_only_prefix_gen,allegrolab__hubble-8b-100b_toks-paraphrased-perturbed-hf,1,prefix_match,0.0851063829787234,0.0035296070388643012
yago_name_only_prefix_gen,allegrolab__hubble-8b-100b_toks-paraphrased-perturbed-hf,4,exact_match,0.00015997440409534473,0.00015997440409534476
yago_name_only_prefix_gen,allegrolab__hubble-8b-100b_toks-paraphrased-perturbed-hf,4,squad_f1,0.03504616643306839,0.0009585294682551205
yago_name_only_prefix_gen,allegrolab__hubble-8b-100b_toks-paraphrased-perturbed-hf,4,squad_recall,0.15854130005865727,0.004046736412043303
yago_name_only_prefix_gen,allegrolab__hubble-8b-100b_toks-paraphrased-perturbed-hf,4,prefix_match,0.08926571748520237,0.003606601706139546
yago_name_only_prefix_gen,allegrolab__hubble-8b-100b_toks-paraphrased-perturbed-hf,16,exact_match,0.0016015374759769379,0.0007157702115451126
yago_name_only_prefix_gen,allegrolab__hubble-8b-100b_toks-paraphrased-perturbed-hf,16,squad_f1,0.042148469395127244,0.0015449816153943845
yago_name_only_prefix_gen,allegrolab__hubble-8b-100b_toks-paraphrased-perturbed-hf,16,squad_recall,0.18706809330608176,0.0060662029364886355
yago_name_only_prefix_gen,allegrolab__hubble-8b-100b_toks-paraphrased-perturbed-hf,16,prefix_match,0.09961563100576554,0.00536081517450261
yago_name_only_prefix_gen,allegrolab__hubble-8b-100b_toks-paraphrased-perturbed-hf,64,exact_match,0.0015961691939345571,0.001128211227276944
yago_name_only_prefix_gen,allegrolab__hubble-8b-100b_toks-paraphrased-perturbed-hf,64,squad_f1,0.07936224738642517,0.0036179818172180763
yago_name_only_prefix_gen,allegrolab__hubble-8b-100b_toks-paraphrased-perturbed-hf,64,squad_recall,0.3340269068521263,0.011798638130755778
yago_name_only_prefix_gen,allegrolab__hubble-8b-100b_toks-paraphrased-perturbed-hf,64,prefix_match,0.19872306464485234,0.011277511912585449
yago_name_only_prefix_gen,allegrolab__hubble-8b-100b_toks-paraphrased-perturbed-hf,256,exact_match,0.009630818619582664,0.003915930435711308
yago_name_only_prefix_gen,allegrolab__hubble-8b-100b_toks-paraphrased-perturbed-hf,256,squad_f1,0.12572583857232106,0.006904990712241008
yago_name_only_prefix_gen,allegrolab__hubble-8b-100b_toks-paraphrased-perturbed-hf,256,squad_recall,0.5152398787230248,0.018821921068413166
yago_name_only_prefix_gen,allegrolab__hubble-8b-100b_toks-paraphrased-perturbed-hf,256,prefix_match,0.35313001605136435,0.019163755640507416
yago_name_only_prefix_gen,allegrolab__hubble-8b-100b_toks-perturbed-hf,0,exact_match,0.009885714285714286,0.0007478940446070633
yago_name_only_prefix_gen,allegrolab__hubble-8b-100b_toks-perturbed-hf,0,squad_f1,0.03460317988227954,0.0005894629699996011
yago_name_only_prefix_gen,allegrolab__hubble-8b-100b_toks-perturbed-hf,0,squad_recall,0.2489101896516182,0.0027977048940483933
yago_name_only_prefix_gen,allegrolab__hubble-8b-100b_toks-perturbed-hf,0,prefix_match,0.10788571428571428,0.002345230869495515
yago_name_only_prefix_gen,allegrolab__hubble-8b-100b_toks-perturbed-hf,1,exact_match,0.008158694608862581,0.0011378667979085712
yago_name_only_prefix_gen,allegrolab__hubble-8b-100b_toks-perturbed-hf,1,squad_f1,0.03532552426271262,0.0010023030978574567
yago_name_only_prefix_gen,allegrolab__hubble-8b-100b_toks-perturbed-hf,1,squad_recall,0.24813409940989528,0.004644440535429918
yago_name_only_prefix_gen,allegrolab__hubble-8b-100b_toks-perturbed-hf,1,prefix_match,0.10270356742921133,0.0038399071794307667
yago_name_only_prefix_gen,allegrolab__hubble-8b-100b_toks-perturbed-hf,4,exact_match,0.011678131498960166,0.001358926208071838
yago_name_only_prefix_gen,allegrolab__hubble-8b-100b_toks-perturbed-hf,4,squad_f1,0.03724084709331478,0.0010716508343183455
yago_name_only_prefix_gen,allegrolab__hubble-8b-100b_toks-perturbed-hf,4,squad_recall,0.2643521856127839,0.004816931836494356
yago_name_only_prefix_gen,allegrolab__hubble-8b-100b_toks-perturbed-hf,4,prefix_match,0.12238041913293873,0.004145425471929947
yago_name_only_prefix_gen,allegrolab__hubble-8b-100b_toks-perturbed-hf,16,exact_match,0.018577834721332478,0.0024170108179203545
yago_name_only_prefix_gen,allegrolab__hubble-8b-100b_toks-perturbed-hf,16,squad_f1,0.04387522602733625,0.0016881966341069181
yago_name_only_prefix_gen,allegrolab__hubble-8b-100b_toks-perturbed-hf,16,squad_recall,0.2989896332224968,0.007099483046635587
yago_name_only_prefix_gen,allegrolab__hubble-8b-100b_toks-perturbed-hf,16,prefix_match,0.15310698270339526,0.006445622856280167
yago_name_only_prefix_gen,allegrolab__hubble-8b-100b_toks-perturbed-hf,64,exact_match,0.029529130087789304,0.004784256042670297
yago_name_only_prefix_gen,allegrolab__hubble-8b-100b_toks-perturbed-hf,64,squad_f1,0.0489957658661884,0.0027810016929785074
yago_name_only_prefix_gen,allegrolab__hubble-8b-100b_toks-perturbed-hf,64,squad_recall,0.3318708116393671,0.011719133313582614
yago_name_only_prefix_gen,allegrolab__hubble-8b-100b_toks-perturbed-hf,64,prefix_match,0.189146049481245,0.011067965367929629
yago_name_only_prefix_gen,allegrolab__hubble-8b-100b_toks-perturbed-hf,256,exact_match,0.048154093097913325,0.008584297001465771
yago_name_only_prefix_gen,allegrolab__hubble-8b-100b_toks-perturbed-hf,256,squad_f1,0.05701216715323886,0.0050999252869173995
yago_name_only_prefix_gen,allegrolab__hubble-8b-100b_toks-perturbed-hf,256,squad_recall,0.35339244311956997,0.01715549933863533
yago_name_only_prefix_gen,allegrolab__hubble-8b-100b_toks-perturbed-hf,256,prefix_match,0.2231139646869984,0.016693478492931495
yago_name_only_prefix_gen,allegrolab__hubble-8b-100b_toks-standard-hf,0,exact_match,0.001142857142857143,0.00025541185291018826
yago_name_only_prefix_gen,allegrolab__hubble-8b-100b_toks-standard-hf,0,squad_f1,0.02396967622858539,0.0004497066949212791
yago_name_only_prefix_gen,allegrolab__hubble-8b-100b_toks-standard-hf,0,squad_recall,0.11762918985776129,0.002058916539769348
yago_name_only_prefix_gen,allegrolab__hubble-8b-100b_toks-standard-hf,0,prefix_match,0.048057142857142854,0.0016168800322771456
yago_name_only_prefix_gen,allegrolab__hubble-8b-100b_toks-standard-hf,1,exact_match,0.0012797952327627579,0.00045222248629186144
yago_name_only_prefix_gen,allegrolab__hubble-8b-100b_toks-standard-hf,1,squad_f1,0.024073224920439052,0.0007645247873154631
yago_name_only_prefix_gen,allegrolab__hubble-8b-100b_toks-standard-hf,1,squad_recall,0.12046805555844109,0.0035059767367836138
yago_name_only_prefix_gen,allegrolab__hubble-8b-100b_toks-standard-hf,1,prefix_match,0.05119180931051032,0.0027877218790984606
yago_name_only_prefix_gen,allegrolab__hubble-8b-100b_toks-standard-hf,4,exact_match,0.0011198208286674132,0.00042304927939503114
yago_name_only_prefix_gen,allegrolab__hubble-8b-100b_toks-standard-hf,4,squad_f1,0.0246183925177639,0.0007484575685421999
yago_name_only_prefix_gen,allegrolab__hubble-8b-100b_toks-standard-hf,4,squad_recall,0.12062323996414542,0.003482095046433004
yago_name_only_prefix_gen,allegrolab__hubble-8b-100b_toks-standard-hf,4,prefix_match,0.04959206526955687,0.0027461301449671193
yago_name_only_prefix_gen,allegrolab__hubble-8b-100b_toks-standard-hf,16,exact_match,0.0006406149903907751,0.00045291062781861095
yago_name_only_prefix_gen,allegrolab__hubble-8b-100b_toks-standard-hf,16,squad_f1,0.023449357282847517,0.0010112075712802226
yago_name_only_prefix_gen,allegrolab__hubble-8b-100b_toks-standard-hf,16,squad_recall,0.11689240718709008,0.004876237277427602
yago_name_only_prefix_gen,allegrolab__hubble-8b-100b_toks-standard-hf,16,prefix_match,0.048366431774503525,0.00384025458627129
yago_name_only_prefix_gen,allegrolab__hubble-8b-100b_toks-standard-hf,64,exact_match,0.0015961691939345571,0.001128211227276944
yago_name_only_prefix_gen,allegrolab__hubble-8b-100b_toks-standard-hf,64,squad_f1,0.02528750550170854,0.0017194669735614806
yago_name_only_prefix_gen,allegrolab__hubble-8b-100b_toks-standard-hf,64,squad_recall,0.1198856078744347,0.007760732974940011
yago_name_only_prefix_gen,allegrolab__hubble-8b-100b_toks-standard-hf,64,prefix_match,0.047086991221069435,0.005986526837602033
yago_name_only_prefix_gen,allegrolab__hubble-8b-100b_toks-standard-hf,256,exact_match,0.0,0.0
yago_name_only_prefix_gen,allegrolab__hubble-8b-100b_toks-standard-hf,256,squad_f1,0.02054115986505254,0.00215108162788749
yago_name_only_prefix_gen,allegrolab__hubble-8b-100b_toks-standard-hf,256,squad_recall,0.1001770745751484,0.009884882734527351
yago_name_only_prefix_gen,allegrolab__hubble-8b-100b_toks-standard-hf,256,prefix_match,0.030497592295345103,0.006894646923884889
yago_name_only_prefix_gen,allegrolab__hubble-8b-500b_toks-perturbed-hf,0,exact_match,0.0156,0.0009367883606826225
yago_name_only_prefix_gen,allegrolab__hubble-8b-500b_toks-perturbed-hf,0,squad_f1,0.057911309928680606,0.001073260431654425
yago_name_only_prefix_gen,allegrolab__hubble-8b-500b_toks-perturbed-hf,0,squad_recall,0.2591605009276438,0.0028614084539055787
yago_name_only_prefix_gen,allegrolab__hubble-8b-500b_toks-perturbed-hf,0,prefix_match,0.11411428571428571,0.0024035449122178924
yago_name_only_prefix_gen,allegrolab__hubble-8b-500b_toks-perturbed-hf,1,exact_match,0.014717645176771717,0.0015232090386928434
yago_name_only_prefix_gen,allegrolab__hubble-8b-500b_toks-perturbed-hf,1,squad_f1,0.05706070764097587,0.0017783395053717476
yago_name_only_prefix_gen,allegrolab__hubble-8b-500b_toks-perturbed-hf,1,squad_recall,0.2531374027774604,0.004743297433036056
yago_name_only_prefix_gen,allegrolab__hubble-8b-500b_toks-perturbed-hf,1,prefix_match,0.10814269716845305,0.003928314737239581
yago_name_only_prefix_gen,allegrolab__hubble-8b-500b_toks-perturbed-hf,4,exact_match,0.0182370820668693,0.0016925479445879504
yago_name_only_prefix_gen,allegrolab__hubble-8b-500b_toks-perturbed-hf,4,squad_f1,0.0589455202574652,0.0018070073486069628
yago_name_only_prefix_gen,allegrolab__hubble-8b-500b_toks-perturbed-hf,4,squad_recall,0.26298719189056735,0.004821897622829157
yago_name_only_prefix_gen,allegrolab__hubble-8b-500b_toks-perturbed-hf,4,prefix_match,0.11854103343465046,0.004088795555209795
yago_name_only_prefix_gen,allegrolab__hubble-8b-500b_toks-perturbed-hf,16,exact_match,0.01889814221652787,0.0024373602334934754
yago_name_only_prefix_gen,allegrolab__hubble-8b-500b_toks-perturbed-hf,16,squad_f1,0.06152709390473592,0.0026040698510866266
yago_name_only_prefix_gen,allegrolab__hubble-8b-500b_toks-perturbed-hf,16,squad_recall,0.271673250765179,0.0068641177205357885
yago_name_only_prefix_gen,allegrolab__hubble-8b-500b_toks-perturbed-hf,16,prefix_match,0.12459961563100577,0.005911733303272941
yago_name_only_prefix_gen,allegrolab__hubble-8b-500b_toks-perturbed-hf,64,exact_match,0.023942537909018357,0.004320366803766127
yago_name_only_prefix_gen,allegrolab__hubble-8b-500b_toks-perturbed-hf,64,squad_f1,0.06847430064826472,0.004469709635878316
yago_name_only_prefix_gen,allegrolab__hubble-8b-500b_toks-perturbed-hf,64,squad_recall,0.28817979705848823,0.011172847718913193
yago_name_only_prefix_gen,allegrolab__hubble-8b-500b_toks-perturbed-hf,64,prefix_match,0.16280925778132482,0.01043397020863639
yago_name_only_prefix_gen,allegrolab__hubble-8b-500b_toks-perturbed-hf,256,exact_match,0.033707865168539325,0.007236434808443117
yago_name_only_prefix_gen,allegrolab__hubble-8b-500b_toks-perturbed-hf,256,squad_f1,0.06866877153742232,0.006593316506685258
yago_name_only_prefix_gen,allegrolab__hubble-8b-500b_toks-perturbed-hf,256,squad_recall,0.3076180284848022,0.016401044754779832
yago_name_only_prefix_gen,allegrolab__hubble-8b-500b_toks-perturbed-hf,256,prefix_match,0.18138041733547353,0.015450447789152985
yago_name_only_prefix_gen,allegrolab__hubble-8b-500b_toks-standard-hf,0,exact_match,0.003942857142857143,0.0004737410655625143
yago_name_only_prefix_gen,allegrolab__hubble-8b-500b_toks-standard-hf,0,squad_f1,0.024409948831871087,0.00048391898582336035
yago_name_only_prefix_gen,allegrolab__hubble-8b-500b_toks-standard-hf,0,squad_recall,0.13492537827252113,0.0021964334310951386
yago_name_only_prefix_gen,allegrolab__hubble-8b-500b_toks-standard-hf,0,prefix_match,0.048857142857142856,0.0016295972865587917
yago_name_only_prefix_gen,allegrolab__hubble-8b-500b_toks-standard-hf,1,exact_match,0.004799232122860342,0.0008741807130236868
yago_name_only_prefix_gen,allegrolab__hubble-8b-500b_toks-standard-hf,1,squad_f1,0.023150096331843915,0.0007594809985446332
yago_name_only_prefix_gen,allegrolab__hubble-8b-500b_toks-standard-hf,1,squad_recall,0.13370454089539036,0.0036496950601170998
yago_name_only_prefix_gen,allegrolab__hubble-8b-500b_toks-standard-hf,1,prefix_match,0.046712525995840665,0.002669246063169998
yago_name_only_prefix_gen,allegrolab__hubble-8b-500b_toks-standard-hf,4,exact_match,0.003679411294192929,0.0007658588096218368
yago_name_only_prefix_gen,allegrolab__hubble-8b-500b_toks-standard-hf,4,squad_f1,0.024377027530405822,0.0007951824832918777
yago_name_only_prefix_gen,allegrolab__hubble-8b-500b_toks-standard-hf,4,squad_recall,0.13454901184064516,0.003655955171408846
yago_name_only_prefix_gen,allegrolab__hubble-8b-500b_toks-standard-hf,4,prefix_match,0.04735242361222204,0.0026865642472204783
yago_name_only_prefix_gen,allegrolab__hubble-8b-500b_toks-standard-hf,16,exact_match,0.003843689942344651,0.0011076206258498456
yago_name_only_prefix_gen,allegrolab__hubble-8b-500b_toks-standard-hf,16,squad_f1,0.024253053645663804,0.0010623933777904133
yago_name_only_prefix_gen,allegrolab__hubble-8b-500b_toks-standard-hf,16,squad_recall,0.13800372166803943,0.0052156531330353395
yago_name_only_prefix_gen,allegrolab__hubble-8b-500b_toks-standard-hf,16,prefix_match,0.05092889173606662,0.0039353612487897085
yago_name_only_prefix_gen,allegrolab__hubble-8b-500b_toks-standard-hf,64,exact_match,0.0039904229848363925,0.001781718376958356
yago_name_only_prefix_gen,allegrolab__hubble-8b-500b_toks-standard-hf,64,squad_f1,0.02495219546847742,0.001731846648530196
yago_name_only_prefix_gen,allegrolab__hubble-8b-500b_toks-standard-hf,64,squad_recall,0.13491176731400195,0.008163972570237918
yago_name_only_prefix_gen,allegrolab__hubble-8b-500b_toks-standard-hf,64,prefix_match,0.053471667996807665,0.006358087647171193
yago_name_only_prefix_gen,allegrolab__hubble-8b-500b_toks-standard-hf,256,exact_match,0.0,0.0
yago_name_only_prefix_gen,allegrolab__hubble-8b-500b_toks-standard-hf,256,squad_f1,0.01914936469267418,0.0020071895611109003
yago_name_only_prefix_gen,allegrolab__hubble-8b-500b_toks-standard-hf,256,squad_recall,0.10798491681316721,0.010315133073980062
yago_name_only_prefix_gen,allegrolab__hubble-8b-500b_toks-standard-hf,256,prefix_match,0.028892455858747994,0.006716309497693478
yago_name_only_prefix_no_suffix,allegrolab__hubble-1b-100b_toks-double_depth-perturbed-hf,0,acc,0.29691428571428574,0.003453926314542401
yago_name_only_prefix_no_suffix,allegrolab__hubble-1b-100b_toks-double_depth-perturbed-hf,0,acc_norm,0.24017142857142856,0.003229325820969415
yago_name_only_prefix_no_suffix,allegrolab__hubble-1b-100b_toks-double_depth-perturbed-hf,1,acc,0.2967525195968645,0.005778449088948027
yago_name_only_prefix_no_suffix,allegrolab__hubble-1b-100b_toks-double_depth-perturbed-hf,1,acc_norm,0.23644216925291953,0.005374566324486372
yago_name_only_prefix_no_suffix,allegrolab__hubble-1b-100b_toks-double_depth-perturbed-hf,4,acc,0.3169092945128779,0.005885273737922173
yago_name_only_prefix_no_suffix,allegrolab__hubble-1b-100b_toks-double_depth-perturbed-hf,4,acc_norm,0.24924012158054712,0.005471664951366263
yago_name_only_prefix_no_suffix,allegrolab__hubble-1b-100b_toks-double_depth-perturbed-hf,16,acc,0.3654708520179372,0.008619960523732215
yago_name_only_prefix_no_suffix,allegrolab__hubble-1b-100b_toks-double_depth-perturbed-hf,16,acc_norm,0.3199871877001922,0.008349836242111469
yago_name_only_prefix_no_suffix,allegrolab__hubble-1b-100b_toks-double_depth-perturbed-hf,64,acc,0.48922585794094176,0.014127554417527485
yago_name_only_prefix_no_suffix,allegrolab__hubble-1b-100b_toks-double_depth-perturbed-hf,64,acc_norm,0.4237829209896249,0.013965697274862573
yago_name_only_prefix_no_suffix,allegrolab__hubble-1b-100b_toks-double_depth-perturbed-hf,256,acc,0.5553772070626003,0.019924833223892064
yago_name_only_prefix_no_suffix,allegrolab__hubble-1b-100b_toks-double_depth-perturbed-hf,256,acc_norm,0.5168539325842697,0.020036780687421516
yago_name_only_prefix_no_suffix,allegrolab__hubble-1b-100b_toks-double_depth-standard-hf,0,acc,0.2881142857142857,0.0034235834610231533
yago_name_only_prefix_no_suffix,allegrolab__hubble-1b-100b_toks-double_depth-standard-hf,0,acc_norm,0.21977142857142856,0.003130328569810949
yago_name_only_prefix_no_suffix,allegrolab__hubble-1b-100b_toks-double_depth-standard-hf,1,acc,0.2852343625019997,0.005711402222923226
yago_name_only_prefix_no_suffix,allegrolab__hubble-1b-100b_toks-double_depth-standard-hf,1,acc_norm,0.2052471604543273,0.0051087495703706215
yago_name_only_prefix_no_suffix,allegrolab__hubble-1b-100b_toks-double_depth-standard-hf,4,acc,0.2973924172132459,0.005782043478180486
yago_name_only_prefix_no_suffix,allegrolab__hubble-1b-100b_toks-double_depth-standard-hf,4,acc_norm,0.21804511278195488,0.00522304802311997
yago_name_only_prefix_no_suffix,allegrolab__hubble-1b-100b_toks-double_depth-standard-hf,16,acc,0.293401665598975,0.008150245822070665
yago_name_only_prefix_no_suffix,allegrolab__hubble-1b-100b_toks-double_depth-standard-hf,16,acc_norm,0.23766816143497757,0.007619222357641188
yago_name_only_prefix_no_suffix,allegrolab__hubble-1b-100b_toks-double_depth-standard-hf,64,acc,0.2753391859537111,0.012624065417344328
yago_name_only_prefix_no_suffix,allegrolab__hubble-1b-100b_toks-double_depth-standard-hf,64,acc_norm,0.2266560255387071,0.0118322632397679
yago_name_only_prefix_no_suffix,allegrolab__hubble-1b-100b_toks-double_depth-standard-hf,256,acc,0.29373996789727125,0.018262853869044998
yago_name_only_prefix_no_suffix,allegrolab__hubble-1b-100b_toks-double_depth-standard-hf,256,acc_norm,0.22792937399678972,0.016820289695605298
yago_name_only_prefix_no_suffix,allegrolab__hubble-1b-100b_toks-half_depth-perturbed-hf,0,acc,0.3041142857142857,0.0034776090366259037
yago_name_only_prefix_no_suffix,allegrolab__hubble-1b-100b_toks-half_depth-perturbed-hf,0,acc_norm,0.2464,0.003257498174930828
yago_name_only_prefix_no_suffix,allegrolab__hubble-1b-100b_toks-half_depth-perturbed-hf,1,acc,0.3052311630139178,0.005824982061968453
yago_name_only_prefix_no_suffix,allegrolab__hubble-1b-100b_toks-half_depth-perturbed-hf,1,acc_norm,0.23772196448568228,0.0053845739974375025
yago_name_only_prefix_no_suffix,allegrolab__hubble-1b-100b_toks-half_depth-perturbed-hf,4,acc,0.3210686290193569,0.005905706589108371
yago_name_only_prefix_no_suffix,allegrolab__hubble-1b-100b_toks-half_depth-perturbed-hf,4,acc_norm,0.2541993281075028,0.005507551611337985
yago_name_only_prefix_no_suffix,allegrolab__hubble-1b-100b_toks-half_depth-perturbed-hf,16,acc,0.33728379244074314,0.00846281111660685
yago_name_only_prefix_no_suffix,allegrolab__hubble-1b-100b_toks-half_depth-perturbed-hf,16,acc_norm,0.28987828315182573,0.0081213336510672
yago_name_only_prefix_no_suffix,allegrolab__hubble-1b-100b_toks-half_depth-perturbed-hf,64,acc,0.47007182761372707,0.01410549890783701
yago_name_only_prefix_no_suffix,allegrolab__hubble-1b-100b_toks-half_depth-perturbed-hf,64,acc_norm,0.39584996009577017,0.013820875110074049
yago_name_only_prefix_no_suffix,allegrolab__hubble-1b-100b_toks-half_depth-perturbed-hf,256,acc,0.5104333868378812,0.02004380830854738
yago_name_only_prefix_no_suffix,allegrolab__hubble-1b-100b_toks-half_depth-perturbed-hf,256,acc_norm,0.4462279293739968,0.019931900315671807
yago_name_only_prefix_no_suffix,allegrolab__hubble-1b-100b_toks-half_depth-standard-hf,0,acc,0.29194285714285717,0.0034369757313104697
yago_name_only_prefix_no_suffix,allegrolab__hubble-1b-100b_toks-half_depth-standard-hf,0,acc_norm,0.21822857142857144,0.0031224039406218106
yago_name_only_prefix_no_suffix,allegrolab__hubble-1b-100b_toks-half_depth-standard-hf,1,acc,0.28619420892657177,0.005717161305451725
yago_name_only_prefix_no_suffix,allegrolab__hubble-1b-100b_toks-half_depth-standard-hf,1,acc_norm,0.2098864181730923,0.005151063729204869
yago_name_only_prefix_no_suffix,allegrolab__hubble-1b-100b_toks-half_depth-standard-hf,4,acc,0.2980323148296273,0.005785624310608789
yago_name_only_prefix_no_suffix,allegrolab__hubble-1b-100b_toks-half_depth-standard-hf,4,acc_norm,0.21900495920652696,0.005231317800317231
yago_name_only_prefix_no_suffix,allegrolab__hubble-1b-100b_toks-half_depth-standard-hf,16,acc,0.2946828955797566,0.0081606130957301
yago_name_only_prefix_no_suffix,allegrolab__hubble-1b-100b_toks-half_depth-standard-hf,16,acc_norm,0.22805893657911594,0.007510498004188057
yago_name_only_prefix_no_suffix,allegrolab__hubble-1b-100b_toks-half_depth-standard-hf,64,acc,0.2713487629688747,0.012566710544174521
yago_name_only_prefix_no_suffix,allegrolab__hubble-1b-100b_toks-half_depth-standard-hf,64,acc_norm,0.2083000798084597,0.011476853931558641
yago_name_only_prefix_no_suffix,allegrolab__hubble-1b-100b_toks-half_depth-standard-hf,256,acc,0.2953451043338684,0.01829186268926436
yago_name_only_prefix_no_suffix,allegrolab__hubble-1b-100b_toks-half_depth-standard-hf,256,acc_norm,0.2247191011235955,0.016736103162252387
yago_name_only_prefix_no_suffix,allegrolab__hubble-1b-100b_toks-injectrange_0_25-hf,0,acc,0.2970857142857143,0.0034545020417455032
yago_name_only_prefix_no_suffix,allegrolab__hubble-1b-100b_toks-injectrange_0_25-hf,0,acc_norm,0.22302857142857144,0.0031468508560183635
yago_name_only_prefix_no_suffix,allegrolab__hubble-1b-100b_toks-injectrange_0_25-hf,1,acc,0.294672852343625,0.0057666733902352755
yago_name_only_prefix_no_suffix,allegrolab__hubble-1b-100b_toks-injectrange_0_25-hf,1,acc_norm,0.21004639257718766,0.0051525047197260926
yago_name_only_prefix_no_suffix,allegrolab__hubble-1b-100b_toks-injectrange_0_25-hf,4,acc,0.3095504719244921,0.005847789014741437
yago_name_only_prefix_no_suffix,allegrolab__hubble-1b-100b_toks-injectrange_0_25-hf,4,acc_norm,0.22460406334986402,0.005278743457704222
yago_name_only_prefix_no_suffix,allegrolab__hubble-1b-100b_toks-injectrange_0_25-hf,16,acc,0.3074951953875721,0.00826006905858864
yago_name_only_prefix_no_suffix,allegrolab__hubble-1b-100b_toks-injectrange_0_25-hf,16,acc_norm,0.2347853939782191,0.007587178107079877
yago_name_only_prefix_no_suffix,allegrolab__hubble-1b-100b_toks-injectrange_0_25-hf,64,acc,0.2905027932960894,0.012830640505032314
yago_name_only_prefix_no_suffix,allegrolab__hubble-1b-100b_toks-injectrange_0_25-hf,64,acc_norm,0.22745411013567438,0.011846958666552996
yago_name_only_prefix_no_suffix,allegrolab__hubble-1b-100b_toks-injectrange_0_25-hf,256,acc,0.2969502407704655,0.018320599482463167
yago_name_only_prefix_no_suffix,allegrolab__hubble-1b-100b_toks-injectrange_0_25-hf,256,acc_norm,0.21829855537720708,0.016563445985721553
yago_name_only_prefix_no_suffix,allegrolab__hubble-1b-100b_toks-injectrange_0_50-hf,0,acc,0.29942857142857143,0.003462312106472361
yago_name_only_prefix_no_suffix,allegrolab__hubble-1b-100b_toks-injectrange_0_50-hf,0,acc_norm,0.22897142857142858,0.003176283562788061
yago_name_only_prefix_no_suffix,allegrolab__hubble-1b-100b_toks-injectrange_0_50-hf,1,acc,0.2994720844664854,0.005793631746554607
yago_name_only_prefix_no_suffix,allegrolab__hubble-1b-100b_toks-injectrange_0_50-hf,1,acc_norm,0.22076467765157576,0.005246372228547599
yago_name_only_prefix_no_suffix,allegrolab__hubble-1b-100b_toks-injectrange_0_50-hf,4,acc,0.3101903695408735,0.005851116873691313
yago_name_only_prefix_no_suffix,allegrolab__hubble-1b-100b_toks-injectrange_0_50-hf,4,acc_norm,0.23612222044472883,0.005372053871017744
yago_name_only_prefix_no_suffix,allegrolab__hubble-1b-100b_toks-injectrange_0_50-hf,16,acc,0.3167841127482383,0.008327483684217565
yago_name_only_prefix_no_suffix,allegrolab__hubble-1b-100b_toks-injectrange_0_50-hf,16,acc_norm,0.2556053811659193,0.007807998558419894
yago_name_only_prefix_no_suffix,allegrolab__hubble-1b-100b_toks-injectrange_0_50-hf,64,acc,0.31763766959297685,0.013157438779884994
yago_name_only_prefix_no_suffix,allegrolab__hubble-1b-100b_toks-injectrange_0_50-hf,64,acc_norm,0.24501197126895452,0.012155183527390645
yago_name_only_prefix_no_suffix,allegrolab__hubble-1b-100b_toks-injectrange_0_50-hf,256,acc,0.30658105939004815,0.018487377870749833
yago_name_only_prefix_no_suffix,allegrolab__hubble-1b-100b_toks-injectrange_0_50-hf,256,acc_norm,0.25842696629213485,0.01755297308045876
yago_name_only_prefix_no_suffix,allegrolab__hubble-1b-100b_toks-injectrange_25_50-hf,0,acc,0.3,0.003464200593711581
yago_name_only_prefix_no_suffix,allegrolab__hubble-1b-100b_toks-injectrange_25_50-hf,0,acc_norm,0.2352,0.0032061658409953853
yago_name_only_prefix_no_suffix,allegrolab__hubble-1b-100b_toks-injectrange_25_50-hf,1,acc,0.3023516237402016,0.00580944223638539
yago_name_only_prefix_no_suffix,allegrolab__hubble-1b-100b_toks-injectrange_25_50-hf,1,acc_norm,0.22428411454167332,0.005276070515160787
yago_name_only_prefix_no_suffix,allegrolab__hubble-1b-100b_toks-injectrange_25_50-hf,4,acc,0.3135498320268757,0.005868374014839789
yago_name_only_prefix_no_suffix,allegrolab__hubble-1b-100b_toks-injectrange_25_50-hf,4,acc_norm,0.24124140137577987,0.00541174999626598
yago_name_only_prefix_no_suffix,allegrolab__hubble-1b-100b_toks-injectrange_25_50-hf,16,acc,0.3203074951953876,0.008352046560100348
yago_name_only_prefix_no_suffix,allegrolab__hubble-1b-100b_toks-injectrange_25_50-hf,16,acc_norm,0.26681614349775784,0.007917090583996169
yago_name_only_prefix_no_suffix,allegrolab__hubble-1b-100b_toks-injectrange_25_50-hf,64,acc,0.320830007980846,0.013192423095265181
yago_name_only_prefix_no_suffix,allegrolab__hubble-1b-100b_toks-injectrange_25_50-hf,64,acc_norm,0.25857940941739826,0.012374484803641308
yago_name_only_prefix_no_suffix,allegrolab__hubble-1b-100b_toks-injectrange_25_50-hf,256,acc,0.34831460674157305,0.01910335492967637
yago_name_only_prefix_no_suffix,allegrolab__hubble-1b-100b_toks-injectrange_25_50-hf,256,acc_norm,0.29052969502407705,0.01820401493352028
yago_name_only_prefix_no_suffix,allegrolab__hubble-1b-100b_toks-injectrange_50_100-hf,0,acc,0.3024,0.003472062336643069
yago_name_only_prefix_no_suffix,allegrolab__hubble-1b-100b_toks-injectrange_50_100-hf,0,acc_norm,0.2413142857142857,0.00323456478533128
yago_name_only_prefix_no_suffix,allegrolab__hubble-1b-100b_toks-injectrange_50_100-hf,1,acc,0.2945128779395297,0.0057657615998902255
yago_name_only_prefix_no_suffix,allegrolab__hubble-1b-100b_toks-injectrange_50_100-hf,1,acc_norm,0.23148296272596386,0.005335145369244575
yago_name_only_prefix_no_suffix,allegrolab__hubble-1b-100b_toks-injectrange_50_100-hf,4,acc,0.3293872980323148,0.005944965008170008
yago_name_only_prefix_no_suffix,allegrolab__hubble-1b-100b_toks-injectrange_50_100-hf,4,acc_norm,0.2641177411614142,0.005576515901029331
yago_name_only_prefix_no_suffix,allegrolab__hubble-1b-100b_toks-injectrange_50_100-hf,16,acc,0.39782190903267134,0.008761126266595792
yago_name_only_prefix_no_suffix,allegrolab__hubble-1b-100b_toks-injectrange_50_100-hf,16,acc_norm,0.33728379244074314,0.008462811116606855
yago_name_only_prefix_no_suffix,allegrolab__hubble-1b-100b_toks-injectrange_50_100-hf,64,acc,0.4788507581803671,0.01411818863932746
yago_name_only_prefix_no_suffix,allegrolab__hubble-1b-100b_toks-injectrange_50_100-hf,64,acc_norm,0.4166001596169194,0.013932873836431396
yago_name_only_prefix_no_suffix,allegrolab__hubble-1b-100b_toks-injectrange_50_100-hf,256,acc,0.5473515248796148,0.01995806830584876
yago_name_only_prefix_no_suffix,allegrolab__hubble-1b-100b_toks-injectrange_50_100-hf,256,acc_norm,0.48475120385232745,0.02003884789065083
yago_name_only_prefix_no_suffix,allegrolab__hubble-1b-100b_toks-injectrange_50_75-hf,0,acc,0.2993142857142857,0.0034619336385993565
yago_name_only_prefix_no_suffix,allegrolab__hubble-1b-100b_toks-injectrange_50_75-hf,0,acc_norm,0.234,0.003200484276744965
yago_name_only_prefix_no_suffix,allegrolab__hubble-1b-100b_toks-injectrange_50_75-hf,1,acc,0.3023516237402016,0.005809442236385391
yago_name_only_prefix_no_suffix,allegrolab__hubble-1b-100b_toks-injectrange_50_75-hf,1,acc_norm,0.22444408894576867,0.0052774075436043
yago_name_only_prefix_no_suffix,allegrolab__hubble-1b-100b_toks-injectrange_50_75-hf,4,acc,0.3189889617661174,0.005895557704407503
yago_name_only_prefix_no_suffix,allegrolab__hubble-1b-100b_toks-injectrange_50_75-hf,4,acc_norm,0.24860022396416573,0.005466964826799339
yago_name_only_prefix_no_suffix,allegrolab__hubble-1b-100b_toks-injectrange_50_75-hf,16,acc,0.3558616271620756,0.008570048539484698
yago_name_only_prefix_no_suffix,allegrolab__hubble-1b-100b_toks-injectrange_50_75-hf,16,acc_norm,0.29980781550288277,0.008201309850492468
yago_name_only_prefix_no_suffix,allegrolab__hubble-1b-100b_toks-injectrange_50_75-hf,64,acc,0.3870710295291301,0.01376569820196315
yago_name_only_prefix_no_suffix,allegrolab__hubble-1b-100b_toks-injectrange_50_75-hf,64,acc_norm,0.31843575418994413,0.013166251532902457
yago_name_only_prefix_no_suffix,allegrolab__hubble-1b-100b_toks-injectrange_50_75-hf,256,acc,0.4333868378812199,0.01986945686548781
yago_name_only_prefix_no_suffix,allegrolab__hubble-1b-100b_toks-injectrange_50_75-hf,256,acc_norm,0.3739967897271268,0.019401129968456537
yago_name_only_prefix_no_suffix,allegrolab__hubble-1b-100b_toks-injectrange_75_100-hf,0,acc,0.2957142857142857,0.003449879903583591
yago_name_only_prefix_no_suffix,allegrolab__hubble-1b-100b_toks-injectrange_75_100-hf,0,acc_norm,0.23497142857142858,0.003205086394247426
yago_name_only_prefix_no_suffix,allegrolab__hubble-1b-100b_toks-injectrange_75_100-hf,1,acc,0.3055511118221085,0.005826692096019926
yago_name_only_prefix_no_suffix,allegrolab__hubble-1b-100b_toks-injectrange_75_100-hf,1,acc_norm,0.22956326987681971,0.005319608632225224
yago_name_only_prefix_no_suffix,allegrolab__hubble-1b-100b_toks-injectrange_75_100-hf,4,acc,0.3306670932650776,0.005950816639039754
yago_name_only_prefix_no_suffix,allegrolab__hubble-1b-100b_toks-injectrange_75_100-hf,4,acc_norm,0.2597984322508399,0.005546937271696445
yago_name_only_prefix_no_suffix,allegrolab__hubble-1b-100b_toks-injectrange_75_100-hf,16,acc,0.395900064061499,0.008753874106201329
yago_name_only_prefix_no_suffix,allegrolab__hubble-1b-100b_toks-injectrange_75_100-hf,16,acc_norm,0.3424087123638693,0.008493829602745152
yago_name_only_prefix_no_suffix,allegrolab__hubble-1b-100b_toks-injectrange_75_100-hf,64,acc,0.46288906624102155,0.014091859142281124
yago_name_only_prefix_no_suffix,allegrolab__hubble-1b-100b_toks-injectrange_75_100-hf,64,acc_norm,0.3830806065442937,0.013739063482005586
yago_name_only_prefix_no_suffix,allegrolab__hubble-1b-100b_toks-injectrange_75_100-hf,256,acc,0.5200642054574639,0.020032025310426235
yago_name_only_prefix_no_suffix,allegrolab__hubble-1b-100b_toks-injectrange_75_100-hf,256,acc_norm,0.43820224719101125,0.019894457764795696
yago_name_only_prefix_no_suffix,allegrolab__hubble-1b-100b_toks-interference_copyright-hf,0,acc,0.29754285714285716,0.003456034469738631
yago_name_only_prefix_no_suffix,allegrolab__hubble-1b-100b_toks-interference_copyright-hf,0,acc_norm,0.22422857142857142,0.00315286771738742
yago_name_only_prefix_no_suffix,allegrolab__hubble-1b-100b_toks-interference_copyright-hf,1,acc,0.29547272436410177,0.005771219538654991
yago_name_only_prefix_no_suffix,allegrolab__hubble-1b-100b_toks-interference_copyright-hf,1,acc_norm,0.20940649496080627,0.0051467335634017225
yago_name_only_prefix_no_suffix,allegrolab__hubble-1b-100b_toks-interference_copyright-hf,4,acc,0.2999520076787714,0.005796285717847195
yago_name_only_prefix_no_suffix,allegrolab__hubble-1b-100b_toks-interference_copyright-hf,4,acc_norm,0.22044472884338506,0.005243645302551298
yago_name_only_prefix_no_suffix,allegrolab__hubble-1b-100b_toks-interference_copyright-hf,16,acc,0.30108904548366433,0.008211292389664065
yago_name_only_prefix_no_suffix,allegrolab__hubble-1b-100b_toks-interference_copyright-hf,16,acc_norm,0.23542600896860988,0.007594341037016825
yago_name_only_prefix_no_suffix,allegrolab__hubble-1b-100b_toks-interference_copyright-hf,64,acc,0.27932960893854747,0.012680157907523595
yago_name_only_prefix_no_suffix,allegrolab__hubble-1b-100b_toks-interference_copyright-hf,64,acc_norm,0.2154828411811652,0.011619980669042787
yago_name_only_prefix_no_suffix,allegrolab__hubble-1b-100b_toks-interference_copyright-hf,256,acc,0.28731942215088285,0.018144072039375316
yago_name_only_prefix_no_suffix,allegrolab__hubble-1b-100b_toks-interference_copyright-hf,256,acc_norm,0.2086677367576244,0.016293406651526805
yago_name_only_prefix_no_suffix,allegrolab__hubble-1b-100b_toks-interference_privacy-hf,0,acc,0.29965714285714284,0.0034630682715409687
yago_name_only_prefix_no_suffix,allegrolab__hubble-1b-100b_toks-interference_privacy-hf,0,acc_norm,0.24891428571428573,0.0032686095592563383
yago_name_only_prefix_no_suffix,allegrolab__hubble-1b-100b_toks-interference_privacy-hf,1,acc,0.29931211006239,0.005792745405520795
yago_name_only_prefix_no_suffix,allegrolab__hubble-1b-100b_toks-interference_privacy-hf,1,acc_norm,0.24108142697168453,0.005410525631263283
yago_name_only_prefix_no_suffix,allegrolab__hubble-1b-100b_toks-interference_privacy-hf,4,acc,0.3177091665333547,0.0058892451405460925
yago_name_only_prefix_no_suffix,allegrolab__hubble-1b-100b_toks-interference_privacy-hf,4,acc_norm,0.2559590465525516,0.005520058159700282
yago_name_only_prefix_no_suffix,allegrolab__hubble-1b-100b_toks-interference_privacy-hf,16,acc,0.3398462524023062,0.00847845861788672
yago_name_only_prefix_no_suffix,allegrolab__hubble-1b-100b_toks-interference_privacy-hf,16,acc_norm,0.29532351057014733,0.008165767642433758
yago_name_only_prefix_no_suffix,allegrolab__hubble-1b-100b_toks-interference_privacy-hf,64,acc,0.40782122905027934,0.013888622293885143
yago_name_only_prefix_no_suffix,allegrolab__hubble-1b-100b_toks-interference_privacy-hf,64,acc_norm,0.35115722266560256,0.013490199603110969
yago_name_only_prefix_no_suffix,allegrolab__hubble-1b-100b_toks-interference_privacy-hf,256,acc,0.521669341894061,0.020029336989229093
yago_name_only_prefix_no_suffix,allegrolab__hubble-1b-100b_toks-interference_privacy-hf,256,acc_norm,0.4478330658105939,0.01993875715637667
yago_name_only_prefix_no_suffix,allegrolab__hubble-1b-100b_toks-interference_testset-hf,0,acc,0.29354285714285716,0.00344248497343796
yago_name_only_prefix_no_suffix,allegrolab__hubble-1b-100b_toks-interference_testset-hf,0,acc_norm,0.2218857142857143,0.0031410854402294528
yago_name_only_prefix_no_suffix,allegrolab__hubble-1b-100b_toks-interference_testset-hf,1,acc,0.2943529035354343,0.005764848955047394
yago_name_only_prefix_no_suffix,allegrolab__hubble-1b-100b_toks-interference_testset-hf,1,acc_norm,0.21388577827547592,0.005186731566248178
yago_name_only_prefix_no_suffix,allegrolab__hubble-1b-100b_toks-interference_testset-hf,4,acc,0.3042713165893457,0.005819832059299751
yago_name_only_prefix_no_suffix,allegrolab__hubble-1b-100b_toks-interference_testset-hf,4,acc_norm,0.22268437050071987,0.005262638754623656
yago_name_only_prefix_no_suffix,allegrolab__hubble-1b-100b_toks-interference_testset-hf,16,acc,0.30108904548366433,0.008211292389664082
yago_name_only_prefix_no_suffix,allegrolab__hubble-1b-100b_toks-interference_testset-hf,16,acc_norm,0.23574631646380526,0.007597913479781928
yago_name_only_prefix_no_suffix,allegrolab__hubble-1b-100b_toks-interference_testset-hf,64,acc,0.2928970470869912,0.012861649127795045
yago_name_only_prefix_no_suffix,allegrolab__hubble-1b-100b_toks-interference_testset-hf,64,acc_norm,0.23304070231444532,0.011948128483765346
yago_name_only_prefix_no_suffix,allegrolab__hubble-1b-100b_toks-interference_testset-hf,256,acc,0.29052969502407705,0.01820401493352028
yago_name_only_prefix_no_suffix,allegrolab__hubble-1b-100b_toks-interference_testset-hf,256,acc_norm,0.22150882825040127,0.016650495935061446
yago_name_only_prefix_no_suffix,allegrolab__hubble-1b-100b_toks-paraphrased-perturbed-hf,0,acc,0.2957714285714286,0.003450073238291735
yago_name_only_prefix_no_suffix,allegrolab__hubble-1b-100b_toks-paraphrased-perturbed-hf,0,acc_norm,0.21622857142857144,0.0031120361831878944
yago_name_only_prefix_no_suffix,allegrolab__hubble-1b-100b_toks-paraphrased-perturbed-hf,1,acc,0.3010718285074388,0.005802448897996446
yago_name_only_prefix_no_suffix,allegrolab__hubble-1b-100b_toks-paraphrased-perturbed-hf,1,acc_norm,0.20476723724204127,0.005104313717542091
yago_name_only_prefix_no_suffix,allegrolab__hubble-1b-100b_toks-paraphrased-perturbed-hf,4,acc,0.3169092945128779,0.005885273737922178
yago_name_only_prefix_no_suffix,allegrolab__hubble-1b-100b_toks-paraphrased-perturbed-hf,4,acc_norm,0.22028475443928972,0.00524228013598528
yago_name_only_prefix_no_suffix,allegrolab__hubble-1b-100b_toks-paraphrased-perturbed-hf,16,acc,0.36194746957078794,0.008602092449074967
yago_name_only_prefix_no_suffix,allegrolab__hubble-1b-100b_toks-paraphrased-perturbed-hf,16,acc_norm,0.2783472133247918,0.008022518015493146
yago_name_only_prefix_no_suffix,allegrolab__hubble-1b-100b_toks-paraphrased-perturbed-hf,64,acc,0.4301675977653631,0.01399233689173489
yago_name_only_prefix_no_suffix,allegrolab__hubble-1b-100b_toks-paraphrased-perturbed-hf,64,acc_norm,0.35275339185953714,0.013504183365295415
yago_name_only_prefix_no_suffix,allegrolab__hubble-1b-100b_toks-paraphrased-perturbed-hf,256,acc,0.6131621187800963,0.01952796390805276
yago_name_only_prefix_no_suffix,allegrolab__hubble-1b-100b_toks-paraphrased-perturbed-hf,256,acc_norm,0.5152487961476726,0.020038847890650812
yago_name_only_prefix_no_suffix,allegrolab__hubble-1b-100b_toks-perturbed-hf,0,acc,0.30142857142857143,0.003468893779860084
yago_name_only_prefix_no_suffix,allegrolab__hubble-1b-100b_toks-perturbed-hf,0,acc_norm,0.2525142857142857,0.0032842621054448317
yago_name_only_prefix_no_suffix,allegrolab__hubble-1b-100b_toks-perturbed-hf,1,acc,0.29931211006239,0.005792745405520795
yago_name_only_prefix_no_suffix,allegrolab__hubble-1b-100b_toks-perturbed-hf,1,acc_norm,0.24716045432730763,0.005456330842520839
yago_name_only_prefix_no_suffix,allegrolab__hubble-1b-100b_toks-perturbed-hf,4,acc,0.3212286034234523,0.005906481697471965
yago_name_only_prefix_no_suffix,allegrolab__hubble-1b-100b_toks-perturbed-hf,4,acc_norm,0.26299792033274677,0.005568913922601378
yago_name_only_prefix_no_suffix,allegrolab__hubble-1b-100b_toks-perturbed-hf,16,acc,0.3529788597053171,0.008554343766682576
yago_name_only_prefix_no_suffix,allegrolab__hubble-1b-100b_toks-perturbed-hf,16,acc_norm,0.3074951953875721,0.008260069058588638
yago_name_only_prefix_no_suffix,allegrolab__hubble-1b-100b_toks-perturbed-hf,64,acc,0.4652833200319234,0.01409673200215463
yago_name_only_prefix_no_suffix,allegrolab__hubble-1b-100b_toks-perturbed-hf,64,acc_norm,0.4158020750199521,0.013929039396943671
yago_name_only_prefix_no_suffix,allegrolab__hubble-1b-100b_toks-perturbed-hf,256,acc,0.5457463884430177,0.019964086241560954
yago_name_only_prefix_no_suffix,allegrolab__hubble-1b-100b_toks-perturbed-hf,256,acc_norm,0.5040128410914928,0.02004752781650785
yago_name_only_prefix_no_suffix,allegrolab__hubble-1b-100b_toks-standard-hf,0,acc,0.3006285714285714,0.0034662705236174064
yago_name_only_prefix_no_suffix,allegrolab__hubble-1b-100b_toks-standard-hf,0,acc_norm,0.2196,0.0031294511930073815
yago_name_only_prefix_no_suffix,allegrolab__hubble-1b-100b_toks-standard-hf,1,acc,0.3012318029115342,0.0058033259956849015
yago_name_only_prefix_no_suffix,allegrolab__hubble-1b-100b_toks-standard-hf,1,acc_norm,0.21292593185090386,0.005178238764619928
yago_name_only_prefix_no_suffix,allegrolab__hubble-1b-100b_toks-standard-hf,4,acc,0.3113101903695409,0.005856909160867995
yago_name_only_prefix_no_suffix,allegrolab__hubble-1b-100b_toks-standard-hf,4,acc_norm,0.22076467765157576,0.005246372228547595
yago_name_only_prefix_no_suffix,allegrolab__hubble-1b-100b_toks-standard-hf,16,acc,0.3023702754644459,0.008221198830746956
yago_name_only_prefix_no_suffix,allegrolab__hubble-1b-100b_toks-standard-hf,16,acc_norm,0.23286354900704676,0.007565544345695184
yago_name_only_prefix_no_suffix,allegrolab__hubble-1b-100b_toks-standard-hf,64,acc,0.28092577813248204,0.012702245195150228
yago_name_only_prefix_no_suffix,allegrolab__hubble-1b-100b_toks-standard-hf,64,acc_norm,0.2122905027932961,0.011557027833569445
yago_name_only_prefix_no_suffix,allegrolab__hubble-1b-100b_toks-standard-hf,256,acc,0.29213483146067415,0.01823357172345565
yago_name_only_prefix_no_suffix,allegrolab__hubble-1b-100b_toks-standard-hf,256,acc_norm,0.2247191011235955,0.016736103162252384
yago_name_only_prefix_no_suffix,allegrolab__hubble-1b-500b_toks-perturbed-hf,0,acc,0.31182857142857145,0.0035018670656203044
yago_name_only_prefix_no_suffix,allegrolab__hubble-1b-500b_toks-perturbed-hf,0,acc_norm,0.2622285714285714,0.0033250203308963994
yago_name_only_prefix_no_suffix,allegrolab__hubble-1b-500b_toks-perturbed-hf,1,acc,0.3106702927531595,0.0058536041814092705
yago_name_only_prefix_no_suffix,allegrolab__hubble-1b-500b_toks-perturbed-hf,1,acc_norm,0.2567589185730283,0.005525703955967783
yago_name_only_prefix_no_suffix,allegrolab__hubble-1b-500b_toks-perturbed-hf,4,acc,0.3233082706766917,0.00591648588658826
yago_name_only_prefix_no_suffix,allegrolab__hubble-1b-500b_toks-perturbed-hf,4,acc_norm,0.2649176131818909,0.005581917540170587
yago_name_only_prefix_no_suffix,allegrolab__hubble-1b-500b_toks-perturbed-hf,16,acc,0.3366431774503523,0.008458855856364083
yago_name_only_prefix_no_suffix,allegrolab__hubble-1b-500b_toks-perturbed-hf,16,acc_norm,0.2946828955797566,0.008160613095730102
yago_name_only_prefix_no_suffix,allegrolab__hubble-1b-500b_toks-perturbed-hf,64,acc,0.3766959297685555,0.013694408570279457
yago_name_only_prefix_no_suffix,allegrolab__hubble-1b-500b_toks-perturbed-hf,64,acc_norm,0.33359936153232245,0.013325335219801678
yago_name_only_prefix_no_suffix,allegrolab__hubble-1b-500b_toks-perturbed-hf,256,acc,0.5120385232744783,0.020042361646812588
yago_name_only_prefix_no_suffix,allegrolab__hubble-1b-500b_toks-perturbed-hf,256,acc_norm,0.4606741573033708,0.01998606741782645
yago_name_only_prefix_no_suffix,allegrolab__hubble-1b-500b_toks-standard-hf,0,acc,0.3034857142857143,0.0034755818849275745
yago_name_only_prefix_no_suffix,allegrolab__hubble-1b-500b_toks-standard-hf,0,acc_norm,0.23742857142857143,0.0032166228213572428
yago_name_only_prefix_no_suffix,allegrolab__hubble-1b-500b_toks-standard-hf,1,acc,0.3005919052951528,0.005799812573056944
yago_name_only_prefix_no_suffix,allegrolab__hubble-1b-500b_toks-standard-hf,1,acc_norm,0.2234842425211966,0.005269368628075633
yago_name_only_prefix_no_suffix,allegrolab__hubble-1b-500b_toks-standard-hf,4,acc,0.3151495760678292,0.005876465887209363
yago_name_only_prefix_no_suffix,allegrolab__hubble-1b-500b_toks-standard-hf,4,acc_norm,0.23548232282834747,0.005367016280410763
yago_name_only_prefix_no_suffix,allegrolab__hubble-1b-500b_toks-standard-hf,16,acc,0.3001281229980782,0.008203812634636766
yago_name_only_prefix_no_suffix,allegrolab__hubble-1b-500b_toks-standard-hf,16,acc_norm,0.2498398462524023,0.007749273047878706
yago_name_only_prefix_no_suffix,allegrolab__hubble-1b-500b_toks-standard-hf,64,acc,0.29608938547486036,0.012902326030603309
yago_name_only_prefix_no_suffix,allegrolab__hubble-1b-500b_toks-standard-hf,64,acc_norm,0.2306464485235435,0.011905131666203134
yago_name_only_prefix_no_suffix,allegrolab__hubble-1b-500b_toks-standard-hf,256,acc,0.2808988764044944,0.01802083010707024
yago_name_only_prefix_no_suffix,allegrolab__hubble-1b-500b_toks-standard-hf,256,acc_norm,0.21348314606741572,0.016430115691252228
yago_name_only_prefix_no_suffix,allegrolab__hubble-8b-100b_toks-paraphrased-perturbed-hf,0,acc,0.3129142857142857,0.003505189800165628
yago_name_only_prefix_no_suffix,allegrolab__hubble-8b-100b_toks-paraphrased-perturbed-hf,0,acc_norm,0.2302857142857143,0.0031826703385869175
yago_name_only_prefix_no_suffix,allegrolab__hubble-8b-100b_toks-paraphrased-perturbed-hf,1,acc,0.326667733162694,0.005932364456410829
yago_name_only_prefix_no_suffix,allegrolab__hubble-8b-100b_toks-paraphrased-perturbed-hf,1,acc_norm,0.23308270676691728,0.005347973950170284
yago_name_only_prefix_no_suffix,allegrolab__hubble-8b-100b_toks-paraphrased-perturbed-hf,4,acc,0.36522156454967203,0.0060904485659112
yago_name_only_prefix_no_suffix,allegrolab__hubble-8b-100b_toks-paraphrased-perturbed-hf,4,acc_norm,0.2673172292433211,0.005597981467536232
yago_name_only_prefix_no_suffix,allegrolab__hubble-8b-100b_toks-paraphrased-perturbed-hf,16,acc,0.5134529147982063,0.008946761599701545
yago_name_only_prefix_no_suffix,allegrolab__hubble-8b-100b_toks-paraphrased-perturbed-hf,16,acc_norm,0.4244074311338885,0.008847125636007197
yago_name_only_prefix_no_suffix,allegrolab__hubble-8b-100b_toks-paraphrased-perturbed-hf,64,acc,0.7430167597765364,0.01234950473285207
yago_name_only_prefix_no_suffix,allegrolab__hubble-8b-100b_toks-paraphrased-perturbed-hf,64,acc_norm,0.6536312849162011,0.013447253133969014
yago_name_only_prefix_no_suffix,allegrolab__hubble-8b-100b_toks-paraphrased-perturbed-hf,256,acc,0.8362760834670947,0.014836645108772141
yago_name_only_prefix_no_suffix,allegrolab__hubble-8b-100b_toks-paraphrased-perturbed-hf,256,acc_norm,0.7704654895666132,0.016861856865927578
yago_name_only_prefix_no_suffix,allegrolab__hubble-8b-100b_toks-perturbed-hf,0,acc,0.3173142857142857,0.0035184274825785333
yago_name_only_prefix_no_suffix,allegrolab__hubble-8b-100b_toks-perturbed-hf,0,acc_norm,0.25502857142857144,0.003295016638313257
yago_name_only_prefix_no_suffix,allegrolab__hubble-8b-100b_toks-perturbed-hf,1,acc,0.3159494480883059,0.00588048153594245
yago_name_only_prefix_no_suffix,allegrolab__hubble-8b-100b_toks-perturbed-hf,1,acc_norm,0.2527595584706447,0.005497230780272855
yago_name_only_prefix_no_suffix,allegrolab__hubble-8b-100b_toks-perturbed-hf,4,acc,0.3730603103503439,0.006117336874054256
yago_name_only_prefix_no_suffix,allegrolab__hubble-8b-100b_toks-perturbed-hf,4,acc_norm,0.30155175171972487,0.005805077677406084
yago_name_only_prefix_no_suffix,allegrolab__hubble-8b-100b_toks-perturbed-hf,16,acc,0.48782831518257525,0.008947349468328392
yago_name_only_prefix_no_suffix,allegrolab__hubble-8b-100b_toks-perturbed-hf,16,acc_norm,0.43241511851377323,0.00886786269175381
yago_name_only_prefix_no_suffix,allegrolab__hubble-8b-100b_toks-perturbed-hf,64,acc,0.5594573024740622,0.014030569921364465
yago_name_only_prefix_no_suffix,allegrolab__hubble-8b-100b_toks-perturbed-hf,64,acc_norm,0.5051875498802874,0.014130074912530991
yago_name_only_prefix_no_suffix,allegrolab__hubble-8b-100b_toks-perturbed-hf,256,acc,0.6163723916532905,0.019497607506824572
yago_name_only_prefix_no_suffix,allegrolab__hubble-8b-100b_toks-perturbed-hf,256,acc_norm,0.5569823434991974,0.019917555657235318
yago_name_only_prefix_no_suffix,allegrolab__hubble-8b-100b_toks-standard-hf,0,acc,0.3066285714285714,0.0034856410790226385
yago_name_only_prefix_no_suffix,allegrolab__hubble-8b-100b_toks-standard-hf,0,acc_norm,0.24474285714285715,0.0032500932217518906
yago_name_only_prefix_no_suffix,allegrolab__hubble-8b-100b_toks-standard-hf,1,acc,0.2996320588705807,0.005794517245362994
yago_name_only_prefix_no_suffix,allegrolab__hubble-8b-100b_toks-standard-hf,1,acc_norm,0.23324268117101263,0.005349250906079011
yago_name_only_prefix_no_suffix,allegrolab__hubble-8b-100b_toks-standard-hf,4,acc,0.3143497040473524,0.005872430060718565
yago_name_only_prefix_no_suffix,allegrolab__hubble-8b-100b_toks-standard-hf,4,acc_norm,0.24172132458806592,0.005415416893683539
yago_name_only_prefix_no_suffix,allegrolab__hubble-8b-100b_toks-standard-hf,16,acc,0.3071748878923767,0.008257674886674943
yago_name_only_prefix_no_suffix,allegrolab__hubble-8b-100b_toks-standard-hf,16,acc_norm,0.2504804612427931,0.007755887878829536
yago_name_only_prefix_no_suffix,allegrolab__hubble-8b-100b_toks-standard-hf,64,acc,0.28810853950518756,0.012799199036733868
yago_name_only_prefix_no_suffix,allegrolab__hubble-8b-100b_toks-standard-hf,64,acc_norm,0.23304070231444532,0.011948128483765353
yago_name_only_prefix_no_suffix,allegrolab__hubble-8b-100b_toks-standard-hf,256,acc,0.2857142857142857,0.018113683190749064
yago_name_only_prefix_no_suffix,allegrolab__hubble-8b-100b_toks-standard-hf,256,acc_norm,0.22953451043338685,0.01686185686592759
yago_name_only_prefix_no_suffix,allegrolab__hubble-8b-500b_toks-perturbed-hf,0,acc,0.3286857142857143,0.003550967875165903
yago_name_only_prefix_no_suffix,allegrolab__hubble-8b-500b_toks-perturbed-hf,0,acc_norm,0.2649714285714286,0.003336145770032445
yago_name_only_prefix_no_suffix,allegrolab__hubble-8b-500b_toks-perturbed-hf,1,acc,0.3249080147176452,0.005924090434014435
yago_name_only_prefix_no_suffix,allegrolab__hubble-8b-500b_toks-perturbed-hf,1,acc_norm,0.2533994560870261,0.00550182764894469
yago_name_only_prefix_no_suffix,allegrolab__hubble-8b-500b_toks-perturbed-hf,4,acc,0.3495440729483283,0.006031424561610923
yago_name_only_prefix_no_suffix,allegrolab__hubble-8b-500b_toks-perturbed-hf,4,acc_norm,0.2735562310030395,0.005638768936318647
yago_name_only_prefix_no_suffix,allegrolab__hubble-8b-500b_toks-perturbed-hf,16,acc,0.39654067905188983,0.008756307177261165
yago_name_only_prefix_no_suffix,allegrolab__hubble-8b-500b_toks-perturbed-hf,16,acc_norm,0.3430493273542601,0.008497629319705968
yago_name_only_prefix_no_suffix,allegrolab__hubble-8b-500b_toks-perturbed-hf,64,acc,0.5698324022346368,0.013992336891734894
yago_name_only_prefix_no_suffix,allegrolab__hubble-8b-500b_toks-perturbed-hf,64,acc_norm,0.5011971268954509,0.014130794971384997
yago_name_only_prefix_no_suffix,allegrolab__hubble-8b-500b_toks-perturbed-hf,256,acc,0.6179775280898876,0.019482092646013287
yago_name_only_prefix_no_suffix,allegrolab__hubble-8b-500b_toks-perturbed-hf,256,acc_norm,0.5778491171749599,0.019803679338998192
yago_name_only_prefix_no_suffix,allegrolab__hubble-8b-500b_toks-standard-hf,0,acc,0.3212,0.003529816017877429
yago_name_only_prefix_no_suffix,allegrolab__hubble-8b-500b_toks-standard-hf,0,acc_norm,0.25302857142857144,0.0032864737018684993
yago_name_only_prefix_no_suffix,allegrolab__hubble-8b-500b_toks-standard-hf,1,acc,0.3207486802111662,0.0059041539865279345
yago_name_only_prefix_no_suffix,allegrolab__hubble-8b-500b_toks-standard-hf,1,acc_norm,0.24140137577987522,0.005412973327870125
yago_name_only_prefix_no_suffix,allegrolab__hubble-8b-500b_toks-standard-hf,4,acc,0.3300271956486962,0.005947897050635001
yago_name_only_prefix_no_suffix,allegrolab__hubble-8b-500b_toks-standard-hf,4,acc_norm,0.24812030075187969,0.005463429210401481
yago_name_only_prefix_no_suffix,allegrolab__hubble-8b-500b_toks-standard-hf,16,acc,0.3244714926329276,0.00838037069449119
yago_name_only_prefix_no_suffix,allegrolab__hubble-8b-500b_toks-standard-hf,16,acc_norm,0.2607303010890455,0.007858692968248357
yago_name_only_prefix_no_suffix,allegrolab__hubble-8b-500b_toks-standard-hf,64,acc,0.3088587390263368,0.013057534833850479
yago_name_only_prefix_no_suffix,allegrolab__hubble-8b-500b_toks-standard-hf,64,acc_norm,0.2386272944932163,0.012046379648369018
yago_name_only_prefix_no_suffix,allegrolab__hubble-8b-500b_toks-standard-hf,256,acc,0.2985553772070626,0.018349065526720332
yago_name_only_prefix_no_suffix,allegrolab__hubble-8b-500b_toks-standard-hf,256,acc_norm,0.24398073836276082,0.017220628924747884
